rx_time_iso,Time - Seconds,DPS368 - Pres (hPa),DPS368 - Temp (C),DPS368 - Alt ASL (m),MotorDriver - Motor Position,MotorDriver - Motor Angle,MotorDriver - Motor Velocity,MotorDriver - Battery Voltage
2026-03-03T13:00:19.178,5.274,1028.120,13.890,-122.997,0.000,0.0,-0.019,22.953
2026-03-03T13:00:19.676,5.766,1028.088,13.896,-122.741,0.001,0.0,-0.015,22.963
2026-03-03T13:00:20.168,6.266,1028.152,13.922,-123.268,0.001,0.0,-0.009,22.960
2026-03-03T13:00:20.671,6.766,1028.116,13.921,-122.968,0.001,0.0,0.014,22.967
2026-03-03T13:00:21.169,7.266,1028.113,13.914,-122.947,0.001,0.0,-0.012,22.944
2026-03-03T13:00:21.668,7.766,1028.090,13.914,-122.757,0.001,0.0,0.009,22.953
2026-03-03T13:00:22.168,8.266,1028.093,13.929,-122.777,0.001,0.0,0.002,22.974
2026-03-03T13:00:22.668,8.766,1028.103,13.932,-122.864,0.001,0.0,0.005,22.958
2026-03-03T13:00:23.168,9.266,1028.103,13.936,-122.859,0.001,0.0,-0.008,22.969
2026-03-03T13:00:23.669,9.766,1028.100,13.943,-122.835,0.001,0.0,0.018,22.974
2026-03-03T13:00:24.168,10.266,1028.135,13.945,-123.127,0.001,0.0,-0.014,22.940
2026-03-03T13:00:24.668,10.766,1028.084,13.975,-122.708,0.001,0.0,-0.007,22.958
2026-03-03T13:00:25.168,11.266,1028.065,13.956,-122.547,0.001,0.0,0.014,22.963
2026-03-03T13:00:25.670,11.766,1028.073,13.966,-122.616,0.001,0.0,0.026,22.947
2026-03-03T13:00:26.169,12.266,1028.066,13.977,-122.557,0.001,0.0,0.015,22.953
2026-03-03T13:00:26.668,12.766,1028.091,13.987,-122.764,0.001,0.0,-0.041,22.947
2026-03-03T13:00:27.168,13.266,1028.041,13.998,-122.352,0.001,0.0,0.025,22.960
2026-03-03T13:00:27.670,13.766,1028.054,13.994,-122.456,0.001,0.0,0.021,22.951
2026-03-03T13:00:28.168,14.266,1028.041,14.002,-122.348,0.001,0.0,0.020,22.958
2026-03-03T13:00:28.668,14.766,1028.040,14.007,-122.344,0.001,0.0,0.013,22.963
2026-03-03T13:00:29.169,15.266,1028.041,14.012,-122.348,0.001,0.0,0.033,22.956
2026-03-03T13:00:29.672,15.770,1028.040,14.015,-122.343,0.001,0.0,-0.019,22.951
2026-03-03T13:00:30.179,16.275,1028.033,14.023,-122.289,0.001,0.0,-0.018,22.949
2026-03-03T13:00:30.672,16.770,1028.037,14.023,-122.319,0.001,0.0,0.002,22.947
2026-03-03T13:00:31.174,17.270,1028.032,14.031,-122.280,0.001,0.0,-0.004,22.947
2026-03-03T13:00:31.695,17.770,1028.031,14.026,-122.268,0.001,0.0,-0.008,22.940
2026-03-03T13:00:32.173,18.270,1028.029,14.042,-122.251,0.001,0.0,0.008,22.969
2026-03-03T13:00:32.674,18.770,1028.049,14.041,-122.418,0.001,0.0,0.016,22.960
2026-03-03T13:00:33.172,19.270,1028.041,14.048,-122.348,0.001,0.0,0.030,22.976
2026-03-03T13:00:33.673,19.770,1028.032,14.067,-122.279,0.001,0.0,0.013,22.953
2026-03-03T13:00:34.172,20.270,1028.033,14.063,-122.284,0.001,0.0,0.006,22.967
2026-03-03T13:00:34.674,20.770,1028.040,14.069,-122.341,0.001,0.0,-0.007,22.960
2026-03-03T13:00:35.181,21.270,1028.047,14.069,-122.403,0.001,0.0,-0.029,22.947
2026-03-03T13:00:35.672,21.770,1028.030,14.067,-122.264,0.001,0.0,-0.032,22.951
2026-03-03T13:00:36.183,22.270,1028.032,14.097,-122.280,0.001,0.0,0.010,22.958
2026-03-03T13:00:36.672,22.770,1028.031,14.101,-122.269,0.001,0.0,-0.017,22.956
2026-03-03T13:00:37.172,23.270,1028.022,14.095,-122.194,0.001,0.0,-0.028,22.965
2026-03-03T13:00:37.672,23.770,1028.025,14.103,-122.216,0.001,0.0,0.007,22.935
2026-03-03T13:00:38.173,24.270,1028.018,14.104,-122.164,0.001,0.0,0.035,22.953
2026-03-03T13:00:38.672,24.770,1028.024,14.123,-122.210,0.001,0.0,-0.018,22.947
2026-03-03T13:00:39.173,25.270,1028.022,14.118,-122.199,0.001,0.0,-0.001,22.974
2026-03-03T13:00:39.672,25.770,1028.024,14.120,-122.208,0.001,0.0,0.005,22.958
2026-03-03T13:00:40.173,26.270,1028.023,14.125,-122.204,0.001,0.0,-0.006,22.956
2026-03-03T13:00:40.676,26.770,1028.019,14.117,-122.167,0.001,0.0,-0.010,22.969
2026-03-03T13:00:41.173,27.270,1028.027,14.133,-122.241,0.001,0.0,0.017,22.944
2026-03-03T13:00:41.681,27.770,1028.022,14.135,-122.197,0.001,0.0,0.005,22.935
2026-03-03T13:00:42.172,28.270,1028.021,14.151,-122.187,0.001,0.0,0.030,22.958
2026-03-03T13:00:42.673,28.770,1028.019,14.147,-122.169,0.001,0.0,-0.005,22.969
2026-03-03T13:00:43.174,29.270,1028.018,14.151,-122.165,0.001,0.0,-0.006,22.947
2026-03-03T13:00:43.672,29.770,1028.017,14.158,-122.155,0.001,0.0,-0.015,22.958
2026-03-03T13:00:44.172,30.270,1028.015,14.152,-122.135,0.001,0.0,0.029,22.940
2026-03-03T13:00:44.672,30.770,1028.015,14.167,-122.140,0.001,0.0,-0.008,22.949
2026-03-03T13:00:45.172,31.270,1028.017,14.180,-122.158,0.001,0.0,0.034,22.960
2026-03-03T13:00:45.673,31.770,1028.021,14.179,-122.187,0.001,0.0,0.007,22.947
2026-03-03T13:00:46.174,32.272,1028.020,14.189,-122.180,0.001,0.0,-0.003,22.963
2026-03-03T13:00:46.679,32.775,1028.019,14.200,-122.167,0.001,0.0,-0.003,22.940
2026-03-03T13:00:47.180,33.278,1028.015,14.205,-122.140,0.001,0.0,-0.033,22.960
2026-03-03T13:00:47.684,33.781,1028.011,14.203,-122.108,0.001,0.0,0.009,22.931
2026-03-03T13:00:48.188,34.284,1028.016,14.216,-122.149,0.001,0.0,0.027,22.960
2026-03-03T13:00:48.690,34.788,1028.011,14.210,-122.107,0.001,0.0,0.020,22.935
2026-03-03T13:00:49.193,35.291,1028.012,14.217,-122.112,0.001,0.0,0.003,22.960
2026-03-03T13:00:49.698,35.794,1028.012,14.221,-122.115,0.001,0.0,-0.016,22.960
2026-03-03T13:00:50.201,36.297,1028.011,14.224,-122.103,0.001,0.0,0.024,22.960
2026-03-03T13:00:50.702,36.800,1028.018,14.243,-122.163,0.001,0.0,0.013,22.947
2026-03-03T13:00:51.206,37.303,1028.021,14.228,-122.190,0.001,0.0,-0.016,22.972
2026-03-03T13:00:51.708,37.806,1028.017,14.240,-122.154,0.001,0.0,0.017,22.949
2026-03-03T13:00:52.212,38.309,1028.017,14.252,-122.155,0.001,0.0,-0.010,22.926
2026-03-03T13:00:52.714,38.812,1028.010,14.246,-122.098,0.001,0.0,0.010,22.956
2026-03-03T13:00:53.217,39.315,1028.012,14.250,-122.115,0.001,0.0,-0.005,22.979
2026-03-03T13:00:53.720,39.818,1028.008,14.256,-122.083,0.001,0.0,-0.001,22.928
2026-03-03T13:00:54.223,40.321,1028.016,14.267,-122.146,0.001,0.0,-0.022,22.931
2026-03-03T13:00:54.726,40.824,1028.010,14.269,-122.093,0.001,0.0,-0.019,22.953
2026-03-03T13:00:55.229,41.327,1028.012,14.280,-122.110,0.001,0.0,-0.001,22.956
2026-03-03T13:00:55.732,41.830,1028.015,14.290,-122.141,0.001,0.0,0.010,22.951
2026-03-03T13:00:56.235,42.333,1028.017,14.289,-122.156,0.001,0.0,0.034,22.969
2026-03-03T13:00:56.747,42.836,1028.012,14.296,-122.115,0.001,0.0,0.019,22.963
2026-03-03T13:00:57.242,43.339,1028.013,14.303,-122.121,0.001,0.0,-0.016,22.935
2026-03-03T13:00:57.767,43.842,1028.015,14.305,-122.138,0.001,0.0,0.016,22.963
2026-03-03T13:00:58.248,44.345,1028.013,14.310,-122.119,0.001,0.0,0.012,22.953
2026-03-03T13:00:58.750,44.848,1028.014,14.313,-122.130,0.001,0.0,-0.000,22.944
2026-03-03T13:00:59.255,45.352,1028.011,14.313,-122.107,0.001,0.0,0.014,22.958
2026-03-03T13:00:59.758,45.855,1028.008,14.328,-122.081,0.001,0.0,0.011,22.951
2026-03-03T13:01:00.260,46.358,1028.011,14.325,-122.109,0.001,0.0,0.009,22.944
2026-03-03T13:01:00.765,46.861,1028.014,14.328,-122.127,0.001,0.0,-0.002,22.949
2026-03-03T13:01:01.266,47.364,1028.008,14.331,-122.083,0.001,0.0,-0.002,22.958
2026-03-03T13:01:01.769,47.867,1028.008,14.334,-122.078,0.001,0.0,-0.013,22.947
2026-03-03T13:01:02.272,48.370,1028.012,14.347,-122.111,0.001,0.0,-0.008,22.951
2026-03-03T13:01:02.775,48.873,1028.010,14.349,-122.098,0.001,0.0,-0.012,22.942
2026-03-03T13:01:03.278,49.376,1028.012,14.362,-122.116,0.001,0.0,-0.014,22.951
2026-03-03T13:01:03.783,49.879,1028.008,14.363,-122.080,0.001,0.0,0.013,22.965
2026-03-03T13:01:04.284,50.382,1028.008,14.363,-122.080,0.001,0.0,-0.012,22.933
2026-03-03T13:01:04.787,50.885,1028.011,14.367,-122.105,0.001,0.0,0.006,22.960
2026-03-03T13:01:05.294,51.388,1028.008,14.373,-122.080,0.001,0.0,0.023,22.942
2026-03-03T13:01:05.795,51.891,1028.006,14.368,-122.061,0.001,0.0,-0.012,22.960
2026-03-03T13:01:06.296,52.394,1027.983,14.378,-121.877,0.001,0.0,-0.020,22.953
2026-03-03T13:01:06.800,52.897,1027.935,14.378,-121.480,0.001,0.0,0.020,22.956
2026-03-03T13:01:07.322,53.400,1027.931,14.390,-121.444,0.001,0.0,-0.017,22.956
2026-03-03T13:01:07.805,53.903,1027.953,14.392,-121.630,0.001,0.0,-0.002,22.933
2026-03-03T13:01:08.309,54.406,1027.962,14.395,-121.699,0.001,0.0,0.007,22.974
2026-03-03T13:01:08.811,54.909,1027.965,14.398,-121.726,0.001,0.0,-0.013,22.960
2026-03-03T13:01:09.317,55.413,1027.968,14.396,-121.755,0.001,0.0,-0.012,22.919
2026-03-03T13:01:09.818,55.916,1027.981,14.417,-121.856,0.001,0.0,0.006,22.953
2026-03-03T13:01:10.322,56.419,1027.976,14.404,-121.815,0.001,0.0,0.021,22.965
2026-03-03T13:01:10.824,56.922,1028.008,14.416,-122.084,0.001,0.0,-0.008,22.951
2026-03-03T13:01:11.328,57.425,1028.031,14.412,-122.273,0.001,0.0,0.000,22.969
2026-03-03T13:01:11.830,57.928,1028.029,14.426,-122.254,0.001,0.0,-0.033,22.958
2026-03-03T13:01:12.334,58.431,1028.022,14.428,-122.194,0.001,0.0,-0.007,22.958
2026-03-03T13:01:12.841,58.934,1028.019,14.420,-122.171,0.001,0.0,0.018,22.951
2026-03-03T13:01:13.340,59.437,1028.029,14.435,-122.253,0.001,0.0,0.006,22.951
2026-03-03T13:01:13.851,59.940,1028.047,14.427,-122.399,0.001,0.0,-0.007,22.951
2026-03-03T13:01:14.346,60.443,1028.058,14.449,-122.494,0.001,0.0,0.002,22.958
2026-03-03T13:01:14.864,60.946,1028.038,14.440,-122.326,0.001,0.0,-0.005,22.956
2026-03-03T13:01:15.350,61.449,1028.029,14.440,-122.250,0.001,0.0,0.028,22.969
2026-03-03T13:01:15.855,61.952,1028.035,14.448,-122.303,0.001,0.0,0.001,22.942
2026-03-03T13:01:16.357,62.455,1028.023,14.444,-122.206,0.001,0.0,-0.034,22.951
2026-03-03T13:01:16.860,62.958,1028.007,14.443,-122.076,0.001,0.0,0.027,22.947
2026-03-03T13:01:17.365,63.461,1028.000,14.442,-122.015,0.001,0.0,-0.008,22.933
2026-03-03T13:01:17.869,63.964,1027.998,14.433,-122.000,0.001,0.0,0.011,22.953
2026-03-03T13:01:18.370,64.469,1028.001,14.452,-122.023,0.001,0.0,0.016,22.942
2026-03-03T13:01:18.867,64.964,1027.998,14.448,-121.997,0.001,0.0,0.006,22.949
2026-03-03T13:01:19.365,65.464,1027.993,14.447,-121.956,0.001,0.0,0.025,22.965
2026-03-03T13:01:19.867,65.964,1027.998,14.464,-122.002,0.001,0.0,-0.022,22.974
2026-03-03T13:01:20.365,66.464,1027.994,14.472,-121.962,0.001,0.0,0.011,22.972
2026-03-03T13:01:20.866,66.964,1027.991,14.469,-121.944,0.001,0.0,0.010,22.953
2026-03-03T13:01:21.381,67.464,1027.991,14.459,-121.937,0.001,0.0,0.024,22.960
2026-03-03T13:01:21.865,67.964,1027.993,14.468,-121.959,0.001,0.0,0.002,22.974
2026-03-03T13:01:22.366,68.464,1027.988,14.461,-121.915,0.001,0.0,0.010,22.963
2026-03-03T13:01:22.865,68.964,1027.990,14.469,-121.929,0.001,0.0,0.014,22.926
2026-03-03T13:01:23.367,69.464,1027.992,14.478,-121.951,0.001,0.0,-0.035,22.940
2026-03-03T13:01:23.865,69.964,1027.987,14.484,-121.910,0.001,0.0,-0.008,22.960
2026-03-03T13:01:24.367,70.464,1027.983,14.480,-121.877,0.001,0.0,0.018,22.951
2026-03-03T13:01:24.865,70.964,1027.983,14.482,-121.878,0.001,0.0,-0.001,22.963
2026-03-03T13:01:25.367,71.464,1027.979,14.498,-121.846,0.001,0.0,-0.015,22.956
2026-03-03T13:01:25.866,71.964,1027.981,14.487,-121.860,0.001,0.0,-0.005,22.951
2026-03-03T13:01:26.367,72.464,1027.978,14.501,-121.834,0.001,0.0,0.006,22.951
2026-03-03T13:01:26.872,72.964,1027.980,14.497,-121.853,0.001,0.0,-0.011,22.951
2026-03-03T13:01:27.366,73.464,1027.989,14.507,-121.922,0.001,0.0,-0.035,22.951
2026-03-03T13:01:27.888,73.964,1027.990,14.495,-121.928,0.001,0.0,0.032,22.940
2026-03-03T13:01:28.365,74.464,1027.980,14.509,-121.848,0.001,0.0,-0.004,22.951
2026-03-03T13:01:28.865,74.964,1027.979,14.513,-121.844,0.001,0.0,0.005,22.949
2026-03-03T13:01:29.368,75.467,1027.977,14.520,-121.826,0.001,0.0,0.011,22.953
2026-03-03T13:01:29.873,75.972,1027.972,14.525,-121.784,0.001,0.0,-0.014,22.956
2026-03-03T13:01:30.368,76.467,1027.968,14.521,-121.752,0.001,0.0,-0.025,22.947
2026-03-03T13:01:30.869,76.967,1027.975,14.535,-121.807,0.001,0.0,0.023,22.953
2026-03-03T13:01:31.368,77.467,1027.971,14.531,-121.774,0.001,0.0,-0.015,22.960
2026-03-03T13:01:31.868,77.967,1027.974,14.547,-121.802,0.001,0.0,-0.026,22.956
2026-03-03T13:01:32.384,78.467,1027.969,14.547,-121.764,0.001,0.0,0.003,22.958
2026-03-03T13:01:32.868,78.967,1027.966,14.559,-121.736,0.001,0.0,0.002,22.940
2026-03-03T13:01:33.369,79.467,1027.975,14.571,-121.807,0.001,0.0,0.016,22.928
2026-03-03T13:01:33.868,79.967,1027.975,14.554,-121.808,0.001,0.0,-0.026,22.965
2026-03-03T13:01:34.369,80.467,1027.976,14.561,-121.814,0.001,0.0,-0.016,22.965
2026-03-03T13:01:34.868,80.967,1027.972,14.573,-121.786,0.001,0.0,0.008,22.951
2026-03-03T13:01:35.369,81.467,1027.971,14.573,-121.778,0.001,0.0,-0.013,22.956
2026-03-03T13:01:35.868,81.967,1027.977,14.577,-121.827,0.001,0.0,0.012,22.960
2026-03-03T13:01:36.369,82.467,1027.983,14.585,-121.871,0.001,0.0,0.010,22.960
2026-03-03T13:01:36.869,82.967,1027.975,14.587,-121.813,0.001,0.0,-0.026,22.963
2026-03-03T13:01:37.369,83.467,1027.976,14.597,-121.821,0.001,0.0,0.027,22.974
2026-03-03T13:01:37.878,83.967,1027.969,14.599,-121.761,0.001,0.0,-0.000,22.935
2026-03-03T13:01:38.370,84.467,1027.966,14.589,-121.738,0.001,0.0,-0.014,22.958
2026-03-03T13:01:38.881,84.967,1027.965,14.606,-121.730,0.001,0.0,0.029,22.953
2026-03-03T13:01:39.368,85.467,1027.961,14.604,-121.696,0.001,0.0,-0.000,22.972
2026-03-03T13:01:39.868,85.967,1027.964,14.621,-121.718,0.001,0.0,-0.027,22.958
2026-03-03T13:01:40.370,86.469,1027.966,14.622,-121.735,0.001,0.0,-0.028,22.965
2026-03-03T13:01:40.875,86.973,1027.965,14.618,-121.724,0.001,0.0,0.008,22.942
2026-03-03T13:01:41.379,87.478,1027.961,14.619,-121.693,0.001,0.0,0.025,22.944
2026-03-03T13:01:41.875,87.973,1027.961,14.637,-121.693,0.001,0.0,-0.006,22.969
2026-03-03T13:01:42.374,88.473,1027.958,14.641,-121.665,0.001,0.0,0.016,22.953
2026-03-03T13:01:42.875,88.973,1027.957,14.644,-121.660,0.001,0.0,0.009,22.958
2026-03-03T13:01:43.378,89.473,1027.951,14.644,-121.615,0.001,0.0,0.025,22.967
2026-03-03T13:01:43.875,89.973,1027.945,14.636,-121.562,0.001,0.0,-0.016,22.928
2026-03-03T13:01:44.389,90.473,1027.946,14.640,-121.573,0.001,0.0,-0.011,22.944
2026-03-03T13:01:44.874,90.973,1027.952,14.653,-121.622,0.001,0.0,0.007,22.965
2026-03-03T13:01:45.374,91.473,1027.955,14.660,-121.643,0.001,0.0,-0.002,22.965
2026-03-03T13:01:45.874,91.973,1027.959,14.657,-121.678,0.001,0.0,0.011,22.963
2026-03-03T13:01:46.375,92.473,1027.990,14.657,-121.930,0.001,0.0,-0.014,22.967
2026-03-03T13:01:46.874,92.973,1027.997,14.664,-121.991,0.001,0.0,-0.031,22.960
2026-03-03T13:01:47.375,93.473,1027.980,14.657,-121.854,0.001,0.0,-0.009,22.944
2026-03-03T13:01:47.875,93.973,1027.976,14.664,-121.815,0.001,0.0,0.034,22.969
2026-03-03T13:01:48.375,94.473,1027.978,14.667,-121.833,0.001,0.0,-0.015,22.949
2026-03-03T13:01:48.881,94.973,1027.976,14.681,-121.814,0.001,0.0,-0.019,22.967
2026-03-03T13:01:49.375,95.473,1027.980,14.676,-121.848,0.001,0.0,0.015,22.944
2026-03-03T13:01:49.875,95.973,1027.983,14.685,-121.878,0.001,0.0,-0.006,22.965
2026-03-03T13:01:50.374,96.473,1027.979,14.693,-121.839,0.001,0.0,-0.014,22.972
2026-03-03T13:01:50.875,96.973,1027.980,14.696,-121.849,0.001,0.0,0.012,22.940
2026-03-03T13:01:51.374,97.473,1027.983,14.696,-121.871,0.001,0.0,-0.020,22.949
2026-03-03T13:01:51.878,97.975,1027.980,14.688,-121.850,0.001,0.0,0.011,22.944
2026-03-03T13:01:52.380,98.479,1027.978,14.686,-121.833,0.001,0.0,0.004,22.963
2026-03-03T13:01:52.886,98.984,1027.975,14.698,-121.812,0.001,0.0,-0.002,22.965
2026-03-03T13:01:53.381,99.479,1027.977,14.696,-121.826,0.001,0.0,0.002,22.947
2026-03-03T13:01:53.881,99.979,1027.976,14.706,-121.819,0.001,0.0,0.020,22.944
2026-03-03T13:01:54.380,100.479,1027.976,14.708,-121.820,0.001,0.0,0.008,22.949
2026-03-03T13:01:54.881,100.979,1027.976,14.712,-121.816,0.001,0.0,0.021,22.951
2026-03-03T13:01:55.381,101.479,1027.977,14.710,-121.829,0.001,0.0,-0.023,22.960
2026-03-03T13:01:55.880,101.979,1027.979,14.712,-121.839,0.001,0.0,0.004,22.967
2026-03-03T13:01:56.381,102.479,1027.978,14.725,-121.835,0.001,0.0,-0.009,22.956
2026-03-03T13:01:56.880,102.979,1027.974,14.717,-121.805,0.001,0.0,0.002,22.953
2026-03-03T13:01:57.381,103.479,1027.977,14.722,-121.825,0.001,0.0,0.009,22.981
2026-03-03T13:01:57.880,103.979,1027.977,14.725,-121.826,0.001,0.0,-0.012,22.951
2026-03-03T13:01:58.382,104.479,1027.975,14.733,-121.810,0.001,0.0,-0.014,22.967
2026-03-03T13:01:58.887,104.979,1027.975,14.736,-121.812,0.001,0.0,0.008,22.953
2026-03-03T13:01:59.381,105.479,1027.974,14.745,-121.805,0.001,0.0,0.001,22.953
2026-03-03T13:01:59.897,105.979,1027.976,14.754,-121.820,0.001,0.0,-0.002,22.940
2026-03-03T13:02:00.381,106.479,1027.977,14.761,-121.826,0.001,0.0,0.011,22.931
2026-03-03T13:02:00.882,106.979,1027.975,14.753,-121.812,0.001,0.0,0.009,22.947
2026-03-03T13:02:01.380,107.479,1027.973,14.762,-121.796,0.001,0.0,0.017,22.912
2026-03-03T13:02:01.881,107.979,1027.976,14.773,-121.821,0.001,0.0,-0.010,22.953
2026-03-03T13:02:02.380,108.479,1027.973,14.764,-121.790,0.001,0.0,0.014,22.947
2026-03-03T13:02:02.882,108.979,1027.975,14.773,-121.812,0.001,0.0,0.038,22.944
2026-03-03T13:02:03.381,109.479,1027.975,14.774,-121.806,0.001,0.0,-0.006,22.953
2026-03-03T13:02:03.884,109.982,1027.975,14.788,-121.810,0.001,0.0,-0.003,22.974
2026-03-03T13:02:04.399,110.487,1027.977,14.790,-121.827,0.001,0.0,0.006,22.942
2026-03-03T13:02:04.883,110.982,1027.974,14.783,-121.798,0.001,0.0,-0.004,22.947
2026-03-03T13:02:05.383,111.482,1027.971,14.786,-121.778,0.001,0.0,-0.012,22.953
2026-03-03T13:02:05.882,111.982,1027.973,14.795,-121.793,0.001,0.0,-0.018,22.965
2026-03-03T13:02:06.383,112.482,1027.970,14.792,-121.767,0.001,0.0,-0.009,22.931
2026-03-03T13:02:06.882,112.982,1027.973,14.802,-121.791,0.001,0.0,-0.007,22.947
2026-03-03T13:02:07.383,113.482,1027.976,14.817,-121.818,0.001,0.0,-0.009,22.981
2026-03-03T13:02:07.883,113.982,1027.973,14.805,-121.793,0.001,0.0,0.027,22.958
2026-03-03T13:02:08.383,114.482,1027.973,14.816,-121.794,0.001,0.0,0.019,22.942
2026-03-03T13:02:08.885,114.982,1027.969,14.803,-121.761,0.001,0.0,-0.005,22.969
2026-03-03T13:02:09.383,115.482,1027.973,14.817,-121.796,0.001,0.0,0.019,22.953
2026-03-03T13:02:09.892,115.982,1027.974,14.829,-121.798,0.001,0.0,-0.018,22.951
2026-03-03T13:02:10.382,116.482,1027.972,14.826,-121.787,0.001,0.0,-0.007,22.935
2026-03-03T13:02:10.883,116.982,1027.972,14.822,-121.785,0.001,0.0,-0.009,22.965
2026-03-03T13:02:11.382,117.482,1027.969,14.823,-121.762,0.001,0.0,-0.015,22.942
2026-03-03T13:02:11.884,117.982,1027.973,14.835,-121.794,0.001,0.0,0.025,22.949
2026-03-03T13:02:12.382,118.482,1027.970,14.827,-121.766,0.001,0.0,0.007,22.963
2026-03-03T13:02:12.884,118.982,1027.973,14.848,-121.791,0.001,0.0,-0.010,22.949
2026-03-03T13:02:13.383,119.482,1027.966,14.829,-121.736,0.001,0.0,-0.004,22.953
2026-03-03T13:02:13.883,119.982,1027.972,14.839,-121.783,0.001,0.0,-0.020,22.944
2026-03-03T13:02:14.382,120.482,1027.970,14.853,-121.771,0.001,0.0,0.011,22.953
2026-03-03T13:02:14.884,120.982,1027.967,14.844,-121.741,0.001,0.0,0.018,22.953
2026-03-03T13:02:15.391,121.485,1027.970,14.847,-121.766,0.001,0.0,0.022,22.953
2026-03-03T13:02:15.893,121.990,1027.973,14.850,-121.793,0.001,0.0,-0.011,22.942
2026-03-03T13:02:16.395,122.485,1027.966,14.856,-121.736,0.001,0.0,0.017,22.953
2026-03-03T13:02:16.886,122.985,1027.968,14.863,-121.749,0.001,0.0,-0.008,22.953
2026-03-03T13:02:17.386,123.485,1027.970,14.869,-121.769,0.001,0.0,-0.001,22.949
2026-03-03T13:02:17.886,123.985,1027.968,14.869,-121.755,0.001,0.0,0.033,22.951
2026-03-03T13:02:18.387,124.485,1027.969,14.870,-121.762,0.001,0.0,0.009,22.958
2026-03-03T13:02:18.885,124.985,1027.969,14.872,-121.764,0.001,0.0,0.013,22.960
2026-03-03T13:02:19.387,125.485,1027.965,14.867,-121.730,0.001,0.0,-0.027,22.937
2026-03-03T13:02:19.886,125.985,1027.969,14.890,-121.756,0.001,0.0,-0.026,22.944
2026-03-03T13:02:20.386,126.485,1027.969,14.893,-121.759,0.001,0.0,-0.014,22.972
2026-03-03T13:02:20.886,126.985,1027.969,14.888,-121.762,0.001,0.0,0.010,22.958
2026-03-03T13:02:21.387,127.485,1027.968,14.892,-121.750,0.001,0.0,-0.040,22.960
2026-03-03T13:02:21.899,127.985,1027.966,14.897,-121.732,0.001,0.0,-0.001,22.947
2026-03-03T13:02:22.386,128.485,1027.966,14.896,-121.738,0.001,0.0,-0.005,22.937
2026-03-03T13:02:22.886,128.985,1027.966,14.895,-121.738,0.001,0.0,-0.001,22.949
2026-03-03T13:02:23.386,129.485,1027.968,14.906,-121.754,0.001,0.0,0.043,22.965
2026-03-03T13:02:23.886,129.985,1027.968,14.911,-121.750,0.001,0.0,0.000,22.942
2026-03-03T13:02:24.385,130.485,1027.967,14.913,-121.744,0.001,0.0,-0.018,22.958
2026-03-03T13:02:24.887,130.985,1027.965,14.910,-121.727,0.001,0.0,-0.007,22.949
2026-03-03T13:02:25.385,131.485,1027.967,14.918,-121.741,0.001,0.0,0.037,22.935
2026-03-03T13:02:25.886,131.985,1027.967,14.912,-121.744,0.001,0.0,0.006,22.958
2026-03-03T13:02:26.386,132.486,1027.964,14.918,-121.718,0.001,0.0,-0.009,22.956
2026-03-03T13:02:26.892,132.990,1027.963,14.925,-121.708,0.001,0.0,-0.003,22.944
2026-03-03T13:02:27.395,133.495,1027.965,14.925,-121.724,0.001,0.0,0.009,22.956
2026-03-03T13:02:27.892,133.990,1027.963,14.931,-121.712,0.001,0.0,0.009,22.942
2026-03-03T13:02:28.396,134.490,1027.963,14.929,-121.711,0.001,0.0,-0.009,22.947
2026-03-03T13:02:28.891,134.990,1027.963,14.932,-121.706,0.001,0.0,0.009,22.958
2026-03-03T13:02:29.390,135.490,1027.964,14.946,-121.718,0.001,0.0,-0.004,22.956
2026-03-03T13:02:29.890,135.990,1027.963,14.947,-121.710,0.001,0.0,0.028,22.969
2026-03-03T13:02:30.392,136.490,1027.966,14.949,-121.736,0.001,0.0,0.009,22.969
2026-03-03T13:02:30.890,136.990,1027.966,14.958,-121.736,0.001,0.0,-0.019,22.974
2026-03-03T13:02:31.391,137.490,1027.966,14.946,-121.734,0.001,0.0,0.042,22.951
2026-03-03T13:02:31.890,137.990,1027.965,14.958,-121.729,0.001,0.0,-0.018,22.969
2026-03-03T13:02:32.391,138.490,1027.962,14.953,-121.700,0.001,0.0,0.015,22.942
2026-03-03T13:02:32.900,138.990,1027.965,14.970,-121.730,0.001,0.0,0.008,22.981
2026-03-03T13:02:33.391,139.490,1027.972,14.976,-121.781,0.001,0.0,-0.015,22.953
2026-03-03T13:02:33.891,139.990,1027.952,14.986,-121.621,0.001,0.0,-0.006,22.953
2026-03-03T13:02:34.390,140.490,1027.966,14.979,-121.738,0.001,0.0,-0.001,22.956
2026-03-03T13:02:34.891,140.990,1027.968,14.977,-121.751,0.001,0.0,0.011,22.953
2026-03-03T13:02:35.390,141.490,1027.984,14.985,-121.880,0.001,0.0,0.007,22.942
2026-03-03T13:02:35.891,141.990,1027.983,14.993,-121.871,0.001,0.0,0.014,22.935
2026-03-03T13:02:36.395,142.490,1027.979,14.992,-121.840,0.001,0.0,-0.022,22.958
2026-03-03T13:02:36.890,142.990,1027.948,14.981,-121.587,0.001,0.0,0.049,22.944
2026-03-03T13:02:37.392,143.490,1027.954,14.981,-121.640,0.001,0.0,0.019,22.947
2026-03-03T13:02:37.896,143.995,1027.979,14.991,-121.846,0.001,0.0,-0.042,22.956
2026-03-03T13:02:38.391,144.490,1027.988,14.995,-121.919,0.001,0.0,0.005,22.937
2026-03-03T13:02:38.890,144.990,1027.935,14.996,-121.484,0.001,0.0,0.019,22.931
2026-03-03T13:02:39.391,145.490,1027.956,15.003,-121.650,0.001,0.0,0.006,22.947
2026-03-03T13:02:39.890,145.990,1027.958,15.006,-121.667,0.001,0.0,0.008,22.953
2026-03-03T13:02:40.391,146.490,1027.970,15.008,-121.770,0.001,0.0,-0.020,22.951
2026-03-03T13:02:40.899,146.990,1027.966,15.018,-121.739,0.001,0.0,-0.008,22.963
2026-03-03T13:02:41.391,147.490,1027.948,15.016,-121.584,0.001,0.0,-0.043,22.942
2026-03-03T13:02:41.918,147.990,1027.946,15.015,-121.568,0.001,0.0,0.017,22.940
2026-03-03T13:02:42.391,148.490,1027.954,15.023,-121.636,0.001,0.0,0.016,22.931
2026-03-03T13:02:42.890,148.990,1027.922,15.024,-121.377,0.001,0.0,0.023,22.942
2026-03-03T13:02:43.390,149.490,1027.931,15.012,-121.443,0.001,0.0,0.039,22.960
2026-03-03T13:02:43.891,149.990,1027.935,15.021,-121.482,0.001,0.0,0.022,22.953
2026-03-03T13:02:44.390,150.490,1027.904,15.020,-121.229,0.001,0.0,-0.006,22.967
2026-03-03T13:02:44.891,150.990,1027.908,15.019,-121.259,0.001,0.0,-0.015,22.944
2026-03-03T13:02:45.389,151.490,1027.887,15.023,-121.086,0.001,0.0,0.001,22.963
2026-03-03T13:02:45.891,151.990,1027.895,15.029,-121.151,0.001,0.0,0.004,22.933
2026-03-03T13:02:46.390,152.490,1027.865,15.028,-120.905,0.001,0.0,-0.005,22.935
2026-03-03T13:02:46.890,152.990,1027.857,15.032,-120.841,0.001,0.0,0.016,22.960
2026-03-03T13:02:47.398,153.490,1027.838,15.013,-120.679,0.001,0.0,-0.014,22.933
2026-03-03T13:02:47.891,153.990,1027.791,15.030,-120.296,0.001,0.0,-0.015,22.951
2026-03-03T13:02:48.406,154.495,1027.804,15.020,-120.402,0.001,0.0,-0.014,22.947
2026-03-03T13:02:48.890,154.990,1027.757,15.026,-120.017,0.001,0.0,-0.027,22.942
2026-03-03T13:02:49.391,155.490,1027.754,15.024,-119.993,0.001,0.0,-0.008,22.953
2026-03-03T13:02:49.890,155.990,1027.763,15.041,-120.068,0.001,0.0,0.030,22.951
2026-03-03T13:02:50.391,156.490,1027.711,15.023,-119.640,0.001,0.0,-0.010,22.972
2026-03-03T13:02:50.890,156.990,1027.769,15.031,-120.113,0.001,0.0,-0.005,22.953
2026-03-03T13:02:51.391,157.490,1027.768,15.037,-120.110,0.001,0.0,-0.009,22.933
2026-03-03T13:02:51.889,157.990,1027.702,15.029,-119.560,0.001,0.0,-0.029,22.958
2026-03-03T13:02:52.390,158.490,1027.705,15.032,-119.586,0.001,0.0,0.030,22.949
2026-03-03T13:02:52.895,158.990,1027.694,15.024,-119.496,0.001,0.0,0.005,22.951
2026-03-03T13:02:53.391,159.490,1027.729,15.033,-119.786,0.001,0.0,-0.019,22.976
2026-03-03T13:02:53.892,159.990,1027.741,15.025,-119.886,0.001,0.0,-0.029,22.969
2026-03-03T13:02:54.391,160.490,1027.687,15.020,-119.438,0.001,0.0,-0.027,22.958
2026-03-03T13:02:54.891,160.990,1027.751,15.018,-119.964,0.001,0.0,0.025,22.944
2026-03-03T13:02:55.390,161.490,1027.773,15.025,-120.146,0.001,0.0,-0.024,22.942
2026-03-03T13:02:55.890,161.990,1027.812,15.012,-120.472,0.001,0.0,0.009,22.965
2026-03-03T13:02:56.389,162.490,1027.846,15.013,-120.749,0.001,0.0,-0.038,22.956
2026-03-03T13:02:56.891,162.990,1027.782,15.010,-120.226,0.001,0.0,-0.001,22.951
2026-03-03T13:02:57.390,163.490,1027.771,15.012,-120.135,0.001,0.0,0.051,22.960
2026-03-03T13:02:57.891,163.990,1027.778,15.015,-120.191,0.001,0.0,-0.028,22.947
2026-03-03T13:02:58.393,164.490,1027.797,15.015,-120.345,0.001,0.0,-0.006,22.958
2026-03-03T13:02:58.897,164.995,1027.780,15.024,-120.207,0.001,0.0,0.011,22.949
2026-03-03T13:02:59.416,165.490,1027.867,15.026,-120.919,0.001,0.0,0.012,22.960
2026-03-03T13:02:59.890,165.990,1027.807,15.015,-120.428,0.001,0.0,0.000,22.942
2026-03-03T13:03:00.392,166.490,1027.781,15.022,-120.213,0.001,0.0,0.004,22.947
2026-03-03T13:03:00.890,166.990,1027.836,15.026,-120.667,0.001,0.0,0.007,22.974
2026-03-03T13:03:01.390,167.490,1027.726,15.025,-119.764,0.001,0.0,0.006,22.951
2026-03-03T13:03:01.890,167.990,1027.885,15.032,-121.070,0.001,0.0,-0.024,22.951
2026-03-03T13:03:02.390,168.490,1027.834,15.027,-120.652,0.001,0.0,-0.010,22.953
2026-03-03T13:03:02.889,168.990,1027.794,15.021,-120.318,0.001,0.0,-0.009,22.956
2026-03-03T13:03:03.391,169.490,1027.785,15.035,-120.247,0.001,0.0,0.000,22.947
2026-03-03T13:03:03.889,169.990,1027.766,15.023,-120.091,0.001,0.0,0.015,22.958
2026-03-03T13:03:04.389,170.490,1027.779,15.029,-120.195,0.001,0.0,0.004,22.960
2026-03-03T13:03:04.896,170.990,1027.710,15.016,-119.626,0.001,0.0,0.004,22.940
2026-03-03T13:03:05.392,171.490,1027.752,15.021,-119.976,0.001,0.0,0.027,22.937
2026-03-03T13:03:05.920,171.990,1027.646,15.006,-119.106,0.001,0.0,0.009,22.951
2026-03-03T13:03:06.389,172.490,1027.578,15.019,-118.542,0.001,0.0,0.022,22.958
2026-03-03T13:03:06.890,172.990,1027.580,15.022,-118.561,0.001,0.0,-0.013,22.947
2026-03-03T13:03:07.389,173.490,1027.463,15.027,-117.600,0.001,0.0,-0.003,22.963
2026-03-03T13:03:07.891,173.990,1027.502,15.028,-117.922,0.001,0.0,-0.015,22.935
2026-03-03T13:03:08.389,174.490,1027.488,15.020,-117.800,0.001,0.0,-0.008,22.958
2026-03-03T13:03:08.892,174.990,1027.544,15.028,-118.267,0.001,0.0,-0.022,22.944
2026-03-03T13:03:09.395,175.495,1027.477,15.027,-117.715,0.001,0.0,-0.011,22.944
2026-03-03T13:03:09.890,175.990,1027.428,15.024,-117.306,0.001,0.0,-0.022,22.949
2026-03-03T13:03:10.396,176.490,1027.348,15.023,-116.654,0.001,0.0,0.013,22.940
2026-03-03T13:03:10.892,176.990,1027.470,15.024,-117.658,0.001,0.0,0.001,22.969
2026-03-03T13:03:11.389,177.490,1027.384,15.029,-116.951,0.001,0.0,-0.010,22.935
2026-03-03T13:03:11.889,177.990,1027.492,15.034,-117.835,0.001,0.0,-0.022,22.958
2026-03-03T13:03:12.391,178.490,1027.419,15.029,-117.234,0.001,0.0,0.008,22.956
2026-03-03T13:03:12.889,178.990,1027.331,15.021,-116.508,0.001,0.0,0.007,22.942
2026-03-03T13:03:13.390,179.490,1027.515,15.037,-118.021,0.001,0.0,0.035,22.951
2026-03-03T13:03:13.889,179.990,1027.523,15.028,-118.091,0.001,0.0,0.004,22.956
2026-03-03T13:03:14.391,180.490,1027.432,15.036,-117.339,0.001,0.0,0.003,22.935
2026-03-03T13:03:14.891,180.990,1027.464,15.034,-117.605,0.001,0.0,-0.031,22.963
2026-03-03T13:03:15.389,181.490,1027.525,15.031,-118.108,0.001,0.0,-0.005,22.974
2026-03-03T13:03:15.890,181.990,1027.594,15.022,-118.675,0.001,0.0,0.012,22.960
2026-03-03T13:03:16.390,182.490,1027.536,15.024,-118.194,0.001,0.0,0.051,22.947
2026-03-03T13:03:16.892,182.990,1027.528,15.033,-118.133,0.001,0.0,-0.032,22.958
2026-03-03T13:03:17.389,183.490,1027.468,15.032,-117.635,0.001,0.0,0.014,22.940
2026-03-03T13:03:17.890,183.990,1027.679,15.024,-119.373,0.001,0.0,0.003,22.958
2026-03-03T13:03:18.389,184.490,1027.682,15.030,-119.400,0.001,0.0,-0.025,22.960
2026-03-03T13:03:18.890,184.990,1027.459,15.030,-117.564,0.001,0.0,-0.005,22.935
2026-03-03T13:03:19.390,185.490,1027.570,15.029,-118.474,0.001,0.0,0.005,22.967
2026-03-03T13:03:19.897,185.995,1027.523,15.030,-118.092,0.001,0.0,0.000,22.958
2026-03-03T13:03:20.394,186.490,1027.488,15.031,-117.802,0.001,0.0,-0.010,22.953
2026-03-03T13:03:20.889,186.990,1027.773,15.021,-120.150,0.001,0.0,0.017,22.949
2026-03-03T13:03:21.393,187.490,1027.555,15.028,-118.358,0.001,0.0,-0.004,22.953
2026-03-03T13:03:21.889,187.990,1027.569,15.028,-118.473,0.001,0.0,-0.010,22.949
2026-03-03T13:03:22.391,188.490,1027.506,15.040,-117.954,0.001,0.0,-0.028,22.949
2026-03-03T13:03:22.889,188.990,1027.643,15.038,-119.078,0.001,0.0,-0.015,22.949
2026-03-03T13:03:23.390,189.490,1027.551,15.030,-118.322,0.001,0.0,0.011,22.949
2026-03-03T13:03:23.890,189.990,1027.511,15.039,-117.992,0.001,0.0,-0.012,22.960
2026-03-03T13:03:24.389,190.490,1027.510,15.037,-117.983,0.001,0.0,-0.016,22.960
2026-03-03T13:03:24.889,190.990,1027.630,15.037,-118.970,0.001,0.0,-0.019,22.931
2026-03-03T13:03:25.390,191.490,1027.506,15.023,-117.949,0.001,0.0,0.005,22.956
2026-03-03T13:03:25.898,191.990,1027.521,15.031,-118.071,0.001,0.0,-0.032,22.942
2026-03-03T13:03:26.390,192.490,1027.625,15.040,-118.926,0.001,0.0,-0.015,22.965
2026-03-03T13:03:26.890,192.990,1027.431,15.013,-117.335,0.001,0.0,0.023,22.935
2026-03-03T13:03:27.389,193.490,1027.533,15.021,-118.177,0.001,0.0,-0.008,22.960
2026-03-03T13:03:27.889,193.990,1027.602,15.022,-118.743,0.001,0.0,-0.016,22.947
2026-03-03T13:03:28.390,194.490,1027.425,15.023,-117.282,0.001,0.0,0.015,22.958
2026-03-03T13:03:28.890,194.990,1027.529,15.025,-118.142,0.001,0.0,0.013,22.942
2026-03-03T13:03:29.389,195.490,1027.530,15.029,-118.146,0.001,0.0,-0.020,22.949
2026-03-03T13:03:29.891,195.990,1027.655,15.030,-119.179,0.001,0.0,0.027,22.944
2026-03-03T13:03:30.394,196.495,1027.437,15.035,-117.385,0.001,0.0,-0.025,22.956
2026-03-03T13:03:30.890,196.990,1027.637,15.036,-119.031,0.001,0.0,-0.027,22.947
2026-03-03T13:03:31.396,197.490,1027.508,15.029,-117.969,0.001,0.0,0.012,22.944
2026-03-03T13:03:31.889,197.990,1027.521,15.037,-118.076,0.001,0.0,0.011,22.944
2026-03-03T13:03:32.391,198.490,1027.518,15.025,-118.049,0.001,0.0,-0.011,22.969
2026-03-03T13:03:32.889,198.990,1027.586,15.024,-118.608,0.001,0.0,-0.012,22.933
2026-03-03T13:03:33.391,199.490,1027.375,15.023,-116.869,0.001,0.0,0.010,22.947
2026-03-03T13:03:33.889,199.990,1027.412,15.031,-117.175,0.001,0.0,0.007,22.947
2026-03-03T13:03:34.390,200.490,1027.593,15.010,-118.665,0.001,0.0,0.006,22.940
2026-03-03T13:03:34.889,200.990,1027.372,15.038,-116.851,0.001,0.0,0.004,22.958
2026-03-03T13:03:35.389,201.490,1027.532,15.030,-118.169,0.001,0.0,0.008,22.953
2026-03-03T13:03:35.895,201.990,1027.581,15.050,-118.568,0.001,0.0,-0.004,22.972
2026-03-03T13:03:36.390,202.490,1027.644,15.028,-119.085,0.001,0.0,-0.005,22.937
2026-03-03T13:03:36.896,202.990,1027.565,15.032,-118.438,0.001,0.0,-0.000,22.942
2026-03-03T13:03:37.389,203.490,1027.536,15.036,-118.196,0.001,0.0,-0.017,22.931
2026-03-03T13:03:37.889,203.990,1027.489,15.020,-117.808,0.001,0.0,-0.005,22.951
2026-03-03T13:03:38.389,204.490,1027.574,15.037,-118.511,0.001,0.0,0.002,22.951
2026-03-03T13:03:38.889,204.990,1027.544,15.036,-118.265,0.001,0.0,-0.016,22.944
2026-03-03T13:03:39.389,205.490,1027.534,15.023,-118.179,0.001,0.0,0.012,22.942
2026-03-03T13:03:39.890,205.990,1027.525,15.027,-118.105,0.001,0.0,-0.024,22.953
2026-03-03T13:03:40.389,206.490,1027.530,15.035,-118.150,0.001,0.0,0.013,22.937
2026-03-03T13:03:40.895,206.995,1027.649,15.037,-119.131,0.001,0.0,0.028,22.949
2026-03-03T13:03:41.397,207.490,1027.542,15.031,-118.245,0.001,0.0,-0.005,22.965
2026-03-03T13:03:41.889,207.990,1027.478,15.028,-117.722,0.001,0.0,-0.006,22.935
2026-03-03T13:03:42.390,208.490,1027.628,15.048,-118.956,0.001,0.0,0.010,22.931
2026-03-03T13:03:42.889,208.990,1027.494,15.029,-117.855,0.001,0.0,-0.000,22.967
2026-03-03T13:03:43.390,209.490,1027.563,15.052,-118.424,0.001,0.0,0.013,22.949
2026-03-03T13:03:43.889,209.990,1027.511,15.044,-117.996,0.001,0.0,-0.028,22.953
2026-03-03T13:03:44.390,210.490,1027.450,15.047,-117.487,0.001,0.0,-0.008,22.937
2026-03-03T13:03:44.889,210.990,1027.553,15.042,-118.340,0.001,0.0,-0.017,22.942
2026-03-03T13:03:45.390,211.490,1027.673,15.044,-119.328,0.001,0.0,-0.025,22.956
2026-03-03T13:03:45.890,211.990,1027.580,15.040,-118.560,0.001,0.0,0.019,22.956
2026-03-03T13:03:46.389,212.490,1027.577,15.040,-118.537,0.001,0.0,-0.010,22.937
2026-03-03T13:03:46.899,212.990,1027.479,15.041,-117.726,0.001,0.0,0.009,22.949
2026-03-03T13:03:47.391,213.490,1027.645,15.057,-119.094,0.001,0.0,-0.013,22.960
2026-03-03T13:03:47.895,213.990,1027.675,15.041,-119.340,0.001,0.0,0.010,22.965
2026-03-03T13:03:48.389,214.490,1027.548,15.042,-118.294,0.001,0.0,-0.009,22.951
2026-03-03T13:03:48.890,214.990,1027.588,15.053,-118.624,0.001,0.0,-0.020,22.944
2026-03-03T13:03:49.389,215.490,1027.514,15.045,-118.020,0.001,0.0,0.029,22.942
2026-03-03T13:03:49.890,215.990,1027.480,15.046,-117.738,0.001,0.0,0.046,22.944
2026-03-03T13:03:50.389,216.490,1027.512,15.045,-118.004,0.001,0.0,0.014,22.933
2026-03-03T13:03:50.889,216.990,1027.597,15.044,-118.701,0.001,0.0,-0.015,22.953
2026-03-03T13:03:51.394,217.495,1027.490,15.046,-117.823,0.001,0.0,-0.039,22.944
2026-03-03T13:03:51.889,217.990,1027.383,15.042,-116.939,0.001,0.0,-0.002,22.983
2026-03-03T13:03:52.389,218.490,1027.633,15.046,-118.993,0.001,0.0,-0.002,22.960
2026-03-03T13:03:52.888,218.990,1027.573,15.039,-118.505,0.001,0.0,0.006,22.951
2026-03-03T13:03:53.400,219.490,1027.443,15.034,-117.437,0.001,0.0,0.009,22.937
2026-03-03T13:03:53.889,219.990,1027.569,15.043,-118.470,0.001,0.0,0.010,22.969
2026-03-03T13:03:54.390,220.490,1027.551,15.046,-118.320,0.001,0.0,-0.030,22.924
2026-03-03T13:03:54.888,220.990,1027.430,15.044,-117.322,0.001,0.0,-0.002,22.953
2026-03-03T13:03:55.389,221.490,1027.350,15.037,-116.668,0.001,0.0,-0.019,22.942
2026-03-03T13:03:55.888,221.990,1027.635,15.052,-119.014,0.001,0.0,-0.008,22.960
2026-03-03T13:03:56.391,222.490,1027.489,15.052,-117.811,0.001,0.0,-0.007,22.956
2026-03-03T13:03:56.891,222.990,1027.490,15.036,-117.822,0.001,0.0,0.007,22.933
2026-03-03T13:03:57.390,223.490,1027.563,15.044,-118.417,0.001,0.0,-0.005,22.956
2026-03-03T13:03:57.909,223.990,1027.466,15.041,-117.620,0.001,0.0,-0.011,22.944
2026-03-03T13:03:58.391,224.490,1027.569,15.037,-118.472,0.001,0.0,0.003,22.949
2026-03-03T13:03:58.890,224.990,1027.582,15.046,-118.580,0.001,0.0,-0.002,22.933
2026-03-03T13:03:59.389,225.490,1027.578,15.052,-118.548,0.001,0.0,0.004,22.940
2026-03-03T13:03:59.890,225.990,1027.564,15.038,-118.428,0.001,0.0,-0.003,22.956
2026-03-03T13:04:00.388,226.490,1027.529,15.036,-118.144,0.001,0.0,0.024,22.944
2026-03-03T13:04:00.890,226.990,1027.702,15.046,-119.567,0.001,0.0,0.002,22.940
2026-03-03T13:04:01.389,227.490,1027.414,15.051,-117.192,0.001,0.0,0.001,22.933
2026-03-03T13:04:01.895,227.995,1027.647,15.044,-119.113,0.001,0.0,-0.002,22.949
2026-03-03T13:04:02.388,228.490,1027.665,15.036,-119.260,0.001,0.0,-0.001,22.953
2026-03-03T13:04:02.888,228.990,1027.522,15.046,-118.083,0.001,0.0,0.004,22.949
2026-03-03T13:04:03.398,229.490,1027.480,15.036,-117.737,0.001,0.0,-0.005,22.956
2026-03-03T13:04:03.888,229.990,1027.617,15.043,-118.868,0.001,0.0,0.017,22.956
2026-03-03T13:04:04.389,230.490,1027.470,15.046,-117.654,0.001,0.0,0.002,22.947
2026-03-03T13:04:04.889,230.990,1027.643,15.041,-119.081,0.001,0.0,0.030,22.956
2026-03-03T13:04:05.388,231.490,1027.636,15.037,-119.024,0.001,0.0,-0.039,22.944
2026-03-03T13:04:05.888,231.990,1027.562,15.041,-118.415,0.001,0.0,0.039,22.969
2026-03-03T13:04:06.389,232.490,1027.564,15.043,-118.432,0.001,0.0,-0.004,22.933
2026-03-03T13:04:06.889,232.990,1027.659,15.050,-119.210,0.001,0.0,-0.014,22.951
2026-03-03T13:04:07.390,233.490,1027.618,15.045,-118.869,0.001,0.0,0.016,22.949
2026-03-03T13:04:07.889,233.990,1027.554,15.052,-118.348,0.001,0.0,0.004,22.956
2026-03-03T13:04:08.390,234.490,1027.628,15.047,-118.955,0.001,0.0,0.014,22.947
2026-03-03T13:04:08.890,234.990,1027.617,15.053,-118.868,0.001,0.0,0.023,22.953
2026-03-03T13:04:09.390,235.490,1027.611,15.058,-118.819,0.001,0.0,0.007,22.963
2026-03-03T13:04:09.889,235.990,1027.638,15.046,-119.039,0.001,0.0,-0.020,22.942
2026-03-03T13:04:10.390,236.490,1027.519,15.056,-118.060,0.001,0.0,-0.016,22.947
2026-03-03T13:04:10.889,236.990,1027.638,15.050,-119.035,0.001,0.0,0.012,22.969
2026-03-03T13:04:11.389,237.490,1027.504,15.044,-117.935,0.001,0.0,0.021,22.953
2026-03-03T13:04:11.890,237.990,1027.419,15.042,-117.237,0.001,0.0,0.005,22.931
2026-03-03T13:04:12.394,238.495,1027.556,15.055,-118.365,0.001,0.0,0.004,22.940
2026-03-03T13:04:12.888,238.990,1027.656,15.051,-119.188,0.001,0.0,-0.012,22.947
2026-03-03T13:04:13.389,239.490,1027.482,15.046,-117.753,0.001,0.0,0.029,22.933
2026-03-03T13:04:13.889,239.990,1027.493,15.056,-117.846,0.001,0.0,-0.017,22.953
2026-03-03T13:04:14.388,240.490,1027.303,15.057,-116.278,0.001,0.0,0.002,22.956
2026-03-03T13:04:14.889,240.990,1027.465,15.060,-117.612,0.001,0.0,-0.020,22.937
2026-03-03T13:04:15.401,241.490,1027.470,15.060,-117.657,0.001,0.0,-0.034,22.947
2026-03-03T13:04:15.889,241.990,1027.499,15.045,-117.890,0.001,0.0,0.008,22.951
2026-03-03T13:04:16.390,242.490,1027.615,15.063,-118.847,0.001,0.0,-0.035,22.953
2026-03-03T13:04:16.888,242.990,1027.526,15.053,-118.119,0.001,0.0,-0.020,22.953
2026-03-03T13:04:17.388,243.490,1027.557,15.043,-118.371,0.001,0.0,0.016,22.951
2026-03-03T13:04:17.888,243.990,1027.578,15.064,-118.541,0.001,0.0,-0.005,22.949
2026-03-03T13:04:18.388,244.490,1027.434,15.061,-117.360,0.001,0.0,-0.007,22.942
2026-03-03T13:04:18.888,244.990,1027.620,15.065,-118.886,0.001,0.0,0.001,22.933
2026-03-03T13:04:19.390,245.490,1027.633,15.077,-118.995,0.001,0.0,-0.009,22.947
2026-03-03T13:04:19.890,245.990,1027.544,15.065,-118.265,0.001,0.0,0.027,22.944
2026-03-03T13:04:20.388,246.490,1027.550,15.067,-118.314,0.001,0.0,-0.007,22.965
2026-03-03T13:04:20.903,246.990,1027.387,15.061,-116.970,0.001,0.0,0.011,22.965
2026-03-03T13:04:21.388,247.490,1027.448,15.061,-117.475,0.001,0.0,0.002,22.935
2026-03-03T13:04:21.890,247.990,1027.422,15.060,-117.259,0.001,0.0,-0.021,22.960
2026-03-03T13:04:22.388,248.490,1027.486,15.064,-117.783,0.001,0.0,0.008,22.942
2026-03-03T13:04:22.896,248.995,1027.373,15.059,-116.853,0.001,0.0,-0.026,22.951
2026-03-03T13:04:23.388,249.490,1027.606,15.048,-118.773,0.001,0.0,0.003,22.942
2026-03-03T13:04:23.889,249.990,1027.472,15.061,-117.674,0.001,0.0,0.020,22.949
2026-03-03T13:04:24.396,250.490,1027.462,15.050,-117.589,0.001,0.0,-0.004,22.960
2026-03-03T13:04:24.888,250.990,1027.583,15.057,-118.589,0.001,0.0,-0.002,22.942
2026-03-03T13:04:25.414,251.490,1027.607,15.056,-118.780,0.001,0.0,0.001,22.974
2026-03-03T13:04:25.888,251.990,1027.554,15.055,-118.349,0.001,0.0,-0.005,22.940
2026-03-03T13:04:26.390,252.490,1027.489,15.057,-117.808,0.001,0.0,-0.005,22.960
2026-03-03T13:04:26.889,252.990,1027.517,15.052,-118.041,0.001,0.0,-0.020,22.942
2026-03-03T13:04:27.391,253.490,1027.589,15.053,-118.632,0.001,0.0,0.017,22.963
2026-03-03T13:04:27.888,253.990,1027.503,15.052,-117.927,0.001,0.0,-0.010,22.942
2026-03-03T13:04:28.391,254.490,1027.610,15.066,-118.804,0.001,0.0,0.004,22.933
2026-03-03T13:04:28.888,254.990,1027.584,15.065,-118.596,0.001,0.0,0.000,22.931
2026-03-03T13:04:29.389,255.490,1027.556,15.067,-118.360,0.001,0.0,0.003,22.951
2026-03-03T13:04:29.892,255.990,1027.545,15.062,-118.271,0.001,0.0,-0.014,22.942
2026-03-03T13:04:30.389,256.490,1027.410,15.049,-117.159,0.001,0.0,0.006,22.953
2026-03-03T13:04:30.905,256.990,1027.578,15.063,-118.541,0.001,0.0,-0.010,22.947
2026-03-03T13:04:31.389,257.490,1027.506,15.049,-117.954,0.001,0.0,0.041,22.942
2026-03-03T13:04:31.890,257.990,1027.389,15.073,-116.988,0.001,0.0,0.014,22.951
2026-03-03T13:04:32.388,258.490,1027.598,15.054,-118.708,0.001,0.0,0.000,22.942
2026-03-03T13:04:32.890,258.990,1027.528,15.054,-118.135,0.001,0.0,-0.030,22.949
2026-03-03T13:04:33.393,259.495,1027.610,15.072,-118.808,0.001,0.0,-0.000,22.956
2026-03-03T13:04:33.889,259.990,1027.495,15.049,-117.863,0.001,0.0,0.017,22.967
2026-03-03T13:04:34.388,260.490,1027.493,15.071,-117.842,0.001,0.0,0.011,22.947
2026-03-03T13:04:34.888,260.990,1027.481,15.061,-117.742,0.001,0.0,-0.019,22.956
2026-03-03T13:04:35.391,261.490,1027.466,15.058,-117.619,0.001,0.0,-0.004,22.953
2026-03-03T13:04:35.889,261.990,1027.511,15.069,-117.994,0.001,0.0,-0.008,22.944
2026-03-03T13:04:36.390,262.490,1027.570,15.068,-118.476,0.001,0.0,0.003,22.953
2026-03-03T13:04:36.888,262.990,1027.634,15.078,-119.005,0.001,0.0,-0.004,22.967
2026-03-03T13:04:37.390,263.490,1027.554,15.076,-118.344,0.001,0.0,-0.010,22.942
2026-03-03T13:04:37.888,263.990,1027.646,15.073,-119.099,0.001,0.0,-0.007,22.953
2026-03-03T13:04:38.389,264.490,1027.392,15.077,-117.014,0.001,0.0,0.010,22.947
2026-03-03T13:04:38.888,264.990,1027.508,15.069,-117.971,0.001,0.0,0.021,22.949
2026-03-03T13:04:39.389,265.490,1027.432,15.072,-117.345,0.001,0.0,0.031,22.951
2026-03-03T13:04:39.892,265.990,1027.600,15.062,-118.723,0.001,0.0,0.006,22.949
2026-03-03T13:04:40.388,266.490,1027.522,15.077,-118.085,0.001,0.0,0.008,22.956
2026-03-03T13:04:40.902,266.990,1027.581,15.069,-118.568,0.001,0.0,-0.000,22.944
2026-03-03T13:04:41.389,267.490,1027.396,15.071,-117.046,0.001,0.0,-0.031,22.947
2026-03-03T13:04:41.889,267.990,1027.526,15.063,-118.119,0.001,0.0,-0.018,22.940
2026-03-03T13:04:42.388,268.490,1027.411,15.061,-117.169,0.001,0.0,-0.021,22.933
2026-03-03T13:04:42.890,268.990,1027.658,15.062,-119.205,0.001,0.0,0.010,22.931
2026-03-03T13:04:43.388,269.490,1027.549,15.076,-118.307,0.001,0.0,0.049,22.953
2026-03-03T13:04:43.894,269.995,1027.425,15.077,-117.288,0.001,0.0,0.019,22.944
2026-03-03T13:04:44.388,270.490,1027.448,15.065,-117.478,0.001,0.0,-0.001,22.944
2026-03-03T13:04:44.888,270.990,1027.351,15.069,-116.678,0.001,0.0,-0.004,22.958
2026-03-03T13:04:45.388,271.490,1027.641,15.075,-119.063,0.001,0.0,-0.010,22.947
2026-03-03T13:04:45.889,271.990,1027.442,15.071,-117.422,0.001,0.0,0.005,22.976
2026-03-03T13:04:46.387,272.490,1027.434,15.075,-117.357,0.001,0.0,-0.027,22.953
2026-03-03T13:04:46.889,272.990,1027.556,15.071,-118.363,0.001,0.0,0.039,22.944
2026-03-03T13:04:47.413,273.490,1027.586,15.075,-118.612,0.001,0.0,-0.025,22.931
2026-03-03T13:04:47.888,273.990,1027.481,15.077,-117.748,0.001,0.0,0.011,22.947
2026-03-03T13:04:48.389,274.490,1027.543,15.077,-118.253,0.001,0.0,0.003,22.944
2026-03-03T13:04:48.887,274.990,1027.501,15.077,-117.909,0.001,0.0,0.006,22.924
2026-03-03T13:04:49.389,275.490,1027.505,15.081,-117.943,0.001,0.0,-0.002,22.928
2026-03-03T13:04:49.892,275.990,1027.473,15.087,-117.680,0.001,0.0,0.002,22.933
2026-03-03T13:04:50.389,276.490,1027.629,15.081,-118.960,0.001,0.0,-0.010,22.935
2026-03-03T13:04:50.900,276.990,1027.504,15.074,-117.937,0.001,0.0,-0.026,22.944
2026-03-03T13:04:51.387,277.490,1027.454,15.074,-117.524,0.001,0.0,0.014,22.953
2026-03-03T13:04:51.888,277.990,1027.630,15.074,-118.970,0.001,0.0,0.000,22.949
2026-03-03T13:04:52.387,278.490,1027.473,15.073,-117.676,0.001,0.0,-0.007,22.958
2026-03-03T13:04:52.889,278.990,1027.485,15.073,-117.775,0.001,0.0,0.012,22.949
2026-03-03T13:04:53.388,279.490,1027.419,15.071,-117.238,0.001,0.0,-0.019,22.949
2026-03-03T13:04:53.887,279.990,1027.610,15.072,-118.809,0.001,0.0,0.014,22.949
2026-03-03T13:04:54.392,280.495,1027.712,15.068,-119.646,0.001,0.0,0.006,22.947
2026-03-03T13:04:54.889,280.990,1027.575,15.081,-118.516,0.001,0.0,-0.023,22.937
2026-03-03T13:04:55.397,281.490,1027.391,15.069,-117.007,0.001,0.0,-0.001,22.944
2026-03-03T13:04:55.888,281.990,1027.524,15.070,-118.103,0.001,0.0,0.005,22.919
2026-03-03T13:04:56.408,282.490,1027.444,15.080,-117.445,0.001,0.0,-0.036,22.937
2026-03-03T13:04:56.889,282.990,1027.558,15.067,-118.376,0.001,0.0,-0.004,22.956
2026-03-03T13:04:57.389,283.490,1027.429,15.078,-117.320,0.001,0.0,-0.016,22.949
2026-03-03T13:04:57.886,283.990,1027.631,15.087,-118.981,0.001,0.0,0.011,22.953
2026-03-03T13:04:58.389,284.490,1027.592,15.084,-118.657,0.001,0.0,0.013,22.960
2026-03-03T13:04:58.887,284.990,1027.519,15.066,-118.062,0.001,0.0,0.027,22.953
2026-03-03T13:04:59.389,285.490,1027.406,15.076,-117.127,0.001,0.0,-0.005,22.944
2026-03-03T13:04:59.888,285.990,1027.616,15.077,-118.858,0.001,0.0,-0.013,22.951
2026-03-03T13:05:00.387,286.490,1027.525,15.078,-118.109,0.001,0.0,0.010,22.940
2026-03-03T13:05:00.890,286.990,1027.623,15.078,-118.912,0.001,0.0,0.016,22.940
2026-03-03T13:05:01.389,287.490,1027.555,15.083,-118.357,0.001,0.0,0.003,22.947
2026-03-03T13:05:01.904,287.990,1027.474,15.086,-117.686,0.001,0.0,-0.004,22.965
2026-03-03T13:05:02.387,288.490,1027.495,15.089,-117.858,0.001,0.0,0.019,22.947
2026-03-03T13:05:02.889,288.990,1027.447,15.082,-117.469,0.001,0.0,-0.029,22.965
2026-03-03T13:05:03.387,289.490,1027.410,15.077,-117.159,0.001,0.0,0.028,22.942
2026-03-03T13:05:03.887,289.990,1027.448,15.074,-117.470,0.001,0.0,-0.034,22.960
2026-03-03T13:05:04.388,290.490,1027.374,15.082,-116.864,0.001,0.0,0.032,22.953
2026-03-03T13:05:04.894,290.995,1027.621,15.069,-118.897,0.001,0.0,0.019,22.935
2026-03-03T13:05:05.387,291.490,1027.453,15.087,-117.519,0.001,0.0,-0.016,22.937
2026-03-03T13:05:05.889,291.990,1027.542,15.085,-118.243,0.001,0.0,0.001,22.965
2026-03-03T13:05:06.390,292.490,1027.601,15.081,-118.731,0.001,0.0,-0.005,22.944
2026-03-03T13:05:06.888,292.990,1027.520,15.090,-118.066,0.001,0.0,0.004,22.940
2026-03-03T13:05:07.389,293.490,1027.677,15.081,-119.358,0.001,0.0,-0.031,22.967
2026-03-03T13:05:07.888,293.990,1027.413,15.085,-117.189,0.001,0.0,0.021,22.947
2026-03-03T13:05:08.388,294.490,1027.564,15.084,-118.427,0.001,0.0,-0.021,22.949
2026-03-03T13:05:08.888,294.990,1027.447,15.089,-117.467,0.001,0.0,0.015,22.960
2026-03-03T13:05:09.388,295.490,1027.567,15.092,-118.456,0.001,0.0,-0.021,22.937
2026-03-03T13:05:09.888,295.990,1027.516,15.097,-118.032,0.001,0.0,0.027,22.947
2026-03-03T13:05:10.388,296.490,1027.671,15.093,-119.308,0.001,0.0,0.010,22.967
2026-03-03T13:05:10.895,296.990,1027.526,15.090,-118.119,0.001,0.0,-0.006,22.963
2026-03-03T13:05:11.388,297.490,1027.738,15.100,-119.856,0.001,0.0,-0.024,22.940
2026-03-03T13:05:11.887,297.990,1027.571,15.102,-118.488,0.001,0.0,0.008,22.953
2026-03-03T13:05:12.387,298.490,1027.677,15.098,-119.357,0.001,0.0,-0.016,22.951
2026-03-03T13:05:12.887,298.990,1027.515,15.094,-118.022,0.001,0.0,-0.015,22.942
2026-03-03T13:05:13.388,299.490,1027.645,15.086,-119.095,0.001,0.0,0.003,22.949
2026-03-03T13:05:13.888,299.990,1027.325,15.092,-116.460,0.001,0.0,0.013,22.969
2026-03-03T13:05:14.388,300.490,1027.472,15.080,-117.674,0.001,0.0,0.010,22.937
2026-03-03T13:05:14.890,300.990,1027.606,15.081,-118.777,0.001,0.0,-0.040,22.956
2026-03-03T13:05:15.393,301.495,1027.444,15.086,-117.442,0.001,0.0,0.009,22.935
2026-03-03T13:05:15.887,301.990,1027.555,15.087,-118.353,0.001,0.0,-0.020,22.963
2026-03-03T13:05:16.403,302.490,1027.506,15.074,-117.953,0.001,0.0,-0.006,22.958
2026-03-03T13:05:16.887,302.990,1027.541,15.084,-118.236,0.001,0.0,-0.025,22.944
2026-03-03T13:05:17.388,303.490,1027.469,15.089,-117.644,0.001,0.0,0.006,22.951
2026-03-03T13:05:17.887,303.990,1027.547,15.101,-118.289,0.001,0.0,-0.033,22.940
2026-03-03T13:05:18.388,304.490,1027.667,15.095,-119.278,0.001,0.0,-0.023,22.976
2026-03-03T13:05:18.887,304.990,1027.555,15.104,-118.352,0.001,0.0,0.022,22.949
2026-03-03T13:05:19.388,305.490,1027.425,15.111,-117.286,0.001,0.0,-0.021,22.944
2026-03-03T13:05:19.888,305.990,1027.518,15.092,-118.052,0.001,0.0,0.005,22.944
2026-03-03T13:05:20.389,306.490,1027.539,15.093,-118.220,0.001,0.0,0.027,22.937
2026-03-03T13:05:20.887,306.990,1027.517,15.100,-118.042,0.001,0.0,-0.011,22.958
2026-03-03T13:05:21.388,307.490,1027.557,15.101,-118.372,0.001,0.0,-0.016,22.963
2026-03-03T13:05:21.889,307.990,1027.580,15.092,-118.557,0.001,0.0,0.001,22.942
2026-03-03T13:05:22.387,308.490,1027.504,15.101,-117.936,0.001,0.0,-0.002,22.963
2026-03-03T13:05:22.888,308.990,1027.535,15.097,-118.186,0.001,0.0,0.013,22.933
2026-03-03T13:05:23.387,309.490,1027.404,15.105,-117.112,0.001,0.0,0.019,22.947
2026-03-03T13:05:23.888,309.990,1027.448,15.112,-117.478,0.001,0.0,0.017,22.951
2026-03-03T13:05:24.389,310.490,1027.502,15.096,-117.917,0.001,0.0,0.005,22.951
2026-03-03T13:05:24.888,310.990,1027.436,15.104,-117.373,0.001,0.0,-0.036,22.942
2026-03-03T13:05:25.400,311.490,1027.577,15.094,-118.535,0.001,0.0,-0.012,22.958
2026-03-03T13:05:25.893,311.995,1027.457,15.096,-117.550,0.001,0.0,-0.017,22.940
2026-03-03T13:05:26.389,312.490,1027.518,15.090,-118.049,0.001,0.0,0.020,22.951
2026-03-03T13:05:26.887,312.990,1027.438,15.103,-117.395,0.001,0.0,-0.004,22.965
2026-03-03T13:05:27.387,313.490,1027.460,15.093,-117.570,0.001,0.0,0.002,22.960
2026-03-03T13:05:27.887,313.990,1027.570,15.079,-118.476,0.001,0.0,-0.001,22.942
2026-03-03T13:05:28.388,314.490,1027.380,15.097,-116.916,0.001,0.0,0.017,22.940
2026-03-03T13:05:28.888,314.990,1027.574,15.101,-118.509,0.001,0.0,-0.005,22.953
2026-03-03T13:05:29.389,315.490,1027.524,15.095,-118.101,0.001,0.0,-0.012,22.951
2026-03-03T13:05:29.901,315.990,1027.470,15.099,-117.659,0.001,0.0,0.051,22.944
2026-03-03T13:05:30.387,316.490,1027.547,15.107,-118.284,0.001,0.0,-0.006,22.944
2026-03-03T13:05:30.888,316.990,1027.474,15.099,-117.689,0.001,0.0,-0.041,22.947
2026-03-03T13:05:31.387,317.490,1027.438,15.106,-117.390,0.001,0.0,0.004,22.947
2026-03-03T13:05:31.887,317.990,1027.522,15.113,-118.084,0.001,0.0,-0.022,22.942
2026-03-03T13:05:32.387,318.490,1027.545,15.108,-118.270,0.001,0.0,0.007,22.940
2026-03-03T13:05:32.889,318.990,1027.563,15.098,-118.424,0.001,0.0,-0.001,22.951
2026-03-03T13:05:33.388,319.490,1027.394,15.106,-117.030,0.001,0.0,0.041,22.924
2026-03-03T13:05:33.889,319.990,1027.487,15.108,-117.796,0.001,0.0,-0.011,22.953
2026-03-03T13:05:34.408,320.490,1027.434,15.104,-117.358,0.001,0.0,-0.018,22.949
2026-03-03T13:05:34.888,320.990,1027.456,15.092,-117.539,0.001,0.0,-0.006,22.956
2026-03-03T13:05:35.388,321.490,1027.504,15.102,-117.937,0.001,0.0,0.005,22.937
2026-03-03T13:05:35.889,321.992,1027.474,15.102,-117.692,0.001,0.0,-0.028,22.956
2026-03-03T13:05:36.396,322.497,1027.460,15.109,-117.575,0.001,0.0,0.003,22.947
2026-03-03T13:05:36.889,322.992,1027.539,15.096,-118.223,0.001,0.0,-0.025,22.944
2026-03-03T13:05:37.391,323.492,1027.488,15.102,-117.806,0.001,0.0,-0.035,22.942
2026-03-03T13:05:37.889,323.992,1027.349,15.108,-116.663,0.001,0.0,-0.033,22.949
2026-03-03T13:05:38.391,324.492,1027.409,15.101,-117.155,0.001,0.0,0.003,22.969
2026-03-03T13:05:38.890,324.992,1027.390,15.101,-116.995,0.001,0.0,-0.006,22.933
2026-03-03T13:05:39.389,325.492,1027.468,15.117,-117.636,0.001,0.0,-0.038,22.928
2026-03-03T13:05:39.890,325.992,1027.500,15.099,-117.904,0.001,0.0,-0.004,22.956
2026-03-03T13:05:40.389,326.492,1027.282,15.106,-116.111,0.001,0.0,0.008,22.958
2026-03-03T13:05:40.889,326.992,1027.526,15.105,-118.116,0.001,0.0,0.004,22.958
2026-03-03T13:05:41.389,327.492,1027.407,15.111,-117.141,0.001,0.0,0.020,22.949
2026-03-03T13:05:41.889,327.992,1027.577,15.114,-118.537,0.001,0.0,-0.032,22.940
2026-03-03T13:05:42.389,328.492,1027.564,15.109,-118.432,0.001,0.0,0.008,22.933
2026-03-03T13:05:42.890,328.992,1027.612,15.103,-118.826,0.001,0.0,-0.019,22.944
2026-03-03T13:05:43.388,329.492,1027.611,15.112,-118.819,0.001,0.0,-0.000,22.951
2026-03-03T13:05:43.890,329.992,1027.431,15.129,-117.331,0.001,0.0,0.018,22.949
2026-03-03T13:05:44.393,330.492,1027.545,15.114,-118.275,0.001,0.0,-0.024,22.963
2026-03-03T13:05:44.889,330.992,1027.478,15.128,-117.721,0.001,0.0,0.002,22.947
2026-03-03T13:05:45.397,331.492,1027.433,15.129,-117.355,0.001,0.0,0.030,22.960
2026-03-03T13:05:45.889,331.992,1027.327,15.119,-116.475,0.001,0.0,0.032,22.944
2026-03-03T13:05:46.391,332.492,1027.498,15.112,-117.884,0.001,0.0,0.018,22.942
2026-03-03T13:05:46.895,332.997,1027.546,15.123,-118.283,0.001,0.0,-0.013,22.928
2026-03-03T13:05:47.391,333.492,1027.580,15.111,-118.557,0.001,0.0,0.015,22.942
2026-03-03T13:05:47.889,333.992,1027.480,15.120,-117.738,0.001,0.0,0.001,22.953
2026-03-03T13:05:48.390,334.492,1027.707,15.108,-119.602,0.001,0.0,0.015,22.942
2026-03-03T13:05:48.889,334.992,1027.421,15.115,-117.251,0.001,0.0,0.005,22.951
2026-03-03T13:05:49.390,335.492,1027.516,15.117,-118.033,0.001,0.0,-0.028,22.963
2026-03-03T13:05:49.890,335.992,1027.578,15.110,-118.548,0.001,0.0,0.010,22.951
2026-03-03T13:05:50.389,336.492,1027.398,15.116,-117.061,0.001,0.0,-0.002,22.931
2026-03-03T13:05:50.891,336.992,1027.537,15.108,-118.203,0.001,0.0,0.021,22.928
2026-03-03T13:05:51.389,337.492,1027.542,15.101,-118.243,0.001,0.0,0.019,22.958
2026-03-03T13:05:51.890,337.992,1027.595,15.112,-118.681,0.001,0.0,-0.009,22.963
2026-03-03T13:05:52.389,338.492,1027.581,15.112,-118.566,0.001,0.0,0.043,22.947
2026-03-03T13:05:52.890,338.992,1027.621,15.120,-118.901,0.001,0.0,0.021,22.956
2026-03-03T13:05:53.391,339.492,1027.621,15.118,-118.900,0.001,0.0,0.004,22.949
2026-03-03T13:05:53.889,339.992,1027.438,15.114,-117.389,0.001,0.0,0.035,22.951
2026-03-03T13:05:54.389,340.492,1027.489,15.134,-117.810,0.001,0.0,-0.012,22.940
2026-03-03T13:05:54.889,340.992,1027.516,15.118,-118.034,0.001,0.0,-0.020,22.947
2026-03-03T13:05:55.390,341.492,1027.573,15.104,-118.505,0.001,0.0,-0.048,22.947
2026-03-03T13:05:55.889,341.992,1027.422,15.122,-117.257,0.001,0.0,0.023,22.935
2026-03-03T13:05:56.391,342.492,1027.502,15.107,-117.918,0.001,0.0,-0.036,22.953
2026-03-03T13:05:56.892,342.995,1027.694,15.117,-119.496,0.001,0.0,0.011,22.937
2026-03-03T13:05:57.398,343.499,1027.430,15.128,-117.322,0.001,0.0,-0.000,22.931
2026-03-03T13:05:57.901,344.004,1027.507,15.129,-117.959,0.001,0.0,-0.008,22.965
2026-03-03T13:05:58.397,344.499,1027.408,15.130,-117.149,0.001,0.0,-0.016,22.947
2026-03-03T13:05:58.903,344.999,1027.390,15.125,-116.999,0.001,0.0,-0.011,22.949
2026-03-03T13:05:59.396,345.499,1027.582,15.125,-118.576,0.001,0.0,0.038,22.956
2026-03-03T13:05:59.895,345.999,1027.454,15.125,-117.520,0.001,0.0,-0.001,22.931
2026-03-03T13:06:00.396,346.499,1027.475,15.133,-117.695,0.001,0.0,0.001,22.951
2026-03-03T13:06:00.896,346.999,1027.577,15.123,-118.536,0.001,0.0,-0.017,22.926
2026-03-03T13:06:01.395,347.499,1027.471,15.123,-117.664,0.001,0.0,0.018,22.963
2026-03-03T13:06:01.897,347.999,1027.469,15.127,-117.644,0.001,0.0,-0.012,22.949
2026-03-03T13:06:02.395,348.499,1027.491,15.116,-117.826,0.001,0.0,-0.015,22.940
2026-03-03T13:06:02.896,348.999,1027.641,15.124,-119.065,0.001,0.0,-0.023,22.928
2026-03-03T13:06:03.405,349.499,1027.523,15.111,-118.091,0.001,0.0,-0.021,22.951
2026-03-03T13:06:03.897,349.999,1027.465,15.109,-117.615,0.001,0.0,0.007,22.942
2026-03-03T13:06:04.395,350.499,1027.649,15.110,-119.129,0.001,0.0,0.029,22.951
2026-03-03T13:06:04.895,350.999,1027.499,15.111,-117.891,0.001,0.0,0.015,22.928
2026-03-03T13:06:05.397,351.499,1027.478,15.100,-117.721,0.001,0.0,0.014,22.967
2026-03-03T13:06:05.895,351.999,1027.645,15.097,-119.096,0.001,0.0,-0.006,22.917
2026-03-03T13:06:06.395,352.499,1027.530,15.107,-118.148,0.001,0.0,-0.023,22.942
2026-03-03T13:06:06.895,352.999,1027.342,15.112,-116.598,0.001,0.0,0.023,22.944
2026-03-03T13:06:07.396,353.499,1027.497,15.116,-117.880,0.001,0.0,0.003,22.942
2026-03-03T13:06:07.903,353.999,1027.428,15.113,-117.310,0.001,0.0,-0.002,22.935
2026-03-03T13:06:08.400,354.504,1027.529,15.121,-118.144,0.001,0.0,0.016,22.953
2026-03-03T13:06:08.898,354.999,1027.402,15.115,-117.097,0.001,0.0,0.018,22.951
2026-03-03T13:06:09.395,355.499,1027.511,15.123,-117.992,0.001,0.0,-0.015,22.963
2026-03-03T13:06:09.896,355.999,1027.646,15.117,-119.105,0.001,0.0,0.015,22.956
2026-03-03T13:06:10.395,356.499,1027.672,15.124,-119.317,0.001,0.0,0.042,22.953
2026-03-03T13:06:10.897,356.999,1027.500,15.107,-117.903,0.001,0.0,-0.011,22.940
2026-03-03T13:06:11.395,357.499,1027.517,15.128,-118.043,0.001,0.0,-0.025,22.956
2026-03-03T13:06:11.895,357.999,1027.602,15.111,-118.740,0.001,0.0,0.013,22.953
2026-03-03T13:06:12.395,358.499,1027.519,15.116,-118.057,0.001,0.0,-0.024,22.937
2026-03-03T13:06:12.897,358.999,1027.569,15.108,-118.469,0.001,0.0,0.002,22.933
2026-03-03T13:06:13.397,359.499,1027.513,15.122,-118.007,0.001,0.0,-0.003,22.963
2026-03-03T13:06:13.896,359.999,1027.604,15.111,-118.756,0.001,0.0,0.005,22.956
2026-03-03T13:06:14.402,360.499,1027.466,15.114,-117.626,0.001,0.0,0.025,22.940
2026-03-03T13:06:14.896,360.999,1027.374,15.116,-116.861,0.001,0.0,0.020,22.942
2026-03-03T13:06:15.396,361.499,1027.451,15.120,-117.501,0.001,0.0,-0.007,22.947
2026-03-03T13:06:15.896,361.999,1027.488,15.114,-117.801,0.001,0.0,-0.003,22.947
2026-03-03T13:06:16.395,362.499,1027.584,15.117,-118.592,0.001,0.0,0.011,22.933
2026-03-03T13:06:16.895,362.999,1027.530,15.120,-118.151,0.001,0.0,0.044,22.949
2026-03-03T13:06:17.395,363.499,1027.447,15.127,-117.468,0.001,0.0,-0.011,22.967
2026-03-03T13:06:17.895,363.999,1027.598,15.117,-118.708,0.001,0.0,0.018,22.944
2026-03-03T13:06:18.395,364.499,1027.501,15.123,-117.908,0.001,0.0,0.001,22.937
2026-03-03T13:06:18.906,365.004,1027.578,15.128,-118.540,0.001,0.0,0.017,22.947
2026-03-03T13:06:19.395,365.499,1027.611,15.125,-118.813,0.001,0.0,-0.050,22.935
2026-03-03T13:06:19.896,365.999,1027.554,15.123,-118.345,0.001,0.0,0.014,22.944
2026-03-03T13:06:20.396,366.499,1027.465,15.114,-117.611,0.001,0.0,0.028,22.944
2026-03-03T13:06:20.896,366.999,1027.508,15.117,-117.965,0.001,0.0,0.043,22.949
2026-03-03T13:06:21.395,367.499,1027.613,15.124,-118.835,0.001,0.0,-0.017,22.937
2026-03-03T13:06:21.897,367.999,1027.570,15.142,-118.475,0.001,0.0,0.042,22.956
2026-03-03T13:06:22.395,368.499,1027.602,15.123,-118.742,0.001,0.0,-0.016,22.942
2026-03-03T13:06:22.897,368.999,1027.559,15.133,-118.391,0.001,0.0,-0.026,22.942
2026-03-03T13:06:23.400,369.499,1027.399,15.132,-117.074,0.001,0.0,0.009,22.965
2026-03-03T13:06:23.898,369.999,1027.597,15.129,-118.701,0.001,0.0,-0.026,22.940
2026-03-03T13:06:24.412,370.499,1027.687,15.138,-119.436,0.001,0.0,-0.008,22.942
2026-03-03T13:06:24.896,370.999,1027.624,15.129,-118.924,0.001,0.0,-0.005,22.944
2026-03-03T13:06:25.396,371.499,1027.444,15.129,-117.439,0.001,0.0,0.024,22.944
2026-03-03T13:06:25.896,371.999,1027.488,15.139,-117.806,0.001,0.0,0.000,22.949
2026-03-03T13:06:26.396,372.499,1027.546,15.128,-118.279,0.001,0.0,-0.033,22.953
2026-03-03T13:06:26.895,372.999,1027.609,15.141,-118.796,0.001,0.0,-0.001,22.924
2026-03-03T13:06:27.396,373.499,1027.584,15.134,-118.591,0.001,0.0,0.004,22.937
2026-03-03T13:06:27.903,373.999,1027.583,15.130,-118.588,0.001,0.0,0.001,22.951
2026-03-03T13:06:28.395,374.499,1027.623,15.137,-118.915,0.001,0.0,-0.019,22.951
2026-03-03T13:06:28.896,374.999,1027.538,15.121,-118.213,0.001,0.0,-0.010,22.944
2026-03-03T13:06:29.402,375.504,1027.586,15.126,-118.608,0.001,0.0,-0.029,22.942
2026-03-03T13:06:29.897,375.999,1027.593,15.127,-118.669,0.001,0.0,-0.012,22.933
2026-03-03T13:06:30.395,376.499,1027.478,15.131,-117.723,0.001,0.0,-0.013,22.947
2026-03-03T13:06:30.895,376.999,1027.470,15.129,-117.654,0.001,0.0,0.001,22.928
2026-03-03T13:06:31.395,377.499,1027.485,15.133,-117.778,0.001,0.0,-0.010,22.933
2026-03-03T13:06:31.896,377.999,1027.551,15.143,-118.323,0.001,0.0,0.010,22.949
2026-03-03T13:06:32.395,378.499,1027.470,15.130,-117.655,0.001,0.0,-0.017,22.953
2026-03-03T13:06:32.897,378.999,1027.472,15.131,-117.671,0.001,0.0,-0.004,22.949
2026-03-03T13:06:33.400,379.499,1027.574,15.136,-118.508,0.001,0.0,-0.028,22.953
2026-03-03T13:06:33.896,379.999,1027.502,15.139,-117.922,0.001,0.0,0.002,22.931
2026-03-03T13:06:34.410,380.499,1027.501,15.142,-117.908,0.001,0.0,-0.002,22.944
2026-03-03T13:06:34.896,380.999,1027.543,15.139,-118.258,0.001,0.0,0.005,22.942
2026-03-03T13:06:35.397,381.499,1027.394,15.135,-117.031,0.001,0.0,-0.019,22.956
2026-03-03T13:06:35.895,381.999,1027.565,15.148,-118.434,0.001,0.0,-0.026,22.951
2026-03-03T13:06:36.397,382.499,1027.386,15.142,-116.968,0.001,0.0,-0.008,22.949
2026-03-03T13:06:36.896,382.999,1027.465,15.139,-117.616,0.001,0.0,-0.006,22.947
2026-03-03T13:06:37.396,383.499,1027.379,15.149,-116.905,0.001,0.0,0.033,22.937
2026-03-03T13:06:37.895,383.999,1027.496,15.137,-117.867,0.001,0.0,0.007,22.947
2026-03-03T13:06:38.395,384.499,1027.517,15.144,-118.040,0.001,0.0,0.002,22.947
2026-03-03T13:06:38.896,384.999,1027.585,15.149,-118.604,0.001,0.0,0.007,22.937
2026-03-03T13:06:39.396,385.499,1027.607,15.138,-118.786,0.001,0.0,-0.010,22.953
2026-03-03T13:06:39.900,386.004,1027.579,15.146,-118.555,0.001,0.0,-0.012,22.947
2026-03-03T13:06:40.395,386.499,1027.538,15.141,-118.214,0.001,0.0,-0.017,22.942
2026-03-03T13:06:40.896,386.999,1027.595,15.137,-118.685,0.001,0.0,-0.016,22.931
2026-03-03T13:06:41.395,387.499,1027.469,15.133,-117.649,0.001,0.0,-0.019,22.958
2026-03-03T13:06:41.895,387.999,1027.593,15.135,-118.669,0.001,0.0,0.002,22.951
2026-03-03T13:06:42.395,388.499,1027.615,15.127,-118.846,0.001,0.0,-0.002,22.956
2026-03-03T13:06:42.895,388.999,1027.533,15.140,-118.175,0.001,0.0,-0.009,22.931
2026-03-03T13:06:43.397,389.499,1027.317,15.133,-116.394,0.001,0.0,-0.049,22.926
2026-03-03T13:06:43.898,389.999,1027.552,15.133,-118.330,0.001,0.0,-0.016,22.960
2026-03-03T13:06:44.399,390.499,1027.495,15.114,-117.864,0.001,0.0,-0.000,22.944
2026-03-03T13:06:44.895,390.999,1027.512,15.145,-118.002,0.001,0.0,-0.005,22.931
2026-03-03T13:06:45.397,391.499,1027.441,15.143,-117.420,0.001,0.0,0.016,22.947
2026-03-03T13:06:45.895,391.999,1027.736,15.134,-119.846,0.001,0.0,-0.004,22.917
2026-03-03T13:06:46.396,392.499,1027.368,15.151,-116.813,0.001,0.0,0.006,22.924
2026-03-03T13:06:46.894,392.999,1027.569,15.148,-118.472,0.001,0.0,0.012,22.967
2026-03-03T13:06:47.395,393.499,1027.601,15.148,-118.733,0.001,0.0,-0.011,22.947
2026-03-03T13:06:47.895,393.999,1027.552,15.137,-118.333,0.001,0.0,0.007,22.944
2026-03-03T13:06:48.396,394.499,1027.477,15.142,-117.710,0.001,0.0,-0.033,22.940
2026-03-03T13:06:48.922,394.999,1027.578,15.135,-118.546,0.001,0.0,0.001,22.940
2026-03-03T13:06:49.395,395.499,1027.573,15.135,-118.500,0.001,0.0,-0.000,22.940
2026-03-03T13:06:49.896,395.999,1027.561,15.145,-118.401,0.001,0.0,0.011,22.949
2026-03-03T13:06:50.400,396.504,1027.532,15.149,-118.167,0.001,0.0,0.000,22.944
2026-03-03T13:06:50.896,396.999,1027.563,15.141,-118.420,0.001,0.0,0.016,22.958
2026-03-03T13:06:51.395,397.499,1027.585,15.148,-118.603,0.001,0.0,0.004,22.953
2026-03-03T13:06:51.896,397.999,1027.632,15.150,-118.986,0.001,0.0,0.003,22.949
2026-03-03T13:06:52.395,398.499,1027.600,15.157,-118.725,0.001,0.0,-0.011,22.969
2026-03-03T13:06:52.895,398.999,1027.693,15.149,-119.491,0.001,0.0,-0.030,22.949
2026-03-03T13:06:53.396,399.499,1027.409,15.138,-117.156,0.001,0.0,0.032,22.956
2026-03-03T13:06:53.895,399.999,1027.504,15.147,-117.936,0.001,0.0,0.006,22.953
2026-03-03T13:06:54.396,400.499,1027.458,15.145,-117.560,0.001,0.0,0.021,22.935
2026-03-03T13:06:54.894,400.999,1027.568,15.159,-118.458,0.001,0.0,0.011,22.937
2026-03-03T13:06:55.395,401.499,1027.462,15.139,-117.593,0.001,0.0,-0.023,22.937
2026-03-03T13:06:55.895,401.999,1027.667,15.149,-119.277,0.001,0.0,-0.027,22.937
2026-03-03T13:06:56.396,402.499,1027.578,15.152,-118.545,0.001,0.0,-0.026,22.956
2026-03-03T13:06:56.894,402.999,1027.529,15.148,-118.144,0.001,0.0,0.003,22.972
2026-03-03T13:06:57.397,403.499,1027.346,15.149,-116.636,0.001,0.0,0.008,22.949
2026-03-03T13:06:57.897,403.999,1027.414,15.156,-117.193,0.001,0.0,0.030,22.940
2026-03-03T13:06:58.396,404.499,1027.520,15.147,-118.066,0.001,0.0,-0.011,22.940
2026-03-03T13:06:58.898,404.999,1027.468,15.162,-117.642,0.001,0.0,-0.001,22.951
2026-03-03T13:06:59.394,405.499,1027.518,15.164,-118.049,0.001,0.0,-0.002,22.944
2026-03-03T13:06:59.896,405.999,1027.418,15.156,-117.224,0.001,0.0,-0.013,22.942
2026-03-03T13:07:00.400,406.504,1027.604,15.174,-118.754,0.001,0.0,0.010,22.935
2026-03-03T13:07:00.896,406.999,1027.553,15.164,-118.340,0.001,0.0,-0.031,22.947
2026-03-03T13:07:01.394,407.499,1027.492,15.166,-117.837,0.001,0.0,0.014,22.963
2026-03-03T13:07:01.895,407.999,1027.587,15.168,-118.619,0.001,0.0,-0.013,22.919
2026-03-03T13:07:02.395,408.499,1027.463,15.168,-117.594,0.001,0.0,-0.007,22.944
2026-03-03T13:07:02.896,408.999,1027.587,15.163,-118.615,0.001,0.0,-0.000,22.942
2026-03-03T13:07:03.409,409.499,1027.665,15.161,-119.256,0.001,0.0,0.031,22.937
2026-03-03T13:07:03.895,409.999,1027.590,15.170,-118.644,0.001,0.0,0.022,22.944
2026-03-03T13:07:04.409,410.499,1027.636,15.158,-119.024,0.001,0.0,-0.006,22.940
2026-03-03T13:07:04.893,410.999,1027.565,15.158,-118.434,0.001,0.0,0.002,22.940
2026-03-03T13:07:05.395,411.499,1027.539,15.162,-118.224,0.001,0.0,0.017,22.951
2026-03-03T13:07:05.894,411.999,1027.622,15.168,-118.902,0.001,0.0,0.008,22.947
2026-03-03T13:07:06.395,412.499,1027.577,15.163,-118.539,0.001,0.0,0.019,22.935
2026-03-03T13:07:06.896,412.999,1027.735,15.152,-119.838,0.001,0.0,0.003,22.960
2026-03-03T13:07:07.396,413.499,1027.504,15.153,-117.933,0.001,0.0,0.028,22.949
2026-03-03T13:07:07.917,413.999,1027.420,15.157,-117.247,0.001,0.0,0.028,22.940
2026-03-03T13:07:08.395,414.499,1027.457,15.152,-117.550,0.001,0.0,-0.004,22.942
2026-03-03T13:07:08.895,414.999,1027.432,15.152,-117.342,0.001,0.0,0.010,22.928
2026-03-03T13:07:09.395,415.499,1027.582,15.160,-118.574,0.001,0.0,-0.010,22.944
2026-03-03T13:07:09.894,415.999,1027.467,15.164,-117.629,0.001,0.0,0.008,22.944
2026-03-03T13:07:10.394,416.499,1027.487,15.160,-117.793,0.001,0.0,0.010,22.937
2026-03-03T13:07:10.901,417.004,1027.605,15.163,-118.768,0.001,0.0,0.010,22.956
2026-03-03T13:07:11.405,417.499,1027.507,15.176,-117.960,0.001,0.0,-0.006,22.956
2026-03-03T13:07:11.894,417.999,1027.491,15.173,-117.828,0.001,0.0,-0.024,22.940
2026-03-03T13:07:12.395,418.499,1027.552,15.168,-118.328,0.001,0.0,0.001,22.931
2026-03-03T13:07:12.895,418.999,1027.376,15.180,-116.883,0.001,0.0,-0.010,22.928
2026-03-03T13:07:13.395,419.499,1027.596,15.169,-118.688,0.001,0.0,0.001,22.956
2026-03-03T13:07:13.895,419.999,1027.327,15.166,-116.482,4.006,4.9,-0.708,22.928
2026-03-03T13:07:14.395,420.499,1027.385,15.164,-116.956,4.053,5.0,-0.023,22.944
2026-03-03T13:07:14.894,420.999,1027.412,15.184,-117.178,4.062,5.0,0.005,22.933
2026-03-03T13:07:15.394,421.499,1027.329,15.182,-116.496,4.063,5.0,0.019,22.924
2026-03-03T13:07:15.908,421.999,1027.290,15.168,-116.177,4.064,5.0,0.006,22.937
2026-03-03T13:07:16.394,422.499,1027.323,15.163,-116.450,4.065,5.0,0.005,22.935
2026-03-03T13:07:16.896,422.999,1027.448,15.170,-117.473,4.065,5.0,-0.003,22.949
2026-03-03T13:07:17.394,423.499,1027.379,15.191,-116.909,4.065,5.0,-0.000,22.947
2026-03-03T13:07:17.896,423.999,1027.312,15.173,-116.358,4.065,5.0,0.027,22.937
2026-03-03T13:07:18.395,424.499,1027.356,15.190,-116.717,4.065,5.0,0.003,22.937
2026-03-03T13:07:18.895,424.999,1027.414,15.191,-117.192,4.065,5.0,-0.043,22.935
2026-03-03T13:07:19.395,425.499,1027.358,15.197,-116.737,4.065,5.0,-0.023,22.931
2026-03-03T13:07:19.894,425.999,1027.376,15.204,-116.881,4.065,5.0,0.008,22.940
2026-03-03T13:07:20.398,426.499,1027.396,15.208,-117.045,4.065,5.0,-0.023,22.942
2026-03-03T13:07:20.894,426.999,1027.365,15.206,-116.790,4.065,5.0,-0.008,22.926
2026-03-03T13:07:21.407,427.504,1027.248,15.218,-115.828,4.065,5.0,0.006,22.935
2026-03-03T13:07:21.894,427.999,1027.449,15.211,-117.483,4.065,5.0,0.002,22.942
2026-03-03T13:07:22.394,428.499,1027.366,15.217,-116.799,4.065,5.0,0.042,22.937
2026-03-03T13:07:22.894,428.999,1027.399,15.203,-117.071,4.065,5.0,-0.027,22.951
2026-03-03T13:07:23.395,429.499,1027.384,15.211,-116.948,4.065,5.0,-0.026,22.947
2026-03-03T13:07:23.895,429.999,1027.478,15.211,-117.721,4.065,5.0,0.007,22.931
2026-03-03T13:07:24.396,430.499,1027.423,15.212,-117.270,4.065,5.0,0.015,22.935
2026-03-03T13:07:24.894,430.999,1027.300,15.211,-116.259,4.065,5.0,-0.009,22.931
2026-03-03T13:07:25.395,431.499,1027.434,15.211,-117.361,4.065,5.0,0.017,22.953
2026-03-03T13:07:25.911,431.999,1027.363,15.212,-116.773,4.065,5.0,-0.011,22.958
2026-03-03T13:07:26.394,432.499,1027.368,15.207,-116.814,4.065,5.0,-0.021,22.947
2026-03-03T13:07:26.894,432.999,1027.240,15.207,-115.766,4.065,5.0,0.016,22.933
2026-03-03T13:07:27.394,433.499,1027.274,15.216,-116.041,4.065,5.0,-0.009,22.942
2026-03-03T13:07:27.895,433.999,1027.270,15.205,-116.009,4.065,5.0,0.001,22.972
2026-03-03T13:07:28.394,434.499,1027.373,15.203,-116.857,4.065,5.0,0.009,22.942
2026-03-03T13:07:28.894,434.999,1027.373,15.201,-116.855,4.065,5.0,0.008,22.942
2026-03-03T13:07:29.399,435.499,1027.341,15.195,-116.597,4.065,5.0,0.005,22.937
2026-03-03T13:07:29.894,435.999,1027.479,15.193,-117.729,4.065,5.0,-0.015,22.940
2026-03-03T13:07:30.409,436.499,1027.330,15.203,-116.505,4.065,5.0,0.010,22.928
2026-03-03T13:07:30.895,436.999,1027.424,15.199,-117.274,4.065,5.0,-0.009,22.935
2026-03-03T13:07:31.394,437.499,1027.414,15.199,-117.198,4.065,5.0,0.011,22.931
2026-03-03T13:07:31.899,438.004,1027.425,15.201,-117.283,4.065,5.0,0.013,22.933
2026-03-03T13:07:32.395,438.499,1027.432,15.202,-117.345,4.065,5.0,0.002,22.944
2026-03-03T13:07:32.894,438.999,1027.282,15.200,-116.112,4.065,5.0,0.001,22.933
2026-03-03T13:07:33.394,439.499,1027.432,15.203,-117.346,4.065,5.0,-0.018,22.958
2026-03-03T13:07:33.894,439.999,1027.354,15.205,-116.698,4.065,5.0,0.003,22.924
2026-03-03T13:07:34.395,440.499,1027.403,15.205,-117.103,4.065,5.0,-0.019,22.942
2026-03-03T13:07:34.897,440.999,1027.427,15.202,-117.300,4.065,5.0,-0.014,22.931
2026-03-03T13:07:35.394,441.499,1027.445,15.213,-117.447,4.065,5.0,-0.028,22.949
2026-03-03T13:07:35.911,441.999,1027.410,15.211,-117.162,4.065,5.0,-0.046,22.901
2026-03-03T13:07:36.395,442.499,1027.325,15.208,-116.463,4.065,5.0,0.005,22.942
2026-03-03T13:07:36.895,442.999,1027.391,15.214,-117.004,4.065,5.0,-0.054,22.935
2026-03-03T13:07:37.394,443.499,1027.371,15.209,-116.838,4.065,5.0,-0.007,22.940
2026-03-03T13:07:37.896,443.999,1027.463,15.207,-117.596,4.065,5.0,-0.013,22.935
2026-03-03T13:07:38.394,444.499,1027.348,15.200,-116.647,4.065,5.0,-0.012,22.937
2026-03-03T13:07:38.895,444.999,1027.411,15.198,-117.166,4.065,5.0,-0.017,22.940
2026-03-03T13:07:39.400,445.499,1027.360,15.205,-116.751,4.065,5.0,0.041,22.944
2026-03-03T13:07:39.895,445.999,1027.413,15.203,-117.186,4.065,5.0,0.005,22.935
2026-03-03T13:07:40.400,446.499,1027.331,15.201,-116.511,4.065,5.0,-0.017,22.921
2026-03-03T13:07:40.895,446.999,1027.452,15.207,-117.503,4.065,5.0,-0.007,22.935
2026-03-03T13:07:41.396,447.499,1027.293,15.207,-116.201,4.065,5.0,-0.013,22.951
2026-03-03T13:07:41.894,447.999,1026.915,15.194,-113.090,5.936,9.9,-0.673,22.947
2026-03-03T13:07:42.400,448.504,1026.937,15.192,-113.272,5.971,10.0,-0.024,22.960
2026-03-03T13:07:42.894,448.999,1026.862,15.191,-112.650,5.978,10.0,-0.028,22.944
2026-03-03T13:07:43.395,449.499,1026.873,15.181,-112.743,5.981,10.0,-0.027,22.953
2026-03-03T13:07:43.894,449.999,1026.837,15.183,-112.445,5.981,10.0,-0.004,22.951
2026-03-03T13:07:44.395,450.499,1026.844,15.189,-112.502,5.981,10.0,-0.008,22.949
2026-03-03T13:07:44.900,450.999,1026.953,15.201,-113.402,5.981,10.0,0.001,22.935
2026-03-03T13:07:45.394,451.499,1026.930,15.186,-113.214,5.981,10.0,-0.003,22.924
2026-03-03T13:07:45.893,451.999,1026.913,15.180,-113.070,5.981,10.0,-0.026,22.949
2026-03-03T13:07:46.394,452.499,1026.872,15.193,-112.736,5.981,10.0,-0.015,22.919
2026-03-03T13:07:46.895,452.999,1026.850,15.188,-112.556,5.981,10.0,0.009,22.933
2026-03-03T13:07:47.393,453.499,1026.830,15.186,-112.386,5.981,10.0,0.015,22.935
2026-03-03T13:07:47.893,453.999,1026.912,15.178,-113.061,5.981,10.0,-0.025,22.949
2026-03-03T13:07:48.395,454.499,1026.915,15.181,-113.086,5.981,10.0,-0.043,22.937
2026-03-03T13:07:48.896,454.999,1026.869,15.185,-112.706,5.981,10.0,0.025,22.931
2026-03-03T13:07:49.397,455.499,1026.950,15.163,-113.379,5.981,10.0,0.006,22.949
2026-03-03T13:07:49.894,455.999,1026.886,15.157,-112.852,5.981,10.0,-0.020,22.960
2026-03-03T13:07:50.395,456.499,1026.994,15.162,-113.737,5.981,10.0,0.015,22.921
2026-03-03T13:07:50.893,456.999,1026.875,15.157,-112.761,5.981,10.0,0.004,22.940
2026-03-03T13:07:51.396,457.499,1026.910,15.161,-113.047,5.981,10.0,-0.003,22.951
2026-03-03T13:07:51.893,457.999,1026.923,15.165,-113.157,5.981,10.0,0.025,22.924
2026-03-03T13:07:52.396,458.499,1026.920,15.160,-113.131,5.981,10.0,-0.012,22.947
2026-03-03T13:07:52.899,459.004,1026.922,15.160,-113.146,5.981,10.0,-0.005,22.933
2026-03-03T13:07:53.395,459.499,1026.892,15.172,-112.895,5.981,10.0,-0.022,22.944
2026-03-03T13:07:53.905,459.999,1026.932,15.154,-113.226,5.981,10.0,0.019,22.940
2026-03-03T13:07:54.394,460.499,1026.944,15.164,-113.325,5.981,10.0,0.032,22.940
2026-03-03T13:07:54.914,460.999,1026.828,15.166,-112.370,5.981,10.0,0.010,22.942
2026-03-03T13:07:55.395,461.499,1026.858,15.167,-112.616,5.981,10.0,-0.025,22.933
2026-03-03T13:07:55.894,461.999,1026.856,15.170,-112.603,5.981,10.0,0.048,22.942
2026-03-03T13:07:56.394,462.499,1026.875,15.153,-112.758,5.981,10.0,0.023,22.935
2026-03-03T13:07:56.895,462.999,1026.868,15.149,-112.700,5.981,10.0,0.012,22.944
2026-03-03T13:07:57.395,463.499,1026.915,15.149,-113.084,5.981,10.0,0.015,22.931
2026-03-03T13:07:57.895,463.999,1026.144,15.154,-106.741,7.457,14.3,-4.749,22.937
2026-03-03T13:07:58.410,464.499,1025.954,15.144,-105.177,7.680,15.0,-0.085,22.933
2026-03-03T13:07:58.895,464.999,1026.071,15.118,-106.136,7.691,15.0,0.004,22.935
2026-03-03T13:07:59.396,465.499,1026.027,15.085,-105.780,7.692,15.0,-0.001,22.942
2026-03-03T13:07:59.894,465.999,1026.054,15.052,-105.998,7.698,15.0,-0.007,22.953
2026-03-03T13:08:00.393,466.499,1026.067,15.053,-106.107,7.698,15.0,0.005,22.940
2026-03-03T13:08:00.893,466.999,1026.064,15.043,-106.082,7.698,15.0,0.004,22.933
2026-03-03T13:08:01.395,467.499,1025.990,15.028,-105.472,7.698,15.0,-0.007,22.947
2026-03-03T13:08:01.893,467.999,1026.086,15.034,-106.260,7.697,15.0,0.044,22.949
2026-03-03T13:08:02.397,468.499,1026.023,15.027,-105.740,7.697,15.0,-0.017,22.940
2026-03-03T13:08:02.907,468.999,1026.076,14.997,-106.182,7.697,15.0,-0.015,22.942
2026-03-03T13:08:03.399,469.504,1026.078,15.003,-106.196,7.697,15.0,0.020,22.935
2026-03-03T13:08:03.895,469.999,1026.084,14.999,-106.246,7.697,15.0,0.034,22.926
2026-03-03T13:08:04.393,470.499,1026.039,14.987,-105.876,7.697,15.0,-0.001,22.935
2026-03-03T13:08:04.896,470.999,1026.124,14.987,-106.573,7.697,15.0,-0.017,22.942
2026-03-03T13:08:05.393,471.499,1026.085,14.996,-106.251,7.696,15.0,0.016,22.931
2026-03-03T13:08:05.897,471.999,1026.133,14.966,-106.648,7.696,15.0,-0.018,22.940
2026-03-03T13:08:06.394,472.499,1026.042,14.964,-105.903,7.696,15.0,0.041,22.928
2026-03-03T13:08:06.894,472.999,1026.056,14.948,-106.012,7.696,15.0,-0.015,22.933
2026-03-03T13:08:07.403,473.499,1026.105,14.931,-106.419,7.695,15.0,-0.001,22.942
2026-03-03T13:08:07.894,473.999,1026.032,14.931,-105.821,7.695,15.0,0.027,22.940
2026-03-03T13:08:08.395,474.499,1026.051,14.945,-105.971,7.695,15.0,0.026,22.937
2026-03-03T13:08:08.893,474.999,1026.066,14.928,-106.096,7.695,15.0,-0.001,22.942
2026-03-03T13:08:09.394,475.499,1026.021,14.904,-105.723,7.695,15.0,-0.010,22.940
2026-03-03T13:08:09.894,475.999,1026.098,14.904,-106.360,7.695,15.0,0.017,22.928
2026-03-03T13:08:10.395,476.499,1026.011,14.882,-105.643,7.695,15.0,0.036,22.949
2026-03-03T13:08:10.894,476.999,1026.093,14.882,-106.318,7.695,15.0,-0.012,22.931
2026-03-03T13:08:11.395,477.499,1026.110,14.877,-106.460,7.695,15.0,-0.023,22.940
2026-03-03T13:08:11.905,477.999,1026.072,14.856,-106.143,7.695,15.0,-0.017,22.940
2026-03-03T13:08:12.395,478.499,1026.013,14.864,-105.659,7.695,15.0,0.020,22.926
2026-03-03T13:08:12.924,478.999,1026.094,14.859,-106.330,7.695,15.0,-0.005,22.942
2026-03-03T13:08:13.394,479.499,1025.986,14.857,-105.438,7.695,15.0,0.006,22.951
2026-03-03T13:08:13.900,480.004,1026.110,14.859,-106.461,7.695,15.0,0.017,22.953
2026-03-03T13:08:14.394,480.499,1025.477,14.850,-101.243,9.053,19.3,-3.592,22.935
2026-03-03T13:08:14.895,480.999,1025.390,14.839,-100.527,9.240,20.0,0.008,22.926
2026-03-03T13:08:15.393,481.499,1025.366,14.818,-100.334,9.246,20.0,-0.033,22.947
2026-03-03T13:08:15.894,481.999,1025.424,14.785,-100.806,9.252,20.0,-0.012,22.942
2026-03-03T13:08:16.395,482.499,1025.438,14.774,-100.927,9.256,20.0,-0.093,22.944
2026-03-03T13:08:16.895,482.999,1025.438,14.784,-100.927,9.257,20.0,-0.053,22.935
2026-03-03T13:08:17.414,483.499,1025.334,14.757,-100.069,9.257,20.0,0.005,22.919
2026-03-03T13:08:17.894,483.999,1025.322,14.756,-99.968,9.257,20.0,0.018,22.953
2026-03-03T13:08:18.392,484.499,1025.328,14.738,-100.015,9.257,20.0,0.018,22.940
2026-03-03T13:08:18.893,484.999,1025.418,14.733,-100.755,9.257,20.0,0.006,22.944
2026-03-03T13:08:19.395,485.499,1025.441,14.729,-100.951,9.256,20.0,-0.015,22.942
2026-03-03T13:08:19.893,485.999,1025.366,14.705,-100.333,9.256,20.0,-0.018,22.940
2026-03-03T13:08:20.394,486.499,1025.471,14.713,-101.199,9.256,20.0,0.003,22.956
2026-03-03T13:08:20.899,486.999,1025.339,14.704,-100.110,9.256,20.0,-0.003,22.926
2026-03-03T13:08:21.396,487.499,1025.397,14.688,-100.587,9.256,20.0,0.008,22.931
2026-03-03T13:08:21.893,487.999,1025.353,14.671,-100.221,9.256,20.0,-0.018,22.944
2026-03-03T13:08:22.393,488.499,1025.376,14.667,-100.416,9.256,20.0,0.023,22.928
2026-03-03T13:08:22.896,488.999,1025.396,14.653,-100.573,9.256,20.0,-0.009,22.928
2026-03-03T13:08:23.393,489.499,1025.422,14.638,-100.792,9.256,20.0,-0.014,22.937
2026-03-03T13:08:23.895,489.999,1025.453,14.634,-101.050,9.255,20.0,0.007,22.942
2026-03-03T13:08:24.398,490.504,1025.364,14.624,-100.312,9.255,20.0,0.010,22.937
2026-03-03T13:08:24.895,490.999,1025.433,14.615,-100.880,9.255,20.0,-0.019,22.942
2026-03-03T13:08:25.396,491.499,1025.395,14.614,-100.572,9.255,20.0,-0.011,22.949
2026-03-03T13:08:25.895,491.999,1025.415,14.605,-100.734,9.255,20.0,0.005,22.908
2026-03-03T13:08:26.396,492.499,1025.402,14.586,-100.627,9.255,20.0,-0.032,22.935
2026-03-03T13:08:26.894,492.999,1025.458,14.573,-101.092,9.254,20.0,0.001,22.947
2026-03-03T13:08:27.393,493.499,1025.375,14.583,-100.408,9.254,20.0,-0.020,22.931
2026-03-03T13:08:27.893,493.999,1025.387,14.581,-100.507,9.254,20.0,0.011,22.949
2026-03-03T13:08:28.395,494.499,1025.404,14.562,-100.645,9.254,20.0,0.006,22.944
2026-03-03T13:08:28.893,494.999,1025.349,14.555,-100.187,9.254,20.0,-0.028,22.949
2026-03-03T13:08:29.393,495.499,1025.420,14.541,-100.774,9.254,20.0,-0.028,22.947
2026-03-03T13:08:29.898,495.999,1025.382,14.521,-100.465,9.254,20.0,-0.043,22.935
2026-03-03T13:08:30.396,496.499,1025.403,14.537,-100.632,9.254,20.0,0.005,22.935
2026-03-03T13:08:30.895,496.999,1025.408,14.533,-100.674,9.254,20.0,0.019,22.935
2026-03-03T13:08:31.393,497.499,1025.372,14.528,-100.378,9.254,20.0,0.010,22.944
2026-03-03T13:08:31.894,497.999,1025.404,14.518,-100.647,9.729,21.6,-20.764,22.992
2026-03-03T13:08:32.393,498.499,1024.824,14.504,-95.866,10.690,25.0,-0.007,22.924
2026-03-03T13:08:32.894,498.999,1024.838,14.500,-95.978,10.701,25.0,0.013,22.942
2026-03-03T13:08:33.393,499.499,1024.893,14.481,-96.431,10.702,25.0,0.017,22.953
2026-03-03T13:08:33.896,499.999,1024.861,14.475,-96.164,10.707,25.0,0.029,22.933
2026-03-03T13:08:34.406,500.502,1024.840,14.470,-95.992,10.708,25.0,-0.056,22.935
2026-03-03T13:08:34.903,501.007,1024.822,14.468,-95.844,10.707,25.0,-0.017,22.942
2026-03-03T13:08:35.408,501.502,1024.839,14.459,-95.990,10.707,25.0,0.015,22.965
2026-03-03T13:08:35.897,502.002,1024.830,14.436,-95.910,10.707,25.0,0.017,22.935
2026-03-03T13:08:36.397,502.502,1024.890,14.432,-96.406,10.707,25.0,-0.012,22.942
2026-03-03T13:08:36.896,503.002,1024.811,14.409,-95.758,10.707,25.0,-0.004,22.912
2026-03-03T13:08:37.397,503.502,1024.871,14.402,-96.252,10.707,25.0,0.054,22.937
2026-03-03T13:08:37.896,504.002,1024.869,14.404,-96.230,10.707,25.0,-0.020,22.942
2026-03-03T13:08:38.398,504.502,1024.852,14.397,-96.093,10.707,25.0,0.063,22.956
2026-03-03T13:08:38.897,505.002,1024.867,14.387,-96.216,10.707,25.0,0.033,22.937
2026-03-03T13:08:39.396,505.502,1024.870,14.394,-96.245,10.707,25.0,0.020,22.947
2026-03-03T13:08:39.897,506.002,1024.859,14.368,-96.153,10.707,25.0,-0.028,22.944
2026-03-03T13:08:40.396,506.502,1024.807,14.360,-95.724,10.707,25.0,-0.055,22.931
2026-03-03T13:08:40.897,507.002,1024.867,14.368,-96.215,10.707,25.0,-0.009,22.947
2026-03-03T13:08:41.396,507.502,1024.833,14.358,-95.938,10.707,25.0,-0.014,22.940
2026-03-03T13:08:41.896,508.002,1024.855,14.358,-96.115,10.707,25.0,-0.026,22.937
2026-03-03T13:08:42.397,508.502,1024.891,14.338,-96.414,10.707,25.0,0.010,22.944
2026-03-03T13:08:42.897,509.002,1024.877,14.336,-96.296,10.707,25.0,-0.007,22.921
2026-03-03T13:08:43.407,509.502,1024.943,14.341,-96.846,10.707,25.0,-0.019,22.940
2026-03-03T13:08:43.896,510.002,1024.734,14.340,-95.125,10.707,25.0,0.023,22.928
2026-03-03T13:08:44.396,510.502,1024.863,14.328,-96.182,10.707,25.0,0.012,22.944
2026-03-03T13:08:44.897,511.002,1024.792,14.321,-95.601,10.707,25.0,0.008,22.933
2026-03-03T13:08:45.401,511.507,1024.869,14.312,-96.231,10.707,25.0,0.010,22.935
2026-03-03T13:08:45.897,512.003,1024.842,14.305,-96.009,10.707,25.0,-0.016,22.944
2026-03-03T13:08:46.398,512.503,1024.873,14.301,-96.268,10.707,25.0,-0.041,22.940
2026-03-03T13:08:46.905,513.003,1024.935,14.287,-96.778,10.707,25.0,-0.024,22.928
2026-03-03T13:08:47.398,513.503,1024.841,14.283,-96.006,10.706,25.0,-0.006,22.942
2026-03-03T13:08:47.911,514.003,1024.843,14.280,-96.021,10.707,25.0,-0.036,22.940
2026-03-03T13:08:48.397,514.503,1024.893,14.277,-96.432,10.706,25.0,0.037,22.935
2026-03-03T13:08:48.898,515.003,1024.839,14.275,-95.985,10.706,25.0,0.026,22.937
2026-03-03T13:08:49.396,515.503,1024.807,14.261,-95.719,10.706,25.0,0.009,22.931
2026-03-03T13:08:49.897,516.003,1024.876,14.255,-96.291,10.706,25.0,0.048,22.933
2026-03-03T13:08:50.396,516.503,1024.404,14.269,-92.399,12.076,30.0,-0.068,22.931
2026-03-03T13:08:50.898,517.003,1024.427,14.259,-92.590,12.091,30.0,-0.004,22.928
2026-03-03T13:08:51.397,517.503,1024.447,14.259,-92.752,12.094,30.0,0.035,22.947
2026-03-03T13:08:51.898,518.003,1024.447,14.239,-92.751,12.100,30.0,0.010,22.935
2026-03-03T13:08:52.403,518.503,1024.446,14.255,-92.748,12.100,30.0,-0.012,22.944
2026-03-03T13:08:52.898,519.003,1024.427,14.243,-92.592,12.100,30.0,0.028,22.919
2026-03-03T13:08:53.421,519.503,1024.333,14.246,-91.811,12.100,30.0,0.012,22.951
2026-03-03T13:08:53.897,520.003,1024.390,14.227,-92.287,12.099,30.0,0.011,22.917
2026-03-03T13:08:54.398,520.503,1024.477,14.228,-93.003,12.099,30.0,0.003,22.926
2026-03-03T13:08:54.897,521.003,1024.462,14.228,-92.880,12.099,30.0,-0.006,22.931
2026-03-03T13:08:55.398,521.503,1024.319,14.218,-91.695,12.099,30.0,-0.010,22.951
2026-03-03T13:08:55.896,522.003,1024.385,14.215,-92.239,12.099,30.0,-0.019,22.926
2026-03-03T13:08:56.402,522.508,1024.479,14.188,-93.016,12.099,30.0,0.004,22.924
2026-03-03T13:08:56.897,523.003,1024.453,14.184,-92.805,12.099,30.0,-0.012,22.924
2026-03-03T13:08:57.398,523.503,1024.423,14.189,-92.556,12.099,30.0,0.028,22.951
2026-03-03T13:08:57.903,524.003,1024.377,14.187,-92.177,12.099,30.0,0.009,22.940
2026-03-03T13:08:58.398,524.503,1024.454,14.196,-92.815,12.099,30.0,0.016,22.937
2026-03-03T13:08:58.922,525.003,1024.467,14.184,-92.920,12.099,30.0,-0.033,22.947
2026-03-03T13:08:59.398,525.503,1024.394,14.176,-92.315,12.098,30.0,0.019,22.921
2026-03-03T13:08:59.898,526.003,1024.351,14.180,-91.965,12.098,30.0,-0.007,22.935
2026-03-03T13:09:00.396,526.503,1024.412,14.171,-92.463,12.098,30.0,-0.003,22.924
2026-03-03T13:09:00.899,527.003,1024.391,14.161,-92.295,12.098,30.0,-0.029,22.942
2026-03-03T13:09:01.396,527.503,1024.420,14.158,-92.531,12.098,30.0,0.014,22.926
2026-03-03T13:09:01.897,528.003,1024.403,14.147,-92.391,12.098,30.0,0.009,22.937
2026-03-03T13:09:02.408,528.503,1024.321,14.151,-91.717,12.098,30.0,0.039,22.933
2026-03-03T13:09:02.897,529.003,1024.370,14.146,-92.120,12.098,30.0,0.011,22.928
2026-03-03T13:09:03.399,529.503,1024.412,14.142,-92.463,12.098,30.0,-0.017,22.937
2026-03-03T13:09:03.896,530.003,1024.465,14.147,-92.905,12.097,30.0,-0.011,22.942
2026-03-03T13:09:04.398,530.503,1024.374,14.136,-92.150,12.097,30.0,-0.012,22.940
2026-03-03T13:09:04.896,531.003,1024.457,14.127,-92.836,12.097,30.0,0.028,22.937
2026-03-03T13:09:05.397,531.503,1024.387,14.130,-92.261,12.097,30.0,-0.032,22.933
2026-03-03T13:09:05.896,532.003,1024.447,14.118,-92.751,12.097,30.0,-0.006,22.944
2026-03-03T13:09:06.398,532.503,1024.414,14.118,-92.482,12.097,30.0,0.011,22.949
2026-03-03T13:09:06.902,533.008,1024.469,14.115,-92.932,12.097,30.0,-0.011,22.940
2026-03-03T13:09:07.397,533.503,1024.407,14.119,-92.421,12.097,30.0,0.040,22.926
2026-03-03T13:09:07.902,534.003,1024.495,14.110,-93.152,12.097,30.0,0.031,22.944
2026-03-03T13:09:08.396,534.503,1024.492,14.112,-93.122,12.097,30.0,0.009,22.935
2026-03-03T13:09:08.897,535.003,1024.363,14.104,-92.063,12.097,30.0,-0.025,22.933
2026-03-03T13:09:09.397,535.503,1024.459,14.112,-92.854,12.097,30.0,-0.016,22.951
2026-03-03T13:09:09.897,536.003,1024.474,14.107,-92.980,12.097,30.0,0.018,22.933
2026-03-03T13:09:10.396,536.503,1024.453,14.102,-92.799,12.097,30.0,0.010,22.926
2026-03-03T13:09:10.897,537.003,1024.490,14.098,-93.111,12.097,30.0,-0.044,22.935
2026-03-03T13:09:11.396,537.503,1024.471,14.091,-92.951,12.097,30.0,0.035,22.931
2026-03-03T13:09:11.897,538.003,1024.046,14.088,-89.443,13.454,34.9,-0.013,22.924
2026-03-03T13:09:12.398,538.503,1024.050,14.082,-89.476,13.467,35.0,-0.074,22.937
2026-03-03T13:09:12.897,539.003,1024.038,14.090,-89.383,13.471,35.0,0.021,22.933
2026-03-03T13:09:13.397,539.503,1024.018,14.068,-89.218,13.478,35.0,0.016,22.935
2026-03-03T13:09:13.896,540.003,1024.106,14.067,-89.941,13.478,35.0,0.018,22.937
2026-03-03T13:09:14.398,540.503,1023.977,14.058,-88.880,13.478,35.0,-0.004,22.942
2026-03-03T13:09:14.896,541.003,1024.030,14.063,-89.315,13.478,35.0,0.001,22.937
2026-03-03T13:09:15.396,541.503,1024.008,14.050,-89.134,13.478,35.0,0.024,22.963
2026-03-03T13:09:15.896,542.003,1024.041,14.042,-89.404,13.478,35.0,0.006,22.947
2026-03-03T13:09:16.397,542.503,1024.046,14.034,-89.444,13.477,35.0,-0.023,22.926
2026-03-03T13:09:16.896,543.003,1023.982,14.036,-88.915,13.477,35.0,-0.009,22.933
2026-03-03T13:09:17.401,543.508,1024.102,14.019,-89.909,13.477,35.0,-0.013,22.951
2026-03-03T13:09:17.896,544.003,1024.091,14.013,-89.820,13.477,35.0,0.027,22.942
2026-03-03T13:09:18.397,544.503,1024.074,14.023,-89.681,13.477,35.0,-0.016,22.940
2026-03-03T13:09:18.915,545.003,1024.042,14.019,-89.417,13.477,35.0,0.015,22.963
2026-03-03T13:09:19.396,545.503,1024.028,14.011,-89.295,13.477,35.0,-0.015,22.937
2026-03-03T13:09:19.898,546.003,1024.059,14.019,-89.554,13.477,35.0,0.018,22.924
2026-03-03T13:09:20.397,546.503,1023.984,14.005,-88.936,13.477,35.0,0.009,22.933
2026-03-03T13:09:20.898,547.003,1024.052,14.017,-89.492,13.477,35.0,-0.003,22.947
2026-03-03T13:09:21.396,547.503,1024.039,14.008,-89.385,13.476,35.0,0.002,22.921
2026-03-03T13:09:21.897,548.003,1024.052,13.998,-89.492,13.476,35.0,-0.029,22.960
2026-03-03T13:09:22.405,548.503,1024.095,13.997,-89.852,13.476,35.0,-0.004,22.947
2026-03-03T13:09:22.897,549.003,1024.091,13.990,-89.816,13.476,35.0,-0.040,22.926
2026-03-03T13:09:23.396,549.503,1024.056,13.995,-89.528,13.476,35.0,0.027,22.919
2026-03-03T13:09:23.896,550.003,1024.139,13.983,-90.210,13.476,35.0,-0.028,22.953
2026-03-03T13:09:24.397,550.503,1023.990,13.986,-88.982,13.476,35.0,-0.009,22.953
2026-03-03T13:09:24.896,551.003,1024.004,13.995,-89.096,13.476,35.0,-0.017,22.937
2026-03-03T13:09:25.397,551.503,1024.049,13.975,-89.473,13.476,35.0,-0.007,22.917
2026-03-03T13:09:25.896,552.003,1024.054,13.980,-89.515,13.476,35.0,0.049,22.940
2026-03-03T13:09:26.397,552.503,1024.046,13.978,-89.444,13.476,35.0,-0.037,22.940
2026-03-03T13:09:26.896,553.003,1024.003,13.977,-89.089,13.475,35.0,0.059,22.944
2026-03-03T13:09:27.398,553.503,1024.026,13.965,-89.279,13.476,35.0,-0.015,22.935
2026-03-03T13:09:27.904,554.008,1024.103,13.959,-89.913,13.476,35.0,0.014,22.912
2026-03-03T13:09:28.397,554.503,1024.031,13.947,-89.327,13.476,35.0,-0.000,22.933
2026-03-03T13:09:28.913,555.003,1024.034,13.961,-89.347,13.476,35.0,-0.014,22.935
2026-03-03T13:09:29.397,555.503,1024.024,13.950,-89.268,13.476,35.0,-0.029,22.933
2026-03-03T13:09:29.897,556.003,1024.020,13.943,-89.231,13.475,35.0,-0.017,22.931
2026-03-03T13:09:30.396,556.503,1024.026,13.940,-89.282,13.475,35.0,0.017,22.944
2026-03-03T13:09:30.897,557.003,1023.975,13.945,-88.863,13.475,35.0,0.006,22.924
2026-03-03T13:09:31.396,557.503,1024.094,13.936,-89.841,13.475,35.0,0.016,22.921
2026-03-03T13:09:31.896,558.003,1024.021,13.945,-89.241,13.475,35.0,-0.013,22.937
2026-03-03T13:09:32.397,558.503,1023.987,13.945,-88.963,13.475,35.0,0.008,22.935
2026-03-03T13:09:32.897,559.003,1024.103,13.936,-89.918,13.475,35.0,0.027,22.937
2026-03-03T13:09:33.402,559.503,1024.117,13.941,-90.029,13.476,35.0,-0.028,22.944
2026-03-03T13:09:33.897,560.003,1024.043,13.931,-89.420,13.475,35.0,-0.023,22.967
2026-03-03T13:09:34.396,560.503,1023.814,13.931,-87.529,14.477,38.6,-8.301,22.935
2026-03-03T13:09:34.896,561.003,1023.831,13.929,-87.672,14.875,40.0,-0.035,22.928
2026-03-03T13:09:35.397,561.503,1023.816,13.922,-87.552,14.882,40.0,0.017,22.951
2026-03-03T13:09:35.896,562.003,1023.852,13.921,-87.844,14.886,40.0,-0.039,22.933
2026-03-03T13:09:36.397,562.503,1023.865,13.906,-87.953,14.886,40.0,0.007,22.944
2026-03-03T13:09:36.896,563.003,1023.803,13.914,-87.445,14.886,40.0,0.026,22.949
2026-03-03T13:09:37.397,563.503,1023.875,13.912,-88.035,14.887,40.0,0.001,22.928
2026-03-03T13:09:37.916,564.003,1023.812,13.917,-87.517,14.887,40.0,0.025,22.926
2026-03-03T13:09:38.402,564.508,1023.755,13.920,-87.042,14.887,40.0,0.001,22.935
2026-03-03T13:09:38.897,565.003,1023.879,13.926,-88.070,14.887,40.0,-0.010,22.924
2026-03-03T13:09:39.396,565.503,1023.794,13.922,-87.367,14.887,40.0,-0.022,22.940
2026-03-03T13:09:39.898,566.003,1023.774,13.901,-87.204,14.887,40.0,0.010,22.937
2026-03-03T13:09:40.395,566.503,1023.831,13.900,-87.672,14.887,40.0,-0.028,22.926
2026-03-03T13:09:40.898,567.003,1023.817,13.896,-87.554,14.887,40.0,0.019,22.931
2026-03-03T13:09:41.418,567.503,1023.807,13.892,-87.473,14.887,40.0,-0.041,22.942
2026-03-03T13:09:41.896,568.003,1023.794,13.902,-87.367,14.887,40.0,-0.009,22.940
2026-03-03T13:09:42.397,568.503,1023.717,13.904,-86.729,14.887,40.0,-0.014,22.940
2026-03-03T13:09:42.895,569.003,1023.800,13.886,-87.415,14.887,40.0,0.013,22.940
2026-03-03T13:09:43.397,569.503,1023.865,13.889,-87.955,14.887,40.0,-0.001,22.931
2026-03-03T13:09:43.895,570.003,1023.811,13.890,-87.510,14.887,40.0,0.017,22.937
2026-03-03T13:09:44.396,570.503,1023.751,13.879,-87.009,14.887,40.0,0.005,22.933
2026-03-03T13:09:44.896,571.003,1023.851,13.897,-87.840,14.887,40.0,0.046,22.921
2026-03-03T13:09:45.397,571.503,1023.741,13.888,-86.931,14.887,40.0,-0.013,22.949
2026-03-03T13:09:45.899,572.003,1023.900,13.886,-88.238,14.887,40.0,0.020,22.933
2026-03-03T13:09:46.397,572.503,1023.872,13.886,-88.015,14.888,40.0,-0.069,22.944
2026-03-03T13:09:46.911,573.003,1023.811,13.874,-87.505,14.887,40.0,0.013,22.951
2026-03-03T13:09:47.397,573.503,1023.786,13.887,-87.300,14.887,40.0,0.043,22.947
2026-03-03T13:09:47.897,574.003,1023.805,13.900,-87.457,14.887,40.0,-0.019,22.940
2026-03-03T13:09:48.396,574.503,1023.803,13.879,-87.440,14.887,40.0,-0.005,22.931
2026-03-03T13:09:48.903,575.008,1023.842,13.875,-87.767,14.887,40.0,-0.020,22.928
2026-03-03T13:09:49.396,575.503,1023.850,13.878,-87.832,14.888,40.0,-0.026,22.933
2026-03-03T13:09:49.897,576.003,1023.834,13.863,-87.695,14.887,40.0,0.057,22.937
2026-03-03T13:09:50.402,576.503,1023.823,13.863,-87.610,14.887,40.0,0.012,22.940
2026-03-03T13:09:50.895,577.003,1023.808,13.863,-87.480,14.887,40.0,0.058,22.935
2026-03-03T13:09:51.417,577.503,1023.802,13.862,-87.433,14.887,40.0,-0.018,22.933
2026-03-03T13:09:51.896,578.003,1023.769,13.858,-87.161,14.887,40.0,-0.003,22.926
2026-03-03T13:09:52.397,578.503,1023.603,13.860,-85.793,16.357,45.0,-0.049,22.926
2026-03-03T13:09:52.895,579.003,1023.630,13.854,-86.011,16.371,45.0,-0.003,22.937
2026-03-03T13:09:53.397,579.503,1023.609,13.848,-85.837,16.378,45.0,-0.038,22.940
2026-03-03T13:09:53.896,580.003,1023.633,13.854,-86.042,16.382,45.0,0.004,22.933
2026-03-03T13:09:54.397,580.503,1023.591,13.854,-85.696,16.382,45.0,0.016,22.926
2026-03-03T13:09:54.896,581.003,1023.610,13.851,-85.846,16.382,45.0,0.018,22.926
2026-03-03T13:09:55.396,581.503,1023.643,13.862,-86.117,16.382,45.0,0.036,22.919
2026-03-03T13:09:55.904,582.003,1023.677,13.854,-86.403,16.382,45.0,-0.024,22.928
2026-03-03T13:09:56.396,582.503,1023.599,13.844,-85.756,16.381,45.0,0.015,22.947
2026-03-03T13:09:56.908,583.003,1023.633,13.856,-86.035,16.381,45.0,0.046,22.926
2026-03-03T13:09:57.395,583.503,1023.652,13.842,-86.193,16.381,45.0,-0.003,22.924
2026-03-03T13:09:57.897,584.003,1023.614,13.848,-85.882,16.381,45.0,-0.018,22.928
2026-03-03T13:09:58.395,584.503,1023.657,13.848,-86.236,16.381,45.0,-0.057,22.933
2026-03-03T13:09:58.896,585.003,1023.599,13.837,-85.758,16.381,45.0,0.023,22.924
2026-03-03T13:09:59.403,585.508,1023.701,13.846,-86.597,16.381,45.0,-0.001,22.949
2026-03-03T13:09:59.897,586.003,1023.594,13.838,-85.713,16.381,45.0,-0.029,22.960
2026-03-03T13:10:00.420,586.503,1023.643,13.835,-86.118,16.381,45.0,-0.005,22.903
2026-03-03T13:10:00.896,587.003,1023.588,13.855,-85.664,16.381,45.0,-0.039,22.915
2026-03-03T13:10:01.395,587.503,1023.560,13.830,-85.437,16.381,45.0,0.004,22.924
2026-03-03T13:10:01.895,588.003,1023.566,13.854,-85.487,16.380,45.0,-0.021,22.933
2026-03-03T13:10:02.396,588.503,1023.655,13.841,-86.223,16.380,45.0,-0.006,22.937
2026-03-03T13:10:02.895,589.003,1023.628,13.833,-85.994,16.380,45.0,0.015,22.928
2026-03-03T13:10:03.396,589.503,1023.560,13.845,-85.434,16.380,45.0,0.011,22.919
2026-03-03T13:10:03.896,590.003,1023.727,13.845,-86.811,16.380,45.0,-0.025,22.937
2026-03-03T13:10:04.396,590.503,1023.630,13.838,-86.013,16.380,45.0,-0.039,22.944
2026-03-03T13:10:04.901,591.003,1023.669,13.837,-86.335,16.380,45.0,0.038,22.940
2026-03-03T13:10:05.397,591.503,1023.701,13.834,-86.603,16.380,45.0,-0.016,22.949
2026-03-03T13:10:05.897,592.003,1023.595,13.838,-85.728,16.380,45.0,0.003,22.926
2026-03-03T13:10:06.395,592.503,1023.640,13.828,-86.097,16.380,45.0,-0.045,22.942
2026-03-03T13:10:06.897,593.003,1023.601,13.828,-85.774,16.380,45.0,0.001,22.928
2026-03-03T13:10:07.395,593.503,1023.598,13.822,-85.746,16.380,45.0,0.014,22.928
2026-03-03T13:10:07.896,594.003,1023.622,13.827,-85.949,16.380,45.0,0.010,22.926
2026-03-03T13:10:08.395,594.503,1023.599,13.805,-85.754,16.380,45.0,0.002,22.937
2026-03-03T13:10:08.896,595.003,1023.703,13.813,-86.615,16.380,45.0,-0.012,22.926
2026-03-03T13:10:09.398,595.503,1023.623,13.817,-85.956,16.380,45.0,-0.028,22.935
2026-03-03T13:10:09.900,596.008,1023.624,13.808,-85.965,16.379,45.0,0.042,22.937
2026-03-03T13:10:10.395,596.503,1023.683,13.802,-86.453,16.379,45.0,0.032,22.949
2026-03-03T13:10:10.896,597.003,1023.681,13.806,-86.433,16.380,45.0,0.006,22.953
2026-03-03T13:10:11.397,597.503,1023.606,13.796,-85.816,16.379,45.0,0.036,22.933
2026-03-03T13:10:11.895,598.003,1023.675,13.807,-86.387,16.379,45.0,-0.000,22.942
2026-03-03T13:10:12.396,598.503,1023.574,13.809,-85.550,16.379,45.0,-0.010,22.931
2026-03-03T13:10:12.895,599.003,1023.493,13.806,-84.886,17.977,50.0,-0.046,22.958
2026-03-03T13:10:13.397,599.503,1023.501,13.807,-84.948,17.991,50.0,-0.049,22.953
2026-03-03T13:10:13.896,600.003,1023.448,13.784,-84.513,17.994,50.0,-0.016,22.935
2026-03-03T13:10:14.397,600.503,1023.518,13.789,-85.088,18.000,50.0,0.014,22.919
2026-03-03T13:10:14.898,601.003,1023.470,13.796,-84.693,18.000,50.0,0.021,22.935
2026-03-03T13:10:15.396,601.503,1023.550,13.804,-85.354,18.000,50.0,-0.010,22.935
2026-03-03T13:10:15.913,602.003,1023.557,13.800,-85.412,18.000,50.0,0.027,22.931
2026-03-03T13:10:16.395,602.503,1023.469,13.801,-84.689,18.000,50.0,-0.012,22.935
2026-03-03T13:10:16.897,603.003,1023.435,13.792,-84.404,18.000,50.0,-0.025,22.935
2026-03-03T13:10:17.397,603.503,1023.499,13.800,-84.934,18.000,50.0,-0.006,22.942
2026-03-03T13:10:17.896,604.003,1023.486,13.789,-84.826,18.000,50.0,0.043,22.926
2026-03-03T13:10:18.395,604.503,1023.482,13.788,-84.794,18.000,50.0,-0.006,22.928
2026-03-03T13:10:18.896,605.003,1023.496,13.784,-84.907,18.000,50.0,0.032,22.921
2026-03-03T13:10:19.395,605.503,1023.388,13.788,-84.016,18.000,50.0,0.027,22.928
2026-03-03T13:10:19.896,606.003,1023.507,13.785,-84.999,18.000,50.0,0.023,22.935
2026-03-03T13:10:20.402,606.508,1023.451,13.794,-84.537,18.000,50.0,0.019,22.937
2026-03-03T13:10:20.895,607.003,1023.468,13.793,-84.674,18.000,50.0,-0.002,22.933
2026-03-03T13:10:21.396,607.503,1023.504,13.786,-84.977,18.000,50.0,0.003,22.949
2026-03-03T13:10:21.895,608.003,1023.401,13.805,-84.122,18.000,50.0,0.049,22.933
2026-03-03T13:10:22.398,608.503,1023.478,13.776,-84.761,18.000,50.0,0.003,22.931
2026-03-03T13:10:22.895,609.003,1023.407,13.787,-84.177,18.000,50.0,-0.014,22.928
2026-03-03T13:10:23.396,609.503,1023.482,13.782,-84.788,18.000,50.0,-0.006,22.933
2026-03-03T13:10:23.899,610.003,1023.461,13.779,-84.617,18.000,50.0,0.005,22.924
2026-03-03T13:10:24.395,610.503,1023.495,13.781,-84.897,18.000,50.0,-0.011,22.937
2026-03-03T13:10:24.905,611.003,1023.367,13.779,-83.847,18.000,50.0,0.046,22.915
2026-03-03T13:10:25.395,611.503,1023.395,13.778,-84.078,18.000,50.0,0.024,22.935
2026-03-03T13:10:25.914,612.003,1023.489,13.776,-84.853,18.000,50.0,-0.037,22.940
2026-03-03T13:10:26.395,612.503,1023.467,13.763,-84.665,18.000,50.0,-0.014,22.940
2026-03-03T13:10:26.897,613.003,1023.464,13.781,-84.642,18.000,50.0,0.035,22.937
2026-03-03T13:10:27.394,613.503,1023.446,13.763,-84.496,18.000,50.0,0.013,22.937
2026-03-03T13:10:27.896,614.003,1023.437,13.771,-84.418,18.000,50.0,0.027,22.921
2026-03-03T13:10:28.395,614.503,1023.457,13.773,-84.589,18.000,50.0,0.023,22.942
2026-03-03T13:10:28.897,615.003,1023.403,13.775,-84.136,18.000,50.0,-0.007,22.928
2026-03-03T13:10:29.395,615.503,1023.576,13.766,-85.568,18.000,50.0,0.007,22.935
2026-03-03T13:10:29.896,616.003,1023.425,13.770,-84.324,18.000,50.0,-0.054,22.910
2026-03-03T13:10:30.401,616.503,1023.499,13.764,-84.929,18.000,50.0,0.049,22.944
2026-03-03T13:10:30.901,617.008,1023.430,13.764,-84.366,19.032,52.9,-16.144,22.935
2026-03-03T13:10:31.396,617.503,1023.337,13.765,-83.596,19.774,55.0,-0.026,22.926
2026-03-03T13:10:31.896,618.003,1023.326,13.778,-83.508,19.786,55.0,-0.020,22.937
2026-03-03T13:10:32.395,618.503,1023.545,13.779,-85.310,19.793,55.0,-0.005,22.940
2026-03-03T13:10:32.894,619.003,1023.379,13.779,-83.939,19.794,55.0,-0.006,22.928
2026-03-03T13:10:33.396,619.503,1023.369,13.783,-83.858,19.799,55.0,0.012,22.937
2026-03-03T13:10:33.895,620.003,1023.350,13.773,-83.704,19.799,55.0,-0.011,22.935
2026-03-03T13:10:34.396,620.503,1023.350,13.782,-83.704,19.799,55.0,0.011,22.935
2026-03-03T13:10:34.910,621.003,1023.347,13.787,-83.676,19.799,55.0,0.007,22.935
2026-03-03T13:10:35.395,621.503,1023.408,13.784,-84.183,19.798,55.0,-0.023,22.937
2026-03-03T13:10:35.897,622.003,1023.423,13.795,-84.307,19.798,55.0,0.005,22.921
2026-03-03T13:10:36.395,622.503,1023.385,13.774,-83.989,19.798,55.0,-0.048,22.931
2026-03-03T13:10:36.896,623.003,1023.407,13.782,-84.173,19.798,55.0,-0.018,22.933
2026-03-03T13:10:37.395,623.503,1023.447,13.789,-84.503,19.798,55.0,0.011,22.947
2026-03-03T13:10:37.896,624.003,1023.379,13.781,-83.941,19.797,55.0,0.057,22.926
2026-03-03T13:10:38.395,624.503,1023.414,13.770,-84.232,19.797,55.0,0.006,22.937
2026-03-03T13:10:38.896,625.003,1023.405,13.777,-84.154,19.797,55.0,-0.040,22.931
2026-03-03T13:10:39.396,625.503,1023.283,13.769,-83.154,19.797,55.0,-0.001,22.937
2026-03-03T13:10:39.895,626.003,1023.400,13.771,-84.118,19.796,55.0,0.047,22.933
2026-03-03T13:10:40.396,626.503,1023.414,13.773,-84.235,19.796,55.0,-0.007,22.931
2026-03-03T13:10:40.895,627.003,1023.377,13.774,-83.927,19.796,55.0,0.009,22.942
2026-03-03T13:10:41.402,627.508,1023.461,13.778,-84.616,19.796,55.0,-0.014,22.949
2026-03-03T13:10:41.895,628.003,1023.328,13.776,-83.521,19.796,55.0,0.003,22.935
2026-03-03T13:10:42.396,628.503,1023.393,13.777,-84.062,19.796,55.0,0.005,22.921
2026-03-03T13:10:42.895,629.003,1023.365,13.766,-83.829,19.795,55.0,-0.015,22.940
2026-03-03T13:10:43.396,629.503,1023.439,13.773,-84.435,19.795,55.0,0.011,22.924
2026-03-03T13:10:43.897,630.003,1023.486,13.778,-84.824,19.795,55.0,-0.002,22.933
2026-03-03T13:10:44.395,630.503,1023.486,13.769,-84.825,19.795,55.0,0.018,22.921
2026-03-03T13:10:44.913,631.003,1023.371,13.758,-83.877,19.795,55.0,0.017,22.933
2026-03-03T13:10:45.395,631.503,1023.349,13.755,-83.696,19.795,55.0,0.045,22.951
2026-03-03T13:10:45.896,632.003,1023.399,13.762,-84.110,19.795,55.0,-0.001,22.947
2026-03-03T13:10:46.395,632.503,1023.353,13.754,-83.726,19.795,55.0,-0.009,22.949
2026-03-03T13:10:46.896,633.003,1023.364,13.760,-83.816,19.795,55.0,0.008,22.940
2026-03-03T13:10:47.396,633.503,1023.370,13.762,-83.872,19.795,55.0,0.002,22.919
2026-03-03T13:10:47.896,634.003,1023.443,13.758,-84.469,19.795,55.0,0.005,22.928
2026-03-03T13:10:48.396,634.503,1023.314,13.750,-83.407,19.795,55.0,0.005,22.921
2026-03-03T13:10:48.895,635.003,1023.372,13.763,-83.888,19.795,55.0,0.016,22.928
2026-03-03T13:10:49.419,635.503,1023.280,13.755,-83.127,19.795,55.0,0.008,22.947
2026-03-03T13:10:49.893,636.003,1023.267,13.766,-83.020,19.795,55.0,0.009,22.917
2026-03-03T13:10:50.396,636.503,1023.358,13.761,-83.771,19.795,55.0,-0.038,22.928
2026-03-03T13:10:50.894,637.003,1023.335,13.756,-83.582,19.795,55.0,0.019,22.942
2026-03-03T13:10:51.396,637.503,1023.238,13.759,-82.776,21.702,59.7,-1.747,22.912
2026-03-03T13:10:51.900,638.008,1023.394,13.754,-84.065,21.795,60.0,-0.026,22.921
2026-03-03T13:10:52.395,638.503,1023.399,13.756,-84.106,21.807,60.0,0.009,22.928
2026-03-03T13:10:52.896,639.003,1023.354,13.750,-83.738,21.812,60.0,-0.027,22.949
2026-03-03T13:10:53.395,639.503,1023.334,13.751,-83.570,21.813,60.0,-0.025,22.921
2026-03-03T13:10:53.909,640.003,1023.276,13.744,-83.094,21.813,60.0,0.019,22.940
2026-03-03T13:10:54.395,640.503,1023.439,13.744,-84.435,21.814,60.0,-0.011,22.935
2026-03-03T13:10:54.895,641.003,1023.352,13.753,-83.718,21.814,60.0,-0.045,22.926
2026-03-03T13:10:55.394,641.503,1023.465,13.760,-84.648,21.814,60.0,0.002,22.947
2026-03-03T13:10:55.894,642.003,1023.340,13.751,-83.624,21.814,60.0,-0.027,22.928
2026-03-03T13:10:56.395,642.503,1023.308,13.766,-83.359,21.814,60.0,-0.023,22.935
2026-03-03T13:10:56.895,643.003,1023.395,13.769,-84.077,21.814,60.0,-0.070,22.933
2026-03-03T13:10:57.418,643.503,1023.396,13.749,-84.085,21.813,60.0,0.015,22.928
2026-03-03T13:10:57.895,644.003,1023.435,13.756,-84.405,21.813,60.0,-0.001,22.924
2026-03-03T13:10:58.395,644.503,1023.418,13.770,-84.262,21.813,60.0,-0.022,22.917
2026-03-03T13:10:58.894,645.003,1023.362,13.743,-83.802,21.813,60.0,-0.009,22.926
2026-03-03T13:10:59.395,645.503,1023.464,13.760,-84.640,21.813,60.0,0.014,22.944
2026-03-03T13:10:59.894,646.003,1023.299,13.760,-83.285,21.813,60.0,-0.004,22.944
2026-03-03T13:11:00.394,646.503,1023.371,13.760,-83.878,21.813,60.0,0.021,22.931
2026-03-03T13:11:00.894,647.003,1023.365,13.770,-83.824,21.813,60.0,0.031,22.926
2026-03-03T13:11:01.396,647.503,1023.405,13.748,-84.153,21.813,60.0,0.014,22.953
2026-03-03T13:11:01.907,648.003,1023.367,13.751,-83.847,21.813,60.0,-0.014,22.924
2026-03-03T13:11:02.401,648.508,1023.418,13.747,-84.268,21.813,60.0,0.010,22.931
2026-03-03T13:11:02.896,649.003,1023.508,13.752,-85.003,21.813,60.0,-0.051,22.924
2026-03-03T13:11:03.394,649.503,1023.378,13.754,-83.934,21.813,60.0,-0.028,22.921
2026-03-03T13:11:03.895,650.003,1023.407,13.756,-84.174,21.813,60.0,0.064,22.933
2026-03-03T13:11:04.394,650.503,1023.456,13.767,-84.577,21.813,60.0,-0.031,22.926
2026-03-03T13:11:04.896,651.003,1023.405,13.776,-84.153,21.813,60.0,-0.032,22.928
2026-03-03T13:11:05.401,651.503,1023.461,13.756,-84.621,21.813,60.0,0.004,22.937
2026-03-03T13:11:05.895,652.003,1023.329,13.758,-83.529,21.813,60.0,0.050,22.940
2026-03-03T13:11:06.395,652.503,1023.352,13.750,-83.716,21.813,60.0,-0.026,22.921
2026-03-03T13:11:06.894,653.003,1023.400,13.751,-84.117,21.813,60.0,0.046,22.926
2026-03-03T13:11:07.395,653.503,1023.410,13.756,-84.197,21.813,60.0,-0.044,22.944
2026-03-03T13:11:07.894,654.003,1023.464,13.766,-84.645,21.813,60.0,0.016,22.915
2026-03-03T13:11:08.394,654.503,1023.384,13.754,-83.980,21.813,60.0,0.024,22.949
2026-03-03T13:11:08.896,655.003,1023.422,13.763,-84.296,24.076,65.0,-0.089,22.937
2026-03-03T13:11:09.396,655.503,1023.501,13.755,-84.951,24.092,65.0,-0.010,22.924
2026-03-03T13:11:09.913,656.003,1023.677,13.747,-86.400,24.096,65.0,-0.035,22.935
2026-03-03T13:11:10.394,656.503,1023.568,13.742,-85.502,24.101,65.0,0.016,22.921
2026-03-03T13:11:10.895,657.003,1023.524,13.754,-85.143,24.101,65.0,0.011,22.921
2026-03-03T13:11:11.394,657.503,1023.435,13.750,-84.408,24.101,65.0,-0.021,22.933
2026-03-03T13:11:11.894,658.003,1023.502,13.730,-84.955,24.101,65.0,0.003,22.942
2026-03-03T13:11:12.394,658.503,1023.481,13.741,-84.786,24.100,65.0,0.030,22.931
2026-03-03T13:11:12.899,659.008,1023.677,13.758,-86.401,24.100,65.0,-0.004,22.921
2026-03-03T13:11:13.395,659.503,1023.372,13.749,-83.884,24.100,65.0,-0.000,22.951
2026-03-03T13:11:13.896,660.003,1023.487,13.747,-84.830,24.100,65.0,-0.037,22.933
2026-03-03T13:11:14.419,660.503,1023.425,13.739,-84.322,24.100,65.0,0.052,22.926
2026-03-03T13:11:14.895,661.003,1023.521,13.740,-85.116,24.100,65.0,0.010,22.931
2026-03-03T13:11:15.396,661.503,1023.562,13.742,-85.457,24.100,65.0,-0.011,22.940
2026-03-03T13:11:15.894,662.003,1023.414,13.732,-84.232,24.100,65.0,0.016,22.931
2026-03-03T13:11:16.395,662.503,1023.430,13.742,-84.363,24.100,65.0,-0.025,22.942
2026-03-03T13:11:16.894,663.003,1023.377,13.748,-83.922,24.100,65.0,0.001,22.942
2026-03-03T13:11:17.394,663.503,1023.433,13.748,-84.391,24.100,65.0,-0.042,22.926
2026-03-03T13:11:17.897,664.003,1023.462,13.740,-84.624,24.100,65.0,-0.020,22.942
2026-03-03T13:11:18.394,664.503,1023.440,13.734,-84.442,24.100,65.0,-0.008,22.919
2026-03-03T13:11:18.894,665.003,1023.452,13.729,-84.545,24.100,65.0,0.004,22.944
2026-03-03T13:11:19.394,665.503,1023.414,13.727,-84.229,24.100,65.0,0.000,22.947
2026-03-03T13:11:19.895,666.003,1023.440,13.722,-84.447,24.100,65.0,0.024,22.919
2026-03-03T13:11:20.394,666.503,1023.649,13.738,-86.168,24.100,65.0,-0.035,22.933
2026-03-03T13:11:20.894,667.003,1023.473,13.736,-84.720,24.100,65.0,0.027,22.924
2026-03-03T13:11:21.396,667.503,1023.512,13.738,-85.038,24.100,65.0,-0.035,22.933
2026-03-03T13:11:21.896,668.003,1023.554,13.733,-85.387,24.100,65.0,-0.018,22.940
2026-03-03T13:11:22.407,668.503,1023.511,13.736,-85.036,24.100,65.0,0.021,22.944
2026-03-03T13:11:22.895,669.003,1023.583,13.728,-85.622,24.100,65.0,0.043,22.933
2026-03-03T13:11:23.400,669.508,1023.436,13.732,-84.409,24.100,65.0,0.029,22.931
2026-03-03T13:11:23.894,670.003,1023.472,13.729,-84.706,24.100,65.0,-0.006,22.937
2026-03-03T13:11:24.395,670.503,1023.391,13.727,-84.043,24.100,65.0,0.005,22.937
2026-03-03T13:11:24.894,671.003,1023.412,13.731,-84.216,24.099,65.0,0.025,22.949
2026-03-03T13:11:25.395,671.503,1023.590,13.728,-85.684,24.100,65.0,0.001,22.933
2026-03-03T13:11:25.894,672.003,1023.471,13.735,-84.704,24.100,65.0,-0.039,22.921
2026-03-03T13:11:26.395,672.503,1023.498,13.727,-84.921,24.099,65.0,0.013,22.953
2026-03-03T13:11:26.903,673.003,1023.473,13.735,-84.720,24.099,65.0,0.009,22.935
2026-03-03T13:11:27.394,673.503,1023.451,13.730,-84.538,24.099,65.0,-0.015,22.933
2026-03-03T13:11:27.895,674.003,1023.503,13.728,-84.968,24.099,65.0,-0.013,22.912
2026-03-03T13:11:28.394,674.503,1023.466,13.734,-84.664,24.099,65.0,0.008,22.949
2026-03-03T13:11:28.895,675.003,1023.423,13.722,-84.308,24.099,65.0,-0.002,22.931
2026-03-03T13:11:29.394,675.503,1023.565,13.719,-85.475,26.674,70.0,-0.038,22.908
2026-03-03T13:11:29.895,676.003,1023.656,13.737,-86.230,26.692,70.0,-0.017,22.940
2026-03-03T13:11:30.394,676.503,1023.573,13.726,-85.542,26.699,70.0,-0.002,22.919
2026-03-03T13:11:30.895,677.003,1023.512,13.732,-85.040,26.702,70.0,-0.040,22.937
2026-03-03T13:11:31.401,677.503,1023.490,13.728,-84.860,26.703,70.0,-0.007,22.935
2026-03-03T13:11:31.894,678.003,1023.536,13.704,-85.241,26.703,70.0,0.054,22.933
2026-03-03T13:11:32.394,678.503,1023.494,13.736,-84.890,26.703,70.0,-0.019,22.933
2026-03-03T13:11:32.894,679.003,1023.614,13.691,-85.883,26.703,70.0,0.021,22.912
2026-03-03T13:11:33.394,679.503,1023.600,13.721,-85.770,26.703,70.0,0.011,22.942
2026-03-03T13:11:33.899,680.008,1023.573,13.718,-85.545,26.703,70.0,-0.007,22.933
2026-03-03T13:11:34.395,680.503,1023.586,13.716,-85.651,26.703,70.0,-0.007,22.921
2026-03-03T13:11:34.893,681.003,1023.537,13.715,-85.250,26.703,70.0,-0.040,22.921
2026-03-03T13:11:35.395,681.503,1023.466,13.719,-84.660,26.703,70.0,-0.008,22.928
2026-03-03T13:11:35.898,682.003,1023.577,13.722,-85.579,26.703,70.0,-0.025,22.940
2026-03-03T13:11:36.395,682.503,1023.498,13.726,-84.928,26.703,70.0,0.005,22.937
2026-03-03T13:11:36.895,683.003,1023.581,13.727,-85.613,26.703,70.0,-0.016,22.928
2026-03-03T13:11:37.394,683.503,1023.550,13.730,-85.354,26.703,70.0,0.015,22.944
2026-03-03T13:11:37.895,684.003,1023.627,13.720,-85.986,26.703,70.0,-0.043,22.921
2026-03-03T13:11:38.394,684.503,1023.458,13.722,-84.593,26.703,70.0,-0.019,22.940
2026-03-03T13:11:38.894,685.003,1023.597,13.708,-85.744,26.703,70.0,-0.015,22.926
2026-03-03T13:11:39.394,685.503,1023.601,13.706,-85.773,26.703,70.0,-0.038,22.937
2026-03-03T13:11:39.895,686.003,1023.526,13.717,-85.158,26.703,70.0,0.016,22.942
2026-03-03T13:11:40.405,686.503,1023.611,13.711,-85.854,26.703,70.0,0.007,22.921
2026-03-03T13:11:40.894,687.003,1023.610,13.715,-85.850,26.703,70.0,-0.045,22.933
2026-03-03T13:11:41.395,687.503,1023.511,13.707,-85.035,26.703,70.0,0.005,22.926
2026-03-03T13:11:41.893,688.003,1023.610,13.711,-85.846,26.703,70.0,-0.048,22.933
2026-03-03T13:11:42.395,688.503,1023.438,13.710,-84.430,26.703,70.0,0.001,22.933
2026-03-03T13:11:42.893,689.003,1023.608,13.713,-85.833,26.702,70.0,0.057,22.951
2026-03-03T13:11:43.395,689.503,1023.466,13.701,-84.660,26.703,70.0,-0.011,22.942
2026-03-03T13:11:43.894,690.003,1023.555,13.710,-85.391,26.703,70.0,0.015,22.935
2026-03-03T13:11:44.401,690.508,1023.677,13.715,-86.405,26.703,70.0,-0.022,22.942
2026-03-03T13:11:44.898,691.003,1023.518,13.703,-85.093,26.703,70.0,-0.023,22.926
2026-03-03T13:11:45.394,691.503,1023.692,13.691,-86.523,26.702,70.0,0.013,22.921
2026-03-03T13:11:45.910,692.003,1023.585,13.705,-85.641,26.703,70.0,-0.011,22.931
2026-03-03T13:11:46.393,692.503,1023.655,13.696,-86.219,29.592,74.9,-0.910,22.919
2026-03-03T13:11:46.895,693.003,1023.697,13.710,-86.569,29.657,75.0,0.012,22.917
2026-03-03T13:11:47.394,693.503,1023.590,13.695,-85.687,29.663,75.0,-0.077,22.940
2026-03-03T13:11:47.895,694.003,1023.517,13.700,-85.084,29.667,75.0,0.024,22.921
2026-03-03T13:11:48.394,694.503,1023.682,13.695,-86.441,29.669,75.0,0.061,22.933
2026-03-03T13:11:48.894,695.003,1023.534,13.693,-85.224,29.669,75.0,-0.012,22.931
2026-03-03T13:11:49.411,695.503,1023.734,13.690,-86.868,29.669,75.0,0.018,22.947
2026-03-03T13:11:49.893,696.003,1023.628,13.705,-85.996,29.669,75.0,0.046,22.924
2026-03-03T13:11:50.395,696.503,1023.571,13.697,-85.527,29.669,75.0,-0.022,22.926
2026-03-03T13:11:50.893,697.003,1023.720,13.695,-86.757,29.669,75.0,0.003,22.942
2026-03-03T13:11:51.394,697.503,1023.685,13.696,-86.465,29.669,75.0,0.013,22.944
2026-03-03T13:11:51.894,698.003,1023.622,13.691,-85.945,29.669,75.0,-0.011,22.933
2026-03-03T13:11:52.395,698.503,1023.686,13.699,-86.476,29.669,75.0,-0.010,22.931
2026-03-03T13:11:52.901,699.003,1023.573,13.699,-85.544,29.669,75.0,0.029,22.935
2026-03-03T13:11:53.393,699.503,1023.622,13.703,-85.948,29.669,75.0,0.019,22.931
2026-03-03T13:11:53.894,700.003,1023.691,13.706,-86.520,29.669,75.0,0.013,22.937
2026-03-03T13:11:54.393,700.503,1023.641,13.706,-86.104,29.669,75.0,0.016,22.926
2026-03-03T13:11:54.901,701.008,1023.551,13.699,-85.360,29.669,75.0,-0.007,22.928
2026-03-03T13:11:55.393,701.503,1023.560,13.694,-85.439,29.669,75.0,0.022,22.915
2026-03-03T13:11:55.894,702.003,1023.518,13.694,-85.093,29.669,75.0,0.050,22.915
2026-03-03T13:11:56.394,702.503,1023.768,13.691,-87.153,29.669,75.0,-0.003,22.947
2026-03-03T13:11:56.894,703.003,1023.476,13.686,-84.740,29.669,75.0,-0.009,22.919
2026-03-03T13:11:57.395,703.503,1023.594,13.699,-85.713,29.669,75.0,-0.011,22.908
2026-03-03T13:11:57.893,704.003,1023.641,13.693,-86.101,29.669,75.0,-0.022,22.940
2026-03-03T13:11:58.394,704.503,1023.646,13.682,-86.145,29.669,75.0,0.014,22.931
2026-03-03T13:11:58.894,705.003,1023.619,13.691,-85.923,29.669,75.0,-0.020,22.937
2026-03-03T13:11:59.394,705.503,1023.666,13.693,-86.309,29.669,75.0,-0.052,22.915
2026-03-03T13:11:59.894,706.003,1023.681,13.682,-86.438,29.669,75.0,0.046,22.935
2026-03-03T13:12:00.394,706.503,1023.716,13.687,-86.728,29.669,75.0,0.027,22.940
2026-03-03T13:12:00.893,707.003,1023.653,13.689,-86.206,29.669,75.0,-0.029,22.921
2026-03-03T13:12:01.395,707.503,1023.498,13.689,-84.928,29.669,75.0,0.033,22.937
2026-03-03T13:12:01.897,708.003,1023.665,13.684,-86.301,29.669,75.0,-0.015,22.933
2026-03-03T13:12:02.393,708.503,1023.611,13.677,-85.857,31.491,77.8,-33.322,23.040
2026-03-03T13:12:02.895,709.003,1023.681,13.692,-86.431,33.005,80.0,-0.047,22.924
2026-03-03T13:12:03.393,709.503,1023.663,13.685,-86.286,33.029,80.0,0.016,22.931
2026-03-03T13:12:03.894,710.003,1023.728,13.682,-86.824,33.039,80.0,-0.119,22.953
2026-03-03T13:12:04.393,710.503,1023.730,13.687,-86.843,33.041,80.0,-0.000,22.915
2026-03-03T13:12:04.895,711.003,1023.714,13.696,-86.704,33.047,80.0,-0.014,22.926
2026-03-03T13:12:05.398,711.508,1023.626,13.690,-85.984,33.047,80.0,0.011,22.917
2026-03-03T13:12:05.895,712.003,1023.805,13.686,-87.457,33.047,80.0,0.009,22.926
2026-03-03T13:12:06.399,712.503,1023.632,13.688,-86.028,33.047,80.0,-0.038,22.933
2026-03-03T13:12:06.894,713.003,1023.651,13.699,-86.191,33.047,80.0,0.032,22.903
2026-03-03T13:12:07.423,713.503,1023.537,13.684,-85.247,33.047,80.0,-0.009,22.928
2026-03-03T13:12:07.894,714.003,1023.591,13.683,-85.693,33.047,80.0,0.013,22.919
2026-03-03T13:12:08.393,714.503,1023.749,13.683,-86.993,33.047,80.0,-0.049,22.935
2026-03-03T13:12:08.893,715.003,1023.668,13.690,-86.330,33.047,80.0,0.016,22.912
2026-03-03T13:12:09.394,715.503,1023.717,13.696,-86.735,33.047,80.0,0.014,22.915
2026-03-03T13:12:09.893,716.003,1023.770,13.700,-87.168,33.047,80.0,0.004,22.924
2026-03-03T13:12:10.393,716.503,1023.654,13.707,-86.212,33.047,80.0,0.005,22.931
2026-03-03T13:12:10.894,717.003,1023.668,13.701,-86.324,33.047,80.0,0.018,22.915
2026-03-03T13:12:11.394,717.503,1023.659,13.702,-86.254,33.047,80.0,0.006,22.919
2026-03-03T13:12:11.894,718.003,1023.574,13.700,-85.553,33.047,80.0,0.005,22.931
2026-03-03T13:12:12.393,718.503,1023.725,13.690,-86.800,33.047,80.0,0.026,22.935
2026-03-03T13:12:12.894,719.003,1023.841,13.696,-87.757,33.047,80.0,0.017,22.924
2026-03-03T13:12:13.393,719.503,1023.609,13.699,-85.837,33.047,80.0,-0.020,22.917
2026-03-03T13:12:13.894,720.003,1023.622,13.693,-85.947,33.047,80.0,0.021,22.931
2026-03-03T13:12:14.393,720.503,1023.634,13.692,-86.047,33.047,80.0,0.020,22.910
2026-03-03T13:12:14.893,721.003,1023.818,13.687,-87.566,33.047,80.0,-0.012,22.917
2026-03-03T13:12:15.393,721.503,1023.558,13.703,-85.416,33.047,80.0,-0.021,22.928
2026-03-03T13:12:15.900,722.008,1023.722,13.687,-86.774,33.047,80.0,0.004,22.931
2026-03-03T13:12:16.393,722.503,1023.653,13.695,-86.203,33.047,80.0,0.014,22.926
2026-03-03T13:12:16.894,723.003,1023.624,13.699,-85.968,33.047,80.0,-0.038,22.944
2026-03-03T13:12:17.412,723.503,1023.659,13.700,-86.253,33.047,80.0,-0.012,22.942
2026-03-03T13:12:17.893,724.003,1023.704,13.707,-86.627,33.047,80.0,0.021,22.944
2026-03-03T13:12:18.394,724.503,1023.590,13.686,-85.680,33.047,80.0,0.007,22.915
2026-03-03T13:12:18.893,725.003,1023.607,13.696,-85.826,33.047,80.0,-0.005,22.921
2026-03-03T13:12:19.394,725.503,1023.747,13.702,-86.978,32.012,78.6,45.874,22.725
2026-03-03T13:12:19.893,726.003,1025.355,13.701,-100.242,9.258,20.0,45.060,22.624
2026-03-03T13:12:20.394,726.503,1026.874,13.701,-112.749,5.996,10.0,0.024,22.924
2026-03-03T13:12:20.893,727.003,1026.861,13.724,-112.645,5.987,10.0,-0.024,22.931
2026-03-03T13:12:21.393,727.503,1027.433,13.731,-117.351,1.285,0.0,28.379,23.088
2026-03-03T13:12:21.900,728.003,1027.377,13.752,-116.886,0.049,0.0,0.089,22.908
2026-03-03T13:12:22.393,728.503,1027.523,13.751,-118.088,0.018,0.0,0.000,22.905
2026-03-03T13:12:22.893,729.003,1027.517,13.766,-118.045,0.009,0.0,0.023,22.887
2026-03-03T13:12:23.393,729.503,1027.500,13.765,-117.900,-0.002,0.0,-0.030,22.915
2026-03-03T13:12:23.894,730.003,1027.348,13.757,-116.652,-0.003,0.0,-0.013,22.910
2026-03-03T13:12:24.393,730.503,1027.479,13.769,-117.727,-0.003,0.0,-0.002,22.912
2026-03-03T13:12:24.894,731.003,1027.414,13.782,-117.194,-0.003,0.0,0.010,22.924
2026-03-03T13:12:25.392,731.503,1027.458,13.790,-117.553,-0.003,0.0,-0.041,22.915
2026-03-03T13:12:25.894,732.003,1027.286,13.813,-116.140,-0.003,0.0,-0.012,22.903
