rx_time_iso,Time - Seconds,DPS368 - Pres (hPa),DPS368 - Temp (C),DPS368 - Alt ASL (m),MotorDriver - Motor Position,MotorDriver - Motor Angle,MotorDriver - Motor Velocity,MotorDriver - Battery Voltage
2026-03-03T13:59:51.097,5.293,1026.902,18.106,-112.983,-0.000,0.0,-0.004,22.812
2026-03-03T13:59:51.568,5.785,1026.901,18.106,-112.974,-0.000,0.0,0.002,22.789
2026-03-03T13:59:52.069,6.285,1026.901,18.108,-112.976,-0.000,0.0,-0.034,22.823
2026-03-03T13:59:52.567,6.785,1026.897,18.105,-112.943,-0.000,0.0,-0.013,22.803
2026-03-03T13:59:53.068,7.285,1026.900,18.113,-112.965,-0.000,0.0,-0.042,22.835
2026-03-03T13:59:53.567,7.785,1026.900,18.121,-112.964,-0.000,0.0,0.010,22.830
2026-03-03T13:59:54.068,8.285,1026.895,18.116,-112.921,-0.000,0.0,-0.020,22.805
2026-03-03T13:59:54.567,8.785,1026.896,18.114,-112.927,-0.000,0.0,-0.018,22.823
2026-03-03T13:59:55.068,9.285,1026.894,18.118,-112.915,-0.000,0.0,-0.004,22.830
2026-03-03T13:59:55.567,9.785,1026.899,18.114,-112.958,-0.000,0.0,0.007,22.828
2026-03-03T13:59:56.068,10.285,1026.892,18.118,-112.900,-0.000,0.0,0.009,22.814
2026-03-03T13:59:56.577,10.785,1026.892,18.122,-112.895,-0.000,0.0,-0.020,22.812
2026-03-03T13:59:57.067,11.285,1026.893,18.133,-112.904,-0.000,0.0,-0.028,22.814
2026-03-03T13:59:57.584,11.785,1026.889,18.118,-112.877,-0.000,0.0,-0.006,22.819
2026-03-03T13:59:58.067,12.285,1026.891,18.110,-112.893,-0.000,0.0,0.000,22.814
2026-03-03T13:59:58.569,12.785,1026.893,18.139,-112.909,-0.000,0.0,-0.010,22.823
2026-03-03T13:59:59.067,13.285,1026.889,18.127,-112.876,-0.000,0.0,0.026,22.823
2026-03-03T13:59:59.567,13.785,1026.890,18.132,-112.881,-0.000,0.0,-0.002,22.821
2026-03-03T14:00:00.067,14.285,1026.887,18.134,-112.859,-0.000,0.0,-0.008,22.828
2026-03-03T14:00:00.568,14.785,1026.887,18.135,-112.860,-0.000,0.0,0.004,22.821
2026-03-03T14:00:01.067,15.285,1026.891,18.142,-112.888,-0.000,0.0,-0.019,22.823
2026-03-03T14:00:01.572,15.789,1026.888,18.148,-112.863,-0.000,0.0,0.017,22.812
2026-03-03T14:00:02.076,16.293,1026.886,18.133,-112.851,-0.000,0.0,-0.019,22.828
2026-03-03T14:00:02.570,16.788,1026.885,18.126,-112.838,-0.000,0.0,0.016,22.821
2026-03-03T14:00:03.076,17.288,1026.883,18.143,-112.821,-0.000,0.0,-0.016,22.830
2026-03-03T14:00:03.570,17.788,1026.886,18.148,-112.848,-0.000,0.0,0.007,22.846
2026-03-03T14:00:04.070,18.288,1026.889,18.155,-112.876,-0.000,0.0,-0.001,22.839
2026-03-03T14:00:04.570,18.788,1026.887,18.159,-112.858,-0.000,0.0,0.005,22.835
2026-03-03T14:00:05.071,19.288,1026.885,18.153,-112.844,-0.000,0.0,-0.011,22.823
2026-03-03T14:00:05.570,19.788,1026.885,18.151,-112.843,-0.000,0.0,0.019,22.835
2026-03-03T14:00:06.071,20.288,1026.885,18.144,-112.845,-0.000,0.0,0.017,22.832
2026-03-03T14:00:06.576,20.788,1026.886,18.160,-112.850,-0.000,0.0,-0.007,22.844
2026-03-03T14:00:07.071,21.288,1026.883,18.156,-112.824,-0.000,0.0,-0.026,22.816
2026-03-03T14:00:07.581,21.788,1026.886,18.158,-112.849,-0.000,0.0,-0.004,22.837
2026-03-03T14:00:08.071,22.288,1026.884,18.163,-112.829,-0.000,0.0,0.013,22.832
2026-03-03T14:00:08.573,22.788,1026.884,18.158,-112.833,-0.000,0.0,0.017,22.828
2026-03-03T14:00:09.070,23.288,1026.884,18.169,-112.835,-0.000,0.0,-0.000,22.832
2026-03-03T14:00:09.571,23.788,1026.885,18.178,-112.842,-0.000,0.0,0.005,22.837
2026-03-03T14:00:10.069,24.288,1026.888,18.179,-112.866,-0.000,0.0,-0.016,22.816
2026-03-03T14:00:10.571,24.788,1026.884,18.177,-112.833,-0.000,0.0,0.036,22.825
2026-03-03T14:00:11.070,25.288,1026.881,18.172,-112.806,-0.000,0.0,0.023,22.810
2026-03-03T14:00:11.571,25.788,1026.880,18.172,-112.799,-0.000,0.0,-0.024,22.816
2026-03-03T14:00:12.069,26.288,1026.875,18.172,-112.761,-0.000,0.0,-0.026,22.800
2026-03-03T14:00:12.570,26.788,1026.880,18.169,-112.804,-0.000,0.0,-0.009,22.825
2026-03-03T14:00:13.075,27.288,1026.893,18.174,-112.907,-0.000,0.0,-0.024,22.814
2026-03-03T14:00:13.572,27.788,1026.889,18.163,-112.875,-0.000,0.0,-0.014,22.835
2026-03-03T14:00:14.070,28.288,1026.911,18.162,-113.051,-0.000,0.0,0.002,22.835
2026-03-03T14:00:14.571,28.788,1026.932,18.185,-113.224,-0.000,0.0,0.001,22.830
2026-03-03T14:00:15.072,29.288,1026.919,18.171,-113.120,-0.000,0.0,-0.004,22.841
2026-03-03T14:00:15.569,29.788,1026.914,18.186,-113.078,-0.000,0.0,0.003,22.837
2026-03-03T14:00:16.071,30.288,1026.912,18.182,-113.060,-0.000,0.0,-0.016,22.821
2026-03-03T14:00:16.570,30.788,1026.914,18.187,-113.079,-0.000,0.0,-0.013,22.821
2026-03-03T14:00:17.072,31.288,1026.913,18.191,-113.075,-0.000,0.0,0.040,22.835
2026-03-03T14:00:17.571,31.788,1026.908,18.190,-113.029,-0.000,0.0,0.007,22.825
2026-03-03T14:00:18.074,32.291,1026.910,18.187,-113.049,-0.000,0.0,0.015,22.846
2026-03-03T14:00:18.580,32.794,1026.911,18.200,-113.052,-0.000,0.0,0.002,22.821
2026-03-03T14:00:19.079,33.297,1026.909,18.192,-113.038,-0.000,0.0,0.012,22.832
2026-03-03T14:00:19.594,33.800,1026.911,18.199,-113.051,-0.000,0.0,-0.010,22.807
2026-03-03T14:00:20.086,34.303,1026.910,18.199,-113.044,-0.000,0.0,0.000,22.835
2026-03-03T14:00:20.588,34.806,1026.907,18.188,-113.019,-0.000,0.0,0.043,22.814
2026-03-03T14:00:21.092,35.309,1026.909,18.199,-113.036,-0.000,0.0,-0.013,22.819
2026-03-03T14:00:21.594,35.812,1026.912,18.195,-113.063,-0.000,0.0,-0.041,22.846
2026-03-03T14:00:22.097,36.315,1026.909,18.192,-113.037,-0.000,0.0,-0.017,22.821
2026-03-03T14:00:22.600,36.818,1026.907,18.200,-113.021,-0.000,0.0,-0.010,22.825
2026-03-03T14:00:23.103,37.321,1026.907,18.204,-113.024,-0.000,0.0,0.013,22.796
2026-03-03T14:00:23.607,37.824,1026.905,18.193,-113.008,-0.000,0.0,-0.019,22.830
2026-03-03T14:00:24.109,38.327,1026.905,18.191,-113.006,-0.000,0.0,-0.006,22.814
2026-03-03T14:00:24.613,38.830,1026.906,18.211,-113.015,-0.000,0.0,0.000,22.839
2026-03-03T14:00:25.116,39.333,1026.905,18.194,-113.008,-0.000,0.0,-0.003,22.835
2026-03-03T14:00:25.619,39.835,1026.905,18.210,-113.007,-0.000,0.0,0.006,22.832
2026-03-03T14:00:26.134,40.339,1026.911,18.211,-113.053,-0.000,0.0,-0.004,22.839
2026-03-03T14:00:26.626,40.842,1026.906,18.210,-113.014,-0.000,0.0,-0.007,22.810
2026-03-03T14:00:27.139,41.344,1026.905,18.212,-113.008,-0.000,0.0,0.013,22.851
2026-03-03T14:00:27.630,41.848,1026.904,18.210,-112.999,-0.000,0.0,-0.032,22.812
2026-03-03T14:00:28.135,42.351,1026.903,18.206,-112.988,-0.000,0.0,0.006,22.830
2026-03-03T14:00:28.636,42.855,1026.904,18.219,-112.999,-0.000,0.0,0.001,22.835
2026-03-03T14:00:29.141,43.357,1026.902,18.218,-112.982,-0.000,0.0,0.026,22.823
2026-03-03T14:00:29.643,43.861,1026.906,18.220,-113.015,-0.000,0.0,-0.007,22.823
2026-03-03T14:00:30.148,44.364,1026.904,18.213,-113.001,-0.000,0.0,-0.003,22.830
2026-03-03T14:00:30.649,44.867,1026.904,18.223,-112.994,-0.000,0.0,-0.005,22.828
2026-03-03T14:00:31.151,45.370,1026.903,18.219,-112.991,-0.000,0.0,-0.005,22.832
2026-03-03T14:00:31.655,45.872,1026.901,18.219,-112.976,-0.000,0.0,0.011,22.835
2026-03-03T14:00:32.161,46.376,1026.905,18.235,-113.004,-0.000,0.0,-0.006,22.812
2026-03-03T14:00:32.661,46.879,1026.901,18.229,-112.969,-0.000,0.0,0.016,22.839
2026-03-03T14:00:33.164,47.382,1026.904,18.239,-112.999,-0.000,0.0,-0.007,22.810
2026-03-03T14:00:33.667,47.884,1026.902,18.229,-112.983,-0.000,0.0,0.017,22.825
2026-03-03T14:00:34.170,48.388,1026.898,18.221,-112.946,-0.000,0.0,0.004,22.832
2026-03-03T14:00:34.681,48.891,1026.896,18.231,-112.932,-0.000,0.0,-0.008,22.825
2026-03-03T14:00:35.178,49.394,1026.896,18.236,-112.935,-0.000,0.0,-0.007,22.825
2026-03-03T14:00:35.693,49.897,1026.895,18.233,-112.925,-0.000,0.0,0.031,22.800
2026-03-03T14:00:36.183,50.400,1026.901,18.235,-112.974,-0.000,0.0,0.013,22.830
2026-03-03T14:00:36.686,50.903,1026.899,18.247,-112.953,-0.000,0.0,0.006,22.839
2026-03-03T14:00:37.187,51.406,1026.896,18.225,-112.934,-0.000,0.0,-0.009,22.830
2026-03-03T14:00:37.692,51.909,1026.897,18.239,-112.938,-0.000,0.0,0.014,22.835
2026-03-03T14:00:38.194,52.413,1026.899,18.238,-112.960,-0.000,0.0,0.016,22.837
2026-03-03T14:00:38.698,52.916,1026.894,18.229,-112.915,-0.000,0.0,-0.011,22.839
2026-03-03T14:00:39.201,53.419,1026.895,18.239,-112.923,-0.000,0.0,-0.049,22.819
2026-03-03T14:00:39.705,53.922,1026.892,18.242,-112.895,-0.000,0.0,-0.023,22.816
2026-03-03T14:00:40.206,54.425,1026.895,18.236,-112.920,-0.000,0.0,0.006,22.816
2026-03-03T14:00:40.710,54.928,1026.891,18.249,-112.892,-0.000,0.0,0.030,22.816
2026-03-03T14:00:41.212,55.431,1026.894,18.246,-112.913,-0.000,0.0,-0.042,22.828
2026-03-03T14:00:41.717,55.934,1026.892,18.239,-112.900,-0.000,0.0,0.012,22.821
2026-03-03T14:00:42.222,56.437,1026.891,18.256,-112.891,-0.000,0.0,0.017,22.841
2026-03-03T14:00:42.722,56.940,1026.893,18.253,-112.903,-0.000,0.0,0.018,22.805
2026-03-03T14:00:43.225,57.443,1026.888,18.247,-112.868,-0.000,0.0,-0.004,22.839
2026-03-03T14:00:43.728,57.946,1026.891,18.254,-112.889,-0.000,0.0,-0.000,22.805
2026-03-03T14:00:44.247,58.449,1026.893,18.254,-112.904,-0.000,0.0,-0.008,22.816
2026-03-03T14:00:44.734,58.952,1026.890,18.259,-112.878,-0.000,0.0,0.007,22.837
2026-03-03T14:00:45.237,59.455,1026.889,18.250,-112.877,-0.000,0.0,-0.022,22.835
2026-03-03T14:00:45.740,59.958,1026.888,18.265,-112.867,-0.000,0.0,-0.022,22.832
2026-03-03T14:00:46.245,60.461,1026.889,18.245,-112.874,-0.000,0.0,-0.023,22.828
2026-03-03T14:00:46.745,60.964,1026.892,18.260,-112.902,-0.000,0.0,0.008,22.825
2026-03-03T14:00:47.250,61.467,1026.890,18.277,-112.885,-0.000,0.0,0.013,22.819
2026-03-03T14:00:47.751,61.970,1026.890,18.272,-112.881,-0.000,0.0,0.012,22.819
2026-03-03T14:00:48.256,62.473,1026.890,18.273,-112.881,-0.000,0.0,0.004,22.832
2026-03-03T14:00:48.759,62.977,1026.888,18.272,-112.866,-0.000,0.0,-0.024,22.816
2026-03-03T14:00:49.263,63.480,1026.890,18.271,-112.879,-0.000,0.0,0.018,22.821
2026-03-03T14:00:49.764,63.983,1026.885,18.271,-112.842,-0.000,0.0,-0.022,22.816
2026-03-03T14:00:50.270,64.487,1026.889,18.274,-112.875,-0.000,0.0,-0.003,22.841
2026-03-03T14:00:50.776,64.991,1026.885,18.282,-112.843,-0.000,0.0,0.013,22.810
2026-03-03T14:00:51.278,65.496,1026.882,18.264,-112.813,-0.000,0.0,-0.012,22.816
2026-03-03T14:00:51.792,65.991,1026.886,18.280,-112.849,-0.000,0.0,-0.028,22.814
2026-03-03T14:00:52.273,66.491,1026.885,18.274,-112.844,-0.000,0.0,0.002,22.835
2026-03-03T14:00:52.775,66.991,1026.883,18.273,-112.828,-0.000,0.0,0.006,22.844
2026-03-03T14:00:53.272,67.491,1026.885,18.289,-112.841,-0.000,0.0,0.019,22.825
2026-03-03T14:00:53.773,67.991,1026.884,18.286,-112.831,-0.000,0.0,-0.015,22.830
2026-03-03T14:00:54.272,68.491,1026.879,18.288,-112.795,-0.000,0.0,0.011,22.835
2026-03-03T14:00:54.773,68.991,1026.884,18.295,-112.831,-0.000,0.0,0.008,22.832
2026-03-03T14:00:55.272,69.491,1026.882,18.302,-112.814,-0.000,0.0,0.013,22.830
2026-03-03T14:00:55.773,69.991,1026.881,18.302,-112.806,-0.000,0.0,-0.000,22.825
2026-03-03T14:00:56.276,70.491,1026.881,18.296,-112.809,-0.000,0.0,-0.000,22.835
2026-03-03T14:00:56.772,70.991,1026.881,18.297,-112.810,-0.000,0.0,0.001,22.839
2026-03-03T14:00:57.273,71.491,1026.881,18.298,-112.810,-0.000,0.0,0.014,22.837
2026-03-03T14:00:57.773,71.991,1026.883,18.315,-112.824,-0.000,0.0,-0.003,22.832
2026-03-03T14:00:58.273,72.491,1026.877,18.302,-112.776,-0.000,0.0,0.008,22.828
2026-03-03T14:00:58.772,72.991,1026.879,18.298,-112.788,-0.000,0.0,-0.019,22.825
2026-03-03T14:00:59.274,73.491,1026.881,18.311,-112.806,-0.000,0.0,0.008,22.828
2026-03-03T14:00:59.773,73.991,1026.880,18.318,-112.797,-0.000,0.0,-0.000,22.835
2026-03-03T14:01:00.273,74.491,1026.876,18.304,-112.770,-0.000,0.0,0.008,22.825
2026-03-03T14:01:00.772,74.991,1026.876,18.312,-112.769,-0.000,0.0,-0.014,22.830
2026-03-03T14:01:01.274,75.491,1026.878,18.315,-112.787,-0.000,0.0,0.026,22.837
2026-03-03T14:01:01.782,75.993,1026.876,18.313,-112.769,-0.000,0.0,-0.001,22.810
2026-03-03T14:01:02.279,76.497,1026.876,18.296,-112.771,-0.000,0.0,0.012,22.841
2026-03-03T14:01:02.788,76.996,1026.874,18.312,-112.753,-0.000,0.0,0.015,22.832
2026-03-03T14:01:03.278,77.496,1026.875,18.304,-112.762,-0.000,0.0,0.007,22.810
2026-03-03T14:01:03.779,77.996,1026.876,18.328,-112.766,-0.000,0.0,-0.020,22.825
2026-03-03T14:01:04.277,78.496,1026.873,18.316,-112.740,-0.000,0.0,-0.011,22.810
2026-03-03T14:01:04.778,78.996,1026.875,18.323,-112.755,-0.000,0.0,0.001,22.830
2026-03-03T14:01:05.277,79.496,1026.876,18.322,-112.769,-0.000,0.0,-0.008,22.814
2026-03-03T14:01:05.778,79.996,1026.875,18.323,-112.755,-0.000,0.0,0.004,22.841
2026-03-03T14:01:06.277,80.496,1026.873,18.327,-112.743,-0.000,0.0,-0.003,22.832
2026-03-03T14:01:06.779,80.996,1026.873,18.331,-112.746,-0.000,0.0,0.022,22.848
2026-03-03T14:01:07.279,81.496,1026.874,18.326,-112.749,-0.000,0.0,-0.027,22.823
2026-03-03T14:01:07.777,81.996,1026.872,18.327,-112.734,-0.000,0.0,-0.021,22.814
2026-03-03T14:01:08.279,82.496,1026.872,18.317,-112.734,-0.000,0.0,0.015,22.805
2026-03-03T14:01:08.778,82.996,1026.870,18.323,-112.716,-0.000,0.0,0.016,22.814
2026-03-03T14:01:09.278,83.496,1026.870,18.329,-112.713,-0.000,0.0,0.017,22.846
2026-03-03T14:01:09.777,83.996,1026.870,18.329,-112.713,-0.000,0.0,-0.015,22.844
2026-03-03T14:01:10.277,84.496,1026.869,18.334,-112.709,-0.000,0.0,0.007,22.830
2026-03-03T14:01:10.777,84.996,1026.867,18.337,-112.696,-0.000,0.0,0.023,22.832
2026-03-03T14:01:11.278,85.496,1026.868,18.329,-112.698,-0.000,0.0,-0.030,22.814
2026-03-03T14:01:11.780,85.996,1026.869,18.336,-112.711,-0.000,0.0,0.015,22.828
2026-03-03T14:01:12.278,86.496,1026.870,18.336,-112.718,-0.000,0.0,0.001,22.812
2026-03-03T14:01:12.803,86.996,1026.868,18.346,-112.704,-0.000,0.0,-0.009,22.816
2026-03-03T14:01:13.280,87.499,1026.867,18.339,-112.690,-0.000,0.0,0.020,22.828
2026-03-03T14:01:13.785,88.003,1026.868,18.342,-112.700,-0.000,0.0,0.009,22.819
2026-03-03T14:01:14.289,88.508,1026.868,18.346,-112.704,-0.000,0.0,-0.018,22.825
2026-03-03T14:01:14.784,89.003,1026.867,18.357,-112.690,-0.000,0.0,-0.012,22.814
2026-03-03T14:01:15.284,89.503,1026.868,18.349,-112.699,-0.000,0.0,-0.006,22.812
2026-03-03T14:01:15.785,90.003,1026.865,18.344,-112.679,-0.000,0.0,-0.014,22.841
2026-03-03T14:01:16.284,90.503,1026.865,18.342,-112.677,-0.000,0.0,0.014,22.830
2026-03-03T14:01:16.785,91.003,1026.867,18.351,-112.693,-0.000,0.0,-0.000,22.825
2026-03-03T14:01:17.284,91.503,1026.865,18.352,-112.679,-0.000,0.0,0.009,22.819
2026-03-03T14:01:17.786,92.003,1026.865,18.353,-112.672,-0.000,0.0,0.009,22.825
2026-03-03T14:01:18.291,92.503,1026.865,18.353,-112.672,-0.000,0.0,0.003,22.832
2026-03-03T14:01:18.785,93.003,1026.867,18.353,-112.695,-0.000,0.0,-0.035,22.830
2026-03-03T14:01:19.285,93.503,1026.864,18.348,-112.667,-0.000,0.0,-0.002,22.816
2026-03-03T14:01:19.784,94.003,1026.866,18.374,-112.688,-0.000,0.0,0.034,22.841
2026-03-03T14:01:20.286,94.503,1026.867,18.376,-112.690,-0.000,0.0,-0.016,22.810
2026-03-03T14:01:20.784,95.003,1026.862,18.360,-112.654,-0.000,0.0,0.007,22.839
2026-03-03T14:01:21.285,95.503,1026.861,18.363,-112.641,-0.000,0.0,-0.005,22.812
2026-03-03T14:01:21.784,96.003,1026.864,18.372,-112.664,-0.000,0.0,0.004,22.835
2026-03-03T14:01:22.285,96.503,1026.863,18.366,-112.659,-0.000,0.0,-0.016,22.825
2026-03-03T14:01:22.784,97.003,1026.863,18.369,-112.662,-0.000,0.0,0.025,22.830
2026-03-03T14:01:23.285,97.503,1026.860,18.368,-112.638,-0.000,0.0,0.004,22.832
2026-03-03T14:01:23.784,98.003,1026.863,18.364,-112.658,-0.000,0.0,0.006,22.825
2026-03-03T14:01:24.285,98.503,1026.862,18.365,-112.650,-0.000,0.0,-0.003,22.835
2026-03-03T14:01:24.796,99.003,1026.861,18.361,-112.640,-0.000,0.0,0.011,22.823
2026-03-03T14:01:25.287,99.506,1026.860,18.373,-112.634,-0.000,0.0,0.008,22.812
2026-03-03T14:01:25.806,100.011,1026.859,18.374,-112.627,-0.000,0.0,0.008,22.816
2026-03-03T14:01:26.287,100.506,1026.861,18.389,-112.640,-0.000,0.0,-0.014,22.814
2026-03-03T14:01:26.788,101.006,1026.855,18.382,-112.596,-0.000,0.0,-0.023,22.807
2026-03-03T14:01:27.287,101.506,1026.858,18.374,-112.620,-0.000,0.0,-0.013,22.844
2026-03-03T14:01:27.787,102.006,1026.858,18.386,-112.615,-0.000,0.0,-0.040,22.821
2026-03-03T14:01:28.287,102.506,1026.856,18.386,-112.599,-0.000,0.0,-0.016,22.803
2026-03-03T14:01:28.788,103.006,1026.857,18.381,-112.611,-0.000,0.0,0.027,22.825
2026-03-03T14:01:29.291,103.506,1026.856,18.384,-112.605,-0.000,0.0,-0.009,22.816
2026-03-03T14:01:29.788,104.006,1026.855,18.379,-112.594,-0.000,0.0,-0.018,22.839
2026-03-03T14:01:30.288,104.506,1026.853,18.377,-112.576,-0.000,0.0,-0.002,22.828
2026-03-03T14:01:30.787,105.006,1026.855,18.387,-112.592,-0.000,0.0,-0.025,22.844
2026-03-03T14:01:31.288,105.506,1026.852,18.384,-112.567,-0.000,0.0,0.027,22.823
2026-03-03T14:01:31.787,106.006,1026.853,18.391,-112.581,-0.000,0.0,-0.016,22.825
2026-03-03T14:01:32.286,106.506,1026.853,18.393,-112.574,-0.000,0.0,-0.015,22.830
2026-03-03T14:01:32.787,107.006,1026.851,18.391,-112.558,-0.000,0.0,-0.028,22.821
2026-03-03T14:01:33.287,107.506,1026.850,18.399,-112.556,-0.000,0.0,-0.031,22.823
2026-03-03T14:01:33.790,108.006,1026.851,18.400,-112.565,-0.000,0.0,-0.031,22.810
2026-03-03T14:01:34.287,108.506,1026.853,18.391,-112.581,-0.000,0.0,0.009,22.810
2026-03-03T14:01:34.801,109.006,1026.850,18.389,-112.556,-0.000,0.0,-0.011,22.819
2026-03-03T14:01:35.286,109.506,1026.852,18.397,-112.570,-0.000,0.0,-0.026,22.819
2026-03-03T14:01:35.786,110.006,1026.849,18.400,-112.542,-0.000,0.0,-0.005,22.819
2026-03-03T14:01:36.286,110.506,1026.851,18.414,-112.561,-0.000,0.0,0.021,22.835
2026-03-03T14:01:36.791,111.008,1026.850,18.402,-112.551,-0.000,0.0,0.000,22.823
2026-03-03T14:01:37.288,111.508,1026.848,18.398,-112.532,-0.000,0.0,0.003,22.830
2026-03-03T14:01:37.789,112.008,1026.850,18.415,-112.554,-0.000,0.0,-0.001,22.816
2026-03-03T14:01:38.288,112.508,1026.850,18.407,-112.555,-0.000,0.0,-0.023,22.835
2026-03-03T14:01:38.790,113.008,1026.849,18.409,-112.549,-0.000,0.0,-0.017,22.844
2026-03-03T14:01:39.288,113.508,1026.848,18.417,-112.540,-0.000,0.0,0.005,22.812
2026-03-03T14:01:39.790,114.008,1026.848,18.420,-112.536,-0.000,0.0,-0.007,22.825
2026-03-03T14:01:40.301,114.508,1026.848,18.435,-112.540,-0.000,0.0,-0.014,22.805
2026-03-03T14:01:40.788,115.008,1026.849,18.424,-112.547,-0.000,0.0,0.014,22.823
2026-03-03T14:01:41.291,115.508,1026.849,18.431,-112.546,-0.000,0.0,-0.002,22.837
2026-03-03T14:01:41.789,116.008,1026.851,18.436,-112.564,-0.000,0.0,-0.001,22.828
2026-03-03T14:01:42.290,116.508,1026.850,18.432,-112.553,-0.000,0.0,-0.014,22.828
2026-03-03T14:01:42.788,117.008,1026.846,18.427,-112.517,-0.000,0.0,-0.009,22.830
2026-03-03T14:01:43.289,117.508,1026.847,18.424,-112.530,-0.000,0.0,0.016,22.832
2026-03-03T14:01:43.791,118.008,1026.849,18.436,-112.549,-0.000,0.0,-0.006,22.828
2026-03-03T14:01:44.289,118.508,1026.848,18.416,-112.532,-0.000,0.0,-0.011,22.825
2026-03-03T14:01:44.788,119.008,1026.847,18.415,-112.531,-0.000,0.0,0.004,22.814
2026-03-03T14:01:45.289,119.508,1026.851,18.418,-112.564,-0.000,0.0,0.016,22.828
2026-03-03T14:01:45.790,120.008,1026.847,18.419,-112.526,-0.000,0.0,0.008,22.812
2026-03-03T14:01:46.288,120.508,1026.852,18.431,-112.567,-0.000,0.0,-0.011,22.814
2026-03-03T14:01:46.790,121.008,1026.849,18.421,-112.544,-0.000,0.0,-0.005,22.837
2026-03-03T14:01:47.288,121.508,1026.856,18.425,-112.601,-0.000,0.0,0.004,22.810
2026-03-03T14:01:47.792,122.011,1026.852,18.419,-112.572,-0.000,0.0,0.002,22.828
2026-03-03T14:01:48.296,122.515,1026.856,18.422,-112.606,-0.000,0.0,-0.021,22.810
2026-03-03T14:01:48.802,123.020,1026.850,18.434,-112.554,-0.000,0.0,-0.011,22.825
2026-03-03T14:01:49.295,123.515,1026.853,18.422,-112.575,-0.000,0.0,0.005,22.823
2026-03-03T14:01:49.796,124.015,1026.865,18.442,-112.675,-0.000,0.0,0.002,22.810
2026-03-03T14:01:50.300,124.515,1026.857,18.429,-112.611,-0.000,0.0,0.016,22.812
2026-03-03T14:01:50.795,125.015,1026.854,18.434,-112.585,-0.000,0.0,0.014,22.796
2026-03-03T14:01:51.297,125.515,1026.864,18.438,-112.665,-0.000,0.0,0.014,22.816
2026-03-03T14:01:51.795,126.015,1026.850,18.430,-112.551,-0.000,0.0,0.002,22.812
2026-03-03T14:01:52.297,126.515,1026.839,18.428,-112.465,-0.000,0.0,0.017,22.825
2026-03-03T14:01:52.795,127.015,1026.836,18.446,-112.441,-0.000,0.0,-0.008,22.819
2026-03-03T14:01:53.297,127.515,1026.840,18.444,-112.471,-0.000,0.0,-0.027,22.821
2026-03-03T14:01:53.797,128.016,1026.839,18.445,-112.465,-0.000,0.0,0.001,22.821
2026-03-03T14:01:54.298,128.516,1026.837,18.447,-112.442,-0.000,0.0,0.009,22.812
2026-03-03T14:01:54.800,129.016,1026.836,18.441,-112.437,-0.000,0.0,-0.014,22.821
2026-03-03T14:01:55.297,129.516,1026.835,18.442,-112.431,-0.000,0.0,-0.038,22.810
2026-03-03T14:01:55.804,130.016,1026.841,18.450,-112.482,-0.000,0.0,-0.016,22.805
2026-03-03T14:01:56.296,130.516,1026.841,18.453,-112.478,-0.000,0.0,-0.015,22.835
2026-03-03T14:01:56.798,131.016,1026.838,18.449,-112.452,-0.000,0.0,0.006,22.814
2026-03-03T14:01:57.297,131.516,1026.837,18.453,-112.447,-0.000,0.0,-0.002,22.830
2026-03-03T14:01:57.798,132.016,1026.833,18.445,-112.411,-0.000,0.0,0.009,22.821
2026-03-03T14:01:58.296,132.516,1026.841,18.464,-112.480,-0.000,0.0,0.017,22.828
2026-03-03T14:01:58.798,133.016,1026.838,18.452,-112.455,-0.000,0.0,-0.021,22.812
2026-03-03T14:01:59.297,133.517,1026.836,18.460,-112.438,-0.000,0.0,0.005,22.835
2026-03-03T14:01:59.802,134.022,1026.825,18.455,-112.349,-0.000,0.0,-0.002,22.800
2026-03-03T14:02:00.297,134.517,1026.827,18.457,-112.360,-0.000,0.0,0.008,22.816
2026-03-03T14:02:00.797,135.017,1026.827,18.459,-112.361,-0.000,0.0,0.015,22.816
2026-03-03T14:02:01.306,135.517,1026.821,18.464,-112.311,-0.000,0.0,-0.021,22.800
2026-03-03T14:02:01.798,136.017,1026.809,18.473,-112.219,-0.000,0.0,0.034,22.835
2026-03-03T14:02:02.297,136.517,1026.802,18.469,-112.154,-0.000,0.0,-0.006,22.816
2026-03-03T14:02:02.797,137.017,1026.798,18.465,-112.129,-0.000,0.0,-0.001,22.839
2026-03-03T14:02:03.299,137.517,1026.794,18.463,-112.095,-0.000,0.0,-0.042,22.816
2026-03-03T14:02:03.798,138.017,1026.788,18.471,-112.041,-0.000,0.0,0.002,22.821
2026-03-03T14:02:04.299,138.517,1026.771,18.456,-111.898,-0.000,0.0,-0.011,22.816
2026-03-03T14:02:04.797,139.017,1026.759,18.468,-111.800,-0.000,0.0,-0.015,22.821
2026-03-03T14:02:05.298,139.517,1026.752,18.465,-111.745,-0.000,0.0,-0.005,22.821
2026-03-03T14:02:05.797,140.017,1026.735,18.479,-111.610,-0.000,0.0,0.001,22.821
2026-03-03T14:02:06.298,140.517,1026.725,18.477,-111.525,-0.000,0.0,0.031,22.816
2026-03-03T14:02:06.810,141.017,1026.713,18.481,-111.428,-0.000,0.0,0.024,22.805
2026-03-03T14:02:07.298,141.517,1026.718,18.471,-111.466,-0.000,0.0,-0.015,22.821
2026-03-03T14:02:07.798,142.017,1026.713,18.470,-111.427,-0.000,0.0,-0.018,22.819
2026-03-03T14:02:08.297,142.517,1026.708,18.467,-111.386,-0.000,0.0,-0.009,22.828
2026-03-03T14:02:08.799,143.017,1026.704,18.469,-111.350,-0.000,0.0,0.014,22.807
2026-03-03T14:02:09.297,143.517,1026.703,18.473,-111.345,-0.000,0.0,0.029,22.830
2026-03-03T14:02:09.800,144.019,1026.715,18.469,-111.441,-0.000,0.0,-0.027,22.821
2026-03-03T14:02:10.304,144.524,1026.711,18.469,-111.411,-0.000,0.0,-0.028,22.819
2026-03-03T14:02:10.800,145.019,1026.697,18.482,-111.291,-0.000,0.0,-0.005,22.821
2026-03-03T14:02:11.315,145.519,1026.682,18.480,-111.166,-0.000,0.0,0.019,22.832
2026-03-03T14:02:11.799,146.019,1026.668,18.482,-111.053,-0.000,0.0,-0.001,22.821
2026-03-03T14:02:12.300,146.519,1026.647,18.481,-110.883,-0.000,0.0,0.017,22.823
2026-03-03T14:02:12.799,147.019,1026.623,18.484,-110.687,-0.000,0.0,0.036,22.841
2026-03-03T14:02:13.300,147.519,1026.612,18.482,-110.593,-0.000,0.0,-0.005,22.819
2026-03-03T14:02:13.799,148.019,1026.595,18.472,-110.454,-0.000,0.0,-0.004,22.835
2026-03-03T14:02:14.300,148.519,1026.558,18.484,-110.150,-0.000,0.0,0.010,22.821
2026-03-03T14:02:14.799,149.019,1026.536,18.472,-109.971,-0.000,0.0,0.016,22.812
2026-03-03T14:02:15.301,149.519,1026.527,18.478,-109.892,-0.000,0.0,0.030,22.810
2026-03-03T14:02:15.806,150.019,1026.523,18.488,-109.861,-0.000,0.0,0.002,22.825
2026-03-03T14:02:16.299,150.519,1026.527,18.484,-109.897,-0.000,0.0,-0.014,22.832
2026-03-03T14:02:16.800,151.019,1026.525,18.480,-109.879,-0.000,0.0,0.021,22.830
2026-03-03T14:02:17.299,151.519,1026.546,18.477,-110.052,-0.000,0.0,-0.012,22.823
2026-03-03T14:02:17.800,152.019,1026.536,18.491,-109.964,-0.000,0.0,-0.014,22.825
2026-03-03T14:02:18.299,152.519,1026.554,18.501,-110.119,-0.000,0.0,-0.003,22.810
2026-03-03T14:02:18.800,153.019,1026.565,18.499,-110.208,-0.000,0.0,0.012,22.816
2026-03-03T14:02:19.299,153.519,1026.578,18.507,-110.315,-0.000,0.0,0.019,22.832
2026-03-03T14:02:19.800,154.019,1026.567,18.507,-110.222,-0.000,0.0,0.005,22.821
2026-03-03T14:02:20.312,154.519,1026.564,18.509,-110.201,-0.000,0.0,0.014,22.828
2026-03-03T14:02:20.805,155.024,1026.588,18.499,-110.392,-0.000,0.0,-0.004,22.832
2026-03-03T14:02:21.301,155.519,1026.600,18.508,-110.492,-0.000,0.0,-0.024,22.821
2026-03-03T14:02:21.799,156.019,1026.593,18.509,-110.439,-0.000,0.0,0.011,22.832
2026-03-03T14:02:22.299,156.519,1026.609,18.509,-110.569,-0.000,0.0,0.026,22.841
2026-03-03T14:02:22.799,157.019,1026.603,18.514,-110.520,-0.000,0.0,0.015,22.819
2026-03-03T14:02:23.300,157.519,1026.611,18.516,-110.583,-0.000,0.0,0.013,22.841
2026-03-03T14:02:23.799,158.019,1026.593,18.509,-110.439,-0.000,0.0,-0.027,22.821
2026-03-03T14:02:24.299,158.519,1026.613,18.526,-110.599,-0.000,0.0,-0.012,22.839
2026-03-03T14:02:24.806,159.019,1026.577,18.510,-110.302,-0.000,0.0,-0.020,22.832
2026-03-03T14:02:25.300,159.519,1026.533,18.515,-109.947,-0.000,0.0,0.013,22.814
2026-03-03T14:02:25.807,160.019,1026.508,18.516,-109.739,-0.000,0.0,0.000,22.837
2026-03-03T14:02:26.299,160.519,1026.471,18.525,-109.433,-0.000,0.0,0.021,22.810
2026-03-03T14:02:26.800,161.019,1026.441,18.522,-109.185,-0.000,0.0,0.002,22.819
2026-03-03T14:02:27.299,161.519,1026.445,18.515,-109.218,-0.000,0.0,-0.004,22.814
2026-03-03T14:02:27.800,162.019,1026.437,18.520,-109.153,-0.000,0.0,-0.007,22.816
2026-03-03T14:02:28.299,162.519,1026.459,18.522,-109.331,-0.000,0.0,-0.023,22.812
2026-03-03T14:02:28.800,163.019,1026.474,18.519,-109.459,-0.000,0.0,-0.013,22.800
2026-03-03T14:02:29.299,163.519,1026.463,18.528,-109.366,-0.000,0.0,-0.026,22.823
2026-03-03T14:02:29.799,164.019,1026.482,18.520,-109.521,-0.000,0.0,-0.024,22.816
2026-03-03T14:02:30.312,164.519,1026.441,18.532,-109.185,-0.000,0.0,-0.001,22.812
2026-03-03T14:02:30.803,165.022,1026.390,18.527,-108.767,-0.000,0.0,-0.043,22.814
2026-03-03T14:02:31.325,165.527,1026.366,18.528,-108.568,-0.000,0.0,-0.001,22.816
2026-03-03T14:02:31.802,166.022,1026.295,18.523,-107.982,-0.000,0.0,-0.001,22.810
2026-03-03T14:02:32.302,166.522,1026.256,18.522,-107.666,-0.000,0.0,-0.010,22.830
2026-03-03T14:02:32.802,167.022,1026.217,18.527,-107.340,-0.000,0.0,0.027,22.823
2026-03-03T14:02:33.303,167.522,1026.176,18.528,-107.004,-0.000,0.0,-0.012,22.830
2026-03-03T14:02:33.801,168.022,1026.134,18.541,-106.654,-0.000,0.0,0.017,22.819
2026-03-03T14:02:34.302,168.522,1026.132,18.540,-106.645,-0.000,0.0,0.007,22.846
2026-03-03T14:02:34.802,169.022,1026.134,18.534,-106.655,-0.000,0.0,0.006,22.810
2026-03-03T14:02:35.302,169.522,1026.089,18.522,-106.285,-0.000,0.0,-0.005,22.830
2026-03-03T14:02:35.801,170.022,1026.055,18.529,-106.006,-0.000,0.0,-0.001,22.828
2026-03-03T14:02:36.303,170.522,1026.045,18.542,-105.925,-0.000,0.0,0.008,22.828
2026-03-03T14:02:36.819,171.022,1026.004,18.535,-105.590,-0.000,0.0,-0.004,22.828
2026-03-03T14:02:37.303,171.522,1025.867,18.536,-104.455,-0.000,0.0,0.019,22.839
2026-03-03T14:02:37.804,172.022,1025.849,18.545,-104.309,-0.000,0.0,-0.002,22.803
2026-03-03T14:02:38.302,172.522,1025.790,18.546,-103.826,-0.000,0.0,-0.024,22.810
2026-03-03T14:02:38.802,173.022,1025.849,18.540,-104.312,-0.000,0.0,0.014,22.805
2026-03-03T14:02:39.301,173.522,1025.827,18.537,-104.125,-0.000,0.0,0.011,22.823
2026-03-03T14:02:39.803,174.022,1025.849,18.545,-104.309,-0.000,0.0,-0.014,22.830
2026-03-03T14:02:40.301,174.522,1025.893,18.539,-104.672,-0.000,0.0,0.010,22.816
2026-03-03T14:02:40.802,175.022,1025.948,18.546,-105.123,-0.000,0.0,0.017,22.819
2026-03-03T14:02:41.306,175.522,1025.991,18.538,-105.477,-0.000,0.0,0.008,22.832
2026-03-03T14:02:41.809,176.027,1025.989,18.541,-105.464,-0.000,0.0,-0.012,22.821
2026-03-03T14:02:42.303,176.522,1026.005,18.533,-105.596,-0.000,0.0,0.031,22.816
2026-03-03T14:02:42.802,177.022,1026.061,18.539,-106.053,-0.000,0.0,0.006,22.814
2026-03-03T14:02:43.303,177.522,1026.062,18.540,-106.062,-0.000,0.0,-0.018,22.825
2026-03-03T14:02:43.801,178.022,1026.107,18.530,-106.437,-0.000,0.0,0.024,22.819
2026-03-03T14:02:44.303,178.522,1026.136,18.536,-106.674,-0.000,0.0,-0.004,22.819
2026-03-03T14:02:44.801,179.022,1026.104,18.530,-106.406,-0.000,0.0,0.007,22.825
2026-03-03T14:02:45.303,179.522,1026.109,18.536,-106.450,-0.000,0.0,-0.022,22.828
2026-03-03T14:02:45.806,180.022,1026.057,18.542,-106.024,-0.000,0.0,-0.006,22.825
2026-03-03T14:02:46.303,180.522,1026.125,18.542,-106.584,-0.000,0.0,0.006,22.830
2026-03-03T14:02:46.808,181.022,1026.168,18.555,-106.934,-0.000,0.0,0.016,22.832
2026-03-03T14:02:47.302,181.522,1026.099,18.549,-106.368,-0.000,0.0,0.015,22.821
2026-03-03T14:02:47.803,182.022,1026.065,18.548,-106.091,-0.000,0.0,-0.020,22.816
2026-03-03T14:02:48.301,182.522,1025.974,18.546,-105.338,-0.000,0.0,0.015,22.816
2026-03-03T14:02:48.802,183.022,1025.938,18.540,-105.042,-0.000,0.0,-0.023,22.816
2026-03-03T14:02:49.301,183.522,1025.818,18.558,-104.051,-0.000,0.0,0.004,22.821
2026-03-03T14:02:49.801,184.022,1025.733,18.542,-103.353,-0.000,0.0,0.002,22.821
2026-03-03T14:02:50.307,184.522,1025.658,18.542,-102.740,-0.000,0.0,0.011,22.855
2026-03-03T14:02:50.802,185.022,1025.546,18.541,-101.811,-0.000,0.0,0.032,22.828
2026-03-03T14:02:51.325,185.522,1025.447,18.538,-101.001,-0.000,0.0,0.026,22.812
2026-03-03T14:02:51.804,186.024,1025.389,18.538,-100.517,-0.000,0.0,0.001,22.810
2026-03-03T14:02:52.309,186.529,1025.253,18.550,-99.398,-0.000,0.0,-0.001,22.830
2026-03-03T14:02:52.803,187.024,1025.226,18.547,-99.180,-0.000,0.0,-0.007,22.819
2026-03-03T14:02:53.304,187.524,1025.206,18.542,-99.008,-0.000,0.0,0.023,22.819
2026-03-03T14:02:53.804,188.024,1025.140,18.538,-98.467,-0.000,0.0,0.018,22.832
2026-03-03T14:02:54.305,188.524,1025.077,18.540,-97.945,-0.000,0.0,-0.017,22.807
2026-03-03T14:02:54.804,189.024,1025.054,18.530,-97.760,-0.000,0.0,-0.005,22.828
2026-03-03T14:02:55.303,189.524,1024.934,18.540,-96.769,-0.000,0.0,0.002,22.837
2026-03-03T14:02:55.807,190.024,1024.803,18.533,-95.687,-0.000,0.0,-0.021,22.825
2026-03-03T14:02:56.304,190.524,1024.780,18.541,-95.501,-0.000,0.0,0.001,22.837
2026-03-03T14:02:56.805,191.024,1024.731,18.546,-95.097,-0.000,0.0,0.015,22.830
2026-03-03T14:02:57.304,191.524,1024.669,18.545,-94.582,-0.000,0.0,-0.027,22.835
2026-03-03T14:02:57.805,192.024,1024.523,18.550,-93.378,-0.000,0.0,0.021,22.823
2026-03-03T14:02:58.303,192.524,1024.455,18.545,-92.821,-0.000,0.0,0.016,22.814
2026-03-03T14:02:58.805,193.024,1024.442,18.552,-92.711,-0.000,0.0,0.005,22.819
2026-03-03T14:02:59.303,193.524,1024.502,18.552,-93.211,-0.000,0.0,-0.021,22.828
2026-03-03T14:02:59.804,194.024,1024.447,18.546,-92.752,-0.000,0.0,0.023,22.810
2026-03-03T14:03:00.304,194.524,1024.517,18.545,-93.328,-0.000,0.0,-0.011,22.812
2026-03-03T14:03:00.804,195.024,1024.476,18.557,-92.993,-0.000,0.0,0.002,22.812
2026-03-03T14:03:01.304,195.524,1024.643,18.541,-94.371,-0.000,0.0,-0.003,22.821
2026-03-03T14:03:01.805,196.024,1024.683,18.563,-94.697,-0.000,0.0,0.016,22.837
2026-03-03T14:03:02.308,196.524,1024.561,18.553,-93.696,-0.000,0.0,0.019,22.823
2026-03-03T14:03:02.809,197.029,1024.687,18.562,-94.734,-0.000,0.0,-0.025,22.814
2026-03-03T14:03:03.326,197.524,1024.401,18.553,-92.373,-0.000,0.0,0.009,22.825
2026-03-03T14:03:03.803,198.024,1024.290,18.550,-91.455,-0.000,0.0,0.017,22.816
2026-03-03T14:03:04.304,198.524,1024.055,18.543,-89.519,-0.000,0.0,-0.001,22.814
2026-03-03T14:03:04.803,199.024,1024.156,18.545,-90.352,-0.000,0.0,0.018,22.807
2026-03-03T14:03:05.304,199.524,1024.243,18.561,-91.073,-0.000,0.0,0.020,22.823
2026-03-03T14:03:05.803,200.024,1024.199,18.548,-90.707,-0.000,0.0,-0.001,22.819
2026-03-03T14:03:06.305,200.524,1024.288,18.557,-91.445,-0.000,0.0,-0.019,22.837
2026-03-03T14:03:06.812,201.024,1024.405,18.553,-92.405,-0.000,0.0,0.023,22.835
2026-03-03T14:03:07.304,201.524,1024.713,18.550,-94.947,-0.000,0.0,0.005,22.823
2026-03-03T14:03:07.803,202.024,1024.689,18.554,-94.750,-0.000,0.0,-0.016,22.841
2026-03-03T14:03:08.302,202.524,1024.598,18.536,-93.998,-0.000,0.0,-0.006,22.812
2026-03-03T14:03:08.805,203.024,1024.671,18.540,-94.600,-0.000,0.0,-0.005,22.816
2026-03-03T14:03:09.321,203.524,1024.560,18.541,-93.686,-0.000,0.0,-0.021,22.832
2026-03-03T14:03:09.803,204.024,1024.357,18.545,-92.012,-0.000,0.0,0.003,22.837
2026-03-03T14:03:10.318,204.524,1024.232,18.537,-90.983,-0.000,0.0,0.026,22.841
2026-03-03T14:03:10.803,205.024,1024.131,18.534,-90.149,-0.000,0.0,0.008,22.828
2026-03-03T14:03:11.310,205.524,1023.751,18.537,-87.011,-0.000,0.0,0.008,22.823
2026-03-03T14:03:11.804,206.024,1023.909,18.546,-88.312,-0.000,0.0,-0.005,22.812
2026-03-03T14:03:12.316,206.524,1023.865,18.540,-87.953,-0.000,0.0,-0.005,22.816
2026-03-03T14:03:12.806,207.027,1023.938,18.556,-88.551,-0.000,0.0,-0.020,22.823
2026-03-03T14:03:13.311,207.531,1024.167,18.556,-90.444,-0.000,0.0,-0.017,22.819
2026-03-03T14:03:13.816,208.036,1024.048,18.546,-89.467,-0.000,0.0,-0.021,22.825
2026-03-03T14:03:14.310,208.531,1024.135,18.544,-90.181,-0.000,0.0,-0.019,22.837
2026-03-03T14:03:14.810,209.031,1024.174,18.547,-90.499,-0.000,0.0,0.007,22.825
2026-03-03T14:03:15.309,209.531,1024.430,18.538,-92.615,-0.000,0.0,0.009,22.830
2026-03-03T14:03:15.810,210.031,1024.300,18.538,-91.538,-0.000,0.0,0.006,22.821
2026-03-03T14:03:16.311,210.531,1024.430,18.544,-92.612,-0.000,0.0,0.013,22.823
2026-03-03T14:03:16.822,211.031,1024.598,18.537,-93.999,-0.000,0.0,0.002,22.830
2026-03-03T14:03:17.311,211.531,1024.597,18.529,-93.992,-0.000,0.0,0.004,22.816
2026-03-03T14:03:17.809,212.031,1024.744,18.540,-95.201,-0.000,0.0,0.011,22.812
2026-03-03T14:03:18.310,212.531,1024.636,18.540,-94.315,-0.000,0.0,-0.000,22.844
2026-03-03T14:03:18.810,213.031,1024.813,18.559,-95.770,-0.000,0.0,-0.025,22.800
2026-03-03T14:03:19.310,213.531,1024.858,18.555,-96.143,-0.000,0.0,-0.017,22.837
2026-03-03T14:03:19.810,214.031,1024.785,18.549,-95.538,-0.000,0.0,-0.024,22.828
2026-03-03T14:03:20.343,214.531,1024.742,18.545,-95.189,-0.000,0.0,0.014,22.816
2026-03-03T14:03:20.810,215.031,1024.851,18.547,-96.082,-0.000,0.0,0.016,22.816
2026-03-03T14:03:21.311,215.531,1024.707,18.560,-94.894,-0.000,0.0,0.050,22.791
2026-03-03T14:03:21.811,216.031,1024.818,18.550,-95.816,-0.000,0.0,-0.012,22.821
2026-03-03T14:03:22.311,216.531,1024.657,18.556,-94.483,-0.000,0.0,0.001,22.821
2026-03-03T14:03:22.810,217.031,1024.631,18.552,-94.272,-0.000,0.0,0.013,22.823
2026-03-03T14:03:23.310,217.531,1024.740,18.565,-95.168,-0.000,0.0,0.010,22.819
2026-03-03T14:03:23.830,218.031,1024.727,18.553,-95.065,-0.000,0.0,0.020,22.805
2026-03-03T14:03:24.317,218.536,1024.589,18.548,-93.923,-0.000,0.0,0.007,22.828
2026-03-03T14:03:24.813,219.031,1024.855,18.544,-96.118,-0.000,0.0,-0.001,22.807
2026-03-03T14:03:25.309,219.531,1024.569,18.548,-93.762,-0.000,0.0,-0.013,22.825
2026-03-03T14:03:25.813,220.031,1024.482,18.551,-93.041,-0.000,0.0,-0.003,22.823
2026-03-03T14:03:26.313,220.531,1024.475,18.551,-92.988,-0.000,0.0,-0.010,22.823
2026-03-03T14:03:26.811,221.031,1024.441,18.548,-92.708,-0.000,0.0,-0.011,22.828
2026-03-03T14:03:27.312,221.531,1024.675,18.534,-94.634,-0.000,0.0,0.003,22.825
2026-03-03T14:03:27.810,222.031,1024.392,18.542,-92.303,-0.000,0.0,-0.006,22.796
2026-03-03T14:03:28.336,222.531,1024.448,18.546,-92.760,-0.000,0.0,0.020,22.823
2026-03-03T14:03:28.810,223.031,1024.648,18.544,-94.412,-0.000,0.0,0.020,22.821
2026-03-03T14:03:29.312,223.531,1024.873,18.549,-96.269,-0.000,0.0,0.010,22.821
2026-03-03T14:03:29.810,224.031,1024.613,18.540,-94.124,-0.000,0.0,0.020,22.807
2026-03-03T14:03:30.311,224.531,1024.693,18.530,-94.784,-0.000,0.0,0.019,22.810
2026-03-03T14:03:30.811,225.031,1024.659,18.549,-94.501,-0.000,0.0,-0.001,22.821
2026-03-03T14:03:31.311,225.531,1024.737,18.549,-95.147,-0.000,0.0,0.010,22.796
2026-03-03T14:03:31.811,226.031,1024.655,18.546,-94.467,-0.000,0.0,0.001,22.828
2026-03-03T14:03:32.310,226.531,1024.874,18.548,-96.276,-0.000,0.0,0.008,22.807
2026-03-03T14:03:32.810,227.031,1024.830,18.547,-95.914,-0.000,0.0,-0.002,22.841
2026-03-03T14:03:33.310,227.531,1024.611,18.541,-94.110,-0.000,0.0,-0.006,22.830
2026-03-03T14:03:33.810,228.031,1024.557,18.535,-93.659,-0.000,0.0,-0.003,22.805
2026-03-03T14:03:34.332,228.531,1024.745,18.539,-95.215,-0.000,0.0,-0.000,22.819
2026-03-03T14:03:34.815,229.036,1024.634,18.548,-94.292,-0.000,0.0,0.004,22.810
2026-03-03T14:03:35.309,229.531,1024.694,18.540,-94.793,-0.000,0.0,-0.001,22.835
2026-03-03T14:03:35.810,230.031,1024.576,18.533,-93.818,-0.000,0.0,0.018,22.816
2026-03-03T14:03:36.311,230.531,1024.907,18.546,-96.544,-0.000,0.0,0.018,22.823
2026-03-03T14:03:36.813,231.031,1024.789,18.540,-95.570,-0.000,0.0,-0.009,22.832
2026-03-03T14:03:37.310,231.531,1024.596,18.536,-93.982,-0.000,0.0,0.002,22.814
2026-03-03T14:03:37.830,232.031,1024.846,18.540,-96.047,-0.000,0.0,-0.018,22.825
2026-03-03T14:03:38.312,232.531,1024.706,18.538,-94.891,-0.000,0.0,0.007,22.830
2026-03-03T14:03:38.812,233.031,1024.609,18.538,-94.092,-0.000,0.0,-0.006,22.837
2026-03-03T14:03:39.310,233.531,1024.655,18.536,-94.467,-0.000,0.0,-0.021,22.819
2026-03-03T14:03:39.810,234.031,1024.724,18.537,-95.036,-0.000,0.0,-0.005,22.832
2026-03-03T14:03:40.309,234.531,1024.694,18.533,-94.787,-0.000,0.0,-0.028,22.828
2026-03-03T14:03:40.811,235.031,1024.756,18.532,-95.302,-0.000,0.0,0.030,22.832
2026-03-03T14:03:41.326,235.531,1024.864,18.537,-96.190,-0.000,0.0,0.005,22.823
2026-03-03T14:03:41.811,236.031,1024.618,18.537,-94.167,-0.000,0.0,0.022,22.819
2026-03-03T14:03:42.311,236.531,1024.694,18.535,-94.789,-0.000,0.0,-0.014,22.803
2026-03-03T14:03:42.809,237.031,1024.797,18.540,-95.640,-0.000,0.0,-0.004,22.828
2026-03-03T14:03:43.312,237.531,1024.810,18.545,-95.751,-0.000,0.0,0.011,22.807
2026-03-03T14:03:43.810,238.031,1024.687,18.542,-94.733,-0.000,0.0,-0.008,22.823
2026-03-03T14:03:44.312,238.531,1024.676,18.525,-94.642,-0.000,0.0,0.008,22.835
2026-03-03T14:03:44.813,239.031,1024.870,18.527,-96.244,-0.000,0.0,-0.015,22.823
2026-03-03T14:03:45.316,239.535,1024.807,18.535,-95.718,-0.000,0.0,0.001,22.812
2026-03-03T14:03:45.810,240.031,1024.624,18.545,-94.213,-0.000,0.0,-0.010,22.825
2026-03-03T14:03:46.310,240.531,1024.554,18.540,-93.640,-0.000,0.0,0.013,22.835
2026-03-03T14:03:46.810,241.031,1024.694,18.534,-94.788,-0.000,0.0,0.013,22.814
2026-03-03T14:03:47.310,241.531,1024.704,18.539,-94.876,-0.000,0.0,-0.016,22.828
2026-03-03T14:03:47.810,242.031,1024.836,18.535,-95.965,-0.000,0.0,-0.020,22.828
2026-03-03T14:03:48.310,242.531,1024.771,18.540,-95.424,-0.000,0.0,-0.013,22.828
2026-03-03T14:03:48.809,243.031,1024.721,18.542,-95.010,-0.000,0.0,-0.017,22.810
2026-03-03T14:03:49.309,243.531,1024.945,18.527,-96.859,-0.000,0.0,0.030,22.828
2026-03-03T14:03:49.811,244.031,1024.841,18.521,-95.999,-0.000,0.0,0.004,22.823
2026-03-03T14:03:50.329,244.531,1024.814,18.532,-95.779,-0.000,0.0,-0.021,22.814
2026-03-03T14:03:50.810,245.031,1024.637,18.542,-94.317,-0.000,0.0,-0.011,22.821
2026-03-03T14:03:51.310,245.531,1024.895,18.534,-96.448,-0.000,0.0,-0.020,22.814
2026-03-03T14:03:51.810,246.031,1024.874,18.526,-96.273,-0.000,0.0,0.018,22.828
2026-03-03T14:03:52.310,246.531,1024.928,18.540,-96.723,-0.000,0.0,-0.005,22.825
2026-03-03T14:03:52.810,247.031,1024.857,18.545,-96.135,-0.000,0.0,-0.007,22.830
2026-03-03T14:03:53.311,247.531,1024.783,18.538,-95.522,-0.000,0.0,-0.021,22.835
2026-03-03T14:03:53.825,248.031,1024.835,18.539,-95.953,-0.000,0.0,0.012,22.830
2026-03-03T14:03:54.310,248.531,1024.753,18.533,-95.280,-0.000,0.0,-0.007,22.825
2026-03-03T14:03:54.811,249.031,1024.898,18.533,-96.471,-0.000,0.0,-0.026,22.816
2026-03-03T14:03:55.309,249.531,1024.875,18.542,-96.279,-0.000,0.0,-0.012,22.835
2026-03-03T14:03:55.815,250.036,1025.008,18.530,-97.376,-0.000,0.0,-0.012,22.810
2026-03-03T14:03:56.309,250.531,1024.987,18.527,-97.204,-0.000,0.0,0.002,22.816
2026-03-03T14:03:56.809,251.031,1024.866,18.530,-96.207,-0.000,0.0,-0.022,22.810
2026-03-03T14:03:57.314,251.531,1024.622,18.537,-94.199,-0.000,0.0,-0.005,22.823
2026-03-03T14:03:57.809,252.031,1024.728,18.527,-95.074,-0.000,0.0,0.007,22.819
2026-03-03T14:03:58.309,252.531,1024.527,18.527,-93.413,-0.000,0.0,0.016,22.823
2026-03-03T14:03:58.809,253.031,1024.521,18.540,-93.362,-0.000,0.0,-0.021,22.825
2026-03-03T14:03:59.310,253.531,1024.595,18.536,-93.975,-0.000,0.0,-0.002,22.819
2026-03-03T14:03:59.809,254.031,1024.663,18.540,-94.532,-0.000,0.0,0.016,22.816
2026-03-03T14:04:00.310,254.531,1024.654,18.542,-94.464,-0.000,0.0,0.020,22.828
2026-03-03T14:04:00.827,255.031,1024.621,18.542,-94.187,-0.000,0.0,-0.014,22.839
2026-03-03T14:04:01.309,255.531,1024.663,18.526,-94.536,-0.000,0.0,-0.014,22.828
2026-03-03T14:04:01.810,256.031,1024.646,18.533,-94.395,-0.000,0.0,0.012,22.819
2026-03-03T14:04:02.309,256.531,1024.538,18.526,-93.505,-0.000,0.0,0.016,22.823
2026-03-03T14:04:02.810,257.031,1024.801,18.534,-95.672,-0.000,0.0,-0.019,22.803
2026-03-03T14:04:03.309,257.531,1024.918,18.527,-96.634,-0.000,0.0,-0.007,22.825
2026-03-03T14:04:03.810,258.031,1024.991,18.547,-97.236,-0.000,0.0,0.009,22.816
2026-03-03T14:04:04.314,258.531,1024.621,18.538,-94.192,-0.000,0.0,0.014,22.821
2026-03-03T14:04:04.810,259.031,1024.837,18.536,-95.966,-0.000,0.0,0.002,22.823
2026-03-03T14:04:05.311,259.531,1024.731,18.522,-95.094,-0.000,0.0,-0.033,22.839
2026-03-03T14:04:05.810,260.031,1024.747,18.539,-95.231,-0.000,0.0,0.001,22.828
2026-03-03T14:04:06.315,260.536,1024.606,18.542,-94.065,-0.000,0.0,0.002,22.825
2026-03-03T14:04:06.809,261.031,1024.677,18.539,-94.654,-0.000,0.0,0.016,22.814
2026-03-03T14:04:07.310,261.531,1024.709,18.538,-94.914,-0.000,0.0,0.006,22.819
2026-03-03T14:04:07.809,262.031,1024.618,18.538,-94.161,-0.000,0.0,-0.009,22.814
2026-03-03T14:04:08.311,262.531,1024.608,18.540,-94.078,-0.000,0.0,0.017,22.825
2026-03-03T14:04:08.812,263.031,1024.748,18.548,-95.238,-0.000,0.0,0.023,22.835
2026-03-03T14:04:09.309,263.531,1024.965,18.545,-97.027,-0.000,0.0,0.002,22.816
2026-03-03T14:04:09.812,264.031,1024.683,18.544,-94.697,-0.000,0.0,0.006,22.837
2026-03-03T14:04:10.309,264.531,1024.729,18.537,-95.075,-0.000,0.0,-0.002,22.805
2026-03-03T14:04:10.810,265.031,1024.711,18.534,-94.933,-0.000,0.0,0.009,22.832
2026-03-03T14:04:11.312,265.531,1024.902,18.532,-96.508,-0.000,0.0,0.030,22.823
2026-03-03T14:04:11.810,266.031,1024.754,18.547,-95.284,-0.000,0.0,-0.009,22.807
2026-03-03T14:04:12.315,266.531,1024.724,18.544,-95.035,-0.000,0.0,-0.001,22.812
2026-03-03T14:04:12.811,267.031,1024.645,18.545,-94.389,-0.000,0.0,-0.009,22.819
2026-03-03T14:04:13.309,267.531,1024.781,18.525,-95.504,-0.000,0.0,0.001,22.832
2026-03-03T14:04:13.809,268.031,1024.657,18.536,-94.489,-0.000,0.0,0.018,22.841
2026-03-03T14:04:14.310,268.531,1024.669,18.539,-94.585,-0.000,0.0,-0.014,22.816
2026-03-03T14:04:14.809,269.031,1024.700,18.544,-94.842,-0.000,0.0,0.001,22.830
2026-03-03T14:04:15.308,269.531,1024.746,18.548,-95.223,-0.000,0.0,0.002,22.825
2026-03-03T14:04:15.809,270.031,1024.701,18.540,-94.847,-0.000,0.0,-0.008,22.825
2026-03-03T14:04:16.309,270.531,1024.664,18.535,-94.543,-0.000,0.0,-0.006,22.819
2026-03-03T14:04:16.826,271.036,1024.644,18.551,-94.379,-0.000,0.0,-0.020,22.828
2026-03-03T14:04:17.309,271.531,1024.703,18.550,-94.863,-0.000,0.0,-0.006,22.803
2026-03-03T14:04:17.845,272.031,1024.964,18.536,-97.020,-0.000,0.0,0.004,22.832
2026-03-03T14:04:18.308,272.531,1024.553,18.537,-93.630,-0.000,0.0,-0.014,22.846
2026-03-03T14:04:18.809,273.031,1024.757,18.540,-95.309,-0.000,0.0,-0.004,22.828
2026-03-03T14:04:19.309,273.531,1024.832,18.545,-95.928,-0.000,0.0,0.002,22.819
2026-03-03T14:04:19.809,274.031,1024.816,18.542,-95.794,-0.000,0.0,-0.017,22.837
2026-03-03T14:04:20.309,274.531,1024.801,18.545,-95.674,-0.000,0.0,0.003,22.821
2026-03-03T14:04:20.809,275.031,1024.718,18.536,-94.989,-0.000,0.0,-0.008,22.823
2026-03-03T14:04:21.309,275.531,1024.755,18.531,-95.294,-0.000,0.0,-0.005,22.807
2026-03-03T14:04:21.809,276.031,1024.854,18.536,-96.112,-0.000,0.0,-0.024,22.823
2026-03-03T14:04:22.316,276.531,1024.658,18.541,-94.495,-0.000,0.0,0.004,22.823
2026-03-03T14:04:22.811,277.031,1024.684,18.542,-94.711,-0.000,0.0,0.005,22.814
2026-03-03T14:04:23.319,277.531,1024.723,18.525,-95.027,-0.000,0.0,-0.013,22.828
2026-03-03T14:04:23.810,278.031,1024.621,18.542,-94.187,-0.000,0.0,0.022,22.841
2026-03-03T14:04:24.309,278.531,1024.688,18.535,-94.743,-0.000,0.0,-0.044,22.825
2026-03-03T14:04:24.809,279.031,1024.673,18.529,-94.615,-0.000,0.0,-0.007,22.812
2026-03-03T14:04:25.310,279.531,1024.534,18.530,-93.471,-0.000,0.0,0.019,22.823
2026-03-03T14:04:25.808,280.031,1024.594,18.553,-93.965,-0.000,0.0,-0.011,22.819
2026-03-03T14:04:26.309,280.531,1024.582,18.540,-93.870,-0.000,0.0,0.028,22.825
2026-03-03T14:04:26.809,281.031,1024.551,18.546,-93.614,-0.000,0.0,0.013,22.835
2026-03-03T14:04:27.315,281.536,1024.815,18.547,-95.791,-0.000,0.0,-0.024,22.803
2026-03-03T14:04:27.830,282.031,1024.691,18.540,-94.762,-0.000,0.0,0.029,22.828
2026-03-03T14:04:28.309,282.531,1024.758,18.551,-95.318,-0.000,0.0,0.029,22.812
2026-03-03T14:04:28.809,283.031,1024.697,18.550,-94.817,-0.000,0.0,-0.002,22.825
2026-03-03T14:04:29.309,283.531,1022.996,18.546,-80.778,4.021,4.9,-0.282,22.805
2026-03-03T14:04:29.810,284.031,1023.002,18.533,-80.828,4.053,5.0,-0.020,22.812
2026-03-03T14:04:30.309,284.531,1023.070,18.538,-81.395,4.061,5.0,0.031,22.816
2026-03-03T14:04:30.810,285.031,1022.847,18.535,-79.550,4.062,5.0,-0.008,22.821
2026-03-03T14:04:31.319,285.531,1022.958,18.539,-80.471,4.066,5.0,0.026,22.812
2026-03-03T14:04:31.809,286.031,1023.007,18.525,-80.868,4.066,5.0,-0.053,22.835
2026-03-03T14:04:32.310,286.531,1023.135,18.538,-81.928,4.066,5.0,0.012,22.853
2026-03-03T14:04:32.810,287.031,1023.166,18.520,-82.182,4.066,5.0,0.002,22.810
2026-03-03T14:04:33.309,287.531,1023.154,18.523,-82.085,4.066,5.0,0.004,22.810
2026-03-03T14:04:33.809,288.031,1023.035,18.528,-81.102,4.066,5.0,-0.029,22.816
2026-03-03T14:04:34.309,288.531,1023.116,18.523,-81.768,4.066,5.0,-0.012,22.816
2026-03-03T14:04:34.825,289.031,1022.875,18.529,-79.784,4.066,5.0,0.016,22.828
2026-03-03T14:04:35.312,289.531,1022.973,18.516,-80.591,4.066,5.0,0.013,22.816
2026-03-03T14:04:35.810,290.031,1022.975,18.502,-80.610,4.066,5.0,0.004,22.807
2026-03-03T14:04:36.309,290.531,1023.045,18.517,-81.185,4.066,5.0,-0.004,22.825
2026-03-03T14:04:36.809,291.031,1023.137,18.516,-81.947,4.066,5.0,0.023,22.810
2026-03-03T14:04:37.309,291.531,1022.977,18.519,-80.625,4.066,5.0,-0.013,22.812
2026-03-03T14:04:37.815,292.036,1023.040,18.504,-81.144,4.066,5.0,0.006,22.791
2026-03-03T14:04:38.312,292.531,1022.789,18.505,-79.071,4.066,5.0,0.000,22.807
2026-03-03T14:04:38.812,293.031,1022.820,18.502,-79.330,4.065,5.0,0.004,22.832
2026-03-03T14:04:39.330,293.531,1023.248,18.506,-82.864,4.065,5.0,0.003,22.812
2026-03-03T14:04:39.810,294.031,1023.176,18.507,-82.264,4.065,5.0,-0.022,22.821
2026-03-03T14:04:40.311,294.531,1023.028,18.500,-81.048,4.065,5.0,-0.006,22.828
2026-03-03T14:04:40.808,295.031,1023.138,18.495,-81.953,4.065,5.0,-0.001,22.800
2026-03-03T14:04:41.310,295.531,1023.203,18.502,-82.491,4.065,5.0,-0.002,22.812
2026-03-03T14:04:41.809,296.031,1023.162,18.497,-82.148,4.065,5.0,-0.002,22.816
2026-03-03T14:04:42.310,296.531,1023.097,18.486,-81.615,4.065,5.0,-0.035,22.814
2026-03-03T14:04:42.808,297.031,1023.211,18.493,-82.553,4.065,5.0,-0.018,22.819
2026-03-03T14:04:43.312,297.531,1023.065,18.498,-81.354,4.065,5.0,0.020,22.814
2026-03-03T14:04:43.820,298.031,1023.249,18.489,-82.866,4.065,5.0,0.025,22.796
2026-03-03T14:04:44.308,298.531,1023.109,18.496,-81.715,4.065,5.0,0.006,22.839
2026-03-03T14:04:44.809,299.031,1022.962,18.495,-80.496,4.065,5.0,0.004,22.825
2026-03-03T14:04:45.308,299.531,1023.046,18.486,-81.191,4.065,5.0,0.016,22.807
2026-03-03T14:04:45.811,300.031,1023.027,18.491,-81.033,4.065,5.0,0.023,22.812
2026-03-03T14:04:46.309,300.531,1022.998,18.489,-80.800,4.065,5.0,-0.030,22.814
2026-03-03T14:04:46.809,301.031,1023.107,18.479,-81.700,4.065,5.0,0.010,22.814
2026-03-03T14:04:47.320,301.531,1023.025,18.479,-81.023,4.065,5.0,0.003,22.816
2026-03-03T14:04:47.811,302.033,1023.100,18.487,-81.638,4.065,5.0,-0.018,22.823
2026-03-03T14:04:48.329,302.538,1023.009,18.485,-80.889,4.065,5.0,-0.006,22.798
2026-03-03T14:04:48.811,303.033,1023.066,18.486,-81.360,4.065,5.0,0.010,22.814
2026-03-03T14:04:49.311,303.533,1023.237,18.487,-82.772,4.065,5.0,0.014,22.807
2026-03-03T14:04:49.810,304.033,1023.077,18.492,-81.450,4.065,5.0,0.022,22.794
2026-03-03T14:04:50.311,304.533,1023.206,18.491,-82.513,4.065,5.0,0.008,22.798
2026-03-03T14:04:50.815,305.033,1023.064,18.493,-81.343,4.065,5.0,-0.033,22.823
2026-03-03T14:04:51.313,305.533,1023.128,18.488,-81.871,4.065,5.0,-0.016,22.821
2026-03-03T14:04:51.823,306.033,1023.013,18.489,-80.924,4.065,5.0,0.004,22.828
2026-03-03T14:04:52.311,306.533,1023.220,18.480,-82.627,4.065,5.0,-0.003,22.816
2026-03-03T14:04:52.823,307.033,1023.194,18.477,-82.416,4.065,5.0,-0.006,22.819
2026-03-03T14:04:53.310,307.533,1023.090,18.473,-81.557,4.065,5.0,-0.053,22.823
2026-03-03T14:04:53.811,308.033,1023.098,18.473,-81.619,4.065,5.0,-0.026,22.805
2026-03-03T14:04:54.310,308.533,1023.180,18.482,-82.297,4.065,5.0,0.042,22.835
2026-03-03T14:04:54.812,309.033,1023.122,18.483,-81.820,4.065,5.0,0.046,22.805
2026-03-03T14:04:55.310,309.533,1023.089,18.472,-81.549,4.065,5.0,0.021,22.814
2026-03-03T14:04:55.811,310.033,1023.206,18.486,-82.516,4.065,5.0,0.002,22.825
2026-03-03T14:04:56.310,310.533,1023.238,18.480,-82.781,4.065,5.0,0.025,22.812
2026-03-03T14:04:56.812,311.033,1023.016,18.482,-80.949,4.065,5.0,-0.028,22.819
2026-03-03T14:04:57.315,311.533,1023.114,18.483,-81.758,4.065,5.0,0.024,22.805
2026-03-03T14:04:57.811,312.033,1023.073,18.480,-81.417,4.065,5.0,0.002,22.816
2026-03-03T14:04:58.312,312.533,1023.272,18.492,-83.061,4.065,5.0,0.042,22.830
2026-03-03T14:04:58.816,313.038,1023.199,18.485,-82.454,4.065,5.0,0.004,22.821
2026-03-03T14:04:59.312,313.533,1023.105,18.502,-81.682,4.065,5.0,0.029,22.823
2026-03-03T14:04:59.810,314.033,1023.185,18.485,-82.338,4.065,5.0,-0.009,22.819
2026-03-03T14:05:00.311,314.533,1023.161,18.495,-82.146,4.065,5.0,-0.038,22.835
2026-03-03T14:05:00.838,315.033,1023.326,18.486,-83.503,4.065,5.0,0.029,22.814
2026-03-03T14:05:01.310,315.533,1023.315,18.487,-83.411,4.065,5.0,0.024,22.798
2026-03-03T14:05:01.811,316.033,1023.163,18.487,-82.162,4.065,5.0,0.001,22.803
2026-03-03T14:05:02.310,316.533,1022.944,18.485,-80.349,4.065,5.0,0.030,22.812
2026-03-03T14:05:02.811,317.033,1023.120,18.493,-81.806,4.065,5.0,-0.034,22.821
2026-03-03T14:05:03.331,317.533,1022.997,18.476,-80.789,4.065,5.0,0.020,22.841
2026-03-03T14:05:03.811,318.033,1023.162,18.483,-82.152,4.065,5.0,-0.028,22.812
2026-03-03T14:05:04.348,318.533,1023.054,18.484,-81.258,4.065,5.0,-0.011,22.825
2026-03-03T14:05:04.810,319.033,1023.081,18.478,-81.485,4.065,5.0,-0.017,22.835
2026-03-03T14:05:05.311,319.533,1023.095,18.480,-81.594,4.065,5.0,0.002,22.821
2026-03-03T14:05:05.811,320.033,1023.155,18.477,-82.092,4.065,5.0,0.013,22.825
2026-03-03T14:05:06.313,320.533,1022.972,18.482,-80.586,4.065,5.0,0.055,22.825
2026-03-03T14:05:06.818,321.033,1023.076,18.480,-81.440,4.065,5.0,0.026,22.819
2026-03-03T14:05:07.312,321.533,1022.968,18.489,-80.553,4.065,5.0,-0.024,22.823
2026-03-03T14:05:07.813,322.033,1023.218,18.482,-82.613,4.065,5.0,0.004,22.798
2026-03-03T14:05:08.310,322.533,1023.081,18.475,-81.482,4.065,5.0,-0.060,22.821
2026-03-03T14:05:08.815,323.036,1023.204,18.480,-82.496,4.065,5.0,0.004,22.839
2026-03-03T14:05:09.317,323.540,1023.326,18.473,-83.508,4.065,5.0,0.002,22.819
2026-03-03T14:05:09.823,324.045,1023.062,18.479,-81.323,4.065,5.0,-0.002,22.816
2026-03-03T14:05:10.318,324.540,1023.072,18.477,-81.406,4.065,5.0,-0.002,22.832
2026-03-03T14:05:10.818,325.040,1023.085,18.473,-81.519,4.065,5.0,0.034,22.844
2026-03-03T14:05:11.328,325.540,1023.076,18.467,-81.438,4.065,5.0,-0.009,22.814
2026-03-03T14:05:11.818,326.040,1020.472,18.477,-59.920,5.904,9.8,-0.848,22.812
2026-03-03T14:05:12.332,326.540,1020.404,18.474,-59.360,5.969,10.0,-0.064,22.810
2026-03-03T14:05:12.817,327.040,1020.276,18.471,-58.298,5.979,10.0,-0.012,22.810
2026-03-03T14:05:13.318,327.540,1020.387,18.467,-59.215,5.980,10.0,0.004,22.812
2026-03-03T14:05:13.817,328.040,1020.390,18.471,-59.242,5.981,10.0,-0.002,22.800
2026-03-03T14:05:14.319,328.540,1020.410,18.466,-59.408,5.982,10.0,-0.053,22.807
2026-03-03T14:05:14.836,329.040,1020.297,18.461,-58.474,5.982,10.0,0.003,22.800
2026-03-03T14:05:15.318,329.540,1020.307,18.469,-58.552,5.982,10.0,-0.012,22.803
2026-03-03T14:05:15.818,330.040,1020.327,18.473,-58.718,5.982,10.0,0.005,22.830
2026-03-03T14:05:16.317,330.540,1020.452,18.479,-59.752,5.982,10.0,0.020,22.839
2026-03-03T14:05:16.818,331.040,1020.650,18.473,-61.394,5.982,10.0,0.010,22.805
2026-03-03T14:05:17.317,331.540,1020.436,18.473,-59.623,5.982,10.0,0.005,22.825
2026-03-03T14:05:17.816,332.040,1020.306,18.474,-58.548,5.982,10.0,-0.029,22.830
2026-03-03T14:05:18.331,332.540,1020.281,18.471,-58.344,5.982,10.0,0.010,22.816
2026-03-03T14:05:18.817,333.040,1020.373,18.480,-59.101,5.982,10.0,0.012,22.812
2026-03-03T14:05:19.317,333.540,1020.216,18.477,-57.806,5.982,10.0,0.029,22.819
2026-03-03T14:05:19.818,334.040,1020.359,18.484,-58.981,5.982,10.0,-0.017,22.819
2026-03-03T14:05:20.323,334.545,1020.489,18.483,-60.057,5.982,10.0,-0.005,22.825
2026-03-03T14:05:20.817,335.040,1020.523,18.482,-60.341,5.981,10.0,0.033,22.816
2026-03-03T14:05:21.317,335.540,1020.350,18.486,-58.914,5.982,10.0,-0.007,22.823
2026-03-03T14:05:21.832,336.040,1020.545,18.485,-60.523,5.981,10.0,0.005,22.810
2026-03-03T14:05:22.317,336.540,1020.448,18.485,-59.725,5.981,10.0,0.014,22.810
2026-03-03T14:05:22.819,337.040,1020.290,18.500,-58.414,5.981,10.0,0.027,22.816
2026-03-03T14:05:23.317,337.540,1020.578,18.485,-60.801,5.981,10.0,-0.034,22.810
2026-03-03T14:05:23.818,338.040,1020.369,18.489,-59.071,5.981,10.0,0.006,22.814
2026-03-03T14:05:24.330,338.540,1020.412,18.501,-59.422,5.981,10.0,0.012,22.839
2026-03-03T14:05:24.818,339.040,1020.122,18.490,-57.021,5.981,10.0,-0.045,22.825
2026-03-03T14:05:25.318,339.540,1020.106,18.480,-56.895,5.981,10.0,-0.014,22.819
2026-03-03T14:05:25.817,340.040,1020.463,18.485,-59.849,5.981,10.0,0.006,22.807
2026-03-03T14:05:26.319,340.540,1020.246,18.491,-58.050,5.981,10.0,-0.015,22.823
2026-03-03T14:05:26.818,341.040,1020.156,18.492,-57.308,5.981,10.0,-0.004,22.828
2026-03-03T14:05:27.318,341.540,1020.460,18.493,-59.817,5.981,10.0,0.004,22.810
2026-03-03T14:05:27.821,342.040,1020.353,18.498,-58.938,5.981,10.0,0.023,22.816
2026-03-03T14:05:28.317,342.540,1020.323,18.510,-58.686,5.981,10.0,-0.003,22.828
2026-03-03T14:05:28.817,343.040,1020.479,18.504,-59.981,5.981,10.0,-0.004,22.816
2026-03-03T14:05:29.316,343.540,1020.307,18.515,-58.557,5.981,10.0,-0.017,22.821
2026-03-03T14:05:29.818,344.040,1020.434,18.514,-59.609,5.981,10.0,0.001,22.810
2026-03-03T14:05:30.348,344.540,1020.267,18.506,-58.226,5.981,10.0,0.000,22.835
2026-03-03T14:05:30.823,345.045,1020.566,18.512,-60.700,5.981,10.0,0.010,22.810
2026-03-03T14:05:31.317,345.540,1020.220,18.510,-57.833,5.981,10.0,0.031,22.807
2026-03-03T14:05:31.816,346.040,1020.480,18.499,-59.984,5.981,10.0,-0.013,22.816
2026-03-03T14:05:32.318,346.540,1020.266,18.517,-58.219,5.981,10.0,0.035,22.800
2026-03-03T14:05:32.821,347.040,1020.245,18.514,-58.039,5.981,10.0,-0.040,22.803
2026-03-03T14:05:33.317,347.540,1020.389,18.510,-59.235,5.981,10.0,0.023,22.789
2026-03-03T14:05:33.833,348.040,1020.483,18.524,-60.013,5.981,10.0,-0.017,22.825
2026-03-03T14:05:34.317,348.540,1020.417,18.510,-59.468,5.981,10.0,-0.002,22.810
2026-03-03T14:05:34.818,349.040,1020.334,18.514,-58.781,5.981,10.0,0.012,22.821
2026-03-03T14:05:35.317,349.540,1020.557,18.520,-60.621,5.981,10.0,0.032,22.478
2026-03-03T14:05:35.817,350.040,1017.038,18.524,-31.475,7.672,15.0,-0.095,22.814
2026-03-03T14:05:36.316,350.540,1016.878,18.528,-30.140,7.689,15.0,-0.035,22.803
2026-03-03T14:05:36.818,351.040,1016.714,18.520,-28.779,7.694,15.0,-0.017,22.830
2026-03-03T14:05:37.340,351.540,1016.753,18.514,-29.109,7.696,15.0,0.001,22.805
2026-03-03T14:05:37.819,352.040,1016.858,18.518,-29.976,7.698,15.0,-0.033,22.819
2026-03-03T14:05:38.318,352.540,1016.830,18.514,-29.748,7.699,15.0,-0.021,22.807
2026-03-03T14:05:38.817,353.040,1016.909,18.514,-30.402,7.699,15.0,0.000,22.800
2026-03-03T14:05:39.318,353.540,1016.847,18.523,-29.887,7.698,15.0,0.006,22.819
2026-03-03T14:05:39.818,354.040,1016.813,18.526,-29.602,7.698,15.0,-0.018,22.816
2026-03-03T14:05:40.317,354.540,1016.650,18.521,-28.252,7.698,15.0,0.001,22.825
2026-03-03T14:05:40.831,355.043,1016.736,18.516,-28.963,7.698,15.0,-0.005,22.814
2026-03-03T14:05:41.327,355.548,1016.649,18.519,-28.242,7.698,15.0,0.004,22.814
2026-03-03T14:05:41.820,356.043,1016.873,18.519,-30.101,7.698,15.0,0.011,22.807
2026-03-03T14:05:42.320,356.543,1016.763,18.537,-29.190,7.697,15.0,0.053,22.807
2026-03-03T14:05:42.822,357.043,1016.923,18.524,-30.518,7.697,15.0,-0.012,22.835
2026-03-03T14:05:43.326,357.543,1016.794,18.523,-29.444,7.697,15.0,-0.018,22.848
2026-03-03T14:05:43.819,358.043,1016.804,18.528,-29.526,7.697,15.0,0.013,22.821
2026-03-03T14:05:44.327,358.543,1016.818,18.534,-29.647,7.696,15.0,0.016,22.812
2026-03-03T14:05:44.819,359.043,1016.943,18.524,-30.681,7.696,15.0,-0.002,22.810
2026-03-03T14:05:45.322,359.543,1016.817,18.527,-29.641,7.696,15.0,-0.026,22.830
2026-03-03T14:05:45.820,360.043,1016.831,18.533,-29.756,7.696,15.0,-0.005,22.832
2026-03-03T14:05:46.319,360.543,1016.919,18.536,-30.481,7.696,15.0,0.002,22.803
2026-03-03T14:05:46.820,361.043,1016.804,18.544,-29.531,7.695,15.0,0.040,22.823
2026-03-03T14:05:47.320,361.543,1017.073,18.539,-31.760,7.695,15.0,0.014,22.819
2026-03-03T14:05:47.820,362.043,1016.852,18.531,-29.925,7.695,15.0,0.002,22.819
2026-03-03T14:05:48.320,362.543,1016.878,18.525,-30.146,7.695,15.0,-0.016,22.819
2026-03-03T14:05:48.822,363.043,1017.002,18.545,-31.173,7.695,15.0,-0.035,22.800
2026-03-03T14:05:49.321,363.543,1016.820,18.545,-29.664,7.695,15.0,-0.020,22.816
2026-03-03T14:05:49.848,364.043,1016.520,18.545,-27.174,7.695,15.0,-0.044,22.821
2026-03-03T14:05:50.320,364.543,1016.868,18.540,-30.065,7.695,15.0,-0.038,22.835
2026-03-03T14:05:50.821,365.043,1017.017,18.529,-31.301,7.695,15.0,-0.001,22.816
2026-03-03T14:05:51.320,365.543,1016.968,18.540,-30.890,7.695,15.0,-0.047,22.823
2026-03-03T14:05:51.826,366.048,1016.815,18.534,-29.624,7.695,15.0,-0.023,22.805
2026-03-03T14:05:52.323,366.543,1016.769,18.528,-29.237,7.695,15.0,0.004,22.830
2026-03-03T14:05:52.821,367.043,1016.670,18.535,-28.418,7.695,15.0,-0.026,22.805
2026-03-03T14:05:53.336,367.543,1016.660,18.541,-28.338,7.695,15.0,0.020,22.819
2026-03-03T14:05:53.820,368.043,1016.571,18.528,-27.596,7.695,15.0,-0.019,22.812
2026-03-03T14:05:54.321,368.543,1016.725,18.534,-28.877,7.695,15.0,0.029,22.828
2026-03-03T14:05:54.820,369.043,1016.773,18.528,-29.277,7.695,15.0,0.032,22.819
2026-03-03T14:05:55.322,369.543,1016.819,18.540,-29.652,7.695,15.0,-0.018,22.825
2026-03-03T14:05:55.819,370.043,1016.735,18.545,-28.956,7.695,15.0,-0.003,22.807
2026-03-03T14:05:56.323,370.543,1017.155,18.554,-32.441,7.695,15.0,0.006,22.814
2026-03-03T14:05:56.836,371.043,1012.002,18.557,10.393,9.224,19.9,-0.070,22.807
2026-03-03T14:05:57.320,371.543,1012.112,18.555,9.470,9.244,20.0,-0.028,22.810
2026-03-03T14:05:57.822,372.043,1012.142,18.549,9.224,9.252,20.0,0.016,22.805
2026-03-03T14:05:58.319,372.543,1012.221,18.533,8.564,9.254,20.0,-0.022,22.816
2026-03-03T14:05:58.821,373.043,1012.404,18.550,7.045,9.254,20.0,0.003,22.805
2026-03-03T14:05:59.319,373.543,1011.860,18.552,11.573,9.255,20.0,-0.025,22.814
2026-03-03T14:05:59.820,374.043,1012.077,18.552,9.763,9.259,20.0,0.009,22.810
2026-03-03T14:06:00.339,374.543,1012.043,18.553,10.044,9.259,20.0,0.002,22.805
2026-03-03T14:06:00.820,375.043,1012.094,18.546,9.627,9.259,20.0,0.021,22.816
2026-03-03T14:06:01.321,375.543,1012.231,18.548,8.480,9.259,20.0,-0.031,22.835
2026-03-03T14:06:01.822,376.045,1012.139,18.540,9.247,9.259,20.0,-0.031,22.800
2026-03-03T14:06:02.329,376.550,1012.395,18.556,7.119,9.259,20.0,0.003,22.803
2026-03-03T14:06:02.834,377.045,1012.184,18.564,8.875,9.259,20.0,0.022,22.835
2026-03-03T14:06:03.323,377.545,1012.293,18.559,7.962,9.258,20.0,0.024,22.828
2026-03-03T14:06:03.821,378.045,1012.307,18.562,7.850,9.258,20.0,0.025,22.798
2026-03-03T14:06:04.321,378.545,1012.239,18.556,8.420,9.258,20.0,0.029,22.807
2026-03-03T14:06:04.826,379.045,1012.352,18.555,7.472,9.258,20.0,-0.013,22.812
2026-03-03T14:06:05.321,379.545,1012.122,18.561,9.386,9.257,20.0,0.015,22.816
2026-03-03T14:06:05.824,380.045,1012.095,18.561,9.614,9.256,20.0,-0.023,22.819
2026-03-03T14:06:06.326,380.545,1012.057,18.548,9.930,9.255,20.0,-0.003,22.819
2026-03-03T14:06:06.823,381.045,1012.339,18.561,7.585,9.254,20.0,0.010,22.810
2026-03-03T14:06:07.355,381.545,1012.511,18.576,6.147,9.254,20.0,-0.017,22.823
2026-03-03T14:06:07.821,382.045,1012.285,18.578,8.033,9.253,20.0,0.014,22.800
2026-03-03T14:06:08.322,382.545,1012.156,18.561,9.105,9.253,20.0,0.006,22.805
2026-03-03T14:06:08.822,383.045,1012.097,18.562,9.597,9.253,20.0,-0.025,22.830
2026-03-03T14:06:09.323,383.545,1012.189,18.564,8.836,9.253,20.0,0.011,22.807
2026-03-03T14:06:09.821,384.045,1012.094,18.570,9.623,9.253,20.0,-0.001,22.819
2026-03-03T14:06:10.323,384.545,1012.106,18.576,9.523,9.253,20.0,-0.038,22.814
2026-03-03T14:06:10.831,385.045,1011.947,18.584,10.849,9.253,20.0,0.002,22.823
2026-03-03T14:06:11.324,385.545,1012.088,18.572,9.676,9.253,20.0,-0.012,22.800
2026-03-03T14:06:11.853,386.045,1012.461,18.574,6.571,9.253,20.0,0.022,22.823
2026-03-03T14:06:12.324,386.545,1012.314,18.601,7.794,9.253,20.0,-0.002,22.835
2026-03-03T14:06:12.828,387.050,1012.118,18.593,9.423,9.254,20.0,-0.023,22.819
2026-03-03T14:06:13.324,387.545,1012.181,18.599,8.901,9.254,20.0,-0.009,22.825
2026-03-03T14:06:13.823,388.045,1012.088,18.591,9.676,9.254,20.0,-0.002,22.819
2026-03-03T14:06:14.335,388.545,1012.290,18.573,7.990,9.254,20.0,-0.007,22.812
2026-03-03T14:06:14.822,389.045,1012.477,18.595,6.436,9.254,20.0,-0.025,22.812
2026-03-03T14:06:15.347,389.545,1012.244,18.587,8.370,9.254,20.0,-0.007,22.821
2026-03-03T14:06:15.821,390.045,1012.191,18.590,8.815,9.254,20.0,-0.025,22.816
2026-03-03T14:06:16.321,390.545,1009.994,18.588,27.131,10.613,24.6,-0.698,22.798
2026-03-03T14:06:16.821,391.045,1009.675,18.593,29.792,10.688,25.0,-0.019,22.798
2026-03-03T14:06:17.325,391.545,1009.516,18.598,31.118,10.701,25.0,-0.065,22.810
2026-03-03T14:06:17.832,392.045,1009.553,18.595,30.805,10.706,25.0,0.009,22.810
2026-03-03T14:06:18.321,392.545,1009.788,18.596,28.846,10.707,25.0,0.004,22.800
2026-03-03T14:06:18.828,393.045,1009.734,18.599,29.300,10.708,25.0,0.007,22.807
2026-03-03T14:06:19.321,393.545,1009.900,18.610,27.914,10.708,25.0,-0.040,22.814
2026-03-03T14:06:19.822,394.045,1009.724,18.608,29.379,10.708,25.0,-0.014,22.798
2026-03-03T14:06:20.321,394.545,1009.772,18.604,28.981,10.708,25.0,-0.006,22.814
2026-03-03T14:06:20.824,395.045,1009.743,18.603,29.226,10.708,25.0,-0.018,22.807
2026-03-03T14:06:21.320,395.545,1009.778,18.608,28.931,10.708,25.0,-0.034,22.805
2026-03-03T14:06:21.822,396.045,1009.772,18.604,28.980,10.708,25.0,0.015,22.798
2026-03-03T14:06:22.332,396.545,1009.853,18.618,28.308,10.708,25.0,0.028,22.810
2026-03-03T14:06:22.825,397.048,1009.714,18.606,29.467,10.708,25.0,0.034,22.807
2026-03-03T14:06:23.328,397.552,1009.785,18.600,28.874,10.708,25.0,-0.031,22.805
2026-03-03T14:06:23.833,398.057,1009.830,18.615,28.500,10.708,25.0,0.024,22.825
2026-03-03T14:06:24.329,398.552,1009.829,18.613,28.502,10.708,25.0,0.012,22.816
2026-03-03T14:06:24.830,399.052,1009.366,18.613,32.372,10.708,25.0,-0.022,22.784
2026-03-03T14:06:25.329,399.552,1009.917,18.603,27.771,10.708,25.0,0.023,22.823
2026-03-03T14:06:25.828,400.052,1009.696,18.606,29.617,10.708,25.0,0.012,22.796
2026-03-03T14:06:26.329,400.552,1009.866,18.611,28.195,10.708,25.0,-0.019,22.810
2026-03-03T14:06:26.850,401.052,1009.923,18.631,27.723,10.708,25.0,-0.024,22.825
2026-03-03T14:06:27.329,401.552,1009.655,18.617,29.954,10.708,25.0,0.013,22.825
2026-03-03T14:06:27.843,402.052,1009.544,18.611,30.879,10.708,25.0,-0.007,22.810
2026-03-03T14:06:28.328,402.552,1009.577,18.612,30.611,10.708,25.0,-0.008,22.814
2026-03-03T14:06:28.830,403.052,1009.954,18.636,27.460,10.707,25.0,-0.028,22.812
2026-03-03T14:06:29.328,403.552,1009.689,18.633,29.673,10.707,25.0,-0.004,22.796
2026-03-03T14:06:29.830,404.052,1009.939,18.635,27.587,10.707,25.0,0.003,22.823
2026-03-03T14:06:30.337,404.552,1009.620,18.636,30.253,10.707,25.0,-0.018,22.803
2026-03-03T14:06:30.831,405.052,1009.973,18.643,27.305,10.995,26.1,-22.574,22.736
2026-03-03T14:06:31.339,405.552,1008.094,18.634,42.991,12.067,29.9,-0.035,22.803
2026-03-03T14:06:31.828,406.052,1008.249,18.641,41.692,12.092,30.0,0.026,22.807
2026-03-03T14:06:32.330,406.552,1007.655,18.642,46.661,12.096,30.0,0.009,22.800
2026-03-03T14:06:32.827,407.052,1007.978,18.631,43.963,12.097,30.0,0.029,22.816
2026-03-03T14:06:33.329,407.552,1007.702,18.649,46.268,12.098,30.0,0.000,22.805
2026-03-03T14:06:33.837,408.052,1007.892,18.646,44.677,12.100,30.0,0.009,22.810
2026-03-03T14:06:34.337,408.557,1007.986,18.645,43.896,12.102,30.0,0.007,22.775
2026-03-03T14:06:34.851,409.052,1007.965,18.652,44.065,12.102,30.0,0.037,22.821
2026-03-03T14:06:35.329,409.552,1007.898,18.661,44.625,12.102,30.0,-0.015,22.787
2026-03-03T14:06:35.830,410.052,1008.267,18.659,41.543,12.102,30.0,0.001,22.812
2026-03-03T14:06:36.327,410.552,1008.111,18.667,42.845,12.102,30.0,0.005,22.794
2026-03-03T14:06:36.829,411.052,1007.651,18.664,46.690,12.102,30.0,0.000,22.816
2026-03-03T14:06:37.328,411.552,1008.044,18.665,43.407,12.102,30.0,-0.002,22.810
2026-03-03T14:06:37.828,412.052,1007.801,18.665,45.441,12.102,30.0,-0.005,22.807
2026-03-03T14:06:38.343,412.552,1007.862,18.674,44.930,12.102,30.0,-0.000,22.816
2026-03-03T14:06:38.827,413.052,1007.859,18.677,44.958,12.101,30.0,-0.003,22.800
2026-03-03T14:06:39.330,413.552,1007.867,18.669,44.887,12.101,30.0,-0.016,22.828
2026-03-03T14:06:39.846,414.052,1007.880,18.686,44.778,12.101,30.0,0.011,22.807
2026-03-03T14:06:40.328,414.552,1007.844,18.681,45.082,12.101,30.0,-0.011,22.814
2026-03-03T14:06:40.830,415.052,1007.729,18.681,46.044,12.101,30.0,-0.002,22.832
2026-03-03T14:06:41.329,415.552,1007.950,18.692,44.198,12.100,30.0,0.022,22.819
2026-03-03T14:06:41.853,416.052,1007.818,18.699,45.296,12.099,30.0,-0.014,22.803
2026-03-03T14:06:42.327,416.552,1007.685,18.692,46.406,12.098,30.0,-0.020,22.805
2026-03-03T14:06:42.829,417.052,1007.619,18.700,46.961,12.098,30.0,-0.009,22.821
2026-03-03T14:06:43.327,417.552,1007.785,18.696,45.574,12.097,30.0,0.015,22.800
2026-03-03T14:06:43.828,418.052,1007.556,18.702,47.487,12.097,30.0,-0.028,22.812
2026-03-03T14:06:44.340,418.552,1007.821,18.708,45.273,12.097,30.0,0.018,22.816
2026-03-03T14:06:44.833,419.057,1007.927,18.720,44.387,12.097,30.0,0.011,22.810
2026-03-03T14:06:45.349,419.552,1008.045,18.712,43.399,12.097,30.0,0.006,22.823
2026-03-03T14:06:45.829,420.052,1007.970,18.701,44.024,12.097,30.0,-0.002,22.810
2026-03-03T14:06:46.328,420.552,1008.029,18.716,43.538,12.097,30.0,0.010,22.814
2026-03-03T14:06:46.827,421.052,1008.004,18.706,43.743,12.097,30.0,0.049,22.819
2026-03-03T14:06:47.331,421.552,1007.986,18.709,43.891,12.097,30.0,-0.014,22.810
2026-03-03T14:06:47.829,422.052,1007.919,18.723,44.456,12.097,30.0,0.004,22.807
2026-03-03T14:06:48.328,422.552,1007.672,18.722,46.516,12.097,30.0,0.008,22.807
2026-03-03T14:06:48.830,423.052,1007.855,18.726,44.990,12.097,30.0,-0.028,22.814
2026-03-03T14:06:49.327,423.552,1007.577,18.730,47.314,12.097,30.0,-0.025,22.828
2026-03-03T14:06:49.830,424.052,1007.949,18.716,44.201,12.097,30.0,-0.007,22.816
2026-03-03T14:06:50.328,424.552,1006.837,18.725,53.501,13.449,34.9,-0.125,22.814
2026-03-03T14:06:50.828,425.052,1006.759,18.746,54.148,13.469,35.0,-0.001,22.798
2026-03-03T14:06:51.330,425.552,1006.759,18.739,54.153,13.473,35.0,0.019,22.803
2026-03-03T14:06:51.829,426.052,1006.457,18.746,56.677,13.477,35.0,0.010,22.812
2026-03-03T14:06:52.339,426.552,1006.744,18.742,54.277,13.480,35.0,0.004,22.803
2026-03-03T14:06:52.827,427.052,1006.727,18.748,54.423,13.480,35.0,0.002,22.800
2026-03-03T14:06:53.328,427.552,1006.660,18.745,54.979,13.480,35.0,-0.023,22.812
2026-03-03T14:06:53.828,428.052,1006.419,18.757,56.992,13.480,35.0,0.002,22.812
2026-03-03T14:06:54.328,428.552,1006.855,18.754,53.351,13.480,35.0,0.000,22.805
2026-03-03T14:06:54.829,429.052,1006.886,18.756,53.088,13.480,35.0,0.033,22.816
2026-03-03T14:06:55.332,429.557,1006.736,18.756,54.345,13.480,35.0,-0.022,22.798
2026-03-03T14:06:55.829,430.052,1006.685,18.743,54.767,13.480,35.0,0.014,22.814
2026-03-03T14:06:56.327,430.552,1006.643,18.761,55.123,13.480,35.0,-0.006,22.812
2026-03-03T14:06:56.828,431.052,1006.288,18.764,58.093,13.480,35.0,0.003,22.821
2026-03-03T14:06:57.334,431.552,1006.211,18.769,58.738,13.480,35.0,-0.015,22.807
2026-03-03T14:06:57.828,432.052,1006.284,18.767,58.123,13.479,35.0,0.014,22.812
2026-03-03T14:06:58.355,432.552,1006.820,18.769,53.639,13.479,35.0,-0.030,22.810
2026-03-03T14:06:58.827,433.052,1006.473,18.774,56.543,13.478,35.0,-0.024,22.812
2026-03-03T14:06:59.329,433.552,1006.567,18.777,55.758,13.478,35.0,-0.020,22.794
2026-03-03T14:06:59.827,434.052,1006.489,18.777,56.406,13.478,35.0,-0.000,22.814
2026-03-03T14:07:00.330,434.552,1006.556,18.770,55.851,13.477,35.0,-0.005,22.816
2026-03-03T14:07:00.830,435.052,1006.607,18.786,55.426,13.476,35.0,-0.026,22.821
2026-03-03T14:07:01.328,435.552,1006.998,18.795,52.149,13.476,35.0,-0.014,22.798
2026-03-03T14:07:01.836,436.052,1006.739,18.799,54.318,13.476,35.0,-0.002,22.832
2026-03-03T14:07:02.327,436.552,1006.807,18.798,53.749,13.475,35.0,0.052,22.805
2026-03-03T14:07:02.865,437.052,1006.594,18.802,55.533,13.475,35.0,-0.006,22.814
2026-03-03T14:07:03.327,437.552,1006.761,18.811,54.133,13.475,35.0,0.017,22.828
2026-03-03T14:07:03.828,438.052,1006.752,18.813,54.211,13.475,35.0,0.019,22.825
2026-03-03T14:07:04.327,438.552,1006.585,18.811,55.603,13.475,35.0,-0.007,22.803
2026-03-03T14:07:04.831,439.052,1006.746,18.825,54.256,13.475,35.0,-0.009,22.819
2026-03-03T14:07:05.328,439.552,1006.340,18.822,57.657,13.475,35.0,0.024,22.798
2026-03-03T14:07:05.835,440.057,1006.921,18.797,52.795,13.475,35.0,-0.001,22.803
2026-03-03T14:07:06.337,440.552,1006.550,18.809,55.898,13.475,35.0,0.028,22.819
2026-03-03T14:07:06.829,441.052,1006.505,18.816,56.271,13.475,35.0,0.018,22.796
2026-03-03T14:07:07.338,441.552,1006.604,18.828,55.447,13.475,35.0,0.029,22.807
2026-03-03T14:07:07.827,442.052,1006.858,18.818,53.321,13.475,35.0,-0.001,22.812
2026-03-03T14:07:08.328,442.552,1006.937,18.818,52.666,13.475,35.0,-0.023,22.805
2026-03-03T14:07:08.827,443.052,1006.616,18.816,55.347,13.475,35.0,0.038,22.844
2026-03-03T14:07:09.328,443.552,1005.430,18.824,65.277,14.843,39.9,-0.292,22.798
2026-03-03T14:07:09.847,444.052,1005.681,18.831,63.173,14.876,40.0,-0.063,22.775
2026-03-03T14:07:10.327,444.552,1005.381,18.835,65.686,14.887,40.0,-0.008,22.810
2026-03-03T14:07:10.830,445.052,1005.814,18.838,62.059,14.889,40.0,0.023,22.814
2026-03-03T14:07:11.327,445.552,1005.521,18.831,64.510,14.890,40.0,-0.048,22.796
2026-03-03T14:07:11.827,446.052,1005.220,18.835,67.033,14.889,40.0,0.024,22.807
2026-03-03T14:07:12.327,446.552,1005.524,18.835,64.483,14.890,40.0,-0.047,22.798
2026-03-03T14:07:12.827,447.052,1005.641,18.831,63.505,14.889,40.0,0.027,22.791
2026-03-03T14:07:13.329,447.552,1005.625,18.845,63.644,14.890,40.0,-0.002,22.821
2026-03-03T14:07:13.828,448.052,1005.466,18.849,64.971,14.889,40.0,0.023,22.800
2026-03-03T14:07:14.329,448.552,1005.584,18.848,63.982,14.890,40.0,-0.023,22.800
2026-03-03T14:07:14.827,449.052,1005.634,18.847,63.563,14.889,40.0,0.008,22.787
2026-03-03T14:07:15.330,449.552,1005.454,18.846,65.068,14.889,40.0,0.036,22.803
2026-03-03T14:07:15.827,450.052,1005.380,18.842,65.689,14.889,40.0,-0.029,22.791
2026-03-03T14:07:16.335,450.557,1005.516,18.852,64.556,14.889,40.0,-0.013,22.807
2026-03-03T14:07:16.839,451.052,1005.395,18.855,65.567,14.889,40.0,-0.002,22.800
2026-03-03T14:07:17.327,451.552,1005.309,18.863,66.290,14.889,40.0,-0.012,22.803
2026-03-03T14:07:17.827,452.052,1005.781,18.862,62.332,14.889,40.0,0.026,22.812
2026-03-03T14:07:18.327,452.552,1005.268,18.871,66.631,14.889,40.0,-0.028,22.796
2026-03-03T14:07:18.828,453.052,1005.405,18.872,65.482,14.889,40.0,-0.016,22.807
2026-03-03T14:07:19.327,453.552,1005.361,18.883,65.853,14.889,40.0,-0.001,22.821
2026-03-03T14:07:19.828,454.052,1005.679,18.873,63.185,14.889,40.0,0.022,22.794
2026-03-03T14:07:20.329,454.552,1005.445,18.884,65.147,14.889,40.0,0.000,22.798
2026-03-03T14:07:20.827,455.052,1005.599,18.888,63.861,14.889,40.0,-0.030,22.794
2026-03-03T14:07:21.327,455.552,1005.347,18.878,65.969,14.889,40.0,-0.035,22.794
2026-03-03T14:07:21.828,456.052,1005.487,18.894,64.799,14.889,40.0,-0.027,22.780
2026-03-03T14:07:22.328,456.552,1005.499,18.896,64.694,14.888,40.0,0.013,22.810
2026-03-03T14:07:22.838,457.052,1005.413,18.889,65.412,14.888,40.0,0.008,22.810
2026-03-03T14:07:23.327,457.552,1005.435,18.899,65.231,14.888,40.0,0.004,22.821
2026-03-03T14:07:23.828,458.052,1004.858,18.908,70.063,15.799,43.1,-10.475,22.688
2026-03-03T14:07:24.327,458.552,1004.698,18.912,71.407,16.349,44.9,-0.054,22.798
2026-03-03T14:07:24.829,459.052,1004.908,18.898,69.643,16.371,45.0,-0.012,22.794
2026-03-03T14:07:25.327,459.552,1004.473,18.886,73.292,16.384,45.0,-0.011,22.787
2026-03-03T14:07:25.829,460.052,1004.499,18.912,73.072,16.385,45.0,0.010,22.800
2026-03-03T14:07:26.330,460.552,1004.764,18.903,70.852,16.385,45.0,0.006,22.796
2026-03-03T14:07:26.834,461.057,1004.498,18.919,73.083,16.385,45.0,0.037,22.796
2026-03-03T14:07:27.342,461.552,1004.502,18.917,73.044,16.385,45.0,0.000,22.782
2026-03-03T14:07:27.828,462.052,1004.547,18.925,72.673,16.385,45.0,0.000,22.805
2026-03-03T14:07:28.328,462.552,1004.672,18.927,71.618,16.385,45.0,-0.029,22.791
2026-03-03T14:07:28.827,463.052,1004.669,18.927,71.648,16.385,45.0,-0.025,22.803
2026-03-03T14:07:29.327,463.552,1004.590,18.929,72.305,16.385,45.0,0.014,22.805
2026-03-03T14:07:29.839,464.052,1004.716,18.940,71.249,16.385,45.0,0.013,22.819
2026-03-03T14:07:30.328,464.552,1004.898,18.937,69.730,16.384,45.0,-0.022,22.805
2026-03-03T14:07:30.858,465.052,1004.815,18.946,70.428,16.384,45.0,0.033,22.803
2026-03-03T14:07:31.327,465.552,1004.541,18.940,72.716,16.384,45.0,-0.003,22.807
2026-03-03T14:07:31.829,466.052,1004.790,18.946,70.634,16.384,45.0,-0.008,22.796
2026-03-03T14:07:32.327,466.552,1004.807,18.956,70.491,16.383,45.0,0.001,22.823
2026-03-03T14:07:32.826,467.052,1004.393,18.957,73.962,16.383,45.0,-0.009,22.807
2026-03-03T14:07:33.343,467.552,1004.760,18.969,70.884,16.382,45.0,0.011,22.814
2026-03-03T14:07:33.828,468.052,1004.722,18.969,71.202,16.382,45.0,-0.034,22.823
2026-03-03T14:07:34.328,468.552,1004.489,18.967,73.153,16.381,45.0,-0.004,22.814
2026-03-03T14:07:34.827,469.052,1004.267,18.975,75.019,16.381,45.0,-0.029,22.823
2026-03-03T14:07:35.328,469.552,1004.759,18.969,70.893,16.380,45.0,-0.005,22.814
2026-03-03T14:07:35.828,470.052,1004.668,18.969,71.653,16.380,45.0,0.051,22.814
2026-03-03T14:07:36.328,470.552,1004.515,18.971,72.936,16.380,45.0,0.028,22.805
2026-03-03T14:07:36.829,471.052,1004.641,18.973,71.880,16.380,45.0,-0.051,22.798
2026-03-03T14:07:37.333,471.557,1004.360,18.974,74.235,16.380,45.0,-0.038,22.807
2026-03-03T14:07:37.828,472.052,1004.721,18.972,71.207,16.380,45.0,0.022,22.791
2026-03-03T14:07:38.328,472.552,1004.582,18.969,72.375,16.379,45.0,0.002,22.823
2026-03-03T14:07:38.829,473.052,1004.621,18.977,72.051,16.380,45.0,0.015,22.810
2026-03-03T14:07:39.332,473.552,1004.681,18.973,71.548,16.379,45.0,0.000,22.803
2026-03-03T14:07:39.826,474.052,1004.606,18.984,72.172,16.379,45.0,-0.017,22.844
2026-03-03T14:07:40.327,474.552,1004.559,18.986,72.567,16.379,45.0,-0.031,22.803
2026-03-03T14:07:40.827,475.052,1004.580,18.991,72.389,16.379,45.0,-0.000,22.803
2026-03-03T14:07:41.328,475.552,1004.658,19.002,71.737,16.379,45.0,0.024,22.796
2026-03-03T14:07:41.831,476.052,1003.987,19.000,77.363,17.938,49.8,-0.151,22.782
2026-03-03T14:07:42.328,476.552,1003.912,19.009,77.990,17.981,50.0,-0.017,22.771
2026-03-03T14:07:42.829,477.052,1003.644,19.016,80.239,17.996,50.0,-0.015,22.798
2026-03-03T14:07:43.327,477.552,1003.979,19.025,77.429,18.002,50.0,-0.018,22.784
2026-03-03T14:07:43.830,478.052,1003.917,19.016,77.953,18.003,50.0,0.024,22.789
2026-03-03T14:07:44.326,478.552,1003.734,19.020,79.481,18.003,50.0,-0.012,22.787
2026-03-03T14:07:44.828,479.052,1003.776,19.017,79.135,18.003,50.0,0.010,22.798
2026-03-03T14:07:45.336,479.552,1003.984,19.009,77.387,18.003,50.0,-0.013,22.807
2026-03-03T14:07:45.827,480.052,1003.911,19.029,77.997,18.003,50.0,-0.017,22.778
2026-03-03T14:07:46.329,480.552,1003.930,19.037,77.840,18.003,50.0,-0.024,22.819
2026-03-03T14:07:46.827,481.052,1003.789,19.023,79.019,18.003,50.0,-0.019,22.796
2026-03-03T14:07:47.330,481.552,1003.962,19.028,77.569,18.003,50.0,-0.005,22.803
2026-03-03T14:07:47.832,482.057,1003.751,19.036,79.342,18.003,50.0,0.015,22.819
2026-03-03T14:07:48.329,482.552,1003.991,19.027,77.325,18.003,50.0,0.023,22.787
2026-03-03T14:07:48.831,483.052,1004.366,19.037,74.182,18.003,50.0,-0.029,22.798
2026-03-03T14:07:49.327,483.552,1003.950,19.031,77.670,18.003,50.0,0.031,22.823
2026-03-03T14:07:49.827,484.052,1004.096,19.045,76.453,18.003,50.0,0.024,22.810
2026-03-03T14:07:50.326,484.552,1003.852,19.042,78.495,18.003,50.0,-0.023,22.803
2026-03-03T14:07:50.830,485.052,1004.099,19.041,76.425,18.003,50.0,-0.022,22.791
2026-03-03T14:07:51.327,485.552,1003.931,19.044,77.834,18.003,50.0,-0.013,22.796
2026-03-03T14:07:51.827,486.052,1004.023,19.028,77.062,18.003,50.0,-0.014,22.805
2026-03-03T14:07:52.328,486.552,1004.345,19.038,74.365,18.002,50.0,-0.030,22.807
2026-03-03T14:07:52.827,487.052,1004.240,19.052,75.240,18.002,50.0,0.011,22.798
2026-03-03T14:07:53.328,487.552,1004.424,19.048,73.697,18.002,50.0,0.033,22.805
2026-03-03T14:07:53.828,488.052,1004.329,19.046,74.493,18.002,50.0,-0.001,22.810
2026-03-03T14:07:54.326,488.552,1003.704,19.061,79.733,18.002,50.0,0.009,22.821
2026-03-03T14:07:54.836,489.052,1004.109,19.073,76.342,18.002,50.0,-0.022,22.807
2026-03-03T14:07:55.327,489.552,1004.122,19.070,76.233,18.001,50.0,0.014,22.789
2026-03-03T14:07:55.828,490.052,1003.816,19.076,78.792,18.001,50.0,-0.026,22.830
2026-03-03T14:07:56.327,490.552,1004.248,19.075,75.175,18.001,50.0,0.016,22.814
2026-03-03T14:07:56.829,491.052,1003.900,19.088,78.091,18.001,50.0,0.030,22.800
2026-03-03T14:07:57.345,491.552,1003.653,19.084,80.159,18.001,50.0,-0.024,22.810
2026-03-03T14:07:57.827,492.052,1004.041,19.079,76.908,18.001,50.0,-0.057,22.812
2026-03-03T14:07:58.333,492.557,1003.896,19.075,78.126,18.001,50.0,-0.007,22.828
2026-03-03T14:07:58.826,493.052,1004.227,19.086,75.348,18.001,50.0,0.003,22.784
2026-03-03T14:07:59.329,493.552,1004.303,19.083,74.716,18.001,50.0,0.001,22.812
2026-03-03T14:07:59.826,494.052,1004.017,19.086,77.109,18.001,50.0,-0.011,22.807
2026-03-03T14:08:00.328,494.552,1004.041,19.094,76.912,18.001,50.0,-0.034,22.830
2026-03-03T14:08:00.840,495.052,1003.903,19.090,78.066,18.000,50.0,-0.033,22.810
2026-03-03T14:08:01.327,495.552,1003.698,19.099,79.789,18.000,50.0,-0.005,22.789
2026-03-03T14:08:01.828,496.052,1004.088,19.092,76.517,18.000,50.0,-0.010,22.798
2026-03-03T14:08:02.326,496.552,1004.148,19.103,76.016,18.000,50.0,0.002,22.800
2026-03-03T14:08:02.828,497.052,1004.179,19.095,75.753,18.000,50.0,-0.004,22.810
2026-03-03T14:08:03.327,497.552,1003.647,19.106,80.212,18.000,50.0,-0.012,22.810
2026-03-03T14:08:03.827,498.052,1004.040,19.106,76.918,18.000,50.0,0.000,22.791
2026-03-03T14:08:04.340,498.552,1004.158,19.110,75.930,18.000,50.0,-0.005,22.814
2026-03-03T14:08:04.826,499.052,1004.080,19.118,76.583,18.000,50.0,0.002,22.800
2026-03-03T14:08:05.328,499.552,1003.990,19.121,77.335,18.000,50.0,-0.028,22.812
2026-03-03T14:08:05.826,500.052,1004.047,19.125,76.855,18.000,50.0,-0.024,22.832
2026-03-03T14:08:06.327,500.552,1004.168,19.124,75.847,18.000,50.0,-0.024,22.803
2026-03-03T14:08:06.826,501.052,1003.830,19.118,78.677,18.000,50.0,0.000,22.800
2026-03-03T14:08:07.329,501.552,1004.129,19.132,76.174,18.000,50.0,-0.002,22.823
2026-03-03T14:08:07.847,502.052,1003.938,19.124,77.776,18.000,50.0,-0.009,22.821
2026-03-03T14:08:08.326,502.552,1003.781,19.132,79.087,18.000,50.0,-0.002,22.814
2026-03-03T14:08:08.833,503.057,1004.175,19.121,75.787,18.000,50.0,-0.048,22.784
2026-03-03T14:08:09.326,503.552,1004.068,19.128,76.685,18.000,50.0,-0.011,22.816
2026-03-03T14:08:09.826,504.052,1004.021,19.134,77.077,18.000,50.0,-0.021,22.803
2026-03-03T14:08:10.336,504.552,1003.919,19.142,77.936,18.000,50.0,0.005,22.805
2026-03-03T14:08:10.827,505.052,1003.954,19.134,77.640,18.000,50.0,0.011,22.800
2026-03-03T14:08:11.344,505.552,1004.015,19.148,77.130,18.000,50.0,-0.017,22.800
2026-03-03T14:08:11.826,506.052,1003.796,19.150,78.961,18.000,50.0,0.013,22.803
2026-03-03T14:08:12.326,506.552,1003.918,19.152,77.944,18.000,50.0,0.025,22.807
2026-03-03T14:08:12.826,507.052,1004.379,19.162,74.079,18.000,50.0,0.000,22.796
2026-03-03T14:08:13.327,507.552,1004.061,19.154,76.744,18.000,50.0,-0.043,22.778
2026-03-03T14:08:13.858,508.052,1004.296,19.164,74.776,18.000,50.0,-0.005,22.825
2026-03-03T14:08:14.328,508.552,1004.457,19.159,73.423,18.000,50.0,0.014,22.805
2026-03-03T14:08:14.827,509.052,1003.857,19.164,78.450,18.000,50.0,0.003,22.821
2026-03-03T14:08:15.326,509.552,1003.821,19.168,78.756,18.000,50.0,-0.018,22.807
2026-03-03T14:08:15.829,510.052,1004.258,19.172,75.094,18.000,50.0,0.040,22.810
2026-03-03T14:08:16.327,510.552,1003.896,19.175,78.123,18.000,50.0,-0.022,22.807
2026-03-03T14:08:16.828,511.052,1003.858,19.174,78.442,18.000,50.0,-0.005,22.803
2026-03-03T14:08:17.341,511.552,1003.622,19.158,80.424,18.000,50.0,-0.003,22.810
2026-03-03T14:08:17.827,512.052,1003.800,19.187,78.931,18.000,50.0,-0.011,22.798
2026-03-03T14:08:18.327,512.552,1003.759,19.186,79.273,18.000,50.0,-0.006,22.810
2026-03-03T14:08:18.826,513.052,1004.075,19.188,76.628,18.000,50.0,-0.016,22.823
2026-03-03T14:08:19.331,513.556,1004.037,19.195,76.940,18.000,50.0,0.003,22.803
2026-03-03T14:08:19.835,514.061,1003.891,19.204,78.163,18.000,50.0,-0.009,22.807
2026-03-03T14:08:20.330,514.556,1004.084,19.188,76.549,18.000,50.0,0.010,22.828
2026-03-03T14:08:20.830,515.056,1004.035,19.202,76.958,18.000,50.0,-0.001,22.810
2026-03-03T14:08:21.334,515.556,1003.566,19.197,80.891,18.000,50.0,0.006,22.810
2026-03-03T14:08:21.854,516.056,1004.088,19.196,76.519,18.000,50.0,-0.009,22.796
2026-03-03T14:08:22.330,516.556,1004.086,19.196,76.535,18.000,50.0,-0.005,22.803
2026-03-03T14:08:22.831,517.056,1003.965,19.213,77.544,18.000,50.0,-0.013,22.816
2026-03-03T14:08:23.330,517.556,1003.997,19.207,77.279,18.000,50.0,-0.006,22.816
2026-03-03T14:08:23.831,518.056,1004.156,19.207,75.946,18.000,50.0,0.010,22.807
2026-03-03T14:08:24.335,518.556,1004.260,19.219,75.071,18.000,50.0,0.001,22.819
2026-03-03T14:08:24.832,519.056,1003.789,19.218,79.024,18.000,50.0,0.002,22.810
2026-03-03T14:08:25.352,519.556,1003.902,19.227,78.073,18.000,50.0,-0.020,22.814
2026-03-03T14:08:25.830,520.056,1003.789,19.241,79.022,18.000,50.0,0.028,22.805
2026-03-03T14:08:26.330,520.556,1004.109,19.228,76.341,18.000,50.0,0.047,22.794
2026-03-03T14:08:26.830,521.056,1004.152,19.224,75.979,18.000,50.0,-0.022,22.791
2026-03-03T14:08:27.331,521.556,1003.882,19.240,78.243,18.000,50.0,0.018,22.796
2026-03-03T14:08:27.829,522.056,1004.084,19.242,76.552,18.000,50.0,-0.010,22.812
2026-03-03T14:08:28.331,522.556,1003.991,19.253,77.328,18.000,50.0,-0.003,22.812
2026-03-03T14:08:28.831,523.056,1003.685,19.239,79.896,18.000,50.0,-0.012,22.810
2026-03-03T14:08:29.330,523.556,1003.956,19.233,77.623,18.000,50.0,0.005,22.789
2026-03-03T14:08:29.840,524.056,1003.755,19.238,79.310,18.000,50.0,-0.001,22.828
2026-03-03T14:08:30.335,524.561,1003.991,19.246,77.326,18.000,50.0,0.008,22.807
2026-03-03T14:08:30.830,525.056,1004.251,19.257,75.151,18.000,50.0,0.014,22.819
2026-03-03T14:08:31.331,525.556,1004.131,19.259,76.158,18.000,50.0,0.024,22.803
2026-03-03T14:08:31.830,526.056,1003.970,19.254,77.502,18.000,50.0,-0.009,22.803
2026-03-03T14:08:32.340,526.556,1003.875,19.263,78.304,18.000,50.0,-0.027,22.819
2026-03-03T14:08:32.831,527.056,1004.127,19.267,76.189,18.000,50.0,0.005,22.800
2026-03-03T14:08:33.361,527.556,1003.866,19.271,78.377,18.000,50.0,0.006,22.800
2026-03-03T14:08:33.829,528.056,1004.690,19.284,71.473,16.554,45.6,2.746,22.796
2026-03-03T14:08:34.331,528.556,1004.794,19.285,70.601,16.400,45.0,0.033,22.796
2026-03-03T14:08:34.830,529.056,1004.424,19.283,73.703,16.383,45.0,0.035,22.810
2026-03-03T14:08:35.331,529.556,1004.461,19.291,73.386,16.378,45.0,0.019,22.812
2026-03-03T14:08:35.843,530.056,1004.469,19.297,73.326,16.377,45.0,-0.019,22.787
2026-03-03T14:08:36.330,530.556,1004.537,19.297,72.754,16.376,45.0,0.014,22.816
2026-03-03T14:08:36.831,531.056,1004.377,19.293,74.090,16.376,45.0,-0.007,22.816
2026-03-03T14:08:37.330,531.556,1004.608,19.289,72.159,16.376,45.0,0.005,22.825
2026-03-03T14:08:37.832,532.056,1004.486,19.302,73.179,16.376,45.0,-0.012,22.803
2026-03-03T14:08:38.329,532.556,1004.353,19.298,74.292,16.376,45.0,0.008,22.798
2026-03-03T14:08:38.830,533.056,1004.561,19.304,72.550,16.376,45.0,0.015,22.798
2026-03-03T14:08:39.346,533.556,1004.692,19.315,71.455,16.376,45.0,-0.032,22.803
2026-03-03T14:08:39.830,534.056,1004.579,19.306,72.398,16.376,45.0,0.012,22.805
2026-03-03T14:08:40.330,534.556,1004.665,19.314,71.678,16.376,45.0,0.012,22.805
2026-03-03T14:08:40.835,535.061,1004.557,19.308,72.587,16.376,45.0,0.004,22.835
2026-03-03T14:08:41.331,535.556,1004.625,19.327,72.016,16.377,45.0,0.003,22.805
2026-03-03T14:08:41.838,536.056,1004.505,19.319,73.022,16.377,45.0,-0.015,22.810
2026-03-03T14:08:42.332,536.556,1004.663,19.315,71.700,16.377,45.0,-0.009,22.800
2026-03-03T14:08:42.837,537.056,1004.525,19.328,72.856,16.377,45.0,0.010,22.810
2026-03-03T14:08:43.330,537.556,1004.300,19.324,74.738,16.378,45.0,0.007,22.803
2026-03-03T14:08:43.851,538.056,1004.365,19.327,74.197,16.378,45.0,-0.016,22.803
2026-03-03T14:08:44.330,538.556,1004.334,19.330,74.457,16.379,45.0,-0.001,22.812
2026-03-03T14:08:44.830,539.056,1004.896,19.342,69.744,16.379,45.0,-0.010,22.823
2026-03-03T14:08:45.331,539.556,1004.605,19.343,72.186,16.379,45.0,0.031,22.805
2026-03-03T14:08:45.830,540.056,1004.495,19.345,73.103,16.379,45.0,0.005,22.814
2026-03-03T14:08:46.342,540.556,1004.367,19.340,74.178,16.379,45.0,-0.039,22.816
2026-03-03T14:08:46.829,541.056,1005.003,19.351,68.850,16.379,45.0,0.008,22.794
2026-03-03T14:08:47.330,541.556,1004.749,19.365,70.978,16.380,45.0,-0.005,22.789
2026-03-03T14:08:47.829,542.056,1004.612,19.361,72.123,16.380,45.0,-0.046,22.798
2026-03-03T14:08:48.330,542.556,1004.597,19.360,72.251,16.380,45.0,-0.064,22.821
2026-03-03T14:08:48.829,543.056,1004.623,19.368,72.030,16.380,45.0,-0.006,22.798
2026-03-03T14:08:49.331,543.556,1004.280,19.370,74.907,16.380,45.0,-0.019,22.805
2026-03-03T14:08:49.830,544.056,1004.694,19.370,71.441,16.380,45.0,0.006,22.819
2026-03-03T14:08:50.331,544.556,1004.319,19.364,74.579,16.380,45.0,0.016,22.812
2026-03-03T14:08:50.846,545.056,1004.223,19.379,75.383,16.380,45.0,0.012,22.803
2026-03-03T14:08:51.336,545.561,1004.481,19.373,73.223,16.380,45.0,-0.033,22.816
2026-03-03T14:08:51.831,546.056,1004.565,19.377,72.522,16.380,45.0,0.002,22.810
2026-03-03T14:08:52.329,546.556,1004.667,19.389,71.664,16.380,45.0,0.016,22.810
2026-03-03T14:08:52.831,547.056,1004.289,19.385,74.832,16.380,45.0,0.026,22.807
2026-03-03T14:08:53.329,547.556,1004.701,19.395,71.381,16.380,45.0,0.015,22.800
2026-03-03T14:08:53.833,548.056,1004.628,19.385,71.992,16.380,45.0,-0.001,22.805
2026-03-03T14:08:54.330,548.556,1004.739,19.378,71.062,16.380,45.0,-0.044,22.803
2026-03-03T14:08:54.830,549.056,1004.782,19.386,70.699,16.380,45.0,-0.001,22.810
2026-03-03T14:08:55.331,549.556,1004.766,19.390,70.838,16.380,45.0,-0.010,22.810
2026-03-03T14:08:55.829,550.056,1004.659,19.401,71.733,16.380,45.0,0.004,22.812
2026-03-03T14:08:56.331,550.556,1004.408,19.396,73.832,16.380,45.0,0.001,22.832
2026-03-03T14:08:56.829,551.056,1004.470,19.403,73.318,16.380,45.0,0.014,22.830
2026-03-03T14:08:57.330,551.556,1004.468,19.410,73.327,16.380,45.0,-0.007,22.816
2026-03-03T14:08:57.831,552.056,1004.379,19.406,74.076,16.380,45.0,0.029,22.807
2026-03-03T14:08:58.331,552.556,1004.748,19.413,70.986,16.380,45.0,-0.001,22.807
2026-03-03T14:08:58.848,553.056,1004.557,19.400,72.582,16.380,45.0,-0.017,22.810
2026-03-03T14:08:59.332,553.556,1004.712,19.424,71.286,16.380,45.0,-0.008,22.810
2026-03-03T14:08:59.830,554.056,1004.369,19.435,74.164,16.380,45.0,-0.015,22.830
2026-03-03T14:09:00.330,554.556,1004.452,19.425,73.467,16.380,45.0,-0.016,22.803
2026-03-03T14:09:00.830,555.056,1004.573,19.433,72.452,16.380,45.0,0.010,22.812
2026-03-03T14:09:01.330,555.556,1004.178,19.429,75.763,17.772,49.3,-2.508,22.741
2026-03-03T14:09:01.835,556.061,1004.318,19.435,74.592,17.969,49.9,-0.088,22.796
2026-03-03T14:09:02.347,556.556,1003.979,19.434,77.433,17.989,50.0,-0.014,22.791
2026-03-03T14:09:02.829,557.056,1004.145,19.427,76.042,17.998,50.0,0.006,22.798
2026-03-03T14:09:03.331,557.556,1003.888,19.439,78.191,18.002,50.0,0.024,22.773
2026-03-03T14:09:03.830,558.056,1003.799,19.440,78.936,18.003,50.0,-0.013,22.780
2026-03-03T14:09:04.331,558.556,1003.922,19.453,77.909,18.003,50.0,0.000,22.805
2026-03-03T14:09:04.835,559.056,1003.939,19.445,77.766,18.004,50.0,0.003,22.796
2026-03-03T14:09:05.330,559.556,1003.636,19.434,80.306,18.004,50.0,-0.004,22.816
2026-03-03T14:09:05.829,560.056,1003.797,19.439,78.954,18.004,50.0,-0.014,22.791
2026-03-03T14:09:06.329,560.556,1003.969,19.455,77.511,18.004,50.0,-0.003,22.798
2026-03-03T14:09:06.833,561.056,1004.084,19.455,76.551,18.004,50.0,-0.034,22.812
2026-03-03T14:09:07.329,561.556,1004.115,19.457,76.287,18.004,50.0,-0.019,22.812
2026-03-03T14:09:07.830,562.056,1004.099,19.485,76.424,18.004,50.0,-0.030,22.800
2026-03-03T14:09:08.329,562.556,1003.921,19.475,77.915,18.004,50.0,0.008,22.810
2026-03-03T14:09:08.832,563.056,1003.771,19.477,79.176,18.004,50.0,-0.018,22.807
2026-03-03T14:09:09.348,563.556,1003.969,19.462,77.513,18.004,50.0,0.013,22.810
2026-03-03T14:09:09.831,564.056,1004.111,19.471,76.323,18.004,50.0,0.009,22.819
2026-03-03T14:09:10.329,564.556,1003.682,19.468,79.922,18.003,50.0,0.035,22.803
2026-03-03T14:09:10.829,565.056,1003.951,19.486,77.660,18.003,50.0,0.024,22.794
2026-03-03T14:09:11.329,565.556,1003.595,19.486,80.653,18.003,50.0,-0.014,22.814
2026-03-03T14:09:11.829,566.056,1004.036,19.478,76.952,18.003,50.0,-0.019,22.794
2026-03-03T14:09:12.336,566.561,1004.073,19.487,76.644,18.003,50.0,0.006,22.823
2026-03-03T14:09:12.829,567.056,1004.143,19.495,76.051,18.003,50.0,-0.049,22.807
2026-03-03T14:09:13.329,567.556,1004.071,19.498,76.658,18.003,50.0,-0.042,22.791
2026-03-03T14:09:13.847,568.056,1004.093,19.500,76.474,18.002,50.0,0.000,22.816
2026-03-03T14:09:14.329,568.556,1003.837,19.507,78.619,18.002,50.0,-0.012,22.803
2026-03-03T14:09:14.830,569.056,1003.930,19.505,77.843,18.002,50.0,-0.018,22.800
2026-03-03T14:09:15.329,569.556,1003.879,19.517,78.269,18.001,50.0,0.033,22.803
2026-03-03T14:09:15.829,570.056,1003.625,19.507,80.398,18.001,50.0,-0.029,22.784
2026-03-03T14:09:16.328,570.556,1003.914,19.506,77.977,18.001,50.0,0.018,22.803
2026-03-03T14:09:16.829,571.056,1003.960,19.522,77.591,18.001,50.0,-0.001,22.805
2026-03-03T14:09:17.346,571.556,1003.794,19.525,78.978,18.001,50.0,-0.005,22.810
2026-03-03T14:09:17.829,572.056,1004.367,19.526,74.176,18.001,50.0,-0.035,22.803
2026-03-03T14:09:18.330,572.556,1003.835,19.516,78.635,18.001,50.0,-0.006,22.807
2026-03-03T14:09:18.830,573.056,1004.201,19.529,75.570,18.000,50.0,0.040,22.807
2026-03-03T14:09:19.331,573.556,1003.893,19.532,78.147,18.000,50.0,0.005,22.798
2026-03-03T14:09:19.835,574.056,1004.086,19.534,76.533,18.000,50.0,0.026,22.805
2026-03-03T14:09:20.331,574.556,1004.056,19.536,76.785,18.000,50.0,-0.012,22.803
2026-03-03T14:09:20.831,575.056,1003.753,19.533,79.321,18.000,50.0,0.017,22.796
2026-03-03T14:09:21.329,575.556,1003.844,19.535,78.565,18.000,50.0,-0.013,22.816
2026-03-03T14:09:21.830,576.056,1003.849,19.552,78.519,18.000,50.0,0.028,22.816
2026-03-03T14:09:22.341,576.556,1003.797,19.549,78.958,18.000,50.0,0.055,22.823
2026-03-03T14:09:22.837,577.061,1003.749,19.541,79.354,18.000,50.0,-0.003,22.816
2026-03-03T14:09:23.332,577.556,1003.643,19.552,80.248,19.508,54.3,-4.084,22.743
2026-03-03T14:09:23.829,578.056,1003.642,19.559,80.252,19.764,54.9,-0.043,22.782
2026-03-03T14:09:24.330,578.556,1003.521,19.562,81.273,19.786,55.0,-0.058,22.787
2026-03-03T14:09:24.829,579.056,1003.523,19.566,81.255,19.795,55.0,-0.033,22.782
2026-03-03T14:09:25.331,579.556,1003.363,19.563,82.592,19.801,55.0,0.020,22.803
2026-03-03T14:09:25.829,580.056,1003.853,19.573,78.486,19.803,55.0,0.015,22.789
2026-03-03T14:09:26.330,580.556,1003.565,19.575,80.897,19.803,55.0,0.024,22.787
2026-03-03T14:09:26.834,581.056,1003.682,19.580,79.916,19.803,55.0,0.001,22.812
2026-03-03T14:09:27.328,581.556,1003.251,19.569,83.532,19.803,55.0,-0.019,22.803
2026-03-03T14:09:27.830,582.056,1003.393,19.575,82.342,19.803,55.0,0.067,22.798
2026-03-03T14:09:28.329,582.556,1003.690,19.573,79.851,19.803,55.0,-0.035,22.812
2026-03-03T14:09:28.830,583.056,1003.497,19.574,81.470,19.802,55.0,0.038,22.789
2026-03-03T14:09:29.329,583.556,1003.566,19.579,80.894,19.802,55.0,-0.049,22.803
2026-03-03T14:09:29.830,584.056,1003.803,19.595,78.904,19.802,55.0,-0.011,22.810
2026-03-03T14:09:30.343,584.556,1003.840,19.599,78.599,19.802,55.0,-0.037,22.800
2026-03-03T14:09:30.829,585.056,1003.795,19.603,78.970,19.801,55.0,-0.024,22.805
2026-03-03T14:09:31.330,585.556,1003.732,19.600,79.503,19.801,55.0,-0.060,22.798
2026-03-03T14:09:31.828,586.056,1003.351,19.614,82.693,19.799,55.0,0.045,22.789
2026-03-03T14:09:32.330,586.556,1003.523,19.599,81.251,19.798,55.0,-0.003,22.771
2026-03-03T14:09:32.843,587.056,1003.745,19.615,79.387,19.797,55.0,-0.002,22.814
2026-03-03T14:09:33.334,587.561,1003.848,19.616,78.530,19.796,55.0,0.027,22.807
2026-03-03T14:09:33.830,588.056,1003.911,19.616,77.997,19.796,55.0,-0.021,22.798
2026-03-03T14:09:34.329,588.556,1003.898,19.642,78.111,19.796,55.0,0.010,22.807
2026-03-03T14:09:34.830,589.056,1003.657,19.620,80.130,19.795,55.0,0.001,22.819
2026-03-03T14:09:35.345,589.556,1003.535,19.626,81.149,19.795,55.0,-0.022,22.789
2026-03-03T14:09:35.829,590.056,1003.684,19.633,79.905,19.795,55.0,0.060,22.812
2026-03-03T14:09:36.330,590.556,1003.796,19.636,78.965,19.795,55.0,-0.032,22.800
2026-03-03T14:09:36.829,591.056,1003.787,19.642,79.040,19.795,55.0,-0.014,22.794
2026-03-03T14:09:37.330,591.556,1003.685,19.653,79.897,19.795,55.0,-0.016,22.791
2026-03-03T14:09:37.828,592.056,1003.746,19.647,79.385,19.795,55.0,-0.014,22.812
2026-03-03T14:09:38.328,592.556,1003.310,19.664,83.041,19.795,55.0,0.007,22.800
2026-03-03T14:09:38.844,593.056,1003.352,19.662,82.684,19.795,55.0,-0.032,22.803
2026-03-03T14:09:39.330,593.556,1003.587,19.661,80.715,19.795,55.0,0.012,22.805
2026-03-03T14:09:39.829,594.056,1003.501,19.662,81.437,19.795,55.0,0.002,22.816
2026-03-03T14:09:40.328,594.556,1003.787,19.670,79.041,19.795,55.0,0.018,22.810
2026-03-03T14:09:40.830,595.056,1003.855,19.662,78.467,19.795,55.0,0.001,22.814
2026-03-03T14:09:41.329,595.556,1003.355,19.676,82.665,19.795,55.0,-0.002,22.794
2026-03-03T14:09:41.830,596.056,1003.766,19.679,79.216,19.795,55.0,0.109,22.816
2026-03-03T14:09:42.340,596.556,1003.831,19.676,78.670,19.795,55.0,0.027,22.810
2026-03-03T14:09:42.832,597.056,1004.022,19.670,77.071,19.795,55.0,0.020,22.807
2026-03-03T14:09:43.355,597.556,1003.653,19.680,80.159,21.708,59.7,-0.556,22.775
2026-03-03T14:09:43.834,598.061,1004.534,19.676,72.775,21.788,60.0,-0.086,22.775
2026-03-03T14:09:44.329,598.556,1003.685,19.684,79.894,21.805,60.0,-0.023,22.796
2026-03-03T14:09:44.828,599.056,1003.622,19.685,80.426,21.814,60.0,-0.028,22.778
2026-03-03T14:09:45.329,599.556,1003.855,19.697,78.470,21.817,60.0,0.023,22.768
2026-03-03T14:09:45.839,600.056,1003.710,19.706,79.686,21.818,60.0,-0.016,22.798
2026-03-03T14:09:46.329,600.556,1003.818,19.697,78.780,21.818,60.0,0.036,22.782
2026-03-03T14:09:46.832,601.056,1003.630,19.699,80.358,21.818,60.0,-0.039,22.803
2026-03-03T14:09:47.329,601.556,1003.228,19.700,83.726,21.818,60.0,0.016,22.814
2026-03-03T14:09:47.830,602.056,1003.639,19.714,80.283,21.818,60.0,-0.001,22.787
2026-03-03T14:09:48.328,602.556,1004.021,19.710,77.078,21.818,60.0,-0.003,22.791
2026-03-03T14:09:48.831,603.056,1003.807,19.709,78.872,21.817,60.0,0.017,22.789
2026-03-03T14:09:49.340,603.556,1003.569,19.703,80.863,21.817,60.0,0.045,22.800
2026-03-03T14:09:49.829,604.056,1003.936,19.722,77.791,21.817,60.0,-0.017,22.794
2026-03-03T14:09:50.346,604.556,1004.114,19.701,76.301,21.817,60.0,0.003,22.819
2026-03-03T14:09:50.829,605.056,1003.811,19.719,78.834,21.817,60.0,-0.023,22.789
2026-03-03T14:09:51.329,605.556,1003.658,19.710,80.118,21.817,60.0,0.017,22.798
2026-03-03T14:09:51.829,606.056,1003.987,19.717,77.366,21.817,60.0,-0.031,22.814
2026-03-03T14:09:52.330,606.556,1004.252,19.720,75.142,21.817,60.0,-0.002,22.782
2026-03-03T14:09:52.828,607.056,1003.565,19.716,80.900,21.816,60.0,0.019,22.791
2026-03-03T14:09:53.332,607.556,1003.846,19.725,78.543,21.816,60.0,-0.017,22.789
2026-03-03T14:09:53.844,608.056,1003.700,19.713,79.767,21.815,60.0,0.022,22.812
2026-03-03T14:09:54.335,608.561,1003.619,19.722,80.451,21.815,60.0,-0.027,22.812
2026-03-03T14:09:54.828,609.056,1003.903,19.725,78.067,21.814,60.0,0.027,22.800
2026-03-03T14:09:55.328,609.556,1003.653,19.727,80.161,21.814,60.0,-0.030,22.789
2026-03-03T14:09:55.830,610.056,1003.862,19.722,78.410,21.814,60.0,-0.029,22.805
2026-03-03T14:09:56.329,610.556,1003.535,19.733,81.156,21.813,60.0,0.039,22.796
2026-03-03T14:09:56.831,611.056,1003.578,19.743,80.791,21.813,60.0,-0.051,22.807
2026-03-03T14:09:57.328,611.556,1003.463,19.748,81.755,21.813,60.0,0.018,22.823
2026-03-03T14:09:57.830,612.056,1003.734,19.751,79.481,21.813,60.0,0.021,22.810
2026-03-03T14:09:58.336,612.556,1003.423,19.760,82.088,21.813,60.0,0.024,22.798
2026-03-03T14:09:58.829,613.056,1003.698,19.750,79.784,21.813,60.0,-0.038,22.803
2026-03-03T14:09:59.328,613.556,1003.699,19.755,79.780,21.813,60.0,0.022,22.807
2026-03-03T14:09:59.829,614.056,1003.620,19.764,80.439,21.813,60.0,0.039,22.803
2026-03-03T14:10:00.329,614.556,1003.344,19.759,82.756,21.813,60.0,-0.028,22.791
2026-03-03T14:10:00.828,615.056,1004.045,19.760,76.878,24.054,64.9,-0.128,22.780
2026-03-03T14:10:01.330,615.556,1003.456,19.774,81.813,24.086,65.0,-0.020,22.791
2026-03-03T14:10:01.828,616.056,1003.861,19.777,78.421,24.099,65.0,-0.046,22.787
2026-03-03T14:10:02.332,616.556,1003.941,19.781,77.751,24.104,65.0,-0.021,22.771
2026-03-03T14:10:02.847,617.056,1004.263,19.769,75.046,24.105,65.0,-0.003,22.803
2026-03-03T14:10:03.328,617.556,1004.023,19.781,77.060,24.105,65.0,-0.009,22.787
2026-03-03T14:10:03.831,618.056,1004.357,19.786,74.263,24.105,65.0,0.005,22.791
2026-03-03T14:10:04.329,618.556,1003.768,19.791,79.202,24.105,65.0,-0.002,22.789
2026-03-03T14:10:04.835,619.061,1004.610,19.796,72.144,24.105,65.0,0.019,22.789
2026-03-03T14:10:05.328,619.556,1004.247,19.807,75.181,24.105,65.0,0.000,22.782
2026-03-03T14:10:05.829,620.056,1004.220,19.799,75.411,24.105,65.0,-0.006,22.791
2026-03-03T14:10:06.330,620.556,1003.867,19.812,78.367,24.105,65.0,-0.008,22.803
2026-03-03T14:10:06.831,621.056,1004.147,19.806,76.023,24.104,65.0,0.028,22.800
2026-03-03T14:10:07.342,621.556,1004.068,19.801,76.687,24.104,65.0,-0.003,22.782
2026-03-03T14:10:07.829,622.056,1004.223,19.803,75.383,24.103,65.0,-0.004,22.798
2026-03-03T14:10:08.329,622.556,1004.276,19.801,74.940,24.102,65.0,-0.005,22.807
2026-03-03T14:10:08.828,623.056,1003.697,19.809,79.791,24.102,65.0,-0.032,22.803
2026-03-03T14:10:09.328,623.556,1003.818,19.811,78.781,24.102,65.0,0.002,22.807
2026-03-03T14:10:09.828,624.056,1003.819,19.816,78.770,24.101,65.0,0.004,22.823
2026-03-03T14:10:10.329,624.556,1004.123,19.813,76.224,24.101,65.0,-0.017,22.807
2026-03-03T14:10:10.836,625.056,1003.828,19.823,78.692,24.100,65.0,-0.013,22.807
2026-03-03T14:10:11.328,625.556,1004.163,19.827,75.887,24.099,65.0,0.005,22.794
2026-03-03T14:10:11.850,626.056,1003.970,19.823,77.501,24.099,65.0,0.003,22.819
2026-03-03T14:10:12.328,626.556,1003.674,19.829,79.990,24.098,65.0,0.053,22.800
2026-03-03T14:10:12.830,627.056,1003.759,19.837,79.276,24.098,65.0,0.014,22.810
2026-03-03T14:10:13.328,627.556,1004.083,19.844,76.556,24.098,65.0,0.046,22.798
2026-03-03T14:10:13.829,628.056,1003.938,19.852,77.771,24.098,65.0,0.009,22.800
2026-03-03T14:10:14.338,628.556,1004.060,19.850,76.748,24.098,65.0,0.033,22.796
2026-03-03T14:10:14.829,629.056,1003.622,19.849,80.425,24.099,65.0,-0.023,22.800
2026-03-03T14:10:15.354,629.561,1003.708,19.859,79.702,24.099,65.0,0.011,22.794
2026-03-03T14:10:15.828,630.056,1004.042,19.863,76.897,24.099,65.0,0.015,22.803
2026-03-03T14:10:16.330,630.556,1003.874,19.863,78.310,24.099,65.0,0.000,22.821
2026-03-03T14:10:16.830,631.056,1004.226,19.866,75.363,24.099,65.0,-0.052,22.800
2026-03-03T14:10:17.329,631.556,1004.185,19.879,75.701,24.099,65.0,0.033,22.803
2026-03-03T14:10:17.855,632.056,1003.940,19.875,77.752,24.099,65.0,0.059,22.800
2026-03-03T14:10:18.328,632.556,1004.013,19.882,77.143,24.099,65.0,0.019,22.782
2026-03-03T14:10:18.829,633.056,1003.991,19.883,77.325,24.099,65.0,-0.033,22.768
2026-03-03T14:10:19.338,633.556,1003.917,19.885,77.950,24.099,65.0,0.034,22.810
2026-03-03T14:10:19.831,634.056,1003.831,19.884,78.674,24.099,65.0,0.037,22.791
2026-03-03T14:10:20.350,634.556,1003.935,19.869,77.796,24.099,65.0,-0.033,22.803
2026-03-03T14:10:20.828,635.056,1003.838,19.881,78.613,24.099,65.0,-0.009,22.798
2026-03-03T14:10:21.330,635.556,1004.546,19.883,72.676,24.099,65.0,-0.046,22.823
2026-03-03T14:10:21.831,636.056,1003.952,19.884,77.658,24.339,65.5,-25.745,21.343
2026-03-03T14:10:22.330,636.556,1004.221,19.892,75.405,26.666,70.0,-0.164,22.787
2026-03-03T14:10:22.835,637.056,1004.509,19.883,72.985,26.695,70.0,-0.010,22.778
2026-03-03T14:10:23.329,637.556,1004.588,19.900,72.329,26.705,70.0,0.030,22.791
2026-03-03T14:10:23.829,638.056,1004.370,19.898,74.154,26.708,70.0,0.017,22.807
2026-03-03T14:10:24.328,638.556,1004.503,19.912,73.040,26.709,70.0,0.026,22.780
2026-03-03T14:10:24.830,639.056,1004.384,19.913,74.031,26.709,70.0,0.001,22.796
2026-03-03T14:10:25.328,639.556,1004.346,19.915,74.354,26.709,70.0,-0.038,22.798
2026-03-03T14:10:25.835,640.061,1004.490,19.921,73.145,26.708,70.0,0.031,22.796
2026-03-03T14:10:26.351,640.556,1004.620,19.912,72.057,26.708,70.0,-0.000,22.787
2026-03-03T14:10:26.828,641.056,1004.551,19.909,72.639,26.708,70.0,-0.027,22.794
2026-03-03T14:10:27.330,641.556,1004.085,19.925,76.544,26.708,70.0,0.048,22.816
2026-03-03T14:10:27.828,642.056,1004.450,19.931,73.484,26.707,70.0,-0.022,22.784
2026-03-03T14:10:28.331,642.556,1004.865,19.925,70.001,26.707,70.0,-0.016,22.784
2026-03-03T14:10:28.827,643.056,1004.431,19.937,73.638,26.707,70.0,-0.015,22.807
2026-03-03T14:10:29.328,643.556,1004.515,19.938,72.940,26.706,70.0,0.076,22.778
2026-03-03T14:10:29.829,644.056,1004.598,19.934,72.245,26.706,70.0,0.019,22.800
2026-03-03T14:10:30.328,644.556,1004.405,19.945,73.862,26.705,70.0,-0.005,22.812
2026-03-03T14:10:30.831,645.056,1004.426,19.953,73.681,26.704,70.0,0.052,22.794
2026-03-03T14:10:31.328,645.556,1004.584,19.947,72.362,26.704,70.0,0.039,22.798
2026-03-03T14:10:31.829,646.056,1004.676,19.955,71.585,26.704,70.0,-0.048,22.794
2026-03-03T14:10:32.339,646.556,1004.710,19.948,71.306,26.703,70.0,0.025,22.798
2026-03-03T14:10:32.829,647.056,1004.478,19.955,73.251,26.703,70.0,-0.020,22.796
2026-03-03T14:10:33.333,647.556,1004.493,19.947,73.122,26.702,70.0,0.015,22.796
2026-03-03T14:10:33.827,648.056,1004.865,19.964,70.008,26.702,70.0,0.010,22.794
2026-03-03T14:10:34.329,648.556,1004.167,19.963,75.854,26.702,70.0,-0.018,22.810
2026-03-03T14:10:34.827,649.056,1004.312,19.961,74.634,26.702,70.0,0.005,22.800
2026-03-03T14:10:35.329,649.556,1004.711,19.963,71.293,26.702,70.0,0.043,22.819
2026-03-03T14:10:35.828,650.056,1004.461,19.969,73.390,26.702,70.0,-0.017,22.810
2026-03-03T14:10:36.334,650.561,1004.830,19.984,70.300,26.702,70.0,0.039,22.803
2026-03-03T14:10:36.832,651.056,1004.112,19.994,76.313,26.702,70.0,-0.064,22.800
2026-03-03T14:10:37.328,651.556,1004.616,19.982,72.095,26.702,70.0,-0.036,22.816
2026-03-03T14:10:37.829,652.056,1004.751,19.976,70.957,26.702,70.0,-0.007,22.794
2026-03-03T14:10:38.327,652.556,1005.481,19.973,64.843,29.628,75.0,-0.096,22.791
2026-03-03T14:10:38.829,653.056,1005.224,19.981,66.999,29.659,75.0,-0.012,22.807
2026-03-03T14:10:39.336,653.556,1005.184,19.984,67.329,29.670,75.0,-0.045,22.794
2026-03-03T14:10:39.828,654.056,1005.329,20.001,66.120,29.675,75.0,0.006,22.796
2026-03-03T14:10:40.345,654.556,1005.454,19.992,65.073,29.676,75.0,-0.007,22.791
2026-03-03T14:10:40.828,655.056,1004.861,19.997,70.036,29.675,75.0,-0.006,22.798
2026-03-03T14:10:41.329,655.556,1005.401,20.005,65.514,29.675,75.0,0.034,22.794
2026-03-03T14:10:41.828,656.056,1005.094,20.017,68.087,29.675,75.0,-0.021,22.803
2026-03-03T14:10:42.328,656.556,1005.046,20.005,68.493,29.675,75.0,0.008,22.800
2026-03-03T14:10:42.838,657.056,1004.961,20.021,69.201,29.674,75.0,-0.013,22.798
2026-03-03T14:10:43.328,657.556,1004.842,20.022,70.199,29.674,75.0,0.039,22.816
2026-03-03T14:10:43.849,658.056,1004.821,20.017,70.377,29.673,75.0,0.074,22.787
2026-03-03T14:10:44.327,658.556,1005.204,20.037,67.168,29.673,75.0,-0.029,22.794
2026-03-03T14:10:44.830,659.056,1005.230,20.029,66.944,29.672,75.0,-0.010,22.803
2026-03-03T14:10:45.328,659.556,1004.860,20.025,70.045,29.670,75.0,0.011,22.819
2026-03-03T14:10:45.829,660.056,1005.053,20.037,68.427,29.669,75.0,-0.021,22.794
2026-03-03T14:10:46.332,660.556,1005.396,20.039,65.558,29.669,75.0,-0.008,22.789
2026-03-03T14:10:46.833,661.061,1005.081,20.046,68.198,29.669,75.0,0.044,22.789
2026-03-03T14:10:47.340,661.556,1004.790,20.034,70.632,29.669,75.0,-0.025,22.810
2026-03-03T14:10:47.828,662.056,1005.316,20.053,66.227,29.669,75.0,-0.036,22.789
2026-03-03T14:10:48.329,662.556,1005.101,20.052,68.026,29.668,75.0,0.032,22.807
2026-03-03T14:10:48.827,663.056,1004.942,20.067,69.361,29.668,75.0,-0.024,22.807
2026-03-03T14:10:49.328,663.556,1005.160,20.067,67.531,29.668,75.0,-0.027,22.800
2026-03-03T14:10:49.838,664.056,1005.299,20.061,66.370,29.668,75.0,0.002,22.803
2026-03-03T14:10:50.330,664.556,1005.224,20.065,67.001,29.668,75.0,-0.014,22.812
2026-03-03T14:10:50.828,665.056,1005.089,20.069,68.131,29.669,75.0,-0.022,22.787
2026-03-03T14:10:51.328,665.556,1004.842,20.073,70.195,29.668,75.0,-0.009,22.805
2026-03-03T14:10:51.831,666.056,1005.132,20.065,67.769,29.668,75.0,0.034,22.810
2026-03-03T14:10:52.338,666.556,1004.970,20.062,69.127,29.668,75.0,0.125,22.796
2026-03-03T14:10:52.829,667.056,1005.178,20.077,67.379,29.668,75.0,0.062,22.794
2026-03-03T14:10:53.356,667.556,1005.286,20.082,66.481,29.669,75.0,-0.022,22.805
2026-03-03T14:10:53.827,668.056,1004.967,20.083,69.150,29.668,75.0,0.056,22.789
2026-03-03T14:10:54.331,668.556,1005.964,20.072,60.803,32.764,79.6,0.008,22.798
2026-03-03T14:10:54.827,669.056,1005.551,20.089,64.257,32.763,79.6,-0.034,22.803
2026-03-03T14:10:55.327,669.556,1005.051,20.104,68.451,32.763,79.6,0.007,22.794
2026-03-03T14:10:55.828,670.056,1005.265,20.100,66.656,32.763,79.6,0.015,22.805
2026-03-03T14:10:56.328,670.556,1005.682,20.105,63.159,32.763,79.6,0.023,22.814
2026-03-03T14:10:56.827,671.056,1005.503,20.118,64.661,32.763,79.6,-0.015,22.816
2026-03-03T14:10:57.332,671.561,1005.784,20.113,62.313,32.763,79.6,-0.064,22.798
2026-03-03T14:10:57.829,672.056,1005.290,20.104,66.446,32.763,79.6,-0.029,22.812
2026-03-03T14:10:58.334,672.556,1005.279,20.121,66.535,32.763,79.6,-0.017,22.798
2026-03-03T14:10:58.829,673.056,1005.298,20.115,66.381,32.763,79.6,0.032,22.791
2026-03-03T14:10:59.329,673.556,1005.546,20.123,64.300,32.763,79.6,0.021,22.807
2026-03-03T14:10:59.827,674.056,1005.704,20.121,62.980,32.763,79.6,-0.070,22.794
2026-03-03T14:11:00.329,674.556,1005.210,20.132,67.112,32.763,79.6,-0.012,22.805
2026-03-03T14:11:00.828,675.056,1005.354,20.133,65.907,32.763,79.6,0.021,22.798
2026-03-03T14:11:01.328,675.556,1005.326,20.129,66.140,32.763,79.6,-0.018,22.798
2026-03-03T14:11:01.827,676.056,1005.850,20.142,61.758,32.763,79.6,-0.003,22.798
2026-03-03T14:11:02.330,676.556,1005.818,20.131,62.029,32.763,79.6,-0.000,22.805
2026-03-03T14:11:02.844,677.056,1005.612,20.143,63.745,32.763,79.6,-0.022,22.789
2026-03-03T14:11:03.329,677.556,1005.641,20.144,63.507,32.763,79.6,0.009,22.803
2026-03-03T14:11:03.828,678.056,1005.955,20.146,60.877,32.762,79.6,0.056,22.814
2026-03-03T14:11:04.327,678.556,1005.737,20.146,62.706,32.762,79.6,0.016,22.825
2026-03-03T14:11:04.830,679.056,1005.620,20.154,63.680,32.762,79.6,0.031,22.796
2026-03-03T14:11:05.327,679.556,1005.792,20.178,62.244,32.762,79.6,0.022,22.803
2026-03-03T14:11:05.827,680.056,1005.460,20.165,65.018,32.762,79.6,0.025,22.810
2026-03-03T14:11:06.328,680.556,1005.320,20.160,66.193,32.762,79.6,0.011,22.814
2026-03-03T14:11:06.828,681.056,1005.669,20.178,63.273,32.762,79.6,-0.004,22.825
2026-03-03T14:11:07.329,681.556,1005.675,20.190,63.224,32.762,79.6,0.000,22.805
2026-03-03T14:11:07.832,682.061,1005.715,20.178,62.884,32.762,79.6,-0.031,22.796
2026-03-03T14:11:08.328,682.556,1005.585,20.192,63.974,32.762,79.6,0.019,22.796
2026-03-03T14:11:08.829,683.056,1005.599,20.191,63.856,32.762,79.6,0.002,22.789
2026-03-03T14:11:09.327,683.556,1005.222,20.190,67.017,32.762,79.6,0.036,22.796
2026-03-03T14:11:09.829,684.056,1006.056,20.195,60.030,31.090,77.1,44.010,22.565
2026-03-03T14:11:10.334,684.556,1010.779,20.197,20.585,9.467,20.7,42.963,22.595
2026-03-03T14:11:10.828,685.056,1019.775,20.208,-54.152,5.994,10.0,0.065,22.773
2026-03-03T14:11:11.335,685.556,1019.744,20.215,-53.894,5.985,10.0,-0.034,22.782
2026-03-03T14:11:11.828,686.056,1024.412,20.216,-92.465,0.158,0.0,0.727,22.741
2026-03-03T14:11:12.356,686.556,1024.492,20.207,-93.128,0.052,0.0,0.031,22.757
2026-03-03T14:11:12.829,687.056,1024.299,20.217,-91.536,0.018,0.0,-0.011,22.748
2026-03-03T14:11:13.329,687.556,1024.539,20.215,-93.511,0.009,0.0,-0.002,22.752
2026-03-03T14:11:13.827,688.056,1024.510,20.201,-93.276,0.006,0.0,-0.001,22.759
2026-03-03T14:11:14.328,688.556,1024.398,20.208,-92.351,-0.006,0.0,-0.040,22.727
2026-03-03T14:11:14.828,689.056,1024.401,20.213,-92.370,-0.008,0.0,-0.026,22.764
2026-03-03T14:11:15.330,689.556,1024.602,20.222,-94.032,-0.008,0.0,0.011,22.752
2026-03-03T14:11:15.854,690.056,1024.500,20.208,-93.190,-0.008,0.0,-0.006,22.759
2026-03-03T14:11:16.327,690.556,1024.304,20.229,-91.576,-0.008,0.0,0.009,22.757
2026-03-03T14:11:16.828,691.056,1024.251,20.225,-91.141,-0.008,0.0,0.002,22.766
2026-03-03T14:11:17.327,691.556,1024.423,20.221,-92.554,-0.008,0.0,0.002,22.780
2026-03-03T14:11:17.829,692.056,1024.536,20.205,-93.488,-0.007,0.0,-0.025,22.775
2026-03-03T14:11:18.333,692.561,1024.465,20.229,-92.900,-0.007,0.0,-0.032,22.771
2026-03-03T14:11:18.827,693.056,1024.320,20.227,-91.705,-0.007,0.0,-0.018,22.789
2026-03-03T14:11:19.328,693.556,1024.373,20.223,-92.141,-0.007,0.0,-0.029,22.798
2026-03-03T14:11:19.827,694.056,1024.281,20.226,-91.389,-0.007,0.0,-0.026,22.773
2026-03-03T14:11:20.328,694.556,1024.329,20.218,-91.783,-0.007,0.0,0.028,22.789
2026-03-03T14:11:20.834,695.056,1024.296,20.222,-91.509,-0.007,0.0,-0.015,22.794
2026-03-03T14:11:21.327,695.556,1024.380,20.219,-92.198,-0.007,0.0,-0.003,22.780
2026-03-03T14:11:21.827,696.056,1024.397,20.230,-92.338,-0.007,0.0,-0.004,22.798
2026-03-03T14:11:22.327,696.556,1024.392,20.241,-92.301,-0.006,0.0,0.029,22.789
2026-03-03T14:11:22.828,697.056,1024.528,20.244,-93.420,-0.006,0.0,0.019,22.784
2026-03-03T14:11:23.341,697.556,1024.394,20.236,-92.320,-0.006,0.0,-0.005,22.780
2026-03-03T14:11:23.827,698.056,1024.534,20.250,-93.471,-0.006,0.0,-0.001,22.794
2026-03-03T14:11:24.328,698.556,1024.487,20.247,-93.083,-0.006,0.0,-0.018,22.775
2026-03-03T14:11:24.827,699.056,1024.570,20.246,-93.767,-0.005,0.0,-0.025,22.791
2026-03-03T14:11:25.328,699.556,1024.559,20.250,-93.678,-0.005,0.0,-0.032,22.789
2026-03-03T14:11:25.827,700.056,1024.389,20.246,-92.274,-0.005,0.0,0.009,22.814
2026-03-03T14:11:26.329,700.556,1024.537,20.250,-93.494,-0.005,0.0,0.011,22.798
2026-03-03T14:11:26.827,701.056,1024.392,20.248,-92.299,-0.005,0.0,-0.022,22.796
2026-03-03T14:11:27.327,701.556,1024.556,20.258,-93.654,-0.005,0.0,0.025,22.768
2026-03-03T14:11:27.851,702.056,1024.412,20.249,-92.462,-0.005,0.0,-0.020,22.782
2026-03-03T14:11:28.329,702.556,1024.339,20.254,-91.866,-0.005,0.0,-0.028,22.766
2026-03-03T14:11:28.834,703.061,1024.428,20.265,-92.598,-0.004,0.0,0.002,22.796
2026-03-03T14:11:29.327,703.556,1024.414,20.267,-92.484,-0.004,0.0,0.021,22.787
2026-03-03T14:11:29.829,704.056,1024.520,20.262,-93.357,-0.004,0.0,-0.007,22.778
2026-03-03T14:11:30.327,704.556,1024.337,20.263,-91.850,-0.004,0.0,0.024,22.789
2026-03-03T14:11:30.827,705.056,1024.336,20.265,-91.837,-0.004,0.0,0.012,22.775
2026-03-03T14:11:31.351,705.556,1024.471,20.251,-92.948,-0.004,0.0,0.007,22.800
2026-03-03T14:11:31.826,706.056,1024.353,20.270,-91.979,-0.004,0.0,0.015,22.784
2026-03-03T14:11:32.328,706.556,1024.298,20.269,-91.524,-0.003,0.0,-0.027,22.782
2026-03-03T14:11:32.827,707.056,1024.469,20.270,-92.932,-0.001,0.0,0.002,22.787
2026-03-03T14:11:33.328,707.556,1024.339,20.279,-91.864,-0.000,0.0,-0.021,22.787
2026-03-03T14:11:33.826,708.056,1024.360,20.287,-92.039,0.000,0.0,-0.005,22.803
2026-03-03T14:11:34.327,708.556,1024.509,20.280,-93.264,0.000,0.0,0.040,22.803
2026-03-03T14:11:34.830,709.056,1024.344,20.273,-91.905,0.000,0.0,0.011,22.784
2026-03-03T14:11:35.327,709.556,1024.413,20.278,-92.470,0.000,0.0,-0.030,22.784
2026-03-03T14:11:35.828,710.056,1024.453,20.287,-92.800,0.000,0.0,0.013,22.764
2026-03-03T14:11:36.326,710.556,1024.388,20.289,-92.264,0.000,0.0,0.003,22.807
2026-03-03T14:11:36.828,711.056,1024.359,20.288,-92.032,0.000,0.0,-0.002,22.787
2026-03-03T14:11:37.327,711.556,1024.469,20.281,-92.934,0.000,0.0,-0.028,22.780
2026-03-03T14:11:37.828,712.056,1024.395,20.286,-92.323,0.000,0.0,0.009,22.789
2026-03-03T14:11:38.332,712.556,1024.405,20.284,-92.406,0.000,0.0,-0.015,22.798
