rx_time_iso,Time - Seconds,DPS368 - Pres (hPa),DPS368 - Temp (C),DPS368 - Alt ASL (m),MotorDriver - Motor Position,MotorDriver - Motor Angle,MotorDriver - Motor Velocity,MotorDriver - Battery Voltage
2026-03-03T14:15:37.016,5.299,1026.423,20.866,-109.036,-0.000,0.0,-0.010,22.775
2026-03-03T14:15:37.512,5.790,1026.422,20.851,-109.031,0.003,0.0,-0.006,22.771
2026-03-03T14:15:38.009,6.290,1026.425,20.872,-109.056,0.003,0.0,-0.017,22.773
2026-03-03T14:15:38.529,6.790,1026.426,20.882,-109.063,0.003,0.0,-0.011,22.764
2026-03-03T14:15:39.007,7.290,1026.424,20.872,-109.048,0.003,0.0,0.007,22.800
2026-03-03T14:15:39.530,7.790,1026.424,20.869,-109.046,0.003,0.0,0.014,22.782
2026-03-03T14:15:40.009,8.291,1026.425,20.870,-109.054,0.003,0.0,0.008,22.780
2026-03-03T14:15:40.510,8.791,1026.422,20.872,-109.032,0.003,0.0,0.010,22.789
2026-03-03T14:15:41.008,9.291,1026.426,20.864,-109.064,0.003,0.0,0.001,22.766
2026-03-03T14:15:41.510,9.791,1026.427,20.876,-109.066,0.003,0.0,-0.012,22.780
2026-03-03T14:15:42.009,10.291,1026.426,20.871,-109.063,0.003,0.0,0.007,22.784
2026-03-03T14:15:42.511,10.791,1026.422,20.861,-109.032,0.003,0.0,-0.006,22.784
2026-03-03T14:15:43.014,11.291,1026.426,20.866,-109.059,0.003,0.0,0.009,22.794
2026-03-03T14:15:43.508,11.791,1026.421,20.870,-109.024,0.003,0.0,-0.002,22.768
2026-03-03T14:15:44.016,12.291,1026.426,20.876,-109.058,0.003,0.0,-0.019,22.780
2026-03-03T14:15:44.508,12.791,1026.425,20.872,-109.056,0.003,0.0,-0.009,22.787
2026-03-03T14:15:45.042,13.291,1026.424,20.870,-109.047,0.003,0.0,-0.012,22.787
2026-03-03T14:15:45.508,13.791,1026.425,20.883,-109.057,0.003,0.0,0.018,22.789
2026-03-03T14:15:46.010,14.291,1026.428,20.880,-109.077,0.003,0.0,-0.034,22.775
2026-03-03T14:15:46.508,14.791,1026.425,20.884,-109.050,0.003,0.0,0.011,22.764
2026-03-03T14:15:47.011,15.291,1026.426,20.880,-109.062,0.003,0.0,-0.010,22.773
2026-03-03T14:15:47.512,15.794,1026.428,20.878,-109.076,0.003,0.0,-0.009,22.798
2026-03-03T14:15:48.016,16.297,1026.428,20.891,-109.079,0.003,0.0,0.002,22.771
2026-03-03T14:15:48.533,16.800,1026.427,20.895,-109.066,0.003,0.0,-0.008,22.784
2026-03-03T14:15:49.021,17.304,1026.424,20.887,-109.045,0.003,0.0,0.022,22.778
2026-03-03T14:15:49.528,17.807,1026.425,20.891,-109.056,0.003,0.0,0.020,22.789
2026-03-03T14:15:50.027,18.310,1026.426,20.890,-109.063,0.003,0.0,0.012,22.782
2026-03-03T14:15:50.532,18.813,1026.423,20.887,-109.037,0.003,0.0,-0.008,22.787
2026-03-03T14:15:51.034,19.316,1026.423,20.889,-109.039,0.003,0.0,0.002,22.764
2026-03-03T14:15:51.537,19.819,1026.424,20.888,-109.045,0.003,0.0,0.029,22.787
2026-03-03T14:15:52.040,20.322,1026.423,20.889,-109.039,0.003,0.0,-0.021,22.782
2026-03-03T14:15:52.544,20.825,1026.424,20.882,-109.048,0.003,0.0,-0.010,22.780
2026-03-03T14:15:53.052,21.328,1026.424,20.894,-109.043,0.003,0.0,0.016,22.791
2026-03-03T14:15:53.549,21.831,1026.426,20.888,-109.061,0.003,0.0,-0.000,22.787
2026-03-03T14:15:54.058,22.334,1026.427,20.907,-109.069,0.003,0.0,0.010,22.778
2026-03-03T14:15:54.554,22.837,1026.430,20.904,-109.097,0.003,0.0,0.004,22.775
2026-03-03T14:15:55.066,23.340,1026.425,20.902,-109.057,0.003,0.0,-0.000,22.791
2026-03-03T14:15:55.560,23.843,1026.426,20.906,-109.060,0.003,0.0,-0.007,22.796
2026-03-03T14:15:56.092,24.346,1026.427,20.904,-109.067,0.003,0.0,-0.006,22.789
2026-03-03T14:15:56.565,24.848,1026.426,20.900,-109.063,0.003,0.0,0.009,22.782
2026-03-03T14:15:57.070,25.351,1026.426,20.898,-109.062,0.003,0.0,0.008,22.798
2026-03-03T14:15:57.572,25.854,1026.427,20.903,-109.073,0.003,0.0,0.014,22.787
2026-03-03T14:15:58.076,26.357,1026.426,20.907,-109.061,0.003,0.0,0.012,22.789
2026-03-03T14:15:58.577,26.860,1026.428,20.909,-109.079,0.003,0.0,0.014,22.789
2026-03-03T14:15:59.083,27.363,1026.427,20.900,-109.071,0.003,0.0,0.005,22.773
2026-03-03T14:15:59.585,27.867,1026.427,20.899,-109.070,0.003,0.0,0.013,22.773
2026-03-03T14:16:00.083,28.363,1026.426,20.896,-109.061,0.003,0.0,-0.026,22.778
2026-03-03T14:16:00.607,28.863,1026.429,20.897,-109.084,0.003,0.0,-0.015,22.784
2026-03-03T14:16:01.080,29.363,1026.429,20.911,-109.087,0.003,0.0,-0.010,22.782
2026-03-03T14:16:01.621,29.863,1026.427,20.907,-109.070,0.004,0.0,-0.046,22.759
2026-03-03T14:16:02.080,30.363,1026.430,20.899,-109.093,0.003,0.0,0.013,22.800
2026-03-03T14:16:02.580,30.863,1026.430,20.907,-109.092,0.003,0.0,0.017,22.796
2026-03-03T14:16:03.080,31.363,1026.429,20.916,-109.084,0.003,0.0,-0.022,22.812
2026-03-03T14:16:03.579,31.863,1026.431,20.918,-109.101,0.003,0.0,-0.015,22.789
2026-03-03T14:16:04.102,32.363,1026.428,20.906,-109.076,0.003,0.0,-0.007,22.775
2026-03-03T14:16:04.579,32.863,1026.431,20.902,-109.105,0.004,0.0,-0.024,22.803
2026-03-03T14:16:05.119,33.363,1026.431,20.900,-109.102,0.003,0.0,-0.004,22.780
2026-03-03T14:16:05.580,33.863,1026.433,20.918,-109.118,0.003,0.0,-0.000,22.791
2026-03-03T14:16:06.080,34.363,1026.430,20.909,-109.094,0.003,0.0,0.027,22.771
2026-03-03T14:16:06.580,34.863,1026.432,20.912,-109.112,0.003,0.0,0.022,22.775
2026-03-03T14:16:07.081,35.363,1026.433,20.916,-109.124,0.003,0.0,0.005,22.773
2026-03-03T14:16:07.600,35.863,1026.431,20.914,-109.106,0.003,0.0,-0.025,22.771
2026-03-03T14:16:08.080,36.363,1026.429,20.902,-109.088,0.003,0.0,0.007,22.791
2026-03-03T14:16:08.604,36.863,1026.435,20.905,-109.137,0.003,0.0,-0.020,22.784
2026-03-03T14:16:09.080,37.363,1026.432,20.906,-109.108,0.003,0.0,-0.018,22.789
2026-03-03T14:16:09.581,37.863,1026.433,20.916,-109.123,0.004,0.0,-0.039,22.784
2026-03-03T14:16:10.080,38.363,1026.433,20.907,-109.124,0.003,0.0,-0.015,22.782
2026-03-03T14:16:10.583,38.863,1026.435,20.905,-109.137,0.003,0.0,0.022,22.784
2026-03-03T14:16:11.082,39.363,1026.435,20.900,-109.140,0.003,0.0,-0.024,22.784
2026-03-03T14:16:11.582,39.863,1026.434,20.911,-109.127,0.003,0.0,-0.010,22.789
2026-03-03T14:16:12.115,40.363,1026.434,20.923,-109.129,0.003,0.0,-0.008,22.807
2026-03-03T14:16:12.580,40.863,1026.433,20.910,-109.119,0.003,0.0,0.021,22.784
2026-03-03T14:16:13.083,41.363,1026.436,20.928,-109.148,0.003,0.0,0.033,22.791
2026-03-03T14:16:13.582,41.863,1026.436,20.927,-109.147,0.003,0.0,-0.010,22.778
2026-03-03T14:16:14.080,42.363,1026.432,20.916,-109.115,0.003,0.0,-0.017,22.796
2026-03-03T14:16:14.587,42.863,1026.432,20.907,-109.108,0.004,0.0,-0.030,22.778
2026-03-03T14:16:15.081,43.364,1026.436,20.917,-109.147,0.003,0.0,-0.006,22.771
2026-03-03T14:16:15.598,43.867,1026.435,20.916,-109.138,0.003,0.0,-0.012,22.782
2026-03-03T14:16:16.087,44.370,1026.436,20.925,-109.146,0.003,0.0,-0.018,22.791
2026-03-03T14:16:16.612,44.873,1026.439,20.918,-109.171,0.003,0.0,-0.000,22.803
2026-03-03T14:16:17.093,45.376,1026.435,20.923,-109.137,0.003,0.0,-0.001,22.789
2026-03-03T14:16:17.596,45.879,1026.437,20.917,-109.154,0.003,0.0,0.067,22.803
2026-03-03T14:16:18.099,46.382,1026.437,20.923,-109.152,0.003,0.0,-0.007,22.787
2026-03-03T14:16:18.602,46.885,1026.436,20.918,-109.148,0.003,0.0,-0.000,22.784
2026-03-03T14:16:19.104,47.388,1026.435,20.917,-109.139,0.003,0.0,0.010,22.791
2026-03-03T14:16:19.607,47.891,1026.437,20.921,-109.150,0.003,0.0,0.003,22.791
2026-03-03T14:16:20.111,48.394,1026.438,20.920,-109.165,0.003,0.0,0.026,22.789
2026-03-03T14:16:20.616,48.897,1026.439,20.916,-109.169,0.003,0.0,0.015,22.800
2026-03-03T14:16:21.137,49.400,1026.436,20.909,-109.148,0.003,0.0,0.004,22.780
2026-03-03T14:16:21.620,49.903,1026.436,20.922,-109.144,0.003,0.0,-0.002,22.778
2026-03-03T14:16:22.129,50.406,1026.439,20.912,-109.173,0.003,0.0,0.002,22.803
2026-03-03T14:16:22.626,50.909,1026.439,20.935,-109.169,0.003,0.0,0.018,22.805
2026-03-03T14:16:23.155,51.413,1026.441,20.922,-109.182,0.003,0.0,0.008,22.787
2026-03-03T14:16:23.633,51.916,1026.440,20.921,-109.181,0.003,0.0,0.016,22.791
2026-03-03T14:16:24.136,52.419,1026.441,20.920,-109.187,0.003,0.0,0.015,22.766
2026-03-03T14:16:24.638,52.922,1026.440,20.926,-109.177,0.003,0.0,-0.031,22.780
2026-03-03T14:16:25.141,53.425,1026.438,20.920,-109.165,0.003,0.0,-0.001,22.800
2026-03-03T14:16:25.644,53.928,1026.441,20.920,-109.188,0.003,0.0,0.021,22.784
2026-03-03T14:16:26.149,54.431,1026.440,20.929,-109.179,0.003,0.0,-0.029,22.775
2026-03-03T14:16:26.659,54.934,1026.441,20.922,-109.189,0.003,0.0,-0.018,22.768
2026-03-03T14:16:27.154,55.437,1026.438,20.921,-109.158,0.003,0.0,0.021,22.796
2026-03-03T14:16:27.668,55.940,1026.444,20.935,-109.208,0.003,0.0,-0.008,22.778
2026-03-03T14:16:28.160,56.443,1026.444,20.930,-109.211,0.003,0.0,0.006,22.789
2026-03-03T14:16:28.682,56.946,1026.443,20.935,-109.200,0.003,0.0,0.038,22.789
2026-03-03T14:16:29.165,57.449,1026.442,20.929,-109.195,0.003,0.0,-0.013,22.789
2026-03-03T14:16:29.669,57.952,1026.443,20.939,-109.203,0.003,0.0,-0.001,22.778
2026-03-03T14:16:30.172,58.455,1026.442,20.922,-109.190,0.003,0.0,-0.016,22.787
2026-03-03T14:16:30.675,58.958,1026.440,20.938,-109.179,0.003,0.0,0.007,22.784
2026-03-03T14:16:31.177,59.461,1026.440,20.918,-109.179,0.003,0.0,0.031,22.787
2026-03-03T14:16:31.682,59.964,1026.446,20.926,-109.223,0.003,0.0,-0.008,22.766
2026-03-03T14:16:32.189,60.467,1026.441,20.930,-109.188,0.003,0.0,-0.000,22.794
2026-03-03T14:16:32.687,60.970,1026.441,20.928,-109.186,0.003,0.0,-0.008,22.791
2026-03-03T14:16:33.211,61.473,1026.445,20.938,-109.218,0.003,0.0,-0.000,22.775
2026-03-03T14:16:33.694,61.977,1026.442,20.932,-109.190,0.003,0.0,0.008,22.796
2026-03-03T14:16:34.197,62.480,1026.443,20.932,-109.205,0.003,0.0,0.012,22.782
2026-03-03T14:16:34.700,62.982,1026.444,20.939,-109.211,0.003,0.0,0.010,22.780
2026-03-03T14:16:35.204,63.486,1026.447,20.934,-109.237,0.003,0.0,0.016,22.780
2026-03-03T14:16:35.706,63.989,1026.440,20.935,-109.177,0.003,0.0,-0.003,22.766
2026-03-03T14:16:36.211,64.492,1026.443,20.937,-109.202,0.003,0.0,0.015,22.787
2026-03-03T14:16:36.713,64.997,1026.447,20.944,-109.231,0.003,0.0,-0.013,22.789
2026-03-03T14:16:37.210,65.492,1026.445,20.934,-109.215,0.004,0.0,-0.023,22.780
2026-03-03T14:16:37.708,65.992,1026.445,20.938,-109.218,0.003,0.0,-0.010,22.784
2026-03-03T14:16:38.210,66.492,1026.447,20.941,-109.236,0.003,0.0,0.005,22.796
2026-03-03T14:16:38.727,66.992,1026.448,20.936,-109.239,0.003,0.0,-0.010,22.798
2026-03-03T14:16:39.211,67.492,1026.447,20.944,-109.238,0.003,0.0,0.007,22.791
2026-03-03T14:16:39.732,67.992,1026.445,20.935,-109.215,0.003,0.0,0.013,22.775
2026-03-03T14:16:40.208,68.492,1026.446,20.939,-109.226,0.003,0.0,-0.008,22.780
2026-03-03T14:16:40.708,68.992,1026.445,20.962,-109.222,0.003,0.0,0.001,22.803
2026-03-03T14:16:41.208,69.492,1026.444,20.939,-109.211,0.003,0.0,0.033,22.791
2026-03-03T14:16:41.709,69.992,1026.448,20.936,-109.239,0.003,0.0,0.005,22.780
2026-03-03T14:16:42.208,70.492,1026.446,20.943,-109.229,0.003,0.0,0.001,22.791
2026-03-03T14:16:42.713,70.992,1026.447,20.945,-109.238,0.004,0.0,-0.040,22.787
2026-03-03T14:16:43.223,71.492,1026.448,20.946,-109.247,0.003,0.0,0.011,22.791
2026-03-03T14:16:43.710,71.992,1026.449,20.947,-109.248,0.004,0.0,-0.027,22.775
2026-03-03T14:16:44.209,72.492,1026.448,20.937,-109.240,0.003,0.0,0.002,22.789
2026-03-03T14:16:44.709,72.992,1026.451,20.954,-109.269,0.003,0.0,-0.000,22.784
2026-03-03T14:16:45.248,73.492,1026.448,20.943,-109.245,0.003,0.0,0.011,22.796
2026-03-03T14:16:45.709,73.992,1026.450,20.943,-109.260,0.003,0.0,-0.017,22.782
2026-03-03T14:16:46.210,74.492,1026.450,20.945,-109.261,0.003,0.0,-0.032,22.794
2026-03-03T14:16:46.710,74.992,1026.453,20.943,-109.282,0.003,0.0,-0.013,22.798
2026-03-03T14:16:47.211,75.492,1026.449,20.951,-109.251,0.003,0.0,-0.038,22.794
2026-03-03T14:16:47.712,75.996,1026.448,20.937,-109.240,0.003,0.0,-0.019,22.771
2026-03-03T14:16:48.218,76.500,1026.451,20.941,-109.266,0.003,0.0,0.017,22.771
2026-03-03T14:16:48.727,76.999,1026.449,20.946,-109.255,0.003,0.0,-0.019,22.778
2026-03-03T14:16:49.216,77.499,1026.454,20.939,-109.295,0.003,0.0,0.042,22.755
2026-03-03T14:16:49.740,77.999,1026.455,20.948,-109.303,0.003,0.0,0.028,22.789
2026-03-03T14:16:50.216,78.499,1026.452,20.940,-109.273,0.003,0.0,0.018,22.791
2026-03-03T14:16:50.717,78.999,1026.454,20.947,-109.293,0.003,0.0,0.001,22.789
2026-03-03T14:16:51.216,79.499,1026.455,20.951,-109.297,0.003,0.0,0.014,22.775
2026-03-03T14:16:51.717,79.999,1026.453,20.951,-109.282,0.003,0.0,-0.011,22.805
2026-03-03T14:16:52.218,80.499,1026.452,20.941,-109.273,0.003,0.0,-0.005,22.796
2026-03-03T14:16:52.717,80.999,1026.457,20.956,-109.317,0.003,0.0,0.020,22.784
2026-03-03T14:16:53.232,81.499,1026.452,20.948,-109.279,0.003,0.0,0.010,22.780
2026-03-03T14:16:53.716,81.999,1026.455,20.954,-109.301,0.003,0.0,0.006,22.803
2026-03-03T14:16:54.245,82.499,1026.455,20.943,-109.298,0.003,0.0,0.016,22.780
2026-03-03T14:16:54.714,82.999,1026.451,20.944,-109.268,0.003,0.0,0.023,22.789
2026-03-03T14:16:55.218,83.499,1026.452,20.951,-109.274,0.003,0.0,0.001,22.780
2026-03-03T14:16:55.714,83.999,1026.453,20.946,-109.285,0.003,0.0,-0.012,22.803
2026-03-03T14:16:56.215,84.499,1026.460,20.961,-109.344,0.004,0.0,-0.042,22.798
2026-03-03T14:16:56.719,84.999,1026.459,20.954,-109.331,0.003,0.0,0.009,22.787
2026-03-03T14:16:57.214,85.499,1026.462,20.962,-109.360,0.003,0.0,0.010,22.796
2026-03-03T14:16:57.716,85.999,1026.460,20.958,-109.342,0.003,0.0,0.036,22.800
2026-03-03T14:16:58.219,86.499,1026.458,20.960,-109.328,0.003,0.0,-0.012,22.780
2026-03-03T14:16:58.734,86.999,1026.461,20.955,-109.347,0.003,0.0,0.009,22.796
2026-03-03T14:16:59.217,87.502,1026.460,20.948,-109.341,0.003,0.0,-0.004,22.784
2026-03-03T14:16:59.764,88.006,1026.456,20.954,-109.308,0.003,0.0,-0.013,22.791
2026-03-03T14:17:00.227,88.511,1026.459,20.969,-109.335,0.003,0.0,0.003,22.794
2026-03-03T14:17:00.723,89.006,1026.459,20.965,-109.332,0.003,0.0,0.001,22.766
2026-03-03T14:17:01.222,89.506,1026.455,20.962,-109.298,0.003,0.0,-0.009,22.782
2026-03-03T14:17:01.722,90.006,1026.459,20.963,-109.338,0.003,0.0,0.002,22.764
2026-03-03T14:17:02.237,90.506,1026.457,20.960,-109.321,0.004,0.0,-0.042,22.803
2026-03-03T14:17:02.722,91.006,1026.455,20.955,-109.301,0.003,0.0,0.027,22.784
2026-03-03T14:17:03.224,91.506,1026.459,20.956,-109.333,0.004,0.0,-0.038,22.771
2026-03-03T14:17:03.721,92.006,1026.461,20.972,-109.353,0.003,0.0,0.019,22.784
2026-03-03T14:17:04.224,92.506,1026.460,20.976,-109.341,0.004,0.0,-0.045,22.775
2026-03-03T14:17:04.722,93.006,1026.456,20.963,-109.308,0.003,0.0,-0.014,22.789
2026-03-03T14:17:05.224,93.506,1026.460,20.965,-109.340,0.003,0.0,-0.008,22.780
2026-03-03T14:17:05.722,94.006,1026.458,20.975,-109.325,0.003,0.0,-0.019,22.773
2026-03-03T14:17:06.223,94.506,1026.456,20.963,-109.308,0.003,0.0,0.025,22.789
2026-03-03T14:17:06.737,95.006,1026.461,20.971,-109.353,0.003,0.0,-0.004,22.782
2026-03-03T14:17:07.222,95.506,1026.461,20.974,-109.354,0.003,0.0,-0.012,22.789
2026-03-03T14:17:07.731,96.006,1026.462,20.977,-109.357,0.003,0.0,0.035,22.787
2026-03-03T14:17:08.221,96.506,1026.459,20.976,-109.334,0.003,0.0,-0.012,22.743
2026-03-03T14:17:08.759,97.006,1026.462,20.973,-109.362,0.003,0.0,0.031,22.794
2026-03-03T14:17:09.222,97.506,1026.459,20.971,-109.337,0.003,0.0,0.008,22.773
2026-03-03T14:17:09.722,98.006,1026.461,20.983,-109.347,0.003,0.0,-0.008,22.787
2026-03-03T14:17:10.222,98.506,1026.460,20.970,-109.344,0.003,0.0,0.013,22.796
2026-03-03T14:17:10.725,99.006,1026.460,20.972,-109.346,0.003,0.0,-0.015,22.798
2026-03-03T14:17:11.231,99.509,1026.461,20.974,-109.347,0.003,0.0,0.005,22.794
2026-03-03T14:17:11.729,100.014,1026.463,20.976,-109.364,0.003,0.0,0.003,22.789
2026-03-03T14:17:12.262,100.509,1026.458,20.975,-109.325,0.003,0.0,0.015,22.791
2026-03-03T14:17:12.726,101.009,1026.462,20.978,-109.358,0.003,0.0,-0.016,22.791
2026-03-03T14:17:13.226,101.509,1026.461,20.981,-109.353,0.003,0.0,-0.010,22.787
2026-03-03T14:17:13.725,102.009,1026.461,20.964,-109.347,0.003,0.0,0.022,22.773
2026-03-03T14:17:14.228,102.509,1026.461,20.969,-109.351,0.003,0.0,-0.015,22.787
2026-03-03T14:17:14.736,103.009,1026.462,20.984,-109.355,0.003,0.0,0.003,22.784
2026-03-03T14:17:15.226,103.509,1026.460,20.972,-109.346,0.003,0.0,0.022,22.773
2026-03-03T14:17:15.729,104.009,1026.459,20.972,-109.338,0.003,0.0,0.025,22.782
2026-03-03T14:17:16.226,104.509,1026.462,20.966,-109.356,0.003,0.0,0.009,22.787
2026-03-03T14:17:16.761,105.009,1026.461,20.979,-109.351,0.003,0.0,-0.004,22.794
2026-03-03T14:17:17.225,105.509,1026.462,20.982,-109.362,0.003,0.0,-0.003,22.800
2026-03-03T14:17:17.725,106.009,1026.461,20.987,-109.351,0.003,0.0,-0.001,22.796
2026-03-03T14:17:18.224,106.509,1026.460,20.984,-109.340,0.003,0.0,0.033,22.803
2026-03-03T14:17:18.728,107.009,1026.461,20.979,-109.351,0.003,0.0,0.018,22.812
2026-03-03T14:17:19.224,107.509,1026.459,20.981,-109.337,0.003,0.0,0.001,22.787
2026-03-03T14:17:19.726,108.009,1026.459,20.979,-109.336,0.003,0.0,0.002,22.782
2026-03-03T14:17:20.241,108.509,1026.463,20.976,-109.365,0.003,0.0,-0.007,22.782
2026-03-03T14:17:20.724,109.009,1026.461,20.974,-109.347,0.003,0.0,0.020,22.789
2026-03-03T14:17:21.247,109.509,1026.462,20.983,-109.362,0.003,0.0,-0.017,22.789
2026-03-03T14:17:21.726,110.009,1026.460,20.975,-109.340,0.003,0.0,-0.008,22.800
2026-03-03T14:17:22.228,110.509,1026.461,20.984,-109.347,0.003,0.0,-0.028,22.773
2026-03-03T14:17:22.728,111.012,1026.460,20.988,-109.343,0.003,0.0,0.007,22.805
2026-03-03T14:17:23.235,111.517,1026.463,20.991,-109.369,0.003,0.0,-0.008,22.778
2026-03-03T14:17:23.729,112.012,1026.462,20.991,-109.361,0.003,0.0,0.010,22.810
2026-03-03T14:17:24.228,112.512,1026.462,20.998,-109.360,0.004,0.0,-0.016,22.789
2026-03-03T14:17:24.730,113.012,1026.466,21.005,-109.395,0.003,0.0,-0.014,22.768
2026-03-03T14:17:25.228,113.512,1026.465,20.990,-109.383,0.003,0.0,0.007,22.789
2026-03-03T14:17:25.762,114.012,1026.462,21.001,-109.362,0.003,0.0,0.002,22.782
2026-03-03T14:17:26.227,114.512,1026.462,20.994,-109.356,0.003,0.0,-0.008,22.775
2026-03-03T14:17:26.728,115.012,1026.462,20.998,-109.360,0.003,0.0,0.005,22.796
2026-03-03T14:17:27.228,115.512,1026.461,21.008,-109.352,0.003,0.0,0.011,22.775
2026-03-03T14:17:27.729,116.012,1026.463,20.998,-109.367,0.003,0.0,0.029,22.796
2026-03-03T14:17:28.231,116.512,1026.462,21.000,-109.361,0.003,0.0,0.044,22.787
2026-03-03T14:17:28.729,117.012,1026.462,20.993,-109.355,0.003,0.0,-0.043,22.771
2026-03-03T14:17:29.235,117.512,1026.462,20.992,-109.362,0.003,0.0,0.041,22.800
2026-03-03T14:17:29.728,118.012,1026.463,20.998,-109.367,0.003,0.0,-0.022,22.771
2026-03-03T14:17:30.265,118.512,1026.460,21.004,-109.342,0.003,0.0,0.017,22.798
2026-03-03T14:17:30.730,119.012,1026.462,21.000,-109.360,0.003,0.0,-0.010,22.762
2026-03-03T14:17:31.228,119.512,1026.463,21.003,-109.363,0.003,0.0,0.011,22.789
2026-03-03T14:17:31.727,120.012,1026.462,20.991,-109.362,0.003,0.0,-0.013,22.791
2026-03-03T14:17:32.229,120.512,1026.463,20.999,-109.368,0.003,0.0,0.010,22.780
2026-03-03T14:17:32.739,121.012,1026.462,20.995,-109.357,0.003,0.0,-0.006,22.800
2026-03-03T14:17:33.228,121.512,1026.466,21.008,-109.391,0.003,0.0,-0.015,22.784
2026-03-03T14:17:33.734,122.012,1026.463,21.002,-109.363,0.003,0.0,0.015,22.778
2026-03-03T14:17:34.232,122.515,1026.458,20.992,-109.324,0.003,0.0,0.039,22.791
2026-03-03T14:17:34.758,123.020,1026.462,20.996,-109.358,0.003,0.0,0.005,22.775
2026-03-03T14:17:35.230,123.515,1026.461,21.001,-109.347,0.003,0.0,-0.004,22.787
2026-03-03T14:17:35.733,124.015,1026.462,21.012,-109.356,0.003,0.0,0.014,22.775
2026-03-03T14:17:36.231,124.515,1026.459,21.004,-109.334,0.003,0.0,0.020,22.800
2026-03-03T14:17:36.733,125.015,1026.462,21.012,-109.356,0.003,0.0,0.013,22.787
2026-03-03T14:17:37.231,125.515,1026.459,21.003,-109.333,0.003,0.0,0.019,22.798
2026-03-03T14:17:37.730,126.015,1026.461,20.993,-109.347,0.003,0.0,0.007,22.782
2026-03-03T14:17:38.236,126.515,1026.460,21.006,-109.343,0.004,0.0,-0.022,22.762
2026-03-03T14:17:38.732,127.015,1026.462,21.017,-109.360,0.003,0.0,-0.007,22.789
2026-03-03T14:17:39.239,127.515,1026.461,21.010,-109.354,0.003,0.0,-0.005,22.796
2026-03-03T14:17:39.733,128.016,1026.461,21.004,-109.349,0.003,0.0,-0.027,22.782
2026-03-03T14:17:40.262,128.516,1026.459,21.013,-109.334,0.003,0.0,-0.017,22.780
2026-03-03T14:17:40.731,129.016,1026.460,21.017,-109.344,0.003,0.0,0.017,22.775
2026-03-03T14:17:41.233,129.516,1026.458,21.011,-109.324,0.003,0.0,-0.012,22.800
2026-03-03T14:17:41.733,130.016,1026.460,21.009,-109.345,0.003,0.0,0.017,22.759
2026-03-03T14:17:42.232,130.516,1026.460,21.004,-109.341,0.003,0.0,0.007,22.803
2026-03-03T14:17:42.742,131.016,1026.453,20.996,-109.288,0.004,0.0,-0.030,22.775
2026-03-03T14:17:43.232,131.516,1026.458,21.000,-109.330,0.003,0.0,0.020,22.803
2026-03-03T14:17:43.745,132.016,1026.461,21.019,-109.354,0.003,0.0,0.022,22.773
2026-03-03T14:17:44.230,132.516,1026.457,21.005,-109.319,0.003,0.0,0.032,22.780
2026-03-03T14:17:44.734,133.016,1026.457,21.003,-109.317,0.003,0.0,-0.044,22.782
2026-03-03T14:17:45.233,133.517,1026.459,21.005,-109.335,0.003,0.0,-0.015,22.791
2026-03-03T14:17:45.737,134.022,1026.459,21.017,-109.337,0.003,0.0,-0.008,22.789
2026-03-03T14:17:46.238,134.517,1026.458,21.022,-109.326,0.003,0.0,-0.015,22.789
2026-03-03T14:17:46.732,135.017,1026.459,21.013,-109.334,0.003,0.0,0.015,22.798
2026-03-03T14:17:47.256,135.517,1026.456,21.015,-109.312,0.003,0.0,-0.003,22.803
2026-03-03T14:17:47.733,136.017,1026.460,21.031,-109.340,0.003,0.0,0.030,22.771
2026-03-03T14:17:48.233,136.517,1026.456,21.022,-109.310,0.003,0.0,-0.038,22.819
2026-03-03T14:17:48.733,137.017,1026.455,21.016,-109.305,0.003,0.0,-0.011,22.778
2026-03-03T14:17:49.237,137.517,1026.459,21.025,-109.336,0.003,0.0,-0.016,22.775
2026-03-03T14:17:49.737,138.017,1026.457,21.020,-109.316,0.003,0.0,-0.007,22.794
2026-03-03T14:17:50.233,138.517,1026.456,21.012,-109.310,0.003,0.0,-0.014,22.784
2026-03-03T14:17:50.745,139.017,1026.454,21.008,-109.291,0.003,0.0,0.021,22.787
2026-03-03T14:17:51.233,139.517,1026.455,21.020,-109.301,0.003,0.0,-0.015,22.789
2026-03-03T14:17:51.754,140.017,1026.451,21.015,-109.265,0.003,0.0,0.013,22.791
2026-03-03T14:17:52.232,140.517,1026.456,21.016,-109.313,0.003,0.0,-0.011,22.771
2026-03-03T14:17:52.733,141.017,1026.458,21.021,-109.324,0.003,0.0,-0.014,22.764
2026-03-03T14:17:53.233,141.517,1026.454,21.013,-109.294,0.003,0.0,-0.016,22.778
2026-03-03T14:17:53.735,142.017,1026.457,21.026,-109.321,0.003,0.0,-0.020,22.828
2026-03-03T14:17:54.232,142.517,1026.457,21.025,-109.320,0.003,0.0,0.021,22.778
2026-03-03T14:17:54.733,143.017,1026.453,21.015,-109.281,0.003,0.0,0.008,22.775
2026-03-03T14:17:55.238,143.517,1026.456,21.031,-109.310,0.003,0.0,0.006,22.780
2026-03-03T14:17:55.736,144.019,1026.454,21.023,-109.295,0.003,0.0,-0.003,22.787
2026-03-03T14:17:56.252,144.524,1026.455,21.032,-109.303,0.003,0.0,-0.012,22.773
2026-03-03T14:17:56.734,145.019,1026.456,21.036,-109.306,0.003,0.0,0.004,22.798
2026-03-03T14:17:57.270,145.519,1026.455,21.032,-109.303,0.003,0.0,-0.023,22.773
2026-03-03T14:17:57.737,146.019,1026.454,21.024,-109.296,0.003,0.0,0.013,22.784
2026-03-03T14:17:58.237,146.519,1026.456,21.019,-109.308,0.003,0.0,-0.016,22.775
2026-03-03T14:17:58.735,147.019,1026.454,21.016,-109.289,0.003,0.0,-0.026,22.780
2026-03-03T14:17:59.234,147.519,1026.454,21.032,-109.295,0.004,0.0,-0.035,22.782
2026-03-03T14:17:59.746,148.019,1026.453,21.029,-109.285,0.003,0.0,-0.023,22.784
2026-03-03T14:18:00.235,148.519,1026.454,21.034,-109.296,0.003,0.0,-0.012,22.771
2026-03-03T14:18:00.750,149.019,1026.453,21.027,-109.283,0.003,0.0,-0.016,22.778
2026-03-03T14:18:01.234,149.519,1026.452,21.029,-109.277,0.003,0.0,-0.021,22.775
2026-03-03T14:18:01.736,150.019,1026.455,21.045,-109.298,0.003,0.0,0.006,22.794
2026-03-03T14:18:02.235,150.519,1026.453,21.036,-109.282,0.003,0.0,0.002,22.780
2026-03-03T14:18:02.736,151.019,1026.453,21.044,-109.282,0.004,0.0,-0.044,22.784
2026-03-03T14:18:03.245,151.519,1026.452,21.040,-109.278,0.003,0.0,-0.024,22.784
2026-03-03T14:18:03.733,152.019,1026.454,21.044,-109.289,0.003,0.0,0.005,22.796
2026-03-03T14:18:04.248,152.519,1026.455,21.045,-109.298,0.003,0.0,-0.002,22.773
2026-03-03T14:18:04.735,153.019,1026.454,21.059,-109.294,0.003,0.0,0.003,22.800
2026-03-03T14:18:05.245,153.519,1026.455,21.053,-109.305,0.003,0.0,0.011,22.775
2026-03-03T14:18:05.737,154.019,1026.455,21.053,-109.305,0.003,0.0,-0.018,22.775
2026-03-03T14:18:06.236,154.519,1026.452,21.041,-109.272,0.003,0.0,0.019,22.778
2026-03-03T14:18:06.739,155.023,1026.451,21.053,-109.266,0.003,0.0,0.018,22.798
2026-03-03T14:18:07.235,155.519,1026.452,21.045,-109.275,0.003,0.0,0.006,22.771
2026-03-03T14:18:07.734,156.019,1026.450,21.050,-109.263,0.003,0.0,-0.001,22.810
2026-03-03T14:18:08.237,156.519,1026.452,21.041,-109.279,0.003,0.0,0.008,22.773
2026-03-03T14:18:08.752,157.019,1026.453,21.047,-109.284,0.003,0.0,-0.000,22.768
2026-03-03T14:18:09.234,157.519,1026.453,21.055,-109.282,0.003,0.0,0.012,22.794
2026-03-03T14:18:09.763,158.019,1026.452,21.051,-109.272,0.003,0.0,-0.040,22.768
2026-03-03T14:18:10.234,158.519,1026.450,21.041,-109.256,0.003,0.0,-0.010,22.780
2026-03-03T14:18:10.736,159.019,1026.448,21.048,-109.247,0.003,0.0,-0.025,22.766
2026-03-03T14:18:11.239,159.519,1026.451,21.057,-109.270,0.003,0.0,-0.002,22.784
2026-03-03T14:18:11.734,160.019,1026.450,21.051,-109.257,0.003,0.0,-0.004,22.784
2026-03-03T14:18:12.255,160.519,1026.451,21.052,-109.265,0.003,0.0,0.004,22.778
2026-03-03T14:18:12.737,161.019,1026.448,21.051,-109.242,0.003,0.0,0.020,22.778
2026-03-03T14:18:13.259,161.519,1026.449,21.053,-109.250,0.003,0.0,0.003,22.755
2026-03-03T14:18:13.734,162.019,1026.448,21.052,-109.242,0.003,0.0,0.022,22.791
2026-03-03T14:18:14.235,162.519,1026.447,21.066,-109.238,0.003,0.0,-0.024,22.784
2026-03-03T14:18:14.734,163.019,1026.448,21.064,-109.244,0.003,0.0,0.027,22.794
2026-03-03T14:18:15.234,163.519,1026.446,21.066,-109.223,0.003,0.0,0.017,22.782
2026-03-03T14:18:15.734,164.019,1026.444,21.064,-109.213,0.003,0.0,0.003,22.798
2026-03-03T14:18:16.234,164.519,1026.445,21.062,-109.220,0.003,0.0,-0.007,22.773
2026-03-03T14:18:16.743,165.022,1026.441,21.058,-109.185,0.003,0.0,0.015,22.789
2026-03-03T14:18:17.242,165.527,1026.442,21.060,-109.196,0.003,0.0,0.005,22.764
2026-03-03T14:18:17.737,166.022,1026.445,21.059,-109.218,0.003,0.0,0.002,22.775
2026-03-03T14:18:18.237,166.522,1026.441,21.057,-109.185,0.003,0.0,-0.008,22.789
2026-03-03T14:18:18.738,167.022,1026.444,21.060,-109.210,0.003,0.0,0.025,22.798
2026-03-03T14:18:19.237,167.522,1026.442,21.072,-109.197,0.003,0.0,-0.016,22.789
2026-03-03T14:18:19.737,168.022,1026.442,21.060,-109.196,0.003,0.0,0.015,22.796
2026-03-03T14:18:20.243,168.522,1026.443,21.062,-109.205,0.004,0.0,-0.025,22.771
2026-03-03T14:18:20.740,169.022,1026.442,21.077,-109.194,0.003,0.0,-0.024,22.796
2026-03-03T14:18:21.267,169.522,1026.442,21.064,-109.190,0.003,0.0,0.014,22.791
2026-03-03T14:18:21.736,170.022,1026.441,21.062,-109.182,0.003,0.0,-0.011,22.775
2026-03-03T14:18:22.238,170.522,1026.442,21.076,-109.193,0.003,0.0,-0.008,22.787
2026-03-03T14:18:22.737,171.022,1026.445,21.085,-109.216,0.003,0.0,0.006,22.787
2026-03-03T14:18:23.238,171.522,1026.441,21.076,-109.185,0.003,0.0,0.027,22.787
2026-03-03T14:18:23.744,172.022,1026.442,21.073,-109.191,0.003,0.0,-0.013,22.780
2026-03-03T14:18:24.237,172.522,1026.445,21.080,-109.220,0.003,0.0,0.018,22.755
2026-03-03T14:18:24.753,173.022,1026.441,21.080,-109.188,0.003,0.0,0.025,22.791
2026-03-03T14:18:25.237,173.522,1026.441,21.083,-109.184,0.003,0.0,0.020,22.784
2026-03-03T14:18:25.757,174.022,1026.445,21.085,-109.216,0.004,0.0,-0.036,22.782
2026-03-03T14:18:26.236,174.522,1026.443,21.087,-109.202,0.003,0.0,0.048,22.766
2026-03-03T14:18:26.737,175.022,1026.439,21.080,-109.166,0.003,0.0,-0.021,22.796
2026-03-03T14:18:27.236,175.522,1026.441,21.081,-109.182,0.003,0.0,-0.001,22.775
2026-03-03T14:18:27.743,176.027,1026.438,21.070,-109.165,0.003,0.0,-0.008,22.778
2026-03-03T14:18:28.237,176.522,1026.438,21.081,-109.159,0.003,0.0,0.012,22.794
2026-03-03T14:18:28.736,177.022,1026.438,21.073,-109.160,0.003,0.0,0.010,22.787
2026-03-03T14:18:29.243,177.522,1026.438,21.077,-109.163,0.003,0.0,-0.004,22.782
2026-03-03T14:18:29.740,178.022,1026.438,21.077,-109.163,0.003,0.0,-0.030,22.759
2026-03-03T14:18:30.260,178.522,1026.439,21.082,-109.167,0.003,0.0,-0.008,22.778
2026-03-03T14:18:30.736,179.022,1026.427,21.068,-109.070,0.003,0.0,0.031,22.773
2026-03-03T14:18:31.237,179.522,1026.403,21.084,-108.876,0.003,0.0,0.009,22.775
2026-03-03T14:18:31.736,180.022,1026.399,21.083,-108.838,0.003,0.0,-0.028,22.787
2026-03-03T14:18:32.239,180.522,1026.408,21.084,-108.917,0.003,0.0,0.002,22.764
2026-03-03T14:18:32.737,181.022,1026.419,21.103,-109.008,0.003,0.0,0.038,22.780
2026-03-03T14:18:33.238,181.522,1026.415,21.090,-108.974,0.003,0.0,-0.020,22.766
2026-03-03T14:18:33.745,182.022,1026.417,21.102,-108.992,0.003,0.0,0.011,22.789
2026-03-03T14:18:34.237,182.522,1026.411,21.095,-108.940,0.003,0.0,0.001,22.796
2026-03-03T14:18:34.737,183.022,1026.412,21.098,-108.951,0.003,0.0,-0.017,22.791
2026-03-03T14:18:35.236,183.522,1026.411,21.103,-108.940,0.003,0.0,-0.004,22.773
2026-03-03T14:18:35.737,184.022,1026.409,21.096,-108.926,0.003,0.0,-0.011,22.773
2026-03-03T14:18:36.237,184.522,1026.410,21.101,-108.931,0.003,0.0,-0.017,22.775
2026-03-03T14:18:36.737,185.022,1026.404,21.092,-108.884,0.003,0.0,0.013,22.789
2026-03-03T14:18:37.246,185.522,1026.401,21.091,-108.852,0.003,0.0,0.002,22.784
2026-03-03T14:18:37.740,186.023,1026.402,21.093,-108.868,0.003,0.0,0.003,22.803
2026-03-03T14:18:38.249,186.523,1026.404,21.094,-108.878,0.003,0.0,0.013,22.803
2026-03-03T14:18:38.737,187.023,1026.402,21.091,-108.868,0.003,0.0,0.026,22.773
2026-03-03T14:18:39.237,187.523,1026.404,21.093,-108.884,0.003,0.0,0.041,22.775
2026-03-03T14:18:39.738,188.023,1026.409,21.092,-108.923,0.003,0.0,-0.027,22.794
2026-03-03T14:18:40.241,188.523,1026.402,21.088,-108.864,0.003,0.0,-0.009,22.789
2026-03-03T14:18:40.746,189.023,1026.405,21.099,-108.889,0.003,0.0,0.026,22.798
2026-03-03T14:18:41.238,189.523,1026.406,21.099,-108.897,0.003,0.0,-0.009,22.773
2026-03-03T14:18:41.739,190.023,1026.407,21.101,-108.907,0.003,0.0,0.028,22.805
2026-03-03T14:18:42.237,190.523,1026.409,21.101,-108.922,0.003,0.0,-0.005,22.791
2026-03-03T14:18:42.740,191.023,1026.409,21.103,-108.924,0.003,0.0,-0.010,22.796
2026-03-03T14:18:43.238,191.523,1026.407,21.096,-108.902,0.003,0.0,0.016,22.798
2026-03-03T14:18:43.738,192.023,1026.407,21.104,-108.902,0.003,0.0,0.003,22.780
2026-03-03T14:18:44.237,192.523,1026.407,21.096,-108.902,0.003,0.0,0.020,22.775
2026-03-03T14:18:44.737,193.023,1026.405,21.100,-108.889,0.003,0.0,0.009,22.791
2026-03-03T14:18:45.240,193.523,1026.406,21.103,-108.901,0.003,0.0,-0.014,22.775
2026-03-03T14:18:45.737,194.023,1026.405,21.099,-108.889,0.003,0.0,0.030,22.780
2026-03-03T14:18:46.240,194.523,1026.405,21.102,-108.891,0.003,0.0,-0.025,22.771
2026-03-03T14:18:46.737,195.023,1026.406,21.096,-108.895,0.003,0.0,-0.003,22.800
2026-03-03T14:18:47.241,195.523,1026.403,21.097,-108.872,0.003,0.0,0.006,22.782
2026-03-03T14:18:47.742,196.027,1026.405,21.110,-108.891,0.003,0.0,0.040,22.787
2026-03-03T14:18:48.238,196.523,1026.401,21.088,-108.857,0.003,0.0,0.031,22.791
2026-03-03T14:18:48.749,197.023,1026.404,21.101,-108.884,0.003,0.0,0.001,22.789
2026-03-03T14:18:49.237,197.523,1026.405,21.095,-108.886,0.003,0.0,0.012,22.794
2026-03-03T14:18:49.737,198.023,1026.403,21.083,-108.869,0.003,0.0,-0.014,22.773
2026-03-03T14:18:50.238,198.523,1026.402,21.085,-108.863,0.003,0.0,-0.004,22.775
2026-03-03T14:18:50.738,199.023,1026.403,21.104,-108.871,0.003,0.0,0.005,22.780
2026-03-03T14:18:51.239,199.523,1026.401,21.098,-108.858,0.003,0.0,0.003,22.796
2026-03-03T14:18:51.737,200.023,1026.403,21.094,-108.870,0.003,0.0,-0.005,22.778
2026-03-03T14:18:52.239,200.523,1026.398,21.104,-108.832,0.003,0.0,-0.016,22.789
2026-03-03T14:18:52.736,201.023,1026.400,21.105,-108.848,0.003,0.0,0.022,22.789
2026-03-03T14:18:53.237,201.523,1026.404,21.097,-108.880,0.003,0.0,-0.017,22.803
2026-03-03T14:18:53.736,202.023,1026.404,21.112,-108.877,0.003,0.0,0.022,22.782
2026-03-03T14:18:54.239,202.523,1026.401,21.108,-108.859,0.003,0.0,-0.008,22.789
2026-03-03T14:18:54.741,203.023,1026.402,21.105,-108.864,0.003,0.0,0.004,22.796
2026-03-03T14:18:55.239,203.523,1026.401,21.098,-108.858,0.003,0.0,0.010,22.773
2026-03-03T14:18:55.748,204.023,1026.395,21.092,-108.807,0.003,0.0,-0.002,22.791
2026-03-03T14:18:56.237,204.523,1026.399,21.109,-108.836,0.003,0.0,-0.003,22.773
2026-03-03T14:18:56.739,205.023,1026.402,21.101,-108.868,0.003,0.0,0.033,22.789
2026-03-03T14:18:57.237,205.523,1026.405,21.103,-108.885,0.003,0.0,-0.009,22.787
2026-03-03T14:18:57.740,206.023,1026.400,21.109,-108.844,0.004,0.0,-0.029,22.755
2026-03-03T14:18:58.242,206.528,1026.404,21.106,-108.879,0.003,0.0,0.005,22.775
2026-03-03T14:18:58.740,207.023,1026.402,21.098,-108.866,0.003,0.0,-0.046,22.791
2026-03-03T14:18:59.240,207.523,1026.401,21.110,-108.853,0.003,0.0,-0.013,22.780
2026-03-03T14:18:59.738,208.023,1026.399,21.114,-108.841,0.003,0.0,0.023,22.787
2026-03-03T14:19:00.266,208.523,1026.401,21.112,-108.854,0.003,0.0,-0.036,22.768
2026-03-03T14:19:00.737,209.023,1026.399,21.110,-108.838,0.003,0.0,-0.003,22.789
2026-03-03T14:19:01.238,209.523,1026.398,21.106,-108.834,0.003,0.0,-0.009,22.782
2026-03-03T14:19:01.737,210.023,1026.401,21.119,-108.860,0.004,0.0,-0.037,22.778
2026-03-03T14:19:02.239,210.523,1026.403,21.113,-108.870,0.003,0.0,0.044,22.780
2026-03-03T14:19:02.736,211.023,1026.398,21.121,-108.831,0.004,0.0,-0.018,22.764
2026-03-03T14:19:03.239,211.523,1026.400,21.121,-108.846,0.003,0.0,0.024,22.780
2026-03-03T14:19:03.739,212.023,1026.402,21.123,-108.864,0.003,0.0,0.028,22.798
2026-03-03T14:19:04.239,212.523,1026.404,21.129,-108.884,0.003,0.0,0.003,22.798
2026-03-03T14:19:04.747,213.023,1026.403,21.117,-108.873,0.003,0.0,0.014,22.798
2026-03-03T14:19:05.237,213.523,1026.402,21.110,-108.861,0.003,0.0,-0.001,22.787
2026-03-03T14:19:05.740,214.023,1026.400,21.129,-108.845,0.003,0.0,0.010,22.782
2026-03-03T14:19:06.237,214.523,1026.402,21.122,-108.863,0.003,0.0,-0.011,22.778
2026-03-03T14:19:06.738,215.023,1026.398,21.110,-108.830,0.003,0.0,0.016,22.787
2026-03-03T14:19:07.236,215.523,1026.398,21.117,-108.835,0.003,0.0,-0.021,22.780
2026-03-03T14:19:07.737,216.023,1026.399,21.111,-108.839,0.003,0.0,0.023,22.771
2026-03-03T14:19:08.259,216.523,1026.399,21.115,-108.841,0.003,0.0,0.014,22.794
2026-03-03T14:19:08.742,217.028,1026.399,21.116,-108.842,0.003,0.0,-0.001,22.778
2026-03-03T14:19:09.238,217.523,1026.402,21.126,-108.866,0.003,0.0,-0.009,22.789
2026-03-03T14:19:09.737,218.023,1026.399,21.119,-108.836,0.003,0.0,0.017,22.782
2026-03-03T14:19:10.238,218.523,1026.397,21.121,-108.824,0.004,0.0,-0.050,22.794
2026-03-03T14:19:10.737,219.023,1026.400,21.122,-108.847,0.003,0.0,0.015,22.778
2026-03-03T14:19:11.238,219.523,1026.403,21.118,-108.875,0.003,0.0,-0.010,22.782
2026-03-03T14:19:11.752,220.023,1026.415,21.123,-108.972,0.003,0.0,-0.022,22.807
2026-03-03T14:19:12.238,220.523,1026.442,21.125,-109.195,0.003,0.0,0.001,22.803
2026-03-03T14:19:12.755,221.023,1026.438,21.125,-109.165,0.003,0.0,-0.007,22.784
2026-03-03T14:19:13.240,221.523,1026.428,21.123,-109.078,0.003,0.0,-0.021,22.789
2026-03-03T14:19:13.738,222.023,1026.427,21.118,-109.074,0.003,0.0,0.015,22.773
2026-03-03T14:19:14.237,222.523,1026.429,21.135,-109.088,0.003,0.0,-0.040,22.787
2026-03-03T14:19:14.737,223.023,1026.426,21.126,-109.065,0.003,0.0,0.005,22.771
2026-03-03T14:19:15.237,223.523,1026.429,21.125,-109.087,0.004,0.0,-0.028,22.787
2026-03-03T14:19:15.737,224.023,1026.430,21.121,-109.098,0.003,0.0,0.016,22.787
2026-03-03T14:19:16.243,224.523,1026.430,21.131,-109.091,0.003,0.0,0.006,22.782
2026-03-03T14:19:16.736,225.023,1026.426,21.125,-109.064,0.003,0.0,-0.000,22.784
2026-03-03T14:19:17.238,225.523,1026.426,21.126,-109.065,0.003,0.0,0.002,22.775
2026-03-03T14:19:17.737,226.023,1026.429,21.132,-109.086,0.003,0.0,0.022,22.771
2026-03-03T14:19:18.237,226.523,1026.429,21.124,-109.086,0.003,0.0,0.007,22.773
2026-03-03T14:19:18.738,227.023,1026.430,21.131,-109.092,0.003,0.0,-0.008,22.780
2026-03-03T14:19:19.243,227.528,1026.428,21.130,-109.077,0.003,0.0,0.003,22.789
2026-03-03T14:19:19.755,228.023,1026.425,21.123,-109.055,0.003,0.0,-0.000,22.768
2026-03-03T14:19:20.237,228.523,1026.429,21.129,-109.083,0.003,0.0,0.001,22.784
2026-03-03T14:19:20.737,229.023,1026.429,21.131,-109.084,0.003,0.0,0.004,22.787
2026-03-03T14:19:21.237,229.523,1026.426,21.122,-109.062,0.003,0.0,0.026,22.787
2026-03-03T14:19:21.738,230.023,1026.427,21.128,-109.067,0.003,0.0,0.003,22.778
2026-03-03T14:19:22.236,230.523,1026.429,21.132,-109.085,0.003,0.0,-0.009,22.784
2026-03-03T14:19:22.738,231.023,1026.429,21.135,-109.088,0.003,0.0,0.006,22.791
2026-03-03T14:19:23.237,231.523,1026.427,21.136,-109.073,0.003,0.0,-0.022,22.787
2026-03-03T14:19:23.738,232.023,1026.432,21.140,-109.108,0.003,0.0,0.030,22.789
2026-03-03T14:19:24.237,232.523,1026.436,21.155,-109.143,0.003,0.0,-0.016,22.789
2026-03-03T14:19:24.738,233.023,1026.430,21.138,-109.098,0.003,0.0,-0.034,22.789
2026-03-03T14:19:25.253,233.523,1026.431,21.149,-109.099,0.003,0.0,-0.004,22.773
2026-03-03T14:19:25.738,234.023,1026.430,21.151,-109.093,0.003,0.0,0.017,22.784
2026-03-03T14:19:26.261,234.523,1026.431,21.152,-109.102,0.003,0.0,0.010,22.778
2026-03-03T14:19:26.737,235.023,1026.428,21.151,-109.078,0.004,0.0,-0.029,22.755
2026-03-03T14:19:27.239,235.523,1026.430,21.149,-109.091,0.003,0.0,0.018,22.778
2026-03-03T14:19:27.736,236.023,1026.429,21.142,-109.086,0.003,0.0,-0.006,22.789
2026-03-03T14:19:28.241,236.523,1026.429,21.140,-109.084,0.003,0.0,-0.025,22.778
2026-03-03T14:19:28.738,237.023,1026.430,21.137,-109.096,0.003,0.0,0.016,22.789
2026-03-03T14:19:29.238,237.523,1026.428,21.140,-109.077,0.003,0.0,-0.009,22.800
2026-03-03T14:19:29.774,238.027,1026.431,21.140,-109.099,0.003,0.0,0.009,22.794
2026-03-03T14:19:30.236,238.523,1026.428,21.138,-109.075,0.004,0.0,-0.018,22.798
2026-03-03T14:19:30.739,239.023,1026.429,21.144,-109.088,0.003,0.0,-0.031,22.766
2026-03-03T14:19:31.238,239.523,1026.428,21.147,-109.082,0.003,0.0,0.001,22.782
2026-03-03T14:19:31.737,240.023,1026.432,21.146,-109.113,0.003,0.0,-0.021,22.791
2026-03-03T14:19:32.256,240.523,1026.432,21.149,-109.116,0.003,0.0,0.007,22.789
2026-03-03T14:19:32.738,241.023,1026.433,21.153,-109.119,0.003,0.0,-0.013,22.782
2026-03-03T14:19:33.238,241.523,1026.431,21.151,-109.101,0.003,0.0,0.013,22.782
2026-03-03T14:19:33.736,242.023,1026.429,21.145,-109.088,0.003,0.0,-0.009,22.794
2026-03-03T14:19:34.239,242.523,1026.433,21.157,-109.122,0.003,0.0,0.009,22.791
2026-03-03T14:19:34.737,243.023,1026.430,21.143,-109.095,0.003,0.0,0.009,22.796
2026-03-03T14:19:35.238,243.523,1026.429,21.144,-109.088,0.003,0.0,0.012,22.794
2026-03-03T14:19:35.736,244.023,1026.432,21.142,-109.110,0.003,0.0,-0.006,22.796
2026-03-03T14:19:36.238,244.523,1026.430,21.146,-109.096,0.003,0.0,-0.002,22.764
2026-03-03T14:19:36.741,245.023,1026.432,21.149,-109.115,0.003,0.0,0.031,22.768
2026-03-03T14:19:37.237,245.523,1026.433,21.152,-109.118,0.003,0.0,-0.018,22.780
2026-03-03T14:19:37.737,246.023,1026.432,21.151,-109.109,0.003,0.0,0.017,22.787
2026-03-03T14:19:38.236,246.523,1026.432,21.149,-109.116,0.003,0.0,0.003,22.784
2026-03-03T14:19:38.737,247.023,1026.432,21.155,-109.112,0.003,0.0,0.010,22.773
2026-03-03T14:19:39.236,247.523,1026.433,21.156,-109.122,0.003,0.0,0.002,22.807
2026-03-03T14:19:39.738,248.023,1026.433,21.155,-109.121,0.003,0.0,0.013,22.764
2026-03-03T14:19:40.242,248.528,1026.433,21.169,-109.124,0.003,0.0,0.011,22.800
2026-03-03T14:19:40.737,249.023,1026.434,21.149,-109.131,0.003,0.0,0.002,22.780
2026-03-03T14:19:41.252,249.523,1026.433,21.147,-109.121,0.003,0.0,0.034,22.778
2026-03-03T14:19:41.737,250.023,1026.435,21.152,-109.133,0.003,0.0,0.002,22.784
2026-03-03T14:19:42.238,250.523,1026.434,21.164,-109.128,0.003,0.0,0.012,22.798
2026-03-03T14:19:42.736,251.023,1026.432,21.159,-109.115,0.003,0.0,0.007,22.766
2026-03-03T14:19:43.237,251.523,1026.435,21.162,-109.133,0.003,0.0,-0.007,22.787
2026-03-03T14:19:43.737,252.023,1026.434,21.164,-109.128,0.003,0.0,0.014,22.796
2026-03-03T14:19:44.238,252.523,1026.437,21.164,-109.151,0.004,0.0,-0.010,22.798
2026-03-03T14:19:44.749,253.023,1026.437,21.168,-109.153,0.003,0.0,0.009,22.782
2026-03-03T14:19:45.238,253.523,1026.437,21.164,-109.150,0.003,0.0,0.020,22.782
2026-03-03T14:19:45.737,254.023,1026.435,21.166,-109.137,0.003,0.0,0.011,22.780
2026-03-03T14:19:46.236,254.523,1026.438,21.181,-109.164,0.003,0.0,0.043,22.766
2026-03-03T14:19:46.738,255.023,1026.437,21.175,-109.152,0.003,0.0,-0.002,22.789
2026-03-03T14:19:47.237,255.523,1026.435,21.169,-109.139,0.003,0.0,0.001,22.768
2026-03-03T14:19:47.739,256.023,1026.434,21.167,-109.131,0.003,0.0,0.022,22.789
2026-03-03T14:19:48.245,256.523,1026.437,21.175,-109.152,0.003,0.0,0.003,22.796
2026-03-03T14:19:48.737,257.023,1026.433,21.168,-109.123,0.003,0.0,-0.010,22.784
2026-03-03T14:19:49.281,257.523,1026.436,21.171,-109.141,0.003,0.0,0.008,22.778
2026-03-03T14:19:49.737,258.023,1026.439,21.177,-109.169,0.003,0.0,0.009,22.789
2026-03-03T14:19:50.239,258.524,1026.439,21.181,-109.172,0.003,0.0,-0.033,22.771
2026-03-03T14:19:50.741,259.028,1026.441,21.195,-109.184,0.004,0.0,-0.025,22.773
2026-03-03T14:19:51.248,259.533,1026.438,21.178,-109.161,0.003,0.0,-0.000,22.789
2026-03-03T14:19:51.742,260.028,1026.438,21.182,-109.158,0.003,0.0,0.007,22.762
2026-03-03T14:19:52.243,260.528,1026.439,21.181,-109.172,0.003,0.0,0.027,22.778
2026-03-03T14:19:52.744,261.028,1026.437,21.190,-109.156,0.003,0.0,0.008,22.794
2026-03-03T14:19:53.241,261.528,1026.438,21.177,-109.160,0.003,0.0,-0.004,22.789
2026-03-03T14:19:53.768,262.028,1026.435,21.189,-109.140,0.004,0.0,-0.034,22.796
2026-03-03T14:19:54.241,262.528,1026.441,21.187,-109.185,0.003,0.0,0.006,22.794
2026-03-03T14:19:54.742,263.028,1026.442,21.185,-109.190,0.004,0.0,-0.025,22.773
2026-03-03T14:19:55.241,263.528,1026.440,21.182,-109.174,0.003,0.0,-0.023,22.771
2026-03-03T14:19:55.745,264.028,1026.441,21.191,-109.188,0.003,0.0,-0.011,22.773
2026-03-03T14:19:56.245,264.528,1026.441,21.195,-109.184,0.003,0.0,0.011,22.796
2026-03-03T14:19:56.741,265.028,1026.442,21.203,-109.190,0.003,0.0,0.019,22.798
2026-03-03T14:19:57.241,265.528,1026.448,21.222,-109.244,0.003,0.0,-0.030,22.787
2026-03-03T14:19:57.742,266.028,1026.443,21.193,-109.205,0.003,0.0,-0.012,22.775
2026-03-03T14:19:58.243,266.528,1026.451,21.199,-109.264,0.003,0.0,0.011,22.771
2026-03-03T14:19:58.742,267.028,1026.448,21.203,-109.244,0.003,0.0,0.005,22.789
2026-03-03T14:19:59.243,267.528,1026.446,21.185,-109.229,0.003,0.0,0.012,22.773
2026-03-03T14:19:59.742,268.028,1026.448,21.207,-109.247,0.003,0.0,-0.008,22.771
2026-03-03T14:20:00.243,268.528,1026.443,21.190,-109.202,0.003,0.0,0.011,22.778
2026-03-03T14:20:00.749,269.028,1026.453,21.190,-109.287,0.003,0.0,0.003,22.798
2026-03-03T14:20:01.241,269.528,1026.464,21.202,-109.374,0.003,0.0,-0.011,22.775
2026-03-03T14:20:01.748,270.033,1026.454,21.204,-109.290,0.003,0.0,0.035,22.796
2026-03-03T14:20:02.241,270.528,1026.448,21.216,-109.246,0.003,0.0,0.018,22.794
2026-03-03T14:20:02.745,271.028,1026.440,21.194,-109.175,0.003,0.0,0.001,22.800
2026-03-03T14:20:03.241,271.528,1026.449,21.187,-109.254,0.003,0.0,-0.000,22.780
2026-03-03T14:20:03.742,272.028,1026.441,21.196,-109.185,0.003,0.0,0.008,22.782
2026-03-03T14:20:04.241,272.528,1026.438,21.202,-109.159,0.003,0.0,-0.020,22.789
2026-03-03T14:20:04.742,273.028,1026.437,21.204,-109.153,0.004,0.0,-0.022,22.764
2026-03-03T14:20:05.272,273.528,1026.431,21.174,-109.105,0.004,0.0,-0.021,22.787
2026-03-03T14:20:05.741,274.028,1026.432,21.181,-109.112,0.003,0.0,0.008,22.789
2026-03-03T14:20:06.244,274.528,1026.418,21.187,-108.993,0.003,0.0,0.019,22.780
2026-03-03T14:20:06.741,275.028,1026.406,21.185,-108.899,0.003,0.0,0.016,22.807
2026-03-03T14:20:07.244,275.528,1026.400,21.196,-108.847,0.003,0.0,-0.015,22.782
2026-03-03T14:20:07.746,276.028,1026.392,21.199,-108.780,0.003,0.0,0.040,22.780
2026-03-03T14:20:08.242,276.528,1026.361,21.195,-108.531,0.003,0.0,-0.005,22.764
2026-03-03T14:20:08.742,277.028,1026.341,21.196,-108.363,0.003,0.0,-0.010,22.773
2026-03-03T14:20:09.242,277.528,1026.310,21.194,-108.108,0.003,0.0,-0.003,22.798
2026-03-03T14:20:09.742,278.028,1026.300,21.200,-108.028,0.003,0.0,0.004,22.794
2026-03-03T14:20:10.241,278.528,1026.266,21.196,-107.742,0.003,0.0,0.000,22.782
2026-03-03T14:20:10.741,279.028,1026.243,21.192,-107.554,0.004,0.0,-0.035,22.789
2026-03-03T14:20:11.243,279.528,1026.206,21.200,-107.247,0.004,0.0,-0.025,22.787
2026-03-03T14:20:11.745,280.028,1026.200,21.195,-107.204,0.003,0.0,-0.039,22.796
2026-03-03T14:20:12.271,280.532,1026.176,21.190,-107.000,0.003,0.0,0.011,22.798
2026-03-03T14:20:12.741,281.028,1026.168,21.194,-106.934,0.003,0.0,0.014,22.791
2026-03-03T14:20:13.242,281.528,1026.169,21.197,-106.945,0.003,0.0,-0.012,22.773
2026-03-03T14:20:13.741,282.028,1026.172,21.200,-106.970,0.003,0.0,-0.003,22.768
2026-03-03T14:20:14.241,282.528,1026.160,21.202,-106.872,0.003,0.0,0.017,22.771
2026-03-03T14:20:14.769,283.028,1026.182,21.201,-107.056,0.003,0.0,-0.021,22.784
2026-03-03T14:20:15.242,283.528,1026.180,21.205,-107.036,0.003,0.0,0.001,22.778
2026-03-03T14:20:15.742,284.028,1026.182,21.203,-107.049,0.003,0.0,0.024,22.789
2026-03-03T14:20:16.241,284.528,1026.206,21.208,-107.253,0.003,0.0,0.022,22.805
2026-03-03T14:20:16.741,285.028,1026.184,21.202,-107.072,0.003,0.0,-0.033,22.787
2026-03-03T14:20:17.245,285.528,1026.207,21.205,-107.258,0.003,0.0,-0.004,22.780
2026-03-03T14:20:17.741,286.028,1026.238,21.206,-107.512,0.003,0.0,0.002,22.773
2026-03-03T14:20:18.258,286.528,1026.222,21.213,-107.380,0.003,0.0,-0.030,22.787
2026-03-03T14:20:18.741,287.028,1026.238,21.216,-107.512,0.003,0.0,0.003,22.787
2026-03-03T14:20:19.243,287.528,1026.246,21.218,-107.577,0.003,0.0,0.023,22.764
2026-03-03T14:20:19.741,288.028,1026.220,21.206,-107.366,0.003,0.0,0.012,22.803
2026-03-03T14:20:20.243,288.528,1026.225,21.226,-107.406,0.003,0.0,0.007,22.784
2026-03-03T14:20:20.748,289.028,1026.158,21.215,-106.853,0.003,0.0,0.019,22.787
2026-03-03T14:20:21.242,289.528,1026.166,21.213,-106.919,0.003,0.0,-0.011,22.787
2026-03-03T14:20:21.750,290.028,1026.126,21.223,-106.590,0.003,0.0,0.021,22.780
2026-03-03T14:20:22.241,290.528,1026.078,21.222,-106.197,0.003,0.0,-0.010,22.789
2026-03-03T14:20:22.748,291.033,1026.074,21.224,-106.161,0.003,0.0,0.009,22.773
2026-03-03T14:20:23.241,291.528,1026.031,21.212,-105.805,0.003,0.0,-0.012,22.780
2026-03-03T14:20:23.743,292.028,1025.976,21.204,-105.354,0.003,0.0,0.022,22.778
2026-03-03T14:20:24.244,292.528,1025.923,21.219,-104.920,0.003,0.0,-0.020,22.771
2026-03-03T14:20:24.742,293.028,1025.927,21.216,-104.955,0.003,0.0,-0.013,22.787
2026-03-03T14:20:25.242,293.528,1025.870,21.212,-104.485,0.003,0.0,0.012,22.794
2026-03-03T14:20:25.741,294.028,1025.838,21.222,-104.216,0.003,0.0,-0.006,22.782
2026-03-03T14:20:26.242,294.528,1025.811,21.220,-103.999,0.003,0.0,0.003,22.794
2026-03-03T14:20:26.741,295.028,1025.736,21.224,-103.381,0.003,0.0,-0.012,22.773
2026-03-03T14:20:27.241,295.528,1025.700,21.222,-103.080,0.003,0.0,0.002,22.775
2026-03-03T14:20:27.761,296.028,1025.641,21.220,-102.594,0.003,0.0,-0.015,22.787
2026-03-03T14:20:28.241,296.528,1025.599,21.224,-102.252,0.003,0.0,0.042,22.800
2026-03-03T14:20:28.742,297.028,1025.627,21.212,-102.479,0.004,0.0,-0.040,22.789
2026-03-03T14:20:29.241,297.528,1025.577,21.223,-102.067,0.003,0.0,0.008,22.787
2026-03-03T14:20:29.743,298.028,1025.509,21.221,-101.512,0.003,0.0,0.029,22.796
2026-03-03T14:20:30.241,298.528,1025.496,21.231,-101.405,0.003,0.0,0.009,22.787
2026-03-03T14:20:30.741,299.028,1025.440,21.219,-100.942,0.003,0.0,-0.001,22.782
2026-03-03T14:20:31.242,299.528,1025.398,21.212,-100.590,0.003,0.0,0.026,22.778
2026-03-03T14:20:31.741,300.028,1025.350,21.223,-100.199,0.003,0.0,-0.014,22.764
2026-03-03T14:20:32.241,300.528,1025.306,21.218,-99.835,0.003,0.0,-0.008,22.778
2026-03-03T14:20:32.741,301.028,1025.330,21.209,-100.034,0.003,0.0,0.018,22.771
2026-03-03T14:20:33.248,301.533,1025.472,21.212,-101.205,0.003,0.0,-0.001,22.775
2026-03-03T14:20:33.740,302.028,1025.446,21.210,-100.988,0.003,0.0,0.023,22.775
2026-03-03T14:20:34.244,302.528,1025.392,21.212,-100.544,0.003,0.0,-0.001,22.782
2026-03-03T14:20:34.740,303.028,1025.402,21.219,-100.627,0.003,0.0,0.007,22.794
2026-03-03T14:20:35.244,303.528,1025.482,21.211,-101.289,0.003,0.0,-0.007,22.787
2026-03-03T14:20:35.753,304.028,1025.540,21.216,-101.760,0.003,0.0,-0.000,22.768
2026-03-03T14:20:36.240,304.528,1025.612,21.208,-102.354,0.003,0.0,-0.015,22.787
2026-03-03T14:20:36.741,305.028,1025.626,21.206,-102.475,0.003,0.0,0.003,22.778
2026-03-03T14:20:37.240,305.528,1025.582,21.210,-102.110,0.003,0.0,0.003,22.771
2026-03-03T14:20:37.741,306.028,1025.596,21.204,-102.228,0.003,0.0,0.008,22.780
2026-03-03T14:20:38.249,306.528,1025.640,21.206,-102.590,0.003,0.0,0.009,22.780
2026-03-03T14:20:38.742,307.028,1025.695,21.221,-103.041,0.003,0.0,0.009,22.755
2026-03-03T14:20:39.286,307.528,1025.692,21.217,-103.015,0.003,0.0,-0.005,22.782
2026-03-03T14:20:39.741,308.028,1025.625,21.225,-102.460,0.004,0.0,-0.050,22.782
2026-03-03T14:20:40.241,308.528,1025.645,21.209,-102.631,0.003,0.0,-0.033,22.771
2026-03-03T14:20:40.741,309.028,1025.685,21.213,-102.957,0.003,0.0,-0.013,22.789
2026-03-03T14:20:41.242,309.528,1025.670,21.215,-102.836,0.003,0.0,0.012,22.789
2026-03-03T14:20:41.758,310.028,1025.651,21.209,-102.678,0.003,0.0,-0.009,22.789
2026-03-03T14:20:42.241,310.528,1025.697,21.212,-103.057,0.003,0.0,-0.020,22.773
2026-03-03T14:20:42.742,311.028,1025.714,21.227,-103.199,0.003,0.0,0.001,22.780
2026-03-03T14:20:43.244,311.531,1025.710,21.215,-103.166,0.003,0.0,0.015,22.791
2026-03-03T14:20:43.750,312.036,1025.727,21.217,-103.305,0.003,0.0,-0.005,22.791
2026-03-03T14:20:44.244,312.531,1025.887,21.207,-104.626,0.004,0.0,-0.016,22.789
2026-03-03T14:20:44.744,313.031,1025.964,21.203,-105.253,0.003,0.0,-0.010,22.778
2026-03-03T14:20:45.244,313.531,1026.023,21.217,-105.741,0.003,0.0,0.013,22.762
2026-03-03T14:20:45.744,314.031,1026.062,21.224,-106.060,0.003,0.0,0.004,22.780
2026-03-03T14:20:46.244,314.531,1026.134,21.225,-106.661,0.003,0.0,0.011,22.782
2026-03-03T14:20:46.745,315.031,1026.262,21.220,-107.715,0.003,0.0,0.007,22.771
2026-03-03T14:20:47.247,315.531,1026.251,21.225,-107.619,0.003,0.0,0.013,22.782
2026-03-03T14:20:47.744,316.031,1026.262,21.219,-107.714,0.003,0.0,0.006,22.780
2026-03-03T14:20:48.245,316.531,1026.336,21.219,-108.320,0.003,0.0,0.010,22.787
2026-03-03T14:20:48.745,317.031,1026.332,21.212,-108.291,0.003,0.0,0.020,22.778
2026-03-03T14:20:49.243,317.531,1026.321,21.216,-108.196,0.003,0.0,0.038,22.766
2026-03-03T14:20:49.745,318.031,1026.231,21.204,-107.456,0.003,0.0,-0.002,22.796
2026-03-03T14:20:50.243,318.531,1026.076,21.218,-106.178,0.003,0.0,-0.005,22.775
2026-03-03T14:20:50.744,319.031,1026.003,21.204,-105.576,0.003,0.0,0.021,22.773
2026-03-03T14:20:51.243,319.531,1025.875,21.202,-104.523,0.003,0.0,0.005,22.778
2026-03-03T14:20:51.743,320.031,1025.841,21.220,-104.247,0.003,0.0,-0.001,22.787
2026-03-03T14:20:52.265,320.531,1025.703,21.222,-103.111,0.003,0.0,-0.024,22.778
2026-03-03T14:20:52.743,321.031,1025.734,21.219,-103.362,0.004,0.0,-0.019,22.780
2026-03-03T14:20:53.244,321.531,1025.541,21.224,-101.768,0.003,0.0,0.022,22.800
2026-03-03T14:20:53.743,322.031,1025.438,21.214,-100.922,0.003,0.0,0.002,22.782
2026-03-03T14:20:54.251,322.535,1025.426,21.221,-100.828,0.003,0.0,0.051,22.775
2026-03-03T14:20:54.749,323.031,1025.409,21.226,-100.686,0.003,0.0,-0.009,22.768
2026-03-03T14:20:55.245,323.531,1025.305,21.208,-99.826,0.003,0.0,0.022,22.782
2026-03-03T14:20:55.775,324.031,1025.253,21.207,-99.402,0.003,0.0,0.014,22.798
2026-03-03T14:20:56.242,324.531,1025.175,21.207,-98.757,0.003,0.0,0.021,22.771
2026-03-03T14:20:56.745,325.031,1025.133,21.218,-98.412,0.003,0.0,0.012,22.787
2026-03-03T14:20:57.243,325.531,1025.041,21.214,-97.648,0.003,0.0,0.015,22.791
2026-03-03T14:20:57.744,326.031,1024.994,21.214,-97.264,0.003,0.0,0.026,22.812
2026-03-03T14:20:58.243,326.531,1024.937,21.211,-96.792,0.003,0.0,0.006,22.780
2026-03-03T14:20:58.745,327.031,1024.828,21.213,-95.894,0.003,0.0,-0.021,22.789
2026-03-03T14:20:59.243,327.531,1024.780,21.204,-95.502,0.003,0.0,-0.010,22.775
2026-03-03T14:20:59.744,328.031,1024.754,21.205,-95.288,0.003,0.0,0.012,22.773
2026-03-03T14:21:00.261,328.531,1024.628,21.200,-94.245,0.003,0.0,-0.017,22.780
2026-03-03T14:21:00.744,329.031,1024.598,21.209,-93.998,0.003,0.0,0.002,22.780
2026-03-03T14:21:01.246,329.531,1024.645,21.197,-94.389,0.003,0.0,-0.012,22.764
2026-03-03T14:21:01.745,330.031,1024.758,21.208,-95.321,0.003,0.0,0.012,22.791
2026-03-03T14:21:02.246,330.531,1024.690,21.211,-94.754,0.003,0.0,0.006,22.764
2026-03-03T14:21:02.748,331.031,1024.763,21.205,-95.357,0.003,0.0,-0.003,22.784
2026-03-03T14:21:03.245,331.531,1024.707,21.209,-94.899,0.003,0.0,0.021,22.794
2026-03-03T14:21:03.744,332.031,1024.526,21.224,-93.403,0.003,0.0,0.006,22.796
2026-03-03T14:21:04.245,332.533,1024.485,21.209,-93.068,0.003,0.0,-0.023,22.798
2026-03-03T14:21:04.751,333.038,1024.494,21.207,-93.143,0.003,0.0,-0.007,22.782
2026-03-03T14:21:05.245,333.533,1024.482,21.204,-93.040,0.003,0.0,-0.005,22.764
2026-03-03T14:21:05.747,334.033,1024.509,21.220,-93.268,0.003,0.0,-0.002,22.791
2026-03-03T14:21:06.250,334.533,1024.544,21.213,-93.555,0.003,0.0,-0.011,22.784
2026-03-03T14:21:06.745,335.033,1024.711,21.204,-94.933,0.003,0.0,0.004,22.768
2026-03-03T14:21:07.246,335.533,1024.864,21.216,-96.189,0.003,0.0,0.003,22.780
2026-03-03T14:21:07.745,336.033,1024.803,21.209,-95.691,0.003,0.0,0.006,22.773
2026-03-03T14:21:08.247,336.533,1024.926,21.199,-96.706,0.003,0.0,-0.011,22.768
2026-03-03T14:21:08.744,337.033,1024.960,21.195,-96.986,0.003,0.0,0.019,22.782
2026-03-03T14:21:09.247,337.533,1024.923,21.204,-96.680,0.003,0.0,0.003,22.784
2026-03-03T14:21:09.755,338.033,1024.788,21.202,-95.569,0.004,0.0,-0.034,22.787
2026-03-03T14:21:10.245,338.533,1024.951,21.209,-96.906,0.003,0.0,-0.017,22.773
2026-03-03T14:21:10.747,339.033,1024.836,21.201,-95.961,0.003,0.0,-0.031,22.789
2026-03-03T14:21:11.246,339.533,1024.625,21.194,-94.218,0.003,0.0,-0.013,22.775
2026-03-03T14:21:11.747,340.033,1024.604,21.194,-94.048,0.003,0.0,-0.009,22.778
2026-03-03T14:21:12.248,340.533,1024.467,21.204,-92.917,0.003,0.0,0.000,22.780
2026-03-03T14:21:12.749,341.033,1024.262,21.191,-91.229,0.003,0.0,0.015,22.789
2026-03-03T14:21:13.273,341.533,1024.208,21.198,-90.781,0.003,0.0,-0.002,22.780
2026-03-03T14:21:13.745,342.033,1024.113,21.195,-90.000,0.003,0.0,0.032,22.782
2026-03-03T14:21:14.246,342.533,1024.091,21.193,-89.821,0.003,0.0,0.022,22.780
2026-03-03T14:21:14.746,343.033,1024.042,21.196,-89.416,0.004,0.0,-0.020,22.787
2026-03-03T14:21:15.251,343.538,1024.141,21.186,-90.232,0.003,0.0,0.016,22.780
2026-03-03T14:21:15.759,344.033,1024.314,21.187,-91.657,0.004,0.0,-0.031,22.766
2026-03-03T14:21:16.246,344.533,1024.292,21.189,-91.473,0.003,0.0,0.001,22.782
2026-03-03T14:21:16.747,345.033,1024.296,21.191,-91.506,0.003,0.0,-0.007,22.798
2026-03-03T14:21:17.245,345.533,1024.371,21.184,-92.131,0.003,0.0,0.006,22.789
2026-03-03T14:21:17.746,346.033,1024.403,21.175,-92.393,0.003,0.0,-0.005,22.787
2026-03-03T14:21:18.258,346.533,1024.167,21.176,-90.446,0.003,0.0,-0.010,22.752
2026-03-03T14:21:18.746,347.033,1024.026,21.175,-89.283,0.003,0.0,-0.005,22.794
2026-03-03T14:21:19.249,347.533,1023.889,21.170,-88.148,0.003,0.0,0.014,22.787
2026-03-03T14:21:19.744,348.033,1023.743,21.177,-86.943,0.004,0.0,-0.020,22.789
2026-03-03T14:21:20.248,348.533,1023.605,21.167,-85.810,0.003,0.0,-0.005,22.778
2026-03-03T14:21:20.745,349.033,1023.430,21.169,-84.363,0.004,0.0,-0.035,22.768
2026-03-03T14:21:21.247,349.533,1023.277,21.164,-83.103,0.003,0.0,0.008,22.766
2026-03-03T14:21:21.745,350.033,1023.252,21.162,-82.893,0.003,0.0,0.042,22.800
2026-03-03T14:21:22.245,350.533,1023.188,21.166,-82.365,0.003,0.0,-0.017,22.784
2026-03-03T14:21:22.774,351.033,1023.317,21.161,-83.432,0.003,0.0,0.019,22.762
2026-03-03T14:21:23.245,351.533,1023.326,21.158,-83.506,0.004,0.0,-0.013,22.794
2026-03-03T14:21:23.747,352.033,1023.462,21.168,-84.625,0.003,0.0,0.008,22.780
2026-03-03T14:21:24.244,352.533,1023.485,21.163,-84.821,0.003,0.0,0.029,22.773
2026-03-03T14:21:24.746,353.033,1023.621,21.156,-85.940,0.004,0.0,0.003,22.789
2026-03-03T14:21:25.248,353.536,1023.437,21.160,-84.418,0.004,0.0,-0.003,22.780
2026-03-03T14:21:25.754,354.040,1023.760,21.161,-87.084,0.003,0.0,-0.006,22.780
2026-03-03T14:21:26.260,354.545,1023.521,21.162,-85.113,0.003,0.0,0.009,22.782
2026-03-03T14:21:26.753,355.040,1023.660,21.155,-86.263,0.003,0.0,0.002,22.787
2026-03-03T14:21:27.252,355.540,1023.542,21.160,-85.288,0.003,0.0,0.016,22.789
2026-03-03T14:21:27.752,356.040,1023.724,21.161,-86.791,0.003,0.0,-0.004,22.778
2026-03-03T14:21:28.253,356.540,1023.877,21.153,-88.049,0.003,0.0,0.014,22.771
2026-03-03T14:21:28.752,357.040,1024.031,21.147,-89.322,0.004,0.0,-0.005,22.764
2026-03-03T14:21:29.253,357.540,1023.846,21.149,-87.799,0.004,0.0,-0.021,22.796
2026-03-03T14:21:29.758,358.040,1023.794,21.148,-87.366,0.003,0.0,-0.007,22.780
2026-03-03T14:21:30.251,358.540,1024.055,21.146,-89.521,0.004,0.0,-0.013,22.784
2026-03-03T14:21:30.753,359.040,1023.867,21.157,-87.967,0.004,0.0,-0.022,22.778
2026-03-03T14:21:31.251,359.540,1023.897,21.141,-88.216,0.003,0.0,0.007,22.775
2026-03-03T14:21:31.755,360.040,1024.047,21.133,-89.456,0.003,0.0,0.017,22.780
2026-03-03T14:21:32.251,360.540,1024.038,21.138,-89.383,0.003,0.0,0.005,22.782
2026-03-03T14:21:32.753,361.040,1024.004,21.127,-89.098,0.004,0.0,-0.030,22.784
2026-03-03T14:21:33.266,361.540,1024.049,21.140,-89.470,0.004,0.0,-0.018,22.773
2026-03-03T14:21:33.752,362.040,1023.998,21.139,-89.053,0.003,0.0,-0.005,22.780
2026-03-03T14:21:34.252,362.540,1023.906,21.128,-88.289,0.003,0.0,0.022,22.780
2026-03-03T14:21:34.751,363.040,1023.563,21.131,-85.464,0.003,0.0,0.016,22.780
2026-03-03T14:21:35.252,363.540,1023.481,21.131,-84.787,0.003,0.0,0.002,22.821
2026-03-03T14:21:35.752,364.040,1023.265,21.124,-83.000,0.003,0.0,0.030,22.787
2026-03-03T14:21:36.252,364.540,1023.310,21.116,-83.372,0.003,0.0,0.009,22.782
2026-03-03T14:21:36.784,365.044,1023.252,21.123,-82.892,0.003,0.0,0.004,22.787
2026-03-03T14:21:37.252,365.540,1023.310,21.123,-83.370,0.003,0.0,0.009,22.789
2026-03-03T14:21:37.753,366.040,1023.175,21.110,-82.256,0.004,0.0,-0.024,22.778
2026-03-03T14:21:38.251,366.540,1023.422,21.124,-84.296,0.004,0.0,-0.013,22.787
2026-03-03T14:21:38.753,367.040,1023.368,21.109,-83.851,0.003,0.0,0.050,22.771
2026-03-03T14:21:39.257,367.540,1023.333,21.105,-83.562,0.004,0.0,-0.007,22.768
2026-03-03T14:21:39.753,368.040,1023.327,21.107,-83.511,0.004,0.0,-0.037,22.780
2026-03-03T14:21:40.265,368.540,1023.341,21.110,-83.629,0.004,0.0,-0.030,22.771
2026-03-03T14:21:40.753,369.040,1023.465,21.102,-84.655,0.003,0.0,0.005,22.771
2026-03-03T14:21:41.253,369.540,1023.302,21.103,-83.308,0.003,0.0,-0.012,22.787
2026-03-03T14:21:41.751,370.040,1023.434,21.092,-84.400,0.003,0.0,0.007,22.787
2026-03-03T14:21:42.255,370.540,1023.311,21.095,-83.377,0.003,0.0,0.013,22.782
2026-03-03T14:21:42.764,371.040,1023.606,21.104,-85.812,0.003,0.0,0.018,22.787
2026-03-03T14:21:43.253,371.540,1023.486,21.100,-84.822,0.003,0.0,0.023,22.791
2026-03-03T14:21:43.751,372.040,1023.351,21.091,-83.714,0.003,0.0,0.006,22.775
2026-03-03T14:21:44.252,372.540,1023.692,21.099,-86.525,0.003,0.0,0.023,22.782
2026-03-03T14:21:44.753,373.040,1023.621,21.077,-85.937,0.003,0.0,-0.010,22.778
2026-03-03T14:21:45.251,373.540,1023.674,21.084,-86.381,0.003,0.0,0.019,22.791
2026-03-03T14:21:45.752,374.040,1023.507,21.092,-85.001,0.003,0.0,-0.006,22.798
2026-03-03T14:21:46.261,374.540,1023.648,21.081,-86.163,0.003,0.0,0.013,22.780
2026-03-03T14:21:46.751,375.040,1023.685,21.075,-86.466,0.003,0.0,0.015,22.787
2026-03-03T14:21:47.272,375.545,1023.412,21.074,-84.216,0.003,0.0,0.018,22.759
2026-03-03T14:21:47.751,376.040,1023.463,21.070,-84.635,0.004,0.0,-0.012,22.773
2026-03-03T14:21:48.252,376.540,1023.708,21.079,-86.655,0.004,0.0,-0.004,22.778
2026-03-03T14:21:48.751,377.040,1023.516,21.066,-85.072,0.003,0.0,0.002,22.768
2026-03-03T14:21:49.253,377.540,1023.579,21.073,-85.595,0.004,0.0,-0.021,22.768
2026-03-03T14:21:49.752,378.040,1023.617,21.070,-85.908,0.003,0.0,0.008,22.784
2026-03-03T14:21:50.252,378.540,1023.632,21.058,-86.028,0.004,0.0,-0.019,22.762
2026-03-03T14:21:50.767,379.040,1023.501,21.072,-84.953,0.003,0.0,0.024,22.778
2026-03-03T14:21:51.251,379.540,1023.411,21.064,-84.208,0.003,0.0,0.004,22.773
2026-03-03T14:21:51.753,380.040,1023.588,21.061,-85.669,0.003,0.0,0.015,22.791
2026-03-03T14:21:52.251,380.540,1023.486,21.067,-84.826,0.003,0.0,0.051,22.784
2026-03-03T14:21:52.754,381.040,1023.664,21.063,-86.295,0.004,0.0,0.001,22.798
2026-03-03T14:21:53.253,381.540,1023.687,21.056,-86.482,0.003,0.0,0.031,22.782
2026-03-03T14:21:53.753,382.040,1023.633,21.061,-86.039,0.003,0.0,0.006,22.771
2026-03-03T14:21:54.272,382.540,1023.663,21.055,-86.288,0.003,0.0,-0.003,22.791
2026-03-03T14:21:54.751,383.040,1023.497,21.063,-84.915,0.003,0.0,0.029,22.780
2026-03-03T14:21:55.252,383.540,1023.452,21.055,-84.547,0.003,0.0,0.018,22.773
2026-03-03T14:21:55.751,384.040,1023.583,21.051,-85.623,0.003,0.0,0.036,22.789
2026-03-03T14:21:56.252,384.540,1023.526,21.050,-85.160,0.003,0.0,0.054,22.775
2026-03-03T14:21:56.750,385.040,1023.602,21.057,-85.781,0.004,0.0,-0.035,22.778
2026-03-03T14:21:57.253,385.540,1023.503,21.039,-84.966,0.004,0.0,0.001,22.768
2026-03-03T14:21:57.779,386.045,1023.453,21.038,-84.556,0.003,0.0,0.017,22.782
2026-03-03T14:21:58.251,386.540,1023.681,21.044,-86.433,0.003,0.0,0.021,22.784
2026-03-03T14:21:58.754,387.040,1023.532,21.047,-85.203,0.004,0.0,-0.009,22.775
2026-03-03T14:21:59.251,387.540,1023.759,21.040,-87.078,0.004,0.0,-0.017,22.771
2026-03-03T14:21:59.752,388.040,1023.627,21.049,-85.991,0.004,0.0,-0.019,22.787
2026-03-03T14:22:00.260,388.540,1023.431,21.034,-84.375,0.003,0.0,0.018,22.768
2026-03-03T14:22:00.752,389.040,1023.590,21.049,-85.682,0.003,0.0,0.006,22.778
2026-03-03T14:22:01.252,389.540,1023.974,21.041,-88.850,0.003,0.0,0.024,22.784
2026-03-03T14:22:01.752,390.040,1023.667,21.036,-86.319,0.003,0.0,0.009,22.780
2026-03-03T14:22:02.252,390.540,1023.729,21.042,-86.832,0.003,0.0,0.007,22.789
2026-03-03T14:22:02.756,391.040,1023.540,21.039,-85.273,0.004,0.0,-0.014,22.757
2026-03-03T14:22:03.252,391.540,1023.567,21.027,-85.496,0.003,0.0,0.012,22.780
2026-03-03T14:22:03.771,392.040,1023.566,21.039,-85.489,0.003,0.0,0.003,22.789
2026-03-03T14:22:04.251,392.540,1023.676,21.038,-86.397,0.004,0.0,-0.031,22.773
2026-03-03T14:22:04.754,393.040,1023.784,21.036,-87.281,0.003,0.0,0.020,22.775
2026-03-03T14:22:05.252,393.540,1023.492,21.036,-84.878,0.004,0.0,-0.008,22.766
2026-03-03T14:22:05.753,394.040,1023.537,21.032,-85.245,0.004,0.0,-0.027,22.782
2026-03-03T14:22:06.252,394.540,1023.523,21.033,-85.130,0.003,0.0,-0.007,22.780
2026-03-03T14:22:06.753,395.040,1023.763,21.023,-87.110,0.003,0.0,0.030,22.775
2026-03-03T14:22:07.253,395.540,1023.696,21.019,-86.559,0.004,0.0,-0.014,22.773
2026-03-03T14:22:07.751,396.040,1023.578,21.015,-85.585,0.004,0.0,0.002,22.771
2026-03-03T14:22:08.260,396.545,1023.411,21.023,-84.205,0.004,0.0,-0.024,22.787
2026-03-03T14:22:08.766,397.040,1023.545,21.023,-85.315,0.004,0.0,-0.012,22.759
2026-03-03T14:22:09.253,397.540,1023.460,21.019,-84.609,0.004,0.0,0.004,22.784
2026-03-03T14:22:09.756,398.040,1023.397,21.017,-84.092,0.003,0.0,0.004,22.780
2026-03-03T14:22:10.251,398.540,1023.506,21.022,-84.990,0.004,0.0,0.011,22.773
2026-03-03T14:22:10.752,399.040,1023.308,21.015,-83.358,0.003,0.0,0.004,22.784
2026-03-03T14:22:11.250,399.540,1023.375,21.013,-83.911,0.004,0.0,-0.003,22.787
2026-03-03T14:22:11.753,400.040,1023.202,21.009,-82.481,0.003,0.0,0.004,22.768
2026-03-03T14:22:12.251,400.540,1023.225,21.004,-82.670,0.004,0.0,0.003,22.764
2026-03-03T14:22:12.751,401.040,1023.359,21.000,-83.776,0.003,0.0,0.014,22.789
2026-03-03T14:22:13.272,401.540,1023.367,20.994,-83.842,0.004,0.0,-0.011,22.768
2026-03-03T14:22:13.752,402.040,1023.291,20.994,-83.218,0.004,0.0,-0.018,22.803
2026-03-03T14:22:14.251,402.540,1023.396,20.993,-84.080,0.004,0.0,0.020,22.775
2026-03-03T14:22:14.750,403.040,1023.296,20.998,-83.260,0.003,0.0,0.032,22.780
2026-03-03T14:22:15.251,403.540,1023.436,20.994,-84.412,0.003,0.0,0.021,22.782
2026-03-03T14:22:15.773,404.040,1023.444,20.993,-84.481,0.004,0.0,-0.016,22.780
2026-03-03T14:22:16.251,404.540,1023.247,20.992,-82.853,0.004,0.0,-0.013,22.794
2026-03-03T14:22:16.781,405.040,1023.553,20.996,-85.377,0.004,0.0,-0.018,22.766
2026-03-03T14:22:17.251,405.540,1023.403,20.997,-84.137,0.003,0.0,0.004,22.819
2026-03-03T14:22:17.751,406.040,1023.292,20.978,-83.228,0.004,0.0,-0.006,22.800
2026-03-03T14:22:18.251,406.540,1023.338,20.984,-83.602,0.003,0.0,0.012,22.771
2026-03-03T14:22:18.756,407.045,1023.476,20.996,-84.745,0.004,0.0,-0.004,22.775
2026-03-03T14:22:19.250,407.540,1023.206,20.987,-82.518,0.003,0.0,0.002,22.766
2026-03-03T14:22:19.752,408.040,1023.275,20.992,-83.085,0.004,0.0,-0.003,22.784
2026-03-03T14:22:20.251,408.540,1023.326,20.983,-83.501,0.004,0.0,-0.014,22.775
2026-03-03T14:22:20.751,409.040,1023.349,20.984,-83.695,0.004,0.0,-0.010,22.766
2026-03-03T14:22:21.262,409.540,1023.380,20.971,-83.954,0.003,0.0,0.011,22.764
2026-03-03T14:22:21.751,410.040,1023.246,20.986,-82.848,0.004,0.0,-0.011,22.780
2026-03-03T14:22:22.251,410.540,1023.384,20.993,-83.987,0.004,0.0,-0.004,22.771
2026-03-03T14:22:22.751,411.040,1023.417,20.975,-84.257,0.004,0.0,0.013,22.780
2026-03-03T14:22:23.251,411.540,1023.317,20.973,-83.431,0.004,0.0,0.001,22.775
2026-03-03T14:22:23.750,412.040,1023.169,20.974,-82.207,0.004,0.0,-0.011,22.782
2026-03-03T14:22:24.251,412.540,1023.473,20.978,-84.715,0.004,0.0,-0.004,22.787
2026-03-03T14:22:24.751,413.040,1023.473,20.975,-84.720,0.004,0.0,-0.042,22.782
2026-03-03T14:22:25.251,413.540,1023.386,20.965,-84.003,0.004,0.0,0.004,22.780
2026-03-03T14:22:25.760,414.040,1023.302,20.969,-83.304,0.003,0.0,0.038,22.778
2026-03-03T14:22:26.251,414.540,1023.415,20.969,-84.238,0.004,0.0,0.004,22.775
2026-03-03T14:22:26.751,415.040,1023.573,20.970,-85.540,0.003,0.0,0.021,22.768
2026-03-03T14:22:27.251,415.540,1023.134,20.963,-81.920,0.004,0.0,-0.009,22.764
2026-03-03T14:22:27.751,416.040,1023.413,20.950,-84.221,0.004,0.0,-0.015,22.773
2026-03-03T14:22:28.250,416.540,1023.380,20.961,-83.953,0.003,0.0,0.011,22.762
2026-03-03T14:22:28.751,417.040,1023.470,20.957,-84.690,0.004,0.0,0.002,22.789
2026-03-03T14:22:29.260,417.545,1023.493,20.960,-84.885,0.004,0.0,-0.018,22.778
2026-03-03T14:22:29.751,418.040,1023.181,20.954,-82.306,0.004,0.0,-0.022,22.778
2026-03-03T14:22:30.251,418.540,1023.474,20.959,-84.722,0.003,0.0,0.014,22.775
2026-03-03T14:22:30.751,419.040,1023.423,20.970,-84.307,0.004,0.0,0.003,22.780
2026-03-03T14:22:31.251,419.540,1023.383,20.963,-83.978,0.003,0.0,0.018,22.773
2026-03-03T14:22:31.750,420.040,1023.292,20.966,-83.225,0.004,0.0,-0.008,22.798
2026-03-03T14:22:32.251,420.540,1023.378,20.972,-83.931,0.003,0.0,0.003,22.789
2026-03-03T14:22:32.769,421.040,1023.527,20.951,-85.164,0.003,0.0,0.008,22.771
2026-03-03T14:22:33.250,421.540,1023.444,20.947,-84.481,0.003,0.0,-0.005,22.784
2026-03-03T14:22:33.767,422.040,1023.453,20.941,-84.554,0.004,0.0,0.009,22.784
2026-03-03T14:22:34.250,422.540,1023.241,20.940,-82.803,0.004,0.0,-0.025,22.780
2026-03-03T14:22:34.750,423.040,1023.197,20.942,-82.442,0.004,0.0,-0.004,22.773
2026-03-03T14:22:35.251,423.540,1023.441,20.950,-84.453,0.003,0.0,0.027,22.775
2026-03-03T14:22:35.752,424.040,1023.324,20.946,-83.486,0.003,0.0,-0.001,22.791
2026-03-03T14:22:36.251,424.540,1023.366,20.960,-83.837,0.004,0.0,-0.002,22.773
2026-03-03T14:22:36.751,425.040,1023.422,20.957,-84.296,0.003,0.0,0.010,22.780
2026-03-03T14:22:37.250,425.540,1023.389,20.953,-84.024,0.003,0.0,0.036,22.775
2026-03-03T14:22:37.751,426.040,1023.225,20.947,-82.670,0.004,0.0,-0.015,22.773
2026-03-03T14:22:38.263,426.540,1023.465,20.940,-84.653,0.004,0.0,-0.031,22.773
2026-03-03T14:22:38.752,427.040,1023.268,20.947,-83.025,0.004,0.0,-0.017,22.771
2026-03-03T14:22:39.251,427.540,1023.382,20.951,-83.967,0.003,0.0,-0.005,22.787
2026-03-03T14:22:39.755,428.045,1023.178,20.954,-82.282,0.004,0.0,-0.022,22.775
2026-03-03T14:22:40.251,428.540,1023.371,20.944,-83.878,0.004,0.0,0.007,22.771
2026-03-03T14:22:40.750,429.040,1023.467,20.949,-84.668,0.004,0.0,-0.017,22.787
2026-03-03T14:22:41.251,429.540,1023.405,20.951,-84.153,0.003,0.0,-0.004,22.782
2026-03-03T14:22:41.753,430.040,1023.459,20.945,-84.602,0.004,0.0,-0.003,22.782
2026-03-03T14:22:42.251,430.540,1023.282,20.952,-83.144,0.003,0.0,0.019,22.780
2026-03-03T14:22:42.751,431.040,1023.486,20.944,-84.826,0.004,0.0,-0.015,22.775
2026-03-03T14:22:43.251,431.540,1023.361,20.953,-83.792,0.004,0.0,-0.001,22.784
2026-03-03T14:22:43.751,432.040,1023.277,20.935,-83.099,0.003,0.0,0.038,22.784
2026-03-03T14:22:44.250,432.540,1023.404,20.934,-84.147,0.003,0.0,0.012,22.789
2026-03-03T14:22:44.752,433.040,1023.288,20.937,-83.193,0.003,0.0,0.000,22.789
2026-03-03T14:22:45.250,433.540,1023.527,20.942,-85.162,0.004,0.0,-0.026,22.784
2026-03-03T14:22:45.751,434.040,1023.232,20.943,-82.728,0.003,0.0,0.054,22.764
2026-03-03T14:22:46.268,434.540,1023.453,20.943,-84.554,0.004,0.0,-0.006,22.778
2026-03-03T14:22:46.752,435.040,1023.032,20.949,-81.075,0.004,0.0,-0.025,22.782
2026-03-03T14:22:47.251,435.540,1023.288,20.948,-83.195,0.004,0.0,-0.002,22.782
2026-03-03T14:22:47.750,436.040,1023.464,20.946,-84.642,0.003,0.0,0.013,22.766
2026-03-03T14:22:48.251,436.540,1023.481,20.938,-84.782,0.003,0.0,0.014,22.789
2026-03-03T14:22:48.758,437.040,1023.431,20.950,-84.368,0.004,0.0,-0.024,22.787
2026-03-03T14:22:49.251,437.540,1023.448,20.945,-84.510,0.004,0.0,0.015,22.800
2026-03-03T14:22:49.755,438.040,1023.488,20.939,-84.844,0.004,0.0,-0.001,22.803
2026-03-03T14:22:50.256,438.545,1023.396,20.935,-84.086,0.004,0.0,-0.013,22.773
2026-03-03T14:22:50.765,439.040,1023.087,20.941,-81.531,0.004,0.0,-0.015,22.798
2026-03-03T14:22:51.250,439.540,1023.538,20.941,-85.255,0.003,0.0,0.022,22.807
2026-03-03T14:22:51.752,440.040,1023.423,20.940,-84.306,0.004,0.0,0.011,22.798
2026-03-03T14:22:52.251,440.540,1023.136,20.939,-81.938,0.004,0.0,-0.017,22.791
2026-03-03T14:22:52.751,441.040,1023.138,20.941,-81.955,0.003,0.0,0.017,22.778
2026-03-03T14:22:53.251,441.540,1023.433,20.956,-84.388,0.003,0.0,0.016,22.787
2026-03-03T14:22:53.750,442.040,1023.240,20.946,-82.792,0.004,0.0,-0.008,22.771
2026-03-03T14:22:54.252,442.540,1023.278,20.937,-83.108,0.004,0.0,-0.033,22.764
2026-03-03T14:22:54.752,443.040,1023.226,20.924,-82.681,0.004,0.0,0.003,22.782
2026-03-03T14:22:55.251,443.540,1023.275,20.930,-83.087,0.004,0.0,0.012,22.782
2026-03-03T14:22:55.750,444.040,1023.301,20.941,-83.297,0.004,0.0,-0.020,22.780
2026-03-03T14:22:56.252,444.540,1023.298,20.927,-83.270,0.003,0.0,-0.008,22.775
2026-03-03T14:22:56.750,445.040,1023.258,20.937,-82.947,0.003,0.0,0.015,22.791
2026-03-03T14:22:57.252,445.540,1023.137,20.939,-81.946,0.003,0.0,-0.010,22.780
2026-03-03T14:22:57.754,446.040,1023.193,20.932,-82.403,0.004,0.0,-0.005,22.764
2026-03-03T14:22:58.250,446.540,1023.381,20.939,-83.958,0.003,0.0,0.031,22.782
2026-03-03T14:22:58.763,447.040,1023.294,20.918,-83.239,0.003,0.0,0.007,22.787
2026-03-03T14:22:59.251,447.540,1023.207,20.930,-82.524,0.004,0.0,-0.022,22.766
2026-03-03T14:22:59.751,448.040,1023.126,20.934,-81.857,0.003,0.0,0.017,22.775
2026-03-03T14:23:00.250,448.540,1023.214,20.941,-82.580,0.004,0.0,0.010,22.782
2026-03-03T14:23:00.755,449.044,1023.623,20.934,-85.957,0.003,0.0,0.001,22.789
2026-03-03T14:23:01.251,449.540,1023.419,20.934,-84.270,0.004,0.0,-0.017,22.791
2026-03-03T14:23:01.751,450.040,1023.242,20.944,-82.813,0.003,0.0,0.007,22.775
2026-03-03T14:23:02.258,450.540,1023.283,20.944,-83.152,0.004,0.0,-0.010,22.771
2026-03-03T14:23:02.750,451.040,1023.450,20.943,-84.531,0.004,0.0,-0.016,22.773
2026-03-03T14:23:03.251,451.540,1023.320,20.941,-83.451,0.003,0.0,0.024,22.778
2026-03-03T14:23:03.751,452.040,1023.192,20.940,-82.402,0.004,0.0,-0.030,22.780
2026-03-03T14:23:04.252,452.540,1023.304,20.940,-83.319,0.004,0.0,-0.034,22.778
2026-03-03T14:23:04.751,453.040,1023.355,20.933,-83.746,0.004,0.0,0.019,22.789
2026-03-03T14:23:05.252,453.540,1023.418,20.936,-84.264,0.003,0.0,0.004,22.771
2026-03-03T14:23:05.749,454.040,1023.184,20.942,-82.334,0.003,0.0,0.022,22.787
2026-03-03T14:23:06.251,454.540,1023.028,20.941,-81.046,0.004,0.0,-0.010,22.789
2026-03-03T14:23:06.774,455.040,1023.205,20.946,-82.507,0.003,0.0,0.026,22.780
2026-03-03T14:23:07.250,455.540,1023.308,20.940,-83.357,0.004,0.0,-0.024,22.764
2026-03-03T14:23:07.750,456.040,1023.320,20.940,-83.458,0.004,0.0,-0.012,22.778
2026-03-03T14:23:08.252,456.540,1020.904,20.935,-63.491,4.031,4.9,-0.037,22.775
2026-03-03T14:23:08.750,457.040,1021.157,20.922,-65.584,4.056,5.0,-0.022,22.775
2026-03-03T14:23:09.251,457.540,1020.822,20.935,-62.818,4.061,5.0,0.018,22.771
2026-03-03T14:23:09.751,458.040,1021.117,20.923,-65.253,4.066,5.0,-0.010,22.773
2026-03-03T14:23:10.254,458.540,1021.211,20.908,-66.030,4.066,5.0,-0.010,22.787
2026-03-03T14:23:10.751,459.040,1021.341,20.925,-67.111,4.066,5.0,0.037,22.784
2026-03-03T14:23:11.297,459.545,1021.262,20.914,-66.452,4.066,5.0,-0.017,22.764
2026-03-03T14:23:11.750,460.040,1021.097,20.913,-65.090,4.066,5.0,0.018,22.775
2026-03-03T14:23:12.251,460.540,1021.086,20.923,-64.998,4.066,5.0,0.012,22.766
2026-03-03T14:23:12.749,461.040,1021.303,20.910,-66.797,4.066,5.0,0.013,22.780
2026-03-03T14:23:13.251,461.540,1021.205,20.916,-65.982,4.066,5.0,0.004,22.789
2026-03-03T14:23:13.756,462.040,1021.237,20.908,-66.247,4.066,5.0,-0.003,22.782
2026-03-03T14:23:14.250,462.540,1021.238,20.909,-66.255,4.066,5.0,-0.012,22.766
2026-03-03T14:23:14.762,463.040,1021.207,20.906,-65.997,4.066,5.0,0.027,22.762
2026-03-03T14:23:15.250,463.540,1021.180,20.914,-65.772,4.066,5.0,-0.005,22.766
2026-03-03T14:23:15.752,464.040,1021.234,20.902,-66.218,4.066,5.0,-0.003,22.780
2026-03-03T14:23:16.250,464.540,1021.211,20.906,-66.036,4.066,5.0,0.012,22.775
2026-03-03T14:23:16.750,465.040,1021.126,20.901,-65.328,4.066,5.0,-0.008,22.784
2026-03-03T14:23:17.250,465.540,1021.245,20.909,-66.316,4.066,5.0,-0.029,22.784
2026-03-03T14:23:17.750,466.040,1021.089,20.889,-65.024,4.065,5.0,0.001,22.778
2026-03-03T14:23:18.285,466.540,1021.283,20.881,-66.626,4.066,5.0,-0.021,22.778
2026-03-03T14:23:18.750,467.040,1021.412,20.877,-67.697,4.065,5.0,-0.028,22.784
2026-03-03T14:23:19.253,467.540,1021.364,20.884,-67.301,4.065,5.0,0.039,22.789
2026-03-03T14:23:19.749,468.040,1021.064,20.886,-64.820,4.065,5.0,-0.025,22.782
2026-03-03T14:23:20.250,468.540,1021.523,20.887,-68.610,4.065,5.0,-0.001,22.766
2026-03-03T14:23:20.768,469.040,1021.254,20.893,-66.388,4.065,5.0,-0.009,22.780
2026-03-03T14:23:21.250,469.540,1021.434,20.887,-67.875,4.065,5.0,0.002,22.778
2026-03-03T14:23:21.755,470.045,1021.247,20.889,-66.331,4.065,5.0,0.041,22.787
2026-03-03T14:23:22.250,470.540,1021.041,20.873,-64.624,4.065,5.0,0.022,22.778
2026-03-03T14:23:22.750,471.040,1021.303,20.893,-66.791,4.065,5.0,-0.003,22.778
2026-03-03T14:23:23.253,471.540,1021.364,20.884,-67.293,4.065,5.0,-0.043,22.775
2026-03-03T14:23:23.750,472.040,1021.311,20.898,-66.857,4.065,5.0,0.024,22.773
2026-03-03T14:23:24.251,472.540,1021.201,20.887,-65.950,4.065,5.0,0.001,22.766
2026-03-03T14:23:24.749,473.040,1021.339,20.887,-67.088,4.065,5.0,0.069,22.784
2026-03-03T14:23:25.252,473.540,1021.335,20.877,-67.056,4.065,5.0,-0.042,22.782
2026-03-03T14:23:25.750,474.040,1021.341,20.876,-67.109,4.065,5.0,-0.011,22.789
2026-03-03T14:23:26.250,474.540,1021.237,20.874,-66.249,4.065,5.0,-0.011,22.757
2026-03-03T14:23:26.781,475.040,1021.299,20.880,-66.757,4.065,5.0,0.001,22.791
2026-03-03T14:23:27.251,475.540,1021.310,20.877,-66.847,4.065,5.0,0.046,22.775
2026-03-03T14:23:27.751,476.040,1021.286,20.881,-66.656,4.065,5.0,0.042,22.784
2026-03-03T14:23:28.249,476.540,1021.035,20.877,-64.574,4.065,5.0,-0.007,22.791
2026-03-03T14:23:28.754,477.040,1021.020,20.880,-64.452,5.304,8.2,-13.505,22.741
2026-03-03T14:23:29.250,477.540,1017.312,20.881,-33.744,5.960,10.0,-0.016,22.768
2026-03-03T14:23:29.752,478.040,1017.251,20.877,-33.235,5.974,10.0,-0.026,22.780
2026-03-03T14:23:30.253,478.540,1017.271,20.871,-33.401,5.978,10.0,-0.011,22.773
2026-03-03T14:23:30.749,479.040,1017.294,20.857,-33.592,5.984,10.0,0.013,22.773
2026-03-03T14:23:31.251,479.540,1017.305,20.852,-33.688,5.984,10.0,0.021,22.771
2026-03-03T14:23:31.755,480.040,1017.146,20.840,-32.371,5.984,10.0,0.009,22.784
2026-03-03T14:23:32.255,480.545,1017.171,20.843,-32.577,5.984,10.0,-0.003,22.782
2026-03-03T14:23:32.750,481.040,1017.091,20.838,-31.911,5.984,10.0,0.005,22.766
2026-03-03T14:23:33.251,481.540,1017.451,20.847,-34.898,5.983,10.0,0.048,22.773
2026-03-03T14:23:33.752,482.040,1017.099,20.849,-31.975,5.983,10.0,0.008,22.757
2026-03-03T14:23:34.251,482.540,1017.204,20.843,-32.849,5.983,10.0,-0.022,22.762
2026-03-03T14:23:34.750,483.040,1017.259,20.838,-33.304,5.983,10.0,-0.014,22.773
2026-03-03T14:23:35.263,483.540,1017.347,20.838,-34.035,5.983,10.0,-0.021,22.791
2026-03-03T14:23:35.752,484.040,1017.337,20.840,-33.951,5.983,10.0,-0.011,22.773
2026-03-03T14:23:36.252,484.540,1017.292,20.840,-33.578,5.983,10.0,-0.022,22.782
2026-03-03T14:23:36.749,485.040,1017.379,20.838,-34.300,5.982,10.0,-0.019,22.773
2026-03-03T14:23:37.252,485.540,1017.217,20.838,-32.953,5.982,10.0,-0.027,22.782
2026-03-03T14:23:37.749,486.040,1017.304,20.828,-33.677,5.982,10.0,-0.008,22.784
2026-03-03T14:23:38.251,486.540,1017.287,20.820,-33.537,5.982,10.0,0.016,22.784
2026-03-03T14:23:38.750,487.040,1017.216,20.824,-32.950,5.982,10.0,-0.013,22.780
2026-03-03T14:23:39.252,487.540,1017.154,20.811,-32.434,5.982,10.0,-0.001,22.789
2026-03-03T14:23:39.752,488.040,1017.213,20.822,-32.925,5.982,10.0,-0.029,22.773
2026-03-03T14:23:40.249,488.540,1017.174,20.819,-32.603,5.981,10.0,0.012,22.766
2026-03-03T14:23:40.751,489.040,1017.182,20.822,-32.668,5.981,10.0,-0.027,22.771
2026-03-03T14:23:41.249,489.540,1017.158,20.836,-32.470,5.981,10.0,0.013,22.768
2026-03-03T14:23:41.751,490.040,1017.272,20.821,-33.415,5.981,10.0,-0.004,22.778
2026-03-03T14:23:42.269,490.540,1017.260,20.818,-33.311,5.981,10.0,0.006,22.771
2026-03-03T14:23:42.757,491.045,1017.332,20.822,-33.913,5.981,10.0,-0.014,22.764
2026-03-03T14:23:43.249,491.540,1017.141,20.820,-32.324,5.980,10.0,0.041,22.775
2026-03-03T14:23:43.749,492.040,1017.124,20.822,-32.186,5.980,10.0,-0.004,22.780
2026-03-03T14:23:44.249,492.540,1017.268,20.819,-33.382,5.980,10.0,-0.007,22.757
2026-03-03T14:23:44.756,493.040,1017.216,20.816,-32.951,5.980,10.0,0.004,22.773
2026-03-03T14:23:45.250,493.540,1017.243,20.809,-33.172,5.980,10.0,-0.033,22.768
2026-03-03T14:23:45.751,494.040,1017.331,20.830,-33.903,5.980,10.0,-0.015,22.784
2026-03-03T14:23:46.250,494.540,1012.468,20.827,6.509,7.667,14.9,-0.095,22.771
2026-03-03T14:23:46.751,495.040,1012.515,20.823,6.120,7.686,15.0,-0.044,22.764
2026-03-03T14:23:47.254,495.540,1012.265,20.820,8.199,7.695,15.0,-0.010,22.773
2026-03-03T14:23:47.750,496.040,1012.300,20.826,7.904,7.697,15.0,0.003,22.787
2026-03-03T14:23:48.280,496.540,1012.197,20.823,8.769,7.697,15.0,-0.017,22.768
2026-03-03T14:23:48.750,497.040,1012.634,20.814,5.125,7.697,15.0,0.001,22.773
2026-03-03T14:23:49.250,497.540,1012.347,20.818,7.519,7.697,15.0,0.011,22.768
2026-03-03T14:23:49.750,498.040,1012.506,20.830,6.192,7.697,15.0,-0.029,22.775
2026-03-03T14:23:50.253,498.540,1012.458,20.824,6.589,7.697,15.0,0.008,22.757
2026-03-03T14:23:50.749,499.040,1012.509,20.818,6.171,7.697,15.0,0.022,22.768
2026-03-03T14:23:51.251,499.540,1012.527,20.826,6.015,7.697,15.0,-0.009,22.775
2026-03-03T14:23:51.759,500.040,1012.537,20.828,5.936,7.697,15.0,-0.014,22.778
2026-03-03T14:23:52.250,500.540,1012.732,20.844,4.308,7.697,15.0,0.016,22.778
2026-03-03T14:23:52.752,501.040,1012.593,20.827,5.466,7.697,15.0,-0.012,22.768
2026-03-03T14:23:53.254,501.545,1012.540,20.835,5.906,7.697,15.0,-0.023,22.791
2026-03-03T14:23:53.749,502.040,1012.458,20.834,6.596,7.697,15.0,-0.006,22.762
2026-03-03T14:23:54.249,502.540,1012.334,20.827,7.621,7.697,15.0,-0.013,22.780
2026-03-03T14:23:54.751,503.040,1012.431,20.829,6.821,7.697,15.0,0.025,22.773
2026-03-03T14:23:55.251,503.540,1012.283,20.835,8.053,7.697,15.0,0.012,22.778
2026-03-03T14:23:55.749,504.040,1012.573,20.834,5.632,7.697,15.0,0.005,22.780
2026-03-03T14:23:56.250,504.540,1012.569,20.830,5.668,7.696,15.0,-0.010,22.775
2026-03-03T14:23:56.749,505.040,1012.614,20.823,5.297,7.696,15.0,-0.005,22.778
2026-03-03T14:23:57.250,505.540,1012.319,20.827,7.746,7.696,15.0,-0.000,22.764
2026-03-03T14:23:57.751,506.040,1012.612,20.812,5.306,7.696,15.0,-0.017,22.782
2026-03-03T14:23:58.249,506.540,1012.547,20.828,5.850,7.696,15.0,0.017,22.773
2026-03-03T14:23:58.751,507.040,1012.433,20.830,6.804,7.696,15.0,-0.013,22.778
2026-03-03T14:23:59.249,507.540,1012.567,20.837,5.686,7.695,15.0,0.013,22.759
2026-03-03T14:23:59.750,508.040,1012.697,20.836,4.605,7.695,15.0,0.010,22.780
2026-03-03T14:24:00.271,508.540,1012.625,20.823,5.204,7.695,15.0,0.009,22.759
2026-03-03T14:24:00.749,509.040,1012.625,20.842,5.204,7.695,15.0,0.019,22.775
2026-03-03T14:24:01.251,509.540,1012.327,20.839,7.682,7.695,15.0,-0.038,22.773
2026-03-03T14:24:01.749,510.040,1012.417,20.827,6.932,7.695,15.0,-0.004,22.768
2026-03-03T14:24:02.252,510.540,1012.523,20.827,6.047,7.695,15.0,-0.002,22.775
2026-03-03T14:24:02.757,511.040,1012.433,20.833,6.801,7.695,15.0,-0.005,22.775
2026-03-03T14:24:03.250,511.540,1012.712,20.834,4.481,7.694,15.0,-0.011,22.780
2026-03-03T14:24:03.756,512.045,1012.364,20.843,7.373,8.834,18.6,-7.389,22.707
2026-03-03T14:24:04.256,512.546,1006.713,20.834,54.537,9.233,20.0,-0.170,22.766
2026-03-03T14:24:04.763,513.051,1006.528,20.820,56.082,9.246,20.0,0.007,22.773
2026-03-03T14:24:05.258,513.546,1007.006,20.818,52.084,9.253,20.0,0.008,22.750
2026-03-03T14:24:05.757,514.046,1006.668,20.819,54.912,9.257,20.0,0.005,22.780
2026-03-03T14:24:06.273,514.546,1006.816,20.811,53.677,9.257,20.0,0.017,22.773
2026-03-03T14:24:06.755,515.046,1006.773,20.821,54.033,9.257,20.0,0.037,22.768
2026-03-03T14:24:07.257,515.546,1006.589,20.828,55.569,9.257,20.0,0.009,22.773
2026-03-03T14:24:07.756,516.046,1006.755,20.827,54.186,9.257,20.0,-0.005,22.757
2026-03-03T14:24:08.257,516.546,1006.836,20.825,53.508,9.257,20.0,-0.043,22.755
2026-03-03T14:24:08.763,517.046,1006.601,20.836,55.475,9.257,20.0,0.004,22.759
2026-03-03T14:24:09.256,517.546,1006.771,20.831,54.049,9.257,20.0,0.044,22.762
2026-03-03T14:24:09.771,518.046,1006.875,20.827,53.183,9.257,20.0,-0.037,22.773
2026-03-03T14:24:10.255,518.546,1006.748,20.830,54.239,9.257,20.0,-0.009,22.768
2026-03-03T14:24:10.758,519.046,1006.728,20.837,54.407,9.257,20.0,-0.013,22.778
2026-03-03T14:24:11.255,519.546,1006.976,20.829,52.336,9.257,20.0,-0.037,22.764
2026-03-03T14:24:11.757,520.046,1006.537,20.832,56.009,9.257,20.0,0.023,22.768
2026-03-03T14:24:12.257,520.546,1006.799,20.839,53.813,9.256,20.0,0.049,22.768
2026-03-03T14:24:12.756,521.046,1006.811,20.835,53.713,9.256,20.0,-0.010,22.764
2026-03-03T14:24:13.255,521.546,1007.065,20.840,51.592,9.256,20.0,0.054,22.759
2026-03-03T14:24:13.755,522.046,1006.747,20.840,54.255,9.256,20.0,-0.015,22.789
2026-03-03T14:24:14.258,522.546,1006.935,20.842,52.679,9.256,20.0,-0.010,22.771
2026-03-03T14:24:14.755,523.046,1006.754,20.843,54.189,9.255,20.0,-0.034,22.791
2026-03-03T14:24:15.262,523.551,1006.655,20.849,55.022,9.255,20.0,-0.006,22.778
2026-03-03T14:24:15.764,524.046,1006.593,20.843,55.541,9.255,20.0,0.014,22.773
2026-03-03T14:24:16.255,524.546,1006.963,20.841,52.444,9.255,20.0,0.025,22.782
2026-03-03T14:24:16.757,525.046,1006.851,20.844,53.382,9.255,20.0,-0.028,22.778
2026-03-03T14:24:17.255,525.546,1006.835,20.840,53.519,9.255,20.0,-0.016,22.762
2026-03-03T14:24:17.756,526.046,1006.897,20.866,53.001,9.254,20.0,-0.010,22.773
2026-03-03T14:24:18.255,526.546,1006.536,20.856,56.012,9.254,20.0,-0.004,22.755
2026-03-03T14:24:18.757,527.046,1006.637,20.872,55.169,9.254,20.0,0.014,22.780
2026-03-03T14:24:19.267,527.546,1006.643,20.871,55.122,9.254,20.0,-0.029,22.775
2026-03-03T14:24:19.756,528.046,1006.827,20.865,53.585,9.254,20.0,0.003,22.755
2026-03-03T14:24:20.259,528.546,1004.444,20.859,73.536,10.627,24.7,-0.559,22.768
2026-03-03T14:24:20.755,529.046,1004.325,20.869,74.528,10.686,25.0,-0.012,22.766
2026-03-03T14:24:21.256,529.546,1004.070,20.872,76.669,10.700,25.0,-0.009,22.764
2026-03-03T14:24:21.755,530.046,1003.969,20.867,77.513,10.708,25.0,0.004,22.762
2026-03-03T14:24:22.255,530.546,1003.997,20.882,77.278,10.709,25.0,-0.006,22.791
2026-03-03T14:24:22.756,531.046,1003.866,20.877,78.379,10.709,25.0,0.008,22.768
2026-03-03T14:24:23.255,531.546,1004.178,20.883,75.762,10.709,25.0,0.049,22.768
2026-03-03T14:24:23.757,532.046,1003.870,20.878,78.345,10.709,25.0,-0.020,22.768
2026-03-03T14:24:24.255,532.546,1003.980,20.890,77.423,10.709,25.0,-0.021,22.773
2026-03-03T14:24:24.757,533.046,1003.827,20.894,78.706,10.709,25.0,0.005,22.791
2026-03-03T14:24:25.274,533.546,1004.166,20.888,75.861,10.709,25.0,0.045,22.759
2026-03-03T14:24:25.761,534.051,1003.931,20.889,77.829,10.709,25.0,-0.028,22.782
2026-03-03T14:24:26.257,534.546,1004.004,20.905,77.220,10.709,25.0,-0.043,22.768
2026-03-03T14:24:26.757,535.046,1004.006,20.893,77.206,10.709,25.0,0.031,22.773
2026-03-03T14:24:27.257,535.546,1004.067,20.907,76.694,10.709,25.0,-0.006,22.768
2026-03-03T14:24:27.754,536.046,1004.239,20.913,75.254,10.709,25.0,-0.000,22.773
2026-03-03T14:24:28.254,536.546,1003.799,20.923,78.936,10.709,25.0,-0.024,22.782
2026-03-03T14:24:28.778,537.046,1004.273,20.928,74.964,10.709,25.0,0.011,22.766
2026-03-03T14:24:29.255,537.546,1004.293,20.925,74.798,10.709,25.0,-0.001,22.773
2026-03-03T14:24:29.756,538.046,1003.880,20.918,78.257,10.709,25.0,0.027,22.773
2026-03-03T14:24:30.255,538.546,1004.068,20.927,76.685,10.709,25.0,-0.010,22.755
2026-03-03T14:24:30.758,539.046,1004.103,20.926,76.393,10.708,25.0,-0.023,22.773
2026-03-03T14:24:31.259,539.546,1004.079,20.935,76.592,10.708,25.0,0.007,22.768
2026-03-03T14:24:31.755,540.046,1004.032,20.927,76.987,10.708,25.0,-0.029,22.771
2026-03-03T14:24:32.259,540.546,1004.210,20.934,75.489,10.708,25.0,-0.025,22.771
2026-03-03T14:24:32.754,541.046,1003.914,20.941,77.976,10.708,25.0,-0.002,22.764
2026-03-03T14:24:33.272,541.546,1003.964,20.945,77.552,10.708,25.0,0.005,22.773
2026-03-03T14:24:33.754,542.046,1004.009,20.936,77.178,10.708,25.0,-0.042,22.775
2026-03-03T14:24:34.258,542.546,1003.856,20.942,78.460,10.707,25.0,0.009,22.784
2026-03-03T14:24:34.754,543.046,1003.665,20.949,80.066,10.707,25.0,-0.011,22.787
2026-03-03T14:24:35.255,543.546,1004.042,20.949,76.905,10.707,25.0,-0.014,22.780
2026-03-03T14:24:35.757,544.046,1004.089,20.956,76.511,10.707,25.0,0.010,22.768
2026-03-03T14:24:36.263,544.551,1004.120,20.963,76.251,10.706,25.0,-0.039,22.768
2026-03-03T14:24:36.773,545.046,1004.111,20.962,76.324,10.706,25.0,-0.027,22.784
2026-03-03T14:24:37.255,545.546,1003.968,20.963,77.522,10.706,25.0,0.036,22.766
2026-03-03T14:24:37.758,546.046,1003.989,20.968,77.342,10.706,25.0,-0.013,22.782
2026-03-03T14:24:38.254,546.546,1004.026,20.971,77.039,10.706,25.0,0.015,22.768
2026-03-03T14:24:38.756,547.046,1003.869,20.975,78.353,10.706,25.0,0.015,22.771
2026-03-03T14:24:39.262,547.546,1004.125,20.973,76.203,10.706,25.0,-0.019,22.771
2026-03-03T14:24:39.756,548.046,1003.773,20.984,79.155,10.706,25.0,0.018,22.768
2026-03-03T14:24:40.284,548.546,1003.831,21.005,78.670,10.706,25.0,0.006,22.789
2026-03-03T14:24:40.754,549.046,1004.156,21.007,75.945,10.706,25.0,-0.014,22.780
2026-03-03T14:24:41.256,549.546,1004.235,21.005,75.280,10.706,25.0,-0.037,22.773
2026-03-03T14:24:41.755,550.046,1004.030,21.001,77.006,10.706,25.0,0.022,22.780
2026-03-03T14:24:42.254,550.546,1003.779,20.992,79.109,10.706,25.0,-0.007,22.775
2026-03-03T14:24:42.758,551.046,1003.363,20.998,82.591,11.377,27.4,-13.849,22.691
2026-03-03T14:24:43.255,551.546,1001.797,20.994,95.738,12.062,29.9,-0.112,22.755
2026-03-03T14:24:43.780,552.046,1001.850,21.005,95.289,12.088,30.0,-0.061,22.750
2026-03-03T14:24:44.254,552.546,1001.657,21.018,96.912,12.099,30.0,0.043,22.759
2026-03-03T14:24:44.756,553.046,1001.794,21.013,95.761,12.100,30.0,-0.032,22.759
2026-03-03T14:24:45.254,553.546,1002.004,21.009,93.997,12.101,30.0,-0.003,22.768
2026-03-03T14:24:45.756,554.046,1002.041,21.022,93.691,12.101,30.0,0.021,22.766
2026-03-03T14:24:46.255,554.546,1001.838,21.028,95.391,12.101,30.0,-0.005,22.775
2026-03-03T14:24:46.762,555.051,1001.830,21.042,95.459,12.101,30.0,-0.032,22.750
2026-03-03T14:24:47.263,555.546,1002.151,21.047,92.763,12.100,30.0,0.045,22.784
2026-03-03T14:24:47.754,556.046,1001.859,21.044,95.218,12.100,30.0,0.059,22.752
2026-03-03T14:24:48.257,556.546,1001.978,21.050,94.218,12.100,30.0,-0.035,22.768
2026-03-03T14:24:48.755,557.046,1001.594,21.047,97.446,12.100,30.0,-0.010,22.762
2026-03-03T14:24:49.255,557.546,1002.046,21.046,93.648,12.100,30.0,-0.010,22.771
2026-03-03T14:24:49.763,558.046,1001.978,21.048,94.219,12.100,30.0,0.014,22.750
2026-03-03T14:24:50.255,558.546,1002.134,21.059,92.911,12.100,30.0,-0.033,22.768
2026-03-03T14:24:50.756,559.046,1002.131,21.068,92.936,12.100,30.0,-0.008,22.762
2026-03-03T14:24:51.254,559.546,1002.050,21.069,93.613,12.100,30.0,0.011,22.771
2026-03-03T14:24:51.756,560.046,1001.984,21.067,94.164,12.100,30.0,-0.066,22.778
2026-03-03T14:24:52.254,560.546,1002.112,21.067,93.096,12.100,30.0,0.021,22.771
2026-03-03T14:24:52.754,561.046,1001.845,21.073,95.337,12.100,30.0,-0.003,22.771
2026-03-03T14:24:53.268,561.546,1002.022,21.074,93.847,12.100,30.0,0.011,22.771
2026-03-03T14:24:53.754,562.046,1001.947,21.081,94.478,12.100,30.0,0.038,22.757
2026-03-03T14:24:54.257,562.546,1001.785,21.076,95.837,12.100,30.0,-0.005,22.764
2026-03-03T14:24:54.754,563.046,1001.681,21.074,96.715,12.100,30.0,-0.009,22.782
2026-03-03T14:24:55.256,563.546,1001.974,21.084,94.253,12.100,30.0,0.014,22.759
2026-03-03T14:24:55.755,564.046,1001.963,21.084,94.341,12.100,30.0,0.033,22.778
2026-03-03T14:24:56.255,564.546,1001.801,21.084,95.703,12.100,30.0,0.042,22.780
2026-03-03T14:24:56.774,565.046,1002.098,21.090,93.213,12.100,30.0,-0.007,22.775
2026-03-03T14:24:57.261,565.551,1002.111,21.107,93.104,12.099,30.0,0.036,22.766
2026-03-03T14:24:57.755,566.046,1001.944,21.112,94.500,12.099,30.0,-0.030,22.768
2026-03-03T14:24:58.254,566.546,1002.104,21.110,93.157,12.099,30.0,-0.059,22.775
2026-03-03T14:24:58.756,567.046,1002.061,21.123,93.520,12.099,30.0,-0.046,22.773
2026-03-03T14:24:59.254,567.546,1001.919,21.113,94.715,12.099,30.0,-0.008,22.778
2026-03-03T14:24:59.755,568.046,1002.035,21.117,93.740,12.099,30.0,-0.010,22.791
2026-03-03T14:25:00.270,568.546,1000.214,21.123,109.043,13.433,34.9,-0.142,22.766
2026-03-03T14:25:00.755,569.046,1000.536,21.131,106.330,13.465,35.0,-0.043,22.759
2026-03-03T14:25:01.257,569.546,1000.329,21.136,108.075,13.474,35.0,0.000,22.764
2026-03-03T14:25:01.754,570.046,1000.321,21.133,108.141,13.476,35.0,0.041,22.780
2026-03-03T14:25:02.255,570.546,1000.459,21.130,106.977,13.477,35.0,-0.013,22.755
2026-03-03T14:25:02.754,571.046,1000.531,21.140,106.372,13.478,35.0,-0.007,22.757
2026-03-03T14:25:03.256,571.546,1000.757,21.149,104.473,13.478,35.0,-0.047,22.757
2026-03-03T14:25:03.767,572.046,1000.330,21.144,108.060,13.478,35.0,-0.011,22.762
2026-03-03T14:25:04.255,572.546,1000.467,21.147,106.909,13.478,35.0,-0.011,22.780
2026-03-03T14:25:04.781,573.046,1000.328,21.156,108.082,13.478,35.0,-0.018,22.752
2026-03-03T14:25:05.254,573.546,1000.690,21.151,105.038,13.478,35.0,-0.005,22.762
2026-03-03T14:25:05.756,574.046,1000.614,21.164,105.673,13.478,35.0,0.004,22.752
2026-03-03T14:25:06.254,574.546,1000.728,21.157,104.721,13.478,35.0,-0.030,22.750
2026-03-03T14:25:06.757,575.046,1000.469,21.173,106.895,13.477,35.0,-0.002,22.752
2026-03-03T14:25:07.282,575.546,1000.491,21.162,106.712,13.477,35.0,0.000,22.762
2026-03-03T14:25:07.760,576.051,1000.369,21.182,107.733,13.477,35.0,0.003,22.782
2026-03-03T14:25:08.256,576.546,1000.584,21.168,105.925,13.477,35.0,-0.019,22.768
2026-03-03T14:25:08.754,577.046,1000.664,21.179,105.254,13.477,35.0,-0.013,22.780
2026-03-03T14:25:09.255,577.546,1000.553,21.171,106.185,13.477,35.0,0.003,22.766
2026-03-03T14:25:09.758,578.046,1000.483,21.177,106.780,13.477,35.0,-0.003,22.752
2026-03-03T14:25:10.254,578.546,1000.611,21.187,105.703,13.477,35.0,0.004,22.762
2026-03-03T14:25:10.768,579.046,1000.600,21.205,105.791,13.477,35.0,-0.003,22.764
2026-03-03T14:25:11.255,579.546,1000.608,21.193,105.729,13.477,35.0,0.059,22.759
2026-03-03T14:25:11.755,580.046,1000.436,21.193,107.173,13.477,35.0,0.030,22.766
2026-03-03T14:25:12.255,580.546,1000.473,21.205,106.860,13.477,35.0,0.024,22.757
2026-03-03T14:25:12.756,581.046,1000.633,21.204,105.520,13.477,35.0,0.002,22.782
2026-03-03T14:25:13.255,581.546,1000.605,21.217,105.750,13.477,35.0,-0.005,22.803
2026-03-03T14:25:13.756,582.046,1000.850,21.226,103.692,13.477,35.0,-0.001,22.768
2026-03-03T14:25:14.265,582.546,1000.797,21.225,104.139,13.477,35.0,-0.003,22.768
2026-03-03T14:25:14.755,583.046,1000.743,21.228,104.590,13.477,35.0,-0.022,22.773
2026-03-03T14:25:15.280,583.546,1000.462,21.222,106.958,13.477,35.0,-0.032,22.755
2026-03-03T14:25:15.754,584.046,1000.628,21.222,105.561,13.477,35.0,0.033,22.778
2026-03-03T14:25:16.255,584.546,1000.808,21.242,104.045,13.477,35.0,-0.002,22.275
2026-03-03T14:25:16.754,585.046,999.729,21.229,113.117,14.847,39.9,-0.162,22.752
2026-03-03T14:25:17.256,585.546,999.348,21.240,116.321,14.876,40.0,-0.016,22.748
2026-03-03T14:25:17.758,586.046,999.127,21.260,118.184,14.891,40.0,-0.020,22.757
2026-03-03T14:25:18.260,586.551,999.725,21.257,113.150,14.893,40.0,-0.010,22.750
2026-03-03T14:25:18.756,587.046,999.437,21.253,115.575,14.894,40.0,0.035,22.757
2026-03-03T14:25:19.254,587.546,999.355,21.257,116.267,14.894,40.0,0.015,22.775
2026-03-03T14:25:19.755,588.046,999.419,21.255,115.725,14.894,40.0,-0.010,22.757
2026-03-03T14:25:20.253,588.546,999.088,21.260,118.512,14.894,40.0,-0.019,22.748
2026-03-03T14:25:20.754,589.046,999.682,21.280,113.515,14.894,40.0,-0.059,22.762
2026-03-03T14:25:21.271,589.546,999.408,21.273,115.822,14.893,40.0,0.028,22.782
2026-03-03T14:25:21.754,590.046,999.651,21.282,113.776,14.893,40.0,-0.061,22.752
2026-03-03T14:25:22.256,590.546,999.367,21.274,116.165,14.893,40.0,-0.032,22.780
2026-03-03T14:25:22.754,591.046,999.286,21.284,116.845,14.893,40.0,-0.027,22.764
2026-03-03T14:25:23.255,591.546,999.238,21.278,117.249,14.893,40.0,0.043,22.775
2026-03-03T14:25:23.763,592.046,999.153,21.288,117.961,14.893,40.0,0.011,22.762
2026-03-03T14:25:24.254,592.546,999.446,21.278,115.499,14.892,40.0,-0.025,22.775
2026-03-03T14:25:24.755,593.046,999.406,21.282,115.839,14.892,40.0,0.051,22.762
2026-03-03T14:25:25.255,593.546,999.706,21.288,113.309,14.891,40.0,-0.029,22.766
2026-03-03T14:25:25.755,594.046,999.340,21.292,116.390,14.890,40.0,-0.023,22.775
2026-03-03T14:25:26.254,594.546,999.510,21.306,114.964,14.889,40.0,0.007,22.782
2026-03-03T14:25:26.756,595.046,999.291,21.303,116.805,14.889,40.0,0.008,22.766
2026-03-03T14:25:27.254,595.546,999.422,21.307,115.699,14.888,40.0,0.044,22.773
2026-03-03T14:25:27.753,596.046,999.280,21.314,116.899,14.888,40.0,0.003,22.766
2026-03-03T14:25:28.253,596.546,999.396,21.311,115.919,14.888,40.0,-0.030,22.780
2026-03-03T14:25:28.759,597.051,999.495,21.300,115.089,14.888,40.0,-0.004,22.762
2026-03-03T14:25:29.256,597.546,999.639,21.298,113.875,14.888,40.0,-0.013,22.775
2026-03-03T14:25:29.756,598.046,999.409,21.321,115.807,14.887,40.0,-0.020,22.771
2026-03-03T14:25:30.257,598.546,999.564,21.304,114.509,14.887,40.0,-0.009,22.766
2026-03-03T14:25:30.756,599.046,999.264,21.310,117.031,14.887,40.0,-0.001,22.775
2026-03-03T14:25:31.254,599.546,999.427,21.302,115.662,14.887,40.0,-0.009,22.759
2026-03-03T14:25:31.755,600.046,998.339,21.329,124.817,16.260,44.6,-0.576,22.718
2026-03-03T14:25:32.254,600.546,998.498,21.328,123.481,16.351,44.9,-0.092,22.732
2026-03-03T14:25:32.754,601.046,998.257,21.338,125.506,16.368,45.0,0.003,22.764
2026-03-03T14:25:33.254,601.546,998.304,21.322,125.110,16.380,45.0,-0.003,22.746
2026-03-03T14:25:33.754,602.046,998.261,21.330,125.473,16.387,45.0,0.019,22.743
2026-03-03T14:25:34.269,602.546,998.009,21.336,127.598,16.388,45.0,0.008,22.748
2026-03-03T14:25:34.754,603.046,998.659,21.339,122.127,16.388,45.0,-0.009,22.748
2026-03-03T14:25:35.255,603.546,998.427,21.341,124.078,16.388,45.0,-0.044,22.757
2026-03-03T14:25:35.753,604.046,998.378,21.335,124.492,16.388,45.0,-0.031,22.755
2026-03-03T14:25:36.254,604.546,998.054,21.345,127.214,16.388,45.0,0.025,22.752
2026-03-03T14:25:36.754,605.046,998.383,21.340,124.448,16.387,45.0,0.055,22.757
2026-03-03T14:25:37.255,605.546,998.555,21.338,122.999,16.387,45.0,0.018,22.771
2026-03-03T14:25:37.756,606.046,998.462,21.330,123.783,16.387,45.0,0.022,22.759
2026-03-03T14:25:38.257,606.546,998.598,21.357,122.640,16.387,45.0,0.017,22.750
2026-03-03T14:25:38.762,607.046,998.581,21.358,122.775,16.386,45.0,0.019,22.757
2026-03-03T14:25:39.260,607.551,998.417,21.361,124.157,16.385,45.0,0.004,22.775
2026-03-03T14:25:39.755,608.046,998.395,21.353,124.348,16.384,45.0,-0.019,22.775
2026-03-03T14:25:40.253,608.546,998.332,21.366,124.874,16.383,45.0,0.007,22.755
2026-03-03T14:25:40.757,609.046,998.513,21.377,123.353,16.383,45.0,0.009,22.759
2026-03-03T14:25:41.253,609.546,998.510,21.389,123.375,16.382,45.0,0.027,22.771
2026-03-03T14:25:41.757,610.046,998.259,21.372,125.494,16.382,45.0,0.027,22.766
2026-03-03T14:25:42.270,610.546,998.414,21.384,124.188,16.381,45.0,-0.038,22.771
2026-03-03T14:25:42.758,611.046,998.238,21.387,125.666,16.381,45.0,-0.004,22.773
2026-03-03T14:25:43.253,611.546,998.200,21.384,125.988,16.380,45.0,-0.018,22.775
2026-03-03T14:25:43.753,612.046,998.325,21.385,124.939,16.380,45.0,-0.023,22.757
2026-03-03T14:25:44.256,612.546,998.471,21.386,123.705,16.380,45.0,-0.074,22.773
2026-03-03T14:25:44.754,613.046,997.972,21.387,127.909,16.380,45.0,-0.008,22.764
2026-03-03T14:25:45.255,613.546,998.696,21.400,121.812,16.380,45.0,0.034,22.759
2026-03-03T14:25:45.762,614.046,998.749,21.415,121.368,16.380,45.0,-0.038,22.764
2026-03-03T14:25:46.253,614.546,998.198,21.424,126.004,16.380,45.0,-0.021,22.780
2026-03-03T14:25:46.754,615.046,998.586,21.408,122.735,16.379,45.0,-0.003,22.764
2026-03-03T14:25:47.253,615.546,998.317,21.422,125.005,16.379,45.0,0.006,22.771
2026-03-03T14:25:47.754,616.046,998.598,21.415,122.633,16.379,45.0,0.023,22.771
2026-03-03T14:25:48.253,616.546,997.837,21.427,129.045,17.946,49.8,-0.161,22.734
2026-03-03T14:25:48.755,617.046,998.056,21.419,127.201,17.992,50.0,-0.077,22.743
2026-03-03T14:25:49.267,617.546,997.429,21.420,132.482,18.002,50.0,-0.027,22.732
2026-03-03T14:25:49.760,618.051,997.845,21.415,128.975,18.005,50.0,0.010,22.732
2026-03-03T14:25:50.278,618.546,997.563,21.424,131.356,18.006,50.0,0.015,22.752
2026-03-03T14:25:50.754,619.046,997.581,21.434,131.204,18.006,50.0,0.049,22.755
2026-03-03T14:25:51.254,619.546,997.592,21.442,131.109,18.006,50.0,-0.042,22.746
2026-03-03T14:25:51.753,620.046,997.755,21.442,129.739,18.006,50.0,0.026,22.755
2026-03-03T14:25:52.256,620.546,997.990,21.450,127.760,18.006,50.0,-0.001,22.778
2026-03-03T14:25:52.755,621.046,997.630,21.450,130.790,18.006,50.0,-0.010,22.746
2026-03-03T14:25:53.254,621.546,997.802,21.436,129.342,18.006,50.0,-0.007,22.757
2026-03-03T14:25:53.755,622.046,997.572,21.441,131.278,18.006,50.0,0.019,22.752
2026-03-03T14:25:54.254,622.546,997.726,21.453,129.978,18.006,50.0,0.040,22.759
2026-03-03T14:25:54.754,623.046,997.808,21.453,129.288,18.005,50.0,0.015,22.757
2026-03-03T14:25:55.254,623.546,998.280,21.461,125.316,18.005,50.0,0.027,22.762
2026-03-03T14:25:55.754,624.046,997.620,21.471,130.876,18.005,50.0,0.013,22.764
2026-03-03T14:25:56.275,624.546,997.777,21.476,129.550,18.005,50.0,0.005,22.764
2026-03-03T14:25:56.753,625.046,997.850,21.488,128.939,18.005,50.0,0.031,22.773
2026-03-03T14:25:57.253,625.546,997.700,21.482,130.202,18.004,50.0,0.003,22.762
2026-03-03T14:25:57.753,626.046,997.997,21.485,127.699,18.003,50.0,-0.004,22.759
2026-03-03T14:25:58.253,626.546,997.404,21.491,132.696,18.002,50.0,0.059,22.766
2026-03-03T14:25:58.753,627.046,997.657,21.495,130.560,18.001,50.0,0.021,22.755
2026-03-03T14:25:59.254,627.546,997.681,21.488,130.358,18.001,50.0,0.020,22.762
2026-03-03T14:25:59.754,628.046,997.825,21.490,129.147,18.001,50.0,0.028,22.746
2026-03-03T14:26:00.258,628.551,997.668,21.495,130.472,18.000,50.0,0.001,22.757
2026-03-03T14:26:00.754,629.046,998.143,21.488,126.464,18.000,50.0,-0.011,22.752
2026-03-03T14:26:01.254,629.546,997.593,21.503,131.098,18.000,50.0,0.013,22.759
2026-03-03T14:26:01.756,630.046,997.809,21.519,129.283,18.000,50.0,-0.001,22.775
2026-03-03T14:26:02.254,630.546,997.446,21.500,132.344,18.000,50.0,-0.038,22.757
2026-03-03T14:26:02.754,631.046,997.750,21.499,129.779,18.000,50.0,0.036,22.784
2026-03-03T14:26:03.288,631.546,997.658,21.506,130.551,18.000,50.0,0.001,22.764
2026-03-03T14:26:03.753,632.046,997.765,21.511,129.649,18.000,50.0,0.004,22.762
2026-03-03T14:26:04.254,632.546,997.545,21.505,131.506,18.000,50.0,0.042,22.748
2026-03-03T14:26:04.753,633.046,997.898,21.522,128.534,18.000,50.0,-0.012,22.762
2026-03-03T14:26:05.254,633.546,997.480,21.527,132.050,18.000,50.0,-0.019,22.750
2026-03-03T14:26:05.755,634.046,997.374,21.533,132.950,18.000,50.0,-0.032,22.755
2026-03-03T14:26:06.255,634.546,997.806,21.536,129.308,18.000,50.0,0.026,22.755
2026-03-03T14:26:06.786,635.046,997.518,21.541,131.733,18.000,50.0,0.010,22.768
2026-03-03T14:26:07.253,635.546,997.998,21.544,127.691,18.000,50.0,0.024,22.784
2026-03-03T14:26:07.755,636.046,997.636,21.550,130.740,18.000,50.0,-0.012,22.778
2026-03-03T14:26:08.253,636.546,997.975,21.548,127.880,18.000,50.0,0.001,22.750
2026-03-03T14:26:08.754,637.046,997.926,21.557,128.297,18.000,50.0,0.004,22.771
2026-03-03T14:26:09.253,637.546,997.466,21.561,132.174,18.000,50.0,-0.015,22.768
2026-03-03T14:26:09.755,638.046,997.856,21.559,128.888,18.000,50.0,0.018,22.775
2026-03-03T14:26:10.259,638.546,997.816,21.579,129.225,18.000,50.0,0.037,22.787
2026-03-03T14:26:10.759,639.051,997.822,21.587,129.170,18.000,50.0,0.001,22.780
2026-03-03T14:26:11.273,639.546,997.793,21.571,129.416,18.000,50.0,-0.032,22.768
2026-03-03T14:26:11.753,640.046,997.714,21.579,130.082,18.000,50.0,-0.003,22.775
2026-03-03T14:26:12.253,640.546,997.530,21.585,131.632,18.000,50.0,0.008,22.759
2026-03-03T14:26:12.753,641.046,997.852,21.574,128.916,18.000,50.0,-0.009,22.764
2026-03-03T14:26:13.253,641.546,997.332,21.589,133.298,18.000,50.0,0.004,22.755
2026-03-03T14:26:13.763,642.046,997.669,21.593,130.463,18.000,50.0,0.031,22.773
2026-03-03T14:26:14.253,642.546,997.851,21.586,128.931,18.000,50.0,0.037,22.771
2026-03-03T14:26:14.755,643.046,997.540,21.598,131.550,18.000,50.0,0.038,22.773
2026-03-03T14:26:15.253,643.546,997.738,21.596,129.883,18.000,50.0,-0.025,22.778
2026-03-03T14:26:15.756,644.046,997.547,21.608,131.485,18.000,50.0,-0.018,22.773
2026-03-03T14:26:16.254,644.546,997.908,21.607,128.448,18.000,50.0,0.012,22.771
2026-03-03T14:26:16.754,645.046,997.800,21.595,129.355,18.000,50.0,0.002,22.764
2026-03-03T14:26:17.258,645.546,997.530,21.606,131.631,18.000,50.0,-0.015,22.764
2026-03-03T14:26:17.753,646.046,997.716,21.613,130.062,18.000,50.0,0.018,22.775
2026-03-03T14:26:18.255,646.546,997.500,21.608,131.887,18.000,50.0,-0.001,22.759
2026-03-03T14:26:18.754,647.046,997.548,21.625,131.479,18.000,50.0,-0.026,22.766
2026-03-03T14:26:19.253,647.546,997.510,21.631,131.803,18.000,50.0,0.012,22.764
2026-03-03T14:26:19.752,648.046,997.707,21.628,130.138,18.000,50.0,-0.022,22.778
2026-03-03T14:26:20.256,648.546,997.559,21.634,131.391,18.000,50.0,-0.039,22.762
2026-03-03T14:26:20.757,649.046,998.160,21.633,126.328,18.000,50.0,0.007,22.784
2026-03-03T14:26:21.258,649.551,998.109,21.643,126.752,18.000,50.0,-0.054,22.771
2026-03-03T14:26:21.754,650.046,997.459,21.638,132.229,18.000,50.0,0.025,22.741
2026-03-03T14:26:22.253,650.546,997.832,21.646,129.089,18.000,50.0,-0.003,22.759
2026-03-03T14:26:22.753,651.046,997.803,21.655,129.331,18.000,50.0,-0.031,22.766
2026-03-03T14:26:23.252,651.546,997.710,21.650,130.112,18.000,50.0,-0.021,22.757
2026-03-03T14:26:23.754,652.046,997.632,21.656,130.773,18.000,50.0,0.010,22.766
2026-03-03T14:26:24.276,652.546,997.652,21.645,130.604,18.000,50.0,-0.022,22.766
2026-03-03T14:26:24.755,653.046,997.599,21.658,131.051,18.000,50.0,0.046,22.773
2026-03-03T14:26:25.253,653.546,998.010,21.654,127.592,18.000,50.0,0.007,22.775
2026-03-03T14:26:25.753,654.046,997.639,21.657,130.715,18.000,50.0,-0.002,22.746
2026-03-03T14:26:26.254,654.546,997.739,21.673,129.868,18.000,50.0,0.044,22.757
2026-03-03T14:26:26.753,655.046,997.458,21.663,132.242,18.000,50.0,0.061,22.775
2026-03-03T14:26:27.254,655.546,997.881,21.673,128.674,18.000,50.0,-0.031,22.784
2026-03-03T14:26:27.768,656.046,997.809,21.683,129.283,18.000,50.0,-0.005,22.766
2026-03-03T14:26:28.252,656.546,997.659,21.696,130.547,18.000,50.0,-0.021,22.755
2026-03-03T14:26:28.755,657.046,997.576,21.695,131.245,18.000,50.0,-0.004,22.771
2026-03-03T14:26:29.252,657.546,997.651,21.703,130.613,18.000,50.0,0.017,22.778
2026-03-03T14:26:29.754,658.046,997.765,21.701,129.653,18.000,50.0,0.016,22.771
2026-03-03T14:26:30.255,658.546,997.809,21.701,129.283,18.000,50.0,-0.025,22.757
2026-03-03T14:26:30.754,659.046,997.498,21.704,131.903,18.000,50.0,-0.039,22.771
2026-03-03T14:26:31.254,659.546,997.876,21.705,128.720,18.000,50.0,0.037,22.766
2026-03-03T14:26:31.758,660.051,997.874,21.709,128.733,18.000,50.0,0.031,22.748
2026-03-03T14:26:32.254,660.546,997.976,21.720,127.874,18.000,50.0,0.016,22.773
2026-03-03T14:26:32.754,661.046,997.587,21.720,131.153,18.000,50.0,0.001,22.762
2026-03-03T14:26:33.255,661.546,997.533,21.719,131.610,18.000,50.0,-0.005,22.768
2026-03-03T14:26:33.760,662.046,997.741,21.725,129.858,18.000,50.0,0.012,22.762
2026-03-03T14:26:34.253,662.546,998.006,21.727,127.620,18.000,50.0,0.030,22.775
2026-03-03T14:26:34.754,663.046,997.495,21.732,131.928,18.000,50.0,0.030,22.764
2026-03-03T14:26:35.252,663.546,997.544,21.747,131.515,18.000,50.0,0.082,22.762
2026-03-03T14:26:35.757,664.046,997.676,21.747,130.401,18.000,50.0,-0.061,22.775
2026-03-03T14:26:36.266,664.546,997.833,21.742,129.082,18.000,50.0,0.017,22.762
2026-03-03T14:26:36.754,665.046,997.643,21.754,130.684,18.000,50.0,0.008,22.764
2026-03-03T14:26:37.278,665.546,997.294,21.751,133.621,19.741,54.9,-0.162,22.741
2026-03-03T14:26:37.753,666.046,997.228,21.753,134.180,19.777,55.0,-0.057,22.725
2026-03-03T14:26:38.253,666.546,997.797,21.762,129.378,19.792,55.0,0.003,22.734
2026-03-03T14:26:38.752,667.046,997.619,21.771,130.886,19.798,55.0,0.017,22.746
2026-03-03T14:26:39.253,667.546,997.385,21.759,132.852,19.802,55.0,-0.017,22.739
2026-03-03T14:26:39.761,668.046,997.628,21.765,130.803,19.805,55.0,0.021,22.752
2026-03-03T14:26:40.253,668.546,997.723,21.769,130.006,19.805,55.0,-0.021,22.732
2026-03-03T14:26:40.754,669.046,997.453,21.757,132.284,19.805,55.0,0.006,22.762
2026-03-03T14:26:41.252,669.546,997.238,21.769,134.095,19.805,55.0,-0.007,22.746
2026-03-03T14:26:41.753,670.046,997.542,21.782,131.534,19.805,55.0,0.030,22.768
2026-03-03T14:26:42.257,670.551,997.334,21.795,133.287,19.805,55.0,-0.014,22.768
2026-03-03T14:26:42.754,671.046,997.700,21.792,130.202,19.805,55.0,0.040,22.743
2026-03-03T14:26:43.261,671.546,997.537,21.799,131.576,19.805,55.0,-0.023,22.759
2026-03-03T14:26:43.752,672.046,997.607,21.790,130.982,19.804,55.0,-0.013,22.755
2026-03-03T14:26:44.253,672.546,997.144,21.790,134.888,19.804,55.0,-0.009,22.755
2026-03-03T14:26:44.753,673.046,998.014,21.790,127.552,19.803,55.0,0.011,22.762
2026-03-03T14:26:45.256,673.546,997.330,21.809,133.316,19.801,55.0,0.018,22.755
2026-03-03T14:26:45.752,674.046,997.458,21.809,132.241,19.799,55.0,-0.058,22.778
2026-03-03T14:26:46.253,674.546,997.429,21.808,132.482,19.798,55.0,-0.025,22.741
2026-03-03T14:26:46.763,675.046,997.251,21.817,133.983,19.796,55.0,0.031,22.775
2026-03-03T14:26:47.254,675.546,996.967,21.825,136.375,19.795,55.0,0.065,22.768
2026-03-03T14:26:47.753,676.046,997.521,21.834,131.708,19.795,55.0,-0.015,22.764
2026-03-03T14:26:48.252,676.546,997.544,21.830,131.511,19.795,55.0,0.033,22.771
2026-03-03T14:26:48.754,677.046,997.740,21.831,129.859,19.795,55.0,-0.005,22.773
2026-03-03T14:26:49.263,677.546,997.451,21.836,132.299,19.795,55.0,0.000,22.755
2026-03-03T14:26:49.753,678.046,997.180,21.847,134.585,19.795,55.0,0.022,22.764
2026-03-03T14:26:50.258,678.546,997.152,21.834,134.820,19.795,55.0,0.020,22.762
2026-03-03T14:26:50.753,679.046,997.328,21.845,133.334,19.795,55.0,0.034,22.759
2026-03-03T14:26:51.254,679.546,997.806,21.849,129.306,19.795,55.0,-0.010,22.800
2026-03-03T14:26:51.752,680.046,997.518,21.860,131.734,19.795,55.0,-0.011,22.755
2026-03-03T14:26:52.254,680.546,997.396,21.865,132.765,19.795,55.0,-0.032,22.755
2026-03-03T14:26:52.757,681.051,997.288,21.870,133.674,19.795,55.0,-0.009,22.752
2026-03-03T14:26:53.253,681.546,997.339,21.868,133.244,19.795,55.0,0.048,22.766
2026-03-03T14:26:53.753,682.046,997.072,21.882,135.494,19.795,55.0,-0.033,22.755
2026-03-03T14:26:54.254,682.546,997.581,21.868,131.198,19.795,55.0,-0.019,22.766
2026-03-03T14:26:54.756,683.046,997.294,21.879,133.620,19.795,55.0,-0.018,22.762
2026-03-03T14:26:55.252,683.546,997.374,21.881,132.944,19.795,55.0,-0.040,22.773
2026-03-03T14:26:55.754,684.046,997.524,21.887,131.680,21.627,59.6,-1.466,22.707
2026-03-03T14:26:56.253,684.546,997.251,21.890,133.987,21.777,59.9,-0.122,22.739
2026-03-03T14:26:56.753,685.046,996.893,21.887,136.998,21.805,60.0,-0.022,22.723
2026-03-03T14:26:57.252,685.546,997.370,21.904,132.981,21.818,60.0,0.005,22.730
2026-03-03T14:26:57.753,686.046,996.859,21.902,137.291,21.822,60.0,-0.020,22.750
2026-03-03T14:26:58.271,686.546,997.605,21.891,131.003,21.823,60.0,0.040,22.732
2026-03-03T14:26:58.752,687.046,997.661,21.900,130.531,21.823,60.0,-0.025,22.736
2026-03-03T14:26:59.254,687.546,997.355,21.921,133.103,21.823,60.0,0.033,22.759
2026-03-03T14:26:59.763,688.046,997.451,21.927,132.297,21.823,60.0,-0.022,22.757
2026-03-03T14:27:00.253,688.546,997.188,21.922,134.514,21.822,60.0,-0.004,22.759
2026-03-03T14:27:00.761,689.046,997.380,21.924,132.899,21.822,60.0,-0.009,22.748
2026-03-03T14:27:01.252,689.546,997.280,21.930,133.738,21.822,60.0,0.001,22.750
2026-03-03T14:27:01.754,690.046,997.337,21.942,133.263,21.822,60.0,-0.016,22.762
2026-03-03T14:27:02.252,690.546,997.515,21.938,131.758,21.821,60.0,-0.003,22.764
2026-03-03T14:27:02.753,691.046,997.480,21.931,132.052,21.820,60.0,0.010,22.743
2026-03-03T14:27:03.258,691.551,997.585,21.960,131.170,21.818,60.0,0.005,22.752
2026-03-03T14:27:03.753,692.046,997.692,21.967,130.267,21.818,60.0,-0.056,22.766
2026-03-03T14:27:04.280,692.546,997.456,21.942,132.260,21.816,60.0,0.011,22.771
2026-03-03T14:27:04.752,693.046,997.422,21.955,132.546,21.814,60.0,0.011,22.736
2026-03-03T14:27:05.253,693.546,997.241,21.972,134.072,21.813,60.0,-0.015,22.759
2026-03-03T14:27:05.752,694.046,997.477,21.988,132.078,21.812,60.0,-0.018,22.762
2026-03-03T14:27:06.256,694.546,997.470,21.978,132.134,21.812,60.0,0.003,22.759
2026-03-03T14:27:06.753,695.046,996.831,21.983,137.522,21.812,60.0,0.020,22.778
2026-03-03T14:27:07.253,695.546,997.053,21.977,135.655,21.812,60.0,0.013,22.762
2026-03-03T14:27:07.756,696.046,997.497,21.976,131.911,21.812,60.0,0.018,22.780
2026-03-03T14:27:08.252,696.546,997.110,21.997,135.175,21.812,60.0,0.042,22.759
2026-03-03T14:27:08.772,697.046,997.443,22.001,132.364,21.812,60.0,-0.002,22.766
2026-03-03T14:27:09.252,697.546,997.564,22.002,131.344,21.812,60.0,-0.044,22.775
2026-03-03T14:27:09.753,698.046,997.291,22.020,133.647,21.812,60.0,-0.002,22.771
2026-03-03T14:27:10.252,698.546,997.392,22.023,132.794,21.812,60.0,-0.012,22.755
2026-03-03T14:27:10.752,699.046,997.458,22.020,132.236,21.812,60.0,0.025,22.768
2026-03-03T14:27:11.258,699.546,997.430,22.031,132.475,21.812,60.0,0.052,22.752
2026-03-03T14:27:11.753,700.046,997.546,22.032,131.496,21.812,60.0,0.030,22.771
2026-03-03T14:27:12.254,700.546,997.409,22.026,132.656,21.812,60.0,0.004,22.768
2026-03-03T14:27:12.753,701.046,997.505,22.041,131.842,21.812,60.0,0.026,22.748
2026-03-03T14:27:13.252,701.546,997.464,22.043,132.185,21.812,60.0,-0.009,22.759
2026-03-03T14:27:13.757,702.051,996.944,22.037,136.569,21.812,60.0,0.025,22.766
2026-03-03T14:27:14.253,702.546,997.238,22.041,134.095,21.812,60.0,0.025,22.755
2026-03-03T14:27:14.776,703.046,997.606,22.039,130.993,21.812,60.0,0.030,22.752
2026-03-03T14:27:15.253,703.546,997.938,22.048,128.196,24.036,64.9,-0.139,22.736
2026-03-03T14:27:15.752,704.046,997.480,22.041,132.050,24.082,65.0,-0.065,22.727
2026-03-03T14:27:16.252,704.546,997.875,22.055,128.727,24.101,65.0,-0.006,22.727
2026-03-03T14:27:16.753,705.046,998.077,22.057,127.028,24.106,65.0,-0.020,22.734
2026-03-03T14:27:17.251,705.546,997.679,22.068,130.376,24.108,65.0,-0.021,22.771
2026-03-03T14:27:17.753,706.046,997.904,22.079,128.483,24.109,65.0,-0.108,22.757
2026-03-03T14:27:18.261,706.546,997.866,22.078,128.797,24.109,65.0,-0.026,22.766
2026-03-03T14:27:18.753,707.046,997.540,22.070,131.545,24.109,65.0,0.074,22.755
2026-03-03T14:27:19.253,707.546,997.878,22.084,128.704,24.108,65.0,0.052,22.743
2026-03-03T14:27:19.752,708.046,997.707,22.093,130.138,24.108,65.0,-0.047,22.759
2026-03-03T14:27:20.252,708.546,997.843,22.103,128.993,24.108,65.0,-0.014,22.739
2026-03-03T14:27:20.755,709.046,997.850,22.096,128.935,24.107,65.0,0.091,22.759
2026-03-03T14:27:21.253,709.546,997.653,22.112,130.596,24.107,65.0,-0.053,22.775
2026-03-03T14:27:21.753,710.046,997.734,22.121,129.915,24.106,65.0,-0.042,22.762
2026-03-03T14:27:22.253,710.546,997.993,22.125,127.732,24.103,65.0,-0.082,22.780
2026-03-03T14:27:22.753,711.046,998.148,22.136,126.426,24.102,65.0,-0.029,22.743
2026-03-03T14:27:23.252,711.546,997.823,22.132,129.162,24.101,65.0,0.114,22.759
2026-03-03T14:27:23.753,712.046,997.355,22.114,133.105,24.101,65.0,0.003,22.757
2026-03-03T14:27:24.259,712.551,997.684,22.137,130.335,24.100,65.0,-0.032,22.750
2026-03-03T14:27:24.754,713.046,997.667,22.143,130.475,24.100,65.0,-0.020,22.778
2026-03-03T14:27:25.278,713.546,997.663,22.137,130.511,24.100,65.0,-0.007,22.755
2026-03-03T14:27:25.752,714.046,997.345,22.147,133.190,24.100,65.0,-0.043,22.743
2026-03-03T14:27:26.253,714.546,997.056,22.156,135.629,24.100,65.0,0.068,22.775
2026-03-03T14:27:26.752,715.046,998.379,22.151,124.483,24.100,65.0,0.033,22.775
2026-03-03T14:27:27.253,715.546,997.864,22.154,128.822,24.100,65.0,-0.052,22.757
2026-03-03T14:27:27.752,716.046,997.809,22.155,129.278,24.099,65.0,-0.049,22.739
2026-03-03T14:27:28.252,716.546,997.774,22.169,129.580,24.099,65.0,0.025,22.757
2026-03-03T14:27:28.751,717.046,997.777,22.174,129.551,24.099,65.0,-0.115,22.775
2026-03-03T14:27:29.252,717.546,997.520,22.163,131.716,24.100,65.0,-0.094,22.752
2026-03-03T14:27:29.756,718.046,997.642,22.182,130.691,24.099,65.0,-0.022,22.757
2026-03-03T14:27:30.253,718.546,997.631,22.189,130.781,24.099,65.0,-0.040,22.773
2026-03-03T14:27:30.770,719.046,997.832,22.181,129.089,24.099,65.0,-0.016,22.780
2026-03-03T14:27:31.252,719.546,997.967,22.187,127.954,24.099,65.0,-0.022,22.750
2026-03-03T14:27:31.755,720.046,998.270,22.198,125.396,24.099,65.0,-0.025,22.771
2026-03-03T14:27:32.252,720.546,997.209,22.213,134.338,24.099,65.0,-0.022,22.750
2026-03-03T14:27:32.753,721.046,997.914,22.209,128.401,24.099,65.0,0.107,22.757
2026-03-03T14:27:33.251,721.546,997.984,22.213,127.804,24.099,65.0,0.066,22.778
2026-03-03T14:27:33.752,722.046,997.917,22.225,128.371,24.099,65.0,0.015,22.775
2026-03-03T14:27:34.275,722.546,997.939,22.230,128.183,24.099,65.0,-0.045,22.750
2026-03-03T14:27:34.758,723.051,997.953,22.238,128.064,24.099,65.0,0.057,22.752
2026-03-03T14:27:35.252,723.546,998.349,22.244,124.735,24.099,65.0,0.032,22.782
2026-03-03T14:27:35.751,724.046,997.079,22.243,135.436,24.099,65.0,0.050,22.750
2026-03-03T14:27:36.254,724.546,998.137,22.238,126.518,26.654,69.9,-0.189,22.734
2026-03-03T14:27:36.752,725.046,998.246,22.257,125.604,26.692,70.0,-0.032,22.730
2026-03-03T14:27:37.254,725.546,999.196,22.277,117.601,26.704,70.0,-0.030,22.739
2026-03-03T14:27:37.766,726.046,998.152,22.280,126.395,26.708,70.0,0.008,22.752
2026-03-03T14:27:38.254,726.546,998.880,22.272,120.260,26.709,70.0,-0.002,22.739
2026-03-03T14:27:38.779,727.046,999.088,22.284,118.515,26.709,70.0,0.010,22.766
2026-03-03T14:27:39.251,727.546,998.578,22.278,122.801,26.709,70.0,-0.078,22.746
2026-03-03T14:27:39.753,728.046,998.090,22.290,126.915,26.709,70.0,0.026,22.764
2026-03-03T14:27:40.251,728.546,998.597,22.297,122.641,26.708,70.0,-0.027,22.739
2026-03-03T14:27:40.753,729.046,998.102,22.297,126.814,26.708,70.0,-0.022,22.752
2026-03-03T14:27:41.251,729.546,998.425,22.286,124.092,26.708,70.0,0.005,22.764
2026-03-03T14:27:41.752,730.046,998.151,22.303,126.401,26.708,70.0,0.061,22.746
2026-03-03T14:27:42.278,730.546,998.475,22.301,123.671,26.708,70.0,-0.017,22.759
2026-03-03T14:27:42.751,731.046,997.969,22.310,127.933,26.708,70.0,-0.048,22.766
2026-03-03T14:27:43.251,731.546,998.207,22.321,125.928,26.707,70.0,-0.013,22.752
2026-03-03T14:27:43.752,732.046,998.092,22.332,126.897,26.706,70.0,0.002,22.762
2026-03-03T14:27:44.253,732.546,998.213,22.323,125.879,26.705,70.0,0.077,22.764
2026-03-03T14:27:44.759,733.046,997.875,22.346,128.728,26.705,70.0,-0.057,22.762
2026-03-03T14:27:45.258,733.551,998.459,22.341,123.805,26.704,70.0,-0.052,22.755
2026-03-03T14:27:45.756,734.046,998.630,22.340,122.365,26.704,70.0,-0.002,22.762
2026-03-03T14:27:46.251,734.546,998.279,22.339,125.320,26.704,70.0,-0.029,22.757
2026-03-03T14:27:46.754,735.046,998.784,22.330,121.068,26.704,70.0,-0.027,22.784
2026-03-03T14:27:47.252,735.546,998.406,22.312,124.254,26.704,70.0,-0.068,22.755
2026-03-03T14:27:47.753,736.046,998.602,22.356,122.600,26.703,70.0,-0.004,22.755
2026-03-03T14:27:48.253,736.546,998.254,22.353,125.534,26.703,70.0,-0.029,22.771
2026-03-03T14:27:48.752,737.046,998.401,22.360,124.295,26.702,70.0,0.001,22.768
2026-03-03T14:27:49.253,737.546,998.096,22.358,126.867,26.702,70.0,-0.039,22.768
2026-03-03T14:27:49.752,738.046,998.051,22.365,127.247,26.702,70.0,0.021,22.764
2026-03-03T14:27:50.253,738.546,998.293,22.385,125.202,26.702,70.0,0.006,22.755
2026-03-03T14:27:50.751,739.046,998.022,22.373,127.488,26.702,70.0,-0.005,22.762
2026-03-03T14:27:51.253,739.546,998.198,22.371,126.008,26.702,70.0,-0.082,22.780
2026-03-03T14:27:51.761,740.046,998.261,22.380,125.471,26.702,70.0,0.062,22.764
2026-03-03T14:27:52.251,740.546,998.240,22.392,125.653,26.702,70.0,0.057,22.752
2026-03-03T14:27:52.754,741.046,999.188,22.389,117.668,29.525,74.8,-1.540,22.736
2026-03-03T14:27:53.251,741.546,999.078,22.391,118.594,29.648,75.0,-0.089,22.743
2026-03-03T14:27:53.753,742.046,998.710,22.402,121.697,29.667,75.0,-0.108,22.755
2026-03-03T14:27:54.259,742.546,998.879,22.409,120.267,29.673,75.0,-0.023,22.736
2026-03-03T14:27:54.753,743.046,998.768,22.417,121.206,29.674,75.0,0.005,22.743
2026-03-03T14:27:55.252,743.546,999.162,22.425,117.886,29.674,75.0,-0.000,22.748
2026-03-03T14:27:55.756,744.051,998.579,22.418,122.797,29.674,75.0,0.013,22.755
2026-03-03T14:27:56.252,744.546,999.025,22.436,119.045,29.674,75.0,-0.016,22.748
2026-03-03T14:27:56.751,745.046,998.862,22.430,120.411,29.674,75.0,-0.002,22.755
2026-03-03T14:27:57.254,745.546,999.092,22.440,118.482,29.674,75.0,0.052,22.750
2026-03-03T14:27:57.768,746.046,999.525,22.439,114.836,29.673,75.0,0.042,22.743
2026-03-03T14:27:58.251,746.546,999.291,22.450,116.802,29.673,75.0,0.083,22.743
2026-03-03T14:27:58.753,747.046,999.194,22.465,117.622,29.673,75.0,0.036,22.752
2026-03-03T14:27:59.251,747.546,999.010,22.464,119.166,29.673,75.0,-0.019,22.759
2026-03-03T14:27:59.754,748.046,999.483,22.467,115.189,29.672,75.0,0.005,22.771
2026-03-03T14:28:00.252,748.546,998.918,22.454,119.943,29.672,75.0,0.018,22.766
2026-03-03T14:28:00.751,749.046,999.163,22.464,117.879,29.672,75.0,-0.078,22.750
2026-03-03T14:28:01.251,749.546,998.857,22.481,120.457,29.671,75.0,0.011,22.764
2026-03-03T14:28:01.755,750.046,999.461,22.464,115.375,29.670,75.0,0.056,22.768
2026-03-03T14:28:02.267,750.546,999.689,22.486,113.454,29.670,75.0,0.022,22.766
2026-03-03T14:28:02.753,751.046,999.124,22.486,118.212,29.670,75.0,0.004,22.778
2026-03-03T14:28:03.252,751.546,999.380,22.489,116.050,29.669,75.0,0.012,22.762
2026-03-03T14:28:03.752,752.046,999.059,22.505,118.756,29.669,75.0,-0.001,22.768
2026-03-03T14:28:04.253,752.546,999.146,22.509,118.026,29.669,75.0,0.041,22.762
2026-03-03T14:28:04.751,753.046,998.707,22.504,121.718,29.669,75.0,0.098,22.755
2026-03-03T14:28:05.251,753.546,999.665,22.508,113.660,29.669,75.0,0.004,22.755
2026-03-03T14:28:05.770,754.046,998.731,22.520,121.521,29.669,75.0,-0.007,22.764
2026-03-03T14:28:06.257,754.551,998.806,22.523,120.886,29.669,75.0,0.062,22.771
2026-03-03T14:28:06.762,755.046,998.909,22.534,120.020,29.669,75.0,-0.033,22.759
2026-03-03T14:28:07.252,755.546,999.065,22.528,118.706,29.669,75.0,-0.034,22.778
2026-03-03T14:28:07.751,756.046,998.819,22.532,120.774,29.668,75.0,-0.018,22.768
2026-03-03T14:28:08.252,756.546,999.325,22.523,116.517,29.668,75.0,0.096,22.762
2026-03-03T14:28:08.754,757.046,998.666,22.542,122.062,29.669,75.0,-0.031,22.771
2026-03-03T14:28:09.256,757.546,998.898,22.544,120.109,29.669,75.0,-0.034,22.771
2026-03-03T14:28:09.751,758.046,999.776,22.542,112.721,32.913,79.8,-1.329,22.730
2026-03-03T14:28:10.251,758.546,999.869,22.553,111.945,32.927,79.8,0.041,22.757
2026-03-03T14:28:10.752,759.046,999.761,22.564,112.847,32.927,79.8,-0.017,22.752
2026-03-03T14:28:11.252,759.546,999.534,22.578,114.762,32.927,79.8,0.078,22.736
2026-03-03T14:28:11.751,760.046,999.510,22.570,114.959,32.927,79.8,0.104,22.748
2026-03-03T14:28:12.253,760.546,999.741,22.578,113.019,32.927,79.8,0.019,22.755
2026-03-03T14:28:12.751,761.046,999.617,22.578,114.057,32.927,79.8,0.014,22.759
2026-03-03T14:28:13.251,761.546,999.829,22.583,112.280,32.927,79.8,-0.007,22.764
2026-03-03T14:28:13.759,762.046,1000.069,22.588,110.262,32.927,79.8,-0.005,22.771
2026-03-03T14:28:14.252,762.546,999.733,22.591,113.088,32.927,79.8,-0.005,22.766
2026-03-03T14:28:14.752,763.046,999.128,22.591,118.174,32.927,79.8,0.024,22.757
2026-03-03T14:28:15.251,763.546,999.659,22.601,113.703,32.928,79.8,0.051,22.766
2026-03-03T14:28:15.752,764.046,999.408,22.607,115.817,32.928,79.8,0.069,22.757
2026-03-03T14:28:16.251,764.546,999.609,22.609,114.129,32.928,79.8,-0.026,22.741
2026-03-03T14:28:16.757,765.051,1000.274,22.608,108.537,32.927,79.8,0.058,22.780
2026-03-03T14:28:17.273,765.546,999.963,22.617,111.149,32.928,79.8,-0.047,22.766
2026-03-03T14:28:17.755,766.046,999.218,22.599,117.414,32.927,79.8,0.046,22.764
2026-03-03T14:28:18.252,766.546,999.467,22.625,115.322,32.928,79.8,0.037,22.768
2026-03-03T14:28:18.750,767.046,999.703,22.631,113.335,32.928,79.8,-0.086,22.755
2026-03-03T14:28:19.252,767.546,999.147,22.640,118.013,32.928,79.8,0.012,22.764
2026-03-03T14:28:19.751,768.046,999.897,22.643,111.703,32.927,79.8,-0.038,22.755
2026-03-03T14:28:20.250,768.546,999.340,22.658,116.390,32.928,79.8,0.008,22.766
2026-03-03T14:28:20.764,769.046,999.949,22.655,111.270,32.927,79.8,0.112,22.755
2026-03-03T14:28:21.252,769.546,999.831,22.660,112.264,32.928,79.8,-0.051,22.775
2026-03-03T14:28:21.767,770.046,999.285,22.661,116.852,32.927,79.8,0.021,22.762
2026-03-03T14:28:22.251,770.546,998.951,22.660,119.661,32.927,79.8,0.069,22.752
2026-03-03T14:28:22.754,771.046,998.872,22.660,120.333,32.927,79.8,0.091,22.752
2026-03-03T14:28:23.251,771.546,999.708,22.674,113.292,32.928,79.8,-0.013,22.757
2026-03-03T14:28:23.753,772.046,998.723,22.677,121.584,32.927,79.8,-0.081,22.764
2026-03-03T14:28:24.251,772.546,999.292,22.687,116.798,32.928,79.8,-0.169,22.764
2026-03-03T14:28:24.751,773.046,999.629,22.687,113.960,32.927,79.8,0.095,22.750
2026-03-03T14:28:25.265,773.546,999.510,22.691,114.965,32.927,79.8,0.008,22.759
2026-03-03T14:28:25.751,774.046,999.208,22.702,117.498,32.928,79.8,-0.053,22.762
2026-03-03T14:28:26.252,774.546,999.253,22.695,117.120,32.928,79.8,-0.073,22.762
2026-03-03T14:28:26.751,775.046,999.354,22.708,116.277,32.927,79.8,0.087,22.762
2026-03-03T14:28:27.259,775.551,999.796,22.713,112.556,32.927,79.8,-0.018,22.766
2026-03-03T14:28:27.777,776.046,999.886,22.702,111.799,32.927,79.8,-0.013,22.748
2026-03-03T14:28:28.250,776.546,999.600,22.717,114.199,32.928,79.8,-0.026,22.755
2026-03-03T14:28:28.750,777.046,999.376,22.723,116.089,32.927,79.8,-0.053,22.750
2026-03-03T14:28:29.251,777.546,1000.318,22.738,108.166,32.928,79.8,-0.036,22.764
2026-03-03T14:28:29.752,778.046,999.778,22.734,112.707,32.928,79.8,0.084,22.759
2026-03-03T14:28:30.251,778.546,999.044,22.746,118.886,32.928,79.8,0.051,22.771
2026-03-03T14:28:30.751,779.046,998.706,22.745,121.728,15.190,41.1,41.159,22.275
2026-03-03T14:28:31.259,779.546,1018.827,22.753,-46.305,5.998,10.0,0.141,22.750
2026-03-03T14:28:31.751,780.046,1018.626,22.773,-44.637,5.987,10.0,0.028,22.750
2026-03-03T14:28:32.252,780.546,1018.643,22.770,-44.774,5.985,10.0,0.008,22.748
2026-03-03T14:28:32.751,781.046,1018.782,22.774,-45.926,5.984,10.0,-0.002,22.736
2026-03-03T14:28:33.254,781.546,1018.678,22.771,-45.070,5.979,10.0,-0.012,22.750
2026-03-03T14:28:33.751,782.046,1021.398,22.764,-67.582,2.430,1.1,43.303,22.526
2026-03-03T14:28:34.252,782.546,1022.995,22.753,-80.771,0.166,0.0,0.061,22.743
2026-03-03T14:28:34.751,783.046,1023.134,22.770,-81.919,0.166,0.0,0.011,22.732
2026-03-03T14:28:35.250,783.546,1023.144,22.768,-82.002,0.166,0.0,0.013,22.741
2026-03-03T14:28:35.753,784.046,1023.203,22.769,-82.488,0.166,0.0,0.064,22.741
2026-03-03T14:28:36.252,784.546,1023.234,22.774,-82.747,0.166,0.0,-0.010,22.750
2026-03-03T14:28:36.752,785.046,1023.281,22.761,-83.137,0.166,0.0,0.042,22.750
2026-03-03T14:28:37.251,785.546,1023.142,22.764,-81.983,0.166,0.0,0.062,22.752
2026-03-03T14:28:37.756,786.051,1023.118,22.761,-81.788,0.166,0.0,0.011,22.732
2026-03-03T14:28:38.251,786.546,1023.032,22.768,-81.076,0.166,0.0,0.027,22.750
2026-03-03T14:28:38.752,787.046,1023.015,22.762,-80.941,0.166,0.0,0.033,22.757
2026-03-03T14:28:39.252,787.546,1023.298,22.764,-83.271,0.166,0.0,-0.007,22.759
2026-03-03T14:28:39.751,788.046,1023.230,22.760,-82.712,0.166,0.0,-0.063,22.739
2026-03-03T14:28:40.252,788.546,1023.094,22.765,-81.591,0.166,0.0,-0.012,22.743
2026-03-03T14:28:40.750,789.046,1023.208,22.771,-82.529,0.166,0.0,-0.003,22.746
2026-03-03T14:28:41.251,789.546,1023.122,22.767,-81.824,0.166,0.0,0.013,22.759
2026-03-03T14:28:41.753,790.046,1023.004,22.766,-80.843,0.166,0.0,0.005,22.750
2026-03-03T14:28:42.251,790.546,1023.233,22.767,-82.734,0.166,0.0,-0.009,22.759
2026-03-03T14:28:42.752,791.046,1023.385,22.767,-83.991,0.166,0.0,-0.033,22.757
2026-03-03T14:28:43.251,791.546,1023.070,22.769,-81.394,0.166,0.0,-0.008,22.764
2026-03-03T14:28:43.751,792.046,1023.284,22.763,-83.155,0.166,0.0,-0.011,22.757
2026-03-03T14:28:44.251,792.546,1023.104,22.762,-81.673,0.166,0.0,0.042,22.757
2026-03-03T14:28:44.751,793.046,1022.956,22.757,-80.450,0.166,0.0,0.025,22.752
2026-03-03T14:28:45.254,793.546,1023.025,22.756,-81.020,0.166,0.0,-0.083,22.755
2026-03-03T14:28:45.751,794.046,1023.294,22.759,-83.244,0.166,0.0,0.007,22.741
2026-03-03T14:28:46.278,794.546,1023.084,22.766,-81.507,0.166,0.0,0.018,22.741
2026-03-03T14:28:46.751,795.046,1023.127,22.763,-81.859,0.166,0.0,-0.024,22.757
2026-03-03T14:28:47.252,795.546,1023.198,22.777,-82.449,0.166,0.0,-0.038,22.741
2026-03-03T14:28:47.750,796.046,1023.099,22.775,-81.630,0.166,0.0,0.013,22.764
2026-03-03T14:28:48.257,796.551,1023.113,22.770,-81.749,0.166,0.0,-0.032,22.748
2026-03-03T14:28:48.750,797.046,1023.089,22.780,-81.549,0.166,0.0,0.004,22.750
2026-03-03T14:28:49.251,797.546,1023.106,22.758,-81.685,0.166,0.0,0.000,22.746
2026-03-03T14:28:49.754,798.046,1023.086,22.775,-81.523,0.166,0.0,0.002,22.771
2026-03-03T14:28:50.251,798.546,1023.112,22.777,-81.739,0.166,0.0,-0.031,22.748
2026-03-03T14:28:50.754,799.046,1023.428,22.784,-84.344,0.166,0.0,-0.041,22.759
2026-03-03T14:28:51.251,799.546,1023.133,22.773,-81.914,0.166,0.0,0.009,22.736
2026-03-03T14:28:51.751,800.046,1023.210,22.773,-82.546,0.166,0.0,-0.017,22.741
2026-03-03T14:28:52.254,800.546,1023.133,22.777,-81.910,0.166,0.0,-0.006,22.746
2026-03-03T14:28:52.753,801.046,1023.372,22.777,-83.883,0.166,0.0,-0.005,22.739
2026-03-03T14:28:53.273,801.546,1023.008,22.773,-80.880,0.166,0.0,-0.030,22.741
2026-03-03T14:28:53.750,802.046,1023.104,22.781,-81.674,0.166,0.0,0.018,22.741
2026-03-03T14:28:54.252,802.546,1023.201,22.778,-82.474,0.166,0.0,0.016,22.752
2026-03-03T14:28:54.750,803.046,1023.169,22.789,-82.205,0.166,0.0,0.033,22.759
2026-03-03T14:28:55.252,803.546,1023.080,22.789,-81.472,0.166,0.0,0.025,22.755
2026-03-03T14:28:55.750,804.046,1023.195,22.787,-82.426,0.166,0.0,-0.039,22.755
2026-03-03T14:28:56.251,804.546,1023.232,22.790,-82.730,0.166,0.0,-0.043,22.755
2026-03-03T14:28:56.751,805.046,1023.028,22.793,-81.043,0.166,0.0,0.072,22.750
2026-03-03T14:28:57.250,805.546,1023.156,22.793,-82.099,0.166,0.0,-0.019,22.748
2026-03-03T14:28:57.752,806.046,1023.113,22.796,-81.747,0.166,0.0,0.011,22.741
2026-03-03T14:28:58.251,806.546,1023.211,22.787,-82.557,0.166,0.0,0.038,22.755
2026-03-03T14:28:58.757,807.051,1023.045,22.792,-81.182,0.166,0.0,0.014,22.741
2026-03-03T14:28:59.258,807.546,1023.183,22.796,-82.326,0.166,0.0,-0.017,22.764
2026-03-03T14:28:59.750,808.046,1022.938,22.805,-80.297,0.166,0.0,0.081,22.750
2026-03-03T14:29:00.251,808.546,1023.153,22.794,-82.077,0.166,0.0,-0.091,22.750
2026-03-03T14:29:00.751,809.046,1023.236,22.811,-82.762,0.166,0.0,-0.023,22.771
2026-03-03T14:29:01.251,809.546,1023.080,22.803,-81.476,0.166,0.0,0.013,22.755
2026-03-03T14:29:01.766,810.046,1023.233,22.797,-82.735,0.166,0.0,-0.022,22.762
2026-03-03T14:29:02.250,810.546,1023.131,22.802,-81.899,0.166,0.0,-0.014,22.736
2026-03-03T14:29:02.751,811.046,1023.047,22.793,-81.198,0.166,0.0,-0.011,22.759
