rx_time_iso,Time - Seconds,DPS368 - Pres (hPa),DPS368 - Temp (C),DPS368 - Alt ASL (m),MotorDriver - Motor Position,MotorDriver - Motor Angle,MotorDriver - Motor Velocity,MotorDriver - Battery Voltage
2026-03-03T12:29:54.603,5.265,1028.669,20.380,-127.514,-0.000,0.0,0.002,23.022
2026-03-03T12:29:55.064,5.757,1028.666,20.387,-127.490,0.000,0.0,-0.023,23.036
2026-03-03T12:29:55.566,6.257,1028.670,20.399,-127.522,-0.000,0.0,0.000,23.017
2026-03-03T12:29:56.065,6.757,1028.671,20.413,-127.533,-0.000,0.0,-0.010,23.027
2026-03-03T12:29:56.566,7.257,1028.667,20.413,-127.503,-0.000,0.0,0.022,23.020
2026-03-03T12:29:57.064,7.757,1028.670,20.428,-127.523,-0.000,0.0,0.010,23.024
2026-03-03T12:29:57.564,8.257,1028.669,20.438,-127.516,-0.000,0.0,0.006,23.027
2026-03-03T12:29:58.064,8.757,1028.664,20.426,-127.474,-0.000,0.0,0.014,23.029
2026-03-03T12:29:58.567,9.257,1028.665,20.432,-127.480,-0.000,0.0,0.015,23.047
2026-03-03T12:29:59.064,9.757,1028.666,20.432,-127.488,0.000,0.0,-0.037,23.017
2026-03-03T12:29:59.565,10.257,1028.669,20.436,-127.514,0.000,0.0,-0.039,23.024
2026-03-03T12:30:00.075,10.757,1028.665,20.440,-127.479,-0.000,0.0,-0.012,23.029
2026-03-03T12:30:00.565,11.257,1028.663,20.440,-127.463,0.000,0.0,-0.004,23.029
2026-03-03T12:30:01.065,11.757,1028.666,20.443,-127.490,0.000,0.0,-0.011,23.022
2026-03-03T12:30:01.564,12.257,1028.666,20.445,-127.491,-0.000,0.0,0.021,23.020
2026-03-03T12:30:02.066,12.757,1028.669,20.446,-127.515,-0.000,0.0,0.020,23.033
2026-03-03T12:30:02.564,13.257,1028.670,20.448,-127.524,-0.000,0.0,0.001,23.024
2026-03-03T12:30:03.065,13.757,1028.662,20.447,-127.454,-0.000,0.0,0.020,23.036
2026-03-03T12:30:03.564,14.257,1028.661,20.463,-127.445,0.000,0.0,-0.018,23.013
2026-03-03T12:30:04.067,14.757,1028.661,20.470,-127.450,-0.000,0.0,0.007,23.027
2026-03-03T12:30:04.565,15.257,1028.666,20.465,-127.492,-0.000,0.0,-0.002,23.011
2026-03-03T12:30:05.071,15.760,1028.663,20.468,-127.463,0.000,0.0,-0.014,23.008
2026-03-03T12:30:05.576,16.264,1028.663,20.477,-127.463,0.000,0.0,-0.021,23.004
2026-03-03T12:30:06.076,16.767,1028.661,20.489,-127.450,0.000,0.0,-0.037,23.006
2026-03-03T12:30:06.578,17.270,1028.662,20.486,-127.455,0.000,0.0,-0.047,23.027
2026-03-03T12:30:07.081,17.773,1028.664,20.493,-127.476,-0.000,0.0,0.018,23.013
2026-03-03T12:30:07.586,18.276,1028.661,20.491,-127.445,0.000,0.0,-0.038,23.020
2026-03-03T12:30:08.086,18.779,1028.663,20.504,-127.463,-0.000,0.0,0.026,23.024
2026-03-03T12:30:08.590,19.282,1028.661,20.505,-127.448,-0.000,0.0,0.015,23.020
2026-03-03T12:30:09.092,19.785,1028.660,20.505,-127.441,-0.000,0.0,-0.011,23.033
2026-03-03T12:30:09.596,20.288,1028.661,20.516,-127.450,0.000,0.0,0.006,23.004
2026-03-03T12:30:10.099,20.791,1028.659,20.511,-127.430,-0.000,0.0,-0.009,23.017
2026-03-03T12:30:10.602,21.294,1028.657,20.502,-127.416,-0.000,0.0,0.018,23.011
2026-03-03T12:30:11.109,21.797,1028.657,20.513,-127.416,0.000,0.0,-0.037,23.040
2026-03-03T12:30:11.608,22.300,1028.657,20.517,-127.420,-0.000,0.0,0.037,23.020
2026-03-03T12:30:12.112,22.804,1028.658,20.516,-127.427,0.000,0.0,-0.000,23.024
2026-03-03T12:30:12.615,23.307,1028.659,20.525,-127.434,-0.000,0.0,-0.005,23.008
2026-03-03T12:30:13.131,23.810,1028.659,20.532,-127.432,0.000,0.0,-0.020,23.024
2026-03-03T12:30:13.619,24.313,1028.656,20.525,-127.411,-0.000,0.0,0.015,23.008
2026-03-03T12:30:14.123,24.816,1028.656,20.524,-127.411,0.000,0.0,-0.022,23.022
2026-03-03T12:30:14.626,25.319,1028.656,20.531,-127.409,-0.000,0.0,-0.015,23.020
2026-03-03T12:30:15.129,25.822,1028.655,20.540,-127.401,0.000,0.0,-0.026,23.001
2026-03-03T12:30:15.632,26.325,1028.655,20.536,-127.397,-0.000,0.0,-0.018,23.020
2026-03-03T12:30:16.137,26.828,1028.654,20.539,-127.392,-0.000,0.0,0.026,23.029
2026-03-03T12:30:16.638,27.331,1028.655,20.553,-127.396,-0.000,0.0,0.028,23.013
2026-03-03T12:30:17.141,27.834,1028.651,20.535,-127.366,-0.000,0.0,0.011,23.031
2026-03-03T12:30:17.644,28.337,1028.652,20.536,-127.375,-0.000,0.0,0.023,23.015
2026-03-03T12:30:18.149,28.840,1028.652,20.548,-127.377,0.000,0.0,-0.004,23.027
2026-03-03T12:30:18.650,29.343,1028.653,20.543,-127.380,-0.000,0.0,0.001,23.022
2026-03-03T12:30:19.153,29.846,1028.651,20.557,-127.369,-0.000,0.0,0.010,23.013
2026-03-03T12:30:19.657,30.349,1028.653,20.564,-127.382,-0.000,0.0,-0.009,23.033
2026-03-03T12:30:20.161,30.852,1028.651,20.550,-127.371,-0.000,0.0,0.002,23.022
2026-03-03T12:30:20.665,31.355,1028.649,20.560,-127.349,-0.000,0.0,0.010,23.024
2026-03-03T12:30:21.167,31.858,1028.646,20.563,-127.328,-0.000,0.0,-0.020,23.017
2026-03-03T12:30:21.681,32.361,1028.650,20.570,-127.357,-0.000,0.0,0.034,23.033
2026-03-03T12:30:22.173,32.864,1028.651,20.575,-127.369,0.000,0.0,-0.035,23.027
2026-03-03T12:30:22.675,33.367,1028.648,20.571,-127.342,-0.000,0.0,0.020,23.017
2026-03-03T12:30:23.178,33.870,1028.647,20.567,-127.332,0.000,0.0,-0.011,22.995
2026-03-03T12:30:23.681,34.373,1028.648,20.568,-127.340,-0.000,0.0,0.031,23.011
2026-03-03T12:30:24.183,34.876,1028.647,20.576,-127.331,0.000,0.0,0.004,23.031
2026-03-03T12:30:24.687,35.379,1028.644,20.582,-127.306,0.000,0.0,-0.065,23.015
2026-03-03T12:30:25.189,35.882,1028.647,20.586,-127.332,-0.000,0.0,0.013,23.001
2026-03-03T12:30:25.692,36.385,1028.642,20.581,-127.297,-0.000,0.0,0.006,23.020
2026-03-03T12:30:26.195,36.888,1028.645,20.591,-127.320,0.000,0.0,-0.025,23.024
2026-03-03T12:30:26.700,37.391,1028.646,20.586,-127.324,0.000,0.0,-0.010,23.024
2026-03-03T12:30:27.201,37.894,1028.642,20.582,-127.297,0.000,0.0,-0.033,23.024
2026-03-03T12:30:27.705,38.397,1028.641,20.586,-127.286,-0.000,0.0,0.043,23.024
2026-03-03T12:30:28.214,38.900,1028.639,20.587,-127.271,0.000,0.0,-0.018,23.045
2026-03-03T12:30:28.712,39.403,1028.640,20.594,-127.278,-0.000,0.0,0.017,23.015
2026-03-03T12:30:29.217,39.906,1028.640,20.586,-127.278,-0.000,0.0,0.009,23.027
2026-03-03T12:30:29.716,40.409,1028.641,20.583,-127.284,-0.000,0.0,0.029,23.017
2026-03-03T12:30:30.221,40.913,1028.639,20.599,-127.265,-0.000,0.0,-0.005,23.013
2026-03-03T12:30:30.724,41.416,1028.640,20.590,-127.274,-0.000,0.0,-0.013,23.011
2026-03-03T12:30:31.227,41.919,1028.641,20.599,-127.281,0.000,0.0,-0.025,23.011
2026-03-03T12:30:31.729,42.422,1028.641,20.618,-127.289,-0.000,0.0,0.025,23.022
2026-03-03T12:30:32.232,42.925,1028.639,20.608,-127.265,0.000,0.0,-0.056,23.033
2026-03-03T12:30:32.735,43.428,1028.639,20.607,-127.265,0.000,0.0,-0.023,23.015
2026-03-03T12:30:33.238,43.931,1028.637,20.623,-127.255,-0.000,0.0,0.017,23.027
2026-03-03T12:30:33.741,44.434,1028.640,20.625,-127.280,0.000,0.0,-0.043,23.017
2026-03-03T12:30:34.245,44.937,1028.638,20.620,-127.260,-0.000,0.0,0.010,23.020
2026-03-03T12:30:34.748,45.439,1028.637,20.617,-127.251,-0.000,0.0,0.047,23.022
2026-03-03T12:30:35.251,45.943,1028.646,20.631,-127.323,0.000,0.0,-0.016,23.024
2026-03-03T12:30:35.759,46.446,1028.667,20.617,-127.495,-0.000,0.0,0.024,23.036
2026-03-03T12:30:36.257,46.949,1028.706,20.627,-127.816,0.000,0.0,-0.021,23.017
2026-03-03T12:30:36.773,47.452,1028.733,20.638,-128.039,-0.000,0.0,0.027,23.029
2026-03-03T12:30:37.263,47.955,1028.741,20.634,-128.105,-0.000,0.0,0.005,22.992
2026-03-03T12:30:37.766,48.458,1028.736,20.647,-128.062,-0.000,0.0,0.005,22.999
2026-03-03T12:30:38.267,48.961,1028.723,20.644,-127.960,-0.000,0.0,-0.006,23.011
2026-03-03T12:30:38.772,49.464,1028.708,20.644,-127.839,-0.000,0.0,0.027,23.020
2026-03-03T12:30:39.273,49.967,1028.697,20.652,-127.745,-0.000,0.0,0.006,23.022
2026-03-03T12:30:39.778,50.470,1028.689,20.649,-127.681,-0.000,0.0,0.013,23.008
2026-03-03T12:30:40.280,50.973,1028.677,20.649,-127.583,-0.000,0.0,0.011,23.038
2026-03-03T12:30:40.786,51.477,1028.670,20.646,-127.527,-0.000,0.0,0.001,23.013
2026-03-03T12:30:41.287,51.980,1028.662,20.653,-127.455,-0.000,0.0,0.023,23.033
2026-03-03T12:30:41.791,52.483,1028.658,20.670,-127.423,0.000,0.0,-0.020,23.024
2026-03-03T12:30:42.293,52.986,1028.650,20.667,-127.359,-0.000,0.0,0.000,23.029
2026-03-03T12:30:42.797,53.489,1028.642,20.667,-127.292,0.000,0.0,-0.023,22.995
2026-03-03T12:30:43.300,53.992,1028.637,20.659,-127.254,-0.000,0.0,0.042,23.027
2026-03-03T12:30:43.803,54.495,1028.639,20.665,-127.267,-0.000,0.0,0.022,23.004
2026-03-03T12:30:44.320,54.998,1028.641,20.659,-127.285,-0.000,0.0,-0.004,23.015
2026-03-03T12:30:44.808,55.501,1028.643,20.671,-127.302,-0.000,0.0,0.022,23.008
2026-03-03T12:30:45.312,56.004,1028.643,20.674,-127.305,-0.000,0.0,-0.001,23.024
2026-03-03T12:30:45.815,56.507,1028.647,20.679,-127.331,0.000,0.0,-0.004,23.024
2026-03-03T12:30:46.318,57.010,1028.645,20.685,-127.314,-0.000,0.0,0.060,23.017
2026-03-03T12:30:46.820,57.513,1028.645,20.681,-127.318,-0.000,0.0,-0.005,23.022
2026-03-03T12:30:47.324,58.016,1028.648,20.688,-127.346,0.000,0.0,0.022,23.004
2026-03-03T12:30:47.825,58.519,1028.648,20.678,-127.339,-0.000,0.0,0.034,23.017
2026-03-03T12:30:48.330,59.022,1028.645,20.681,-127.318,0.000,0.0,-0.036,23.020
2026-03-03T12:30:48.832,59.525,1028.646,20.692,-127.327,0.000,0.0,-0.027,23.024
2026-03-03T12:30:49.336,60.028,1028.646,20.695,-127.329,0.000,0.0,-0.013,23.015
2026-03-03T12:30:49.838,60.531,1028.648,20.694,-127.343,-0.000,0.0,-0.003,23.020
2026-03-03T12:30:50.343,61.034,1028.644,20.711,-127.312,-0.000,0.0,0.013,23.036
2026-03-03T12:30:50.845,61.538,1028.647,20.699,-127.333,-0.000,0.0,0.007,23.020
2026-03-03T12:30:51.349,62.041,1028.647,20.701,-127.334,-0.000,0.0,0.007,23.020
2026-03-03T12:30:51.850,62.544,1028.645,20.703,-127.320,-0.000,0.0,0.007,22.995
2026-03-03T12:30:52.354,63.047,1028.645,20.697,-127.315,0.000,0.0,0.013,23.008
2026-03-03T12:30:52.859,63.550,1028.642,20.703,-127.290,-0.000,0.0,0.011,23.065
2026-03-03T12:30:53.360,64.053,1028.643,20.692,-127.304,-0.000,0.0,0.023,23.020
2026-03-03T12:30:53.878,64.557,1028.644,20.695,-127.307,0.000,0.0,-0.006,23.011
2026-03-03T12:30:54.371,65.062,1028.641,20.699,-127.286,0.000,0.0,-0.004,23.027
2026-03-03T12:30:54.863,65.557,1028.642,20.712,-127.290,0.000,0.0,-0.028,23.015
2026-03-03T12:30:55.363,66.057,1028.642,20.697,-127.294,-0.000,0.0,-0.006,22.981
2026-03-03T12:30:55.863,66.557,1028.645,20.705,-127.315,0.000,0.0,-0.004,23.015
2026-03-03T12:30:56.363,67.057,1028.640,20.703,-127.276,-0.000,0.0,-0.003,23.015
2026-03-03T12:30:56.864,67.557,1028.638,20.697,-127.263,-0.000,0.0,0.042,23.015
2026-03-03T12:30:57.363,68.057,1028.638,20.701,-127.258,0.000,0.0,-0.027,23.024
2026-03-03T12:30:57.864,68.557,1028.641,20.712,-127.283,0.000,0.0,0.001,23.011
2026-03-03T12:30:58.370,69.057,1028.639,20.728,-127.265,0.000,0.0,0.002,23.022
2026-03-03T12:30:58.865,69.557,1028.640,20.726,-127.279,0.000,0.0,-0.037,23.017
2026-03-03T12:30:59.364,70.057,1028.641,20.720,-127.281,0.000,0.0,0.002,23.017
2026-03-03T12:30:59.863,70.557,1028.638,20.709,-127.257,0.000,0.0,-0.023,23.022
2026-03-03T12:31:00.365,71.057,1028.640,20.730,-127.274,0.000,0.0,-0.017,23.001
2026-03-03T12:31:00.863,71.557,1028.641,20.731,-127.283,-0.000,0.0,0.035,23.020
2026-03-03T12:31:01.364,72.057,1028.638,20.731,-127.260,0.000,0.0,-0.036,23.017
2026-03-03T12:31:01.870,72.557,1028.640,20.731,-127.276,-0.000,0.0,0.040,23.024
2026-03-03T12:31:02.365,73.057,1028.640,20.735,-127.278,-0.000,0.0,0.005,23.031
2026-03-03T12:31:02.887,73.557,1028.638,20.727,-127.264,-0.000,0.0,0.004,23.004
2026-03-03T12:31:03.365,74.057,1028.639,20.746,-127.265,0.000,0.0,0.013,23.008
2026-03-03T12:31:03.865,74.557,1028.639,20.755,-127.272,-0.000,0.0,0.014,23.038
2026-03-03T12:31:04.364,75.057,1028.640,20.752,-127.278,-0.000,0.0,0.011,23.036
2026-03-03T12:31:04.864,75.557,1028.636,20.763,-127.248,-0.000,0.0,-0.013,23.022
2026-03-03T12:31:05.366,76.060,1028.635,20.747,-127.235,-0.000,0.0,0.017,23.008
2026-03-03T12:31:05.872,76.564,1028.636,20.757,-127.243,-0.000,0.0,0.018,23.031
2026-03-03T12:31:06.367,77.060,1028.633,20.746,-127.219,0.000,0.0,-0.028,23.033
2026-03-03T12:31:06.868,77.560,1028.634,20.752,-127.224,-0.000,0.0,0.020,23.004
2026-03-03T12:31:07.375,78.060,1028.635,20.762,-127.240,0.000,0.0,-0.003,23.020
2026-03-03T12:31:07.870,78.560,1028.633,20.754,-127.218,0.000,0.0,-0.025,23.013
2026-03-03T12:31:08.369,79.060,1028.632,20.749,-127.214,-0.000,0.0,0.016,23.017
2026-03-03T12:31:08.867,79.560,1028.631,20.752,-127.201,0.000,0.0,-0.028,23.038
2026-03-03T12:31:09.367,80.060,1028.631,20.751,-127.201,0.000,0.0,0.004,23.017
2026-03-03T12:31:09.866,80.560,1028.631,20.748,-127.206,0.000,0.0,-0.029,23.015
2026-03-03T12:31:10.369,81.060,1028.633,20.769,-127.223,-0.000,0.0,0.020,23.024
2026-03-03T12:31:10.871,81.560,1028.630,20.750,-127.192,0.000,0.0,-0.013,23.022
2026-03-03T12:31:11.368,82.060,1028.628,20.746,-127.181,-0.000,0.0,0.045,23.015
2026-03-03T12:31:11.877,82.560,1028.626,20.764,-127.165,0.000,0.0,-0.023,23.015
2026-03-03T12:31:12.368,83.060,1028.628,20.751,-127.176,-0.000,0.0,0.020,23.029
2026-03-03T12:31:12.868,83.560,1028.630,20.768,-127.191,0.000,0.0,-0.028,23.015
2026-03-03T12:31:13.368,84.060,1028.629,20.760,-127.185,-0.000,0.0,-0.012,23.013
2026-03-03T12:31:13.868,84.560,1028.628,20.759,-127.176,0.000,0.0,-0.007,22.990
2026-03-03T12:31:14.366,85.060,1028.626,20.762,-127.163,-0.000,0.0,-0.015,23.029
2026-03-03T12:31:14.868,85.560,1028.629,20.771,-127.187,0.000,0.0,-0.027,23.006
2026-03-03T12:31:15.366,86.060,1028.628,20.771,-127.178,-0.000,0.0,0.005,23.024
2026-03-03T12:31:15.868,86.560,1028.626,20.772,-127.163,0.000,0.0,-0.001,23.015
2026-03-03T12:31:16.369,87.060,1028.625,20.775,-127.150,-0.000,0.0,-0.014,23.008
2026-03-03T12:31:16.870,87.563,1028.622,20.775,-127.127,-0.000,0.0,0.018,23.029
2026-03-03T12:31:17.383,88.068,1028.626,20.774,-127.165,-0.000,0.0,0.019,23.031
2026-03-03T12:31:17.869,88.563,1028.624,20.781,-127.148,0.000,0.0,0.009,23.020
2026-03-03T12:31:18.370,89.063,1028.620,20.770,-127.108,0.000,0.0,-0.007,23.022
2026-03-03T12:31:18.869,89.563,1028.626,20.785,-127.158,0.000,0.0,-0.035,23.013
2026-03-03T12:31:19.370,90.063,1028.623,20.781,-127.133,0.000,0.0,-0.008,23.017
2026-03-03T12:31:19.869,90.563,1028.621,20.783,-127.119,0.000,0.0,-0.018,23.022
2026-03-03T12:31:20.369,91.063,1028.622,20.777,-127.129,-0.000,0.0,0.051,23.020
2026-03-03T12:31:20.868,91.563,1028.622,20.774,-127.127,-0.000,0.0,0.018,23.017
2026-03-03T12:31:21.370,92.063,1028.624,20.792,-127.141,-0.000,0.0,0.031,23.029
2026-03-03T12:31:21.869,92.563,1028.623,20.792,-127.134,-0.000,0.0,-0.005,23.020
2026-03-03T12:31:22.370,93.063,1028.620,20.790,-127.109,0.000,0.0,-0.027,22.997
2026-03-03T12:31:22.875,93.563,1028.619,20.781,-127.102,-0.000,0.0,0.020,23.017
2026-03-03T12:31:23.370,94.063,1028.616,20.775,-127.082,0.000,0.0,-0.015,23.022
2026-03-03T12:31:23.870,94.563,1028.620,20.778,-127.108,-0.000,0.0,0.010,23.017
2026-03-03T12:31:24.370,95.063,1028.617,20.787,-127.085,-0.000,0.0,0.016,23.013
2026-03-03T12:31:24.871,95.563,1028.614,20.790,-127.063,-0.000,0.0,0.001,23.027
2026-03-03T12:31:25.369,96.063,1028.618,20.803,-127.097,0.000,0.0,-0.025,23.020
2026-03-03T12:31:25.870,96.563,1028.617,20.788,-127.085,0.000,0.0,0.002,23.022
2026-03-03T12:31:26.369,97.063,1028.615,20.800,-127.072,-0.000,0.0,0.022,22.992
2026-03-03T12:31:26.870,97.563,1028.613,20.797,-127.054,0.000,0.0,-0.014,23.011
2026-03-03T12:31:27.371,98.063,1028.617,20.797,-127.085,-0.000,0.0,-0.000,23.027
2026-03-03T12:31:27.869,98.563,1028.615,20.789,-127.070,-0.000,0.0,0.025,23.024
2026-03-03T12:31:28.375,99.066,1028.614,20.807,-127.063,0.000,0.0,-0.010,23.027
2026-03-03T12:31:28.878,99.571,1028.613,20.806,-127.054,-0.000,0.0,0.025,23.020
2026-03-03T12:31:29.382,100.066,1028.616,20.813,-127.083,0.000,0.0,-0.038,23.020
2026-03-03T12:31:29.873,100.566,1028.614,20.820,-127.065,0.000,0.0,-0.006,23.013
2026-03-03T12:31:30.371,101.066,1028.613,20.809,-127.056,-0.000,0.0,0.046,23.013
2026-03-03T12:31:30.872,101.566,1028.614,20.811,-127.065,0.000,0.0,-0.018,23.004
2026-03-03T12:31:31.373,102.066,1028.613,20.815,-127.054,-0.000,0.0,0.006,23.011
2026-03-03T12:31:31.872,102.566,1028.614,20.826,-127.063,0.000,0.0,0.001,23.006
2026-03-03T12:31:32.372,103.066,1028.609,20.817,-127.024,-0.000,0.0,0.006,23.024
2026-03-03T12:31:32.872,103.566,1028.610,20.818,-127.033,0.000,0.0,0.000,23.008
2026-03-03T12:31:33.373,104.066,1028.610,20.829,-127.034,0.000,0.0,-0.008,23.013
2026-03-03T12:31:33.872,104.566,1028.612,20.831,-127.044,0.000,0.0,0.003,23.029
2026-03-03T12:31:34.373,105.066,1028.609,20.836,-127.026,-0.000,0.0,0.032,23.024
2026-03-03T12:31:34.873,105.566,1028.607,20.811,-127.005,-0.000,0.0,0.028,23.020
2026-03-03T12:31:35.373,106.066,1028.606,20.816,-126.994,-0.000,0.0,0.015,23.038
2026-03-03T12:31:35.872,106.566,1028.604,20.809,-126.980,-0.000,0.0,0.005,23.022
2026-03-03T12:31:36.372,107.066,1028.606,20.830,-126.997,-0.000,0.0,0.016,23.013
2026-03-03T12:31:36.874,107.566,1028.605,20.824,-126.992,-0.000,0.0,0.018,22.988
2026-03-03T12:31:37.372,108.066,1028.604,20.827,-126.980,0.000,0.0,-0.013,23.011
2026-03-03T12:31:37.872,108.566,1028.606,20.829,-126.996,0.000,0.0,-0.018,23.017
2026-03-03T12:31:38.372,109.066,1028.606,20.835,-127.001,-0.000,0.0,0.019,23.008
2026-03-03T12:31:38.873,109.566,1028.605,20.839,-126.989,0.000,0.0,0.001,23.001
2026-03-03T12:31:39.379,110.066,1028.605,20.831,-126.990,-0.000,0.0,0.008,23.031
2026-03-03T12:31:39.877,110.571,1028.604,20.833,-126.977,-0.000,0.0,0.014,23.008
2026-03-03T12:31:40.373,111.066,1028.604,20.838,-126.981,0.000,0.0,-0.004,23.015
2026-03-03T12:31:40.871,111.566,1028.601,20.834,-126.955,-0.000,0.0,0.013,22.999
2026-03-03T12:31:41.372,112.066,1028.602,20.831,-126.968,-0.000,0.0,0.002,23.011
2026-03-03T12:31:41.872,112.566,1028.600,20.838,-126.951,0.000,0.0,-0.007,23.020
2026-03-03T12:31:42.373,113.066,1028.601,20.842,-126.954,-0.000,0.0,0.014,23.011
2026-03-03T12:31:42.872,113.566,1028.601,20.843,-126.955,0.000,0.0,-0.014,23.027
2026-03-03T12:31:43.373,114.066,1028.600,20.850,-126.952,0.000,0.0,-0.001,23.015
2026-03-03T12:31:43.873,114.566,1028.598,20.847,-126.935,0.000,0.0,-0.004,23.015
2026-03-03T12:31:44.373,115.066,1028.600,20.853,-126.948,0.000,0.0,0.023,23.022
2026-03-03T12:31:44.872,115.566,1028.599,20.866,-126.944,-0.000,0.0,0.016,23.022
2026-03-03T12:31:45.372,116.066,1028.598,20.854,-126.933,0.000,0.0,-0.042,23.024
2026-03-03T12:31:45.873,116.566,1028.596,20.860,-126.916,-0.000,0.0,0.041,23.049
2026-03-03T12:31:46.371,117.066,1028.595,20.861,-126.909,0.000,0.0,-0.015,23.020
2026-03-03T12:31:46.874,117.566,1028.597,20.864,-126.926,0.000,0.0,0.002,23.029
2026-03-03T12:31:47.371,118.066,1028.593,20.854,-126.886,-0.000,0.0,0.007,23.027
2026-03-03T12:31:47.873,118.566,1028.596,20.859,-126.914,0.000,0.0,-0.015,23.024
2026-03-03T12:31:48.371,119.066,1028.594,20.858,-126.899,-0.000,0.0,0.014,23.006
2026-03-03T12:31:48.872,119.566,1028.592,20.852,-126.884,0.000,0.0,0.010,23.008
2026-03-03T12:31:49.378,120.066,1028.592,20.858,-126.883,-0.000,0.0,0.024,23.022
2026-03-03T12:31:49.871,120.566,1028.592,20.860,-126.884,0.000,0.0,-0.018,23.013
2026-03-03T12:31:50.380,121.066,1028.590,20.853,-126.863,0.000,0.0,-0.028,23.008
2026-03-03T12:31:50.876,121.570,1028.590,20.870,-126.869,-0.000,0.0,0.022,23.036
2026-03-03T12:31:51.380,122.074,1028.588,20.859,-126.845,-0.000,0.0,0.031,23.006
2026-03-03T12:31:51.885,122.579,1028.586,20.863,-126.833,-0.000,0.0,-0.023,23.008
2026-03-03T12:31:52.381,123.074,1028.590,20.882,-126.864,-0.000,0.0,0.043,23.024
2026-03-03T12:31:52.879,123.574,1028.589,20.864,-126.857,-0.000,0.0,0.029,23.017
2026-03-03T12:31:53.380,124.074,1028.589,20.879,-126.854,0.000,0.0,-0.018,23.015
2026-03-03T12:31:53.880,124.574,1028.589,20.873,-126.856,0.000,0.0,0.021,23.024
2026-03-03T12:31:54.381,125.074,1028.588,20.866,-126.851,-0.000,0.0,0.024,23.006
2026-03-03T12:31:54.879,125.574,1028.587,20.873,-126.841,0.000,0.0,-0.016,23.015
2026-03-03T12:31:55.381,126.074,1028.588,20.873,-126.849,0.000,0.0,0.003,23.020
2026-03-03T12:31:55.887,126.574,1028.583,20.871,-126.809,0.000,0.0,-0.022,23.015
2026-03-03T12:31:56.381,127.074,1028.583,20.871,-126.810,0.000,0.0,-0.030,23.017
2026-03-03T12:31:56.899,127.574,1028.584,20.870,-126.816,0.000,0.0,-0.005,23.036
2026-03-03T12:31:57.381,128.074,1028.587,20.885,-126.844,0.000,0.0,-0.020,23.049
2026-03-03T12:31:57.880,128.574,1028.585,20.885,-126.828,0.000,0.0,-0.013,23.027
2026-03-03T12:31:58.379,129.074,1028.583,20.882,-126.811,0.000,0.0,-0.020,23.031
2026-03-03T12:31:58.881,129.574,1028.583,20.883,-126.804,0.000,0.0,0.006,23.029
2026-03-03T12:31:59.379,130.074,1028.580,20.888,-126.785,-0.000,0.0,0.026,23.015
2026-03-03T12:31:59.881,130.574,1028.578,20.888,-126.770,0.000,0.0,-0.003,23.001
2026-03-03T12:32:00.380,131.074,1028.581,20.884,-126.790,0.000,0.0,-0.004,23.011
2026-03-03T12:32:00.880,131.574,1028.582,20.895,-126.798,-0.000,0.0,0.005,23.027
2026-03-03T12:32:01.393,132.074,1028.580,20.873,-126.780,-0.000,0.0,0.011,23.024
2026-03-03T12:32:01.881,132.574,1028.581,20.883,-126.788,0.000,0.0,0.010,23.013
2026-03-03T12:32:02.401,133.075,1028.581,20.902,-126.789,0.000,0.0,-0.041,23.022
2026-03-03T12:32:02.884,133.579,1028.579,20.886,-126.775,-0.000,0.0,0.040,23.013
2026-03-03T12:32:03.391,134.084,1028.577,20.892,-126.758,0.000,0.0,-0.019,23.008
2026-03-03T12:32:03.885,134.579,1028.577,20.897,-126.762,-0.000,0.0,0.019,23.020
2026-03-03T12:32:04.385,135.079,1028.579,20.903,-126.774,0.000,0.0,-0.010,23.013
2026-03-03T12:32:04.884,135.579,1028.579,20.902,-126.774,0.000,0.0,-0.024,23.031
2026-03-03T12:32:05.387,136.079,1028.577,20.906,-126.762,-0.000,0.0,0.045,23.027
2026-03-03T12:32:05.884,136.579,1028.579,20.901,-126.772,0.000,0.0,0.015,23.027
2026-03-03T12:32:06.387,137.079,1028.577,20.913,-126.760,-0.000,0.0,-0.016,23.015
2026-03-03T12:32:06.885,137.579,1028.576,20.914,-126.753,0.000,0.0,0.011,23.043
2026-03-03T12:32:07.385,138.079,1028.575,20.910,-126.742,-0.000,0.0,0.028,23.033
2026-03-03T12:32:07.898,138.579,1028.576,20.904,-126.752,0.000,0.0,0.015,22.995
2026-03-03T12:32:08.385,139.079,1028.572,20.901,-126.719,-0.000,0.0,0.001,23.011
2026-03-03T12:32:08.885,139.579,1028.574,20.907,-126.732,-0.000,0.0,0.026,23.006
2026-03-03T12:32:09.385,140.079,1028.574,20.913,-126.737,0.000,0.0,-0.000,23.008
2026-03-03T12:32:09.886,140.579,1028.574,20.910,-126.735,0.000,0.0,-0.021,23.024
2026-03-03T12:32:10.385,141.079,1028.573,20.917,-126.724,-0.000,0.0,0.018,23.038
2026-03-03T12:32:10.885,141.579,1028.569,20.910,-126.696,-0.000,0.0,0.025,23.020
2026-03-03T12:32:11.384,142.079,1028.569,20.915,-126.692,0.000,0.0,0.011,23.022
2026-03-03T12:32:11.885,142.579,1028.569,20.907,-126.694,-0.000,0.0,0.022,23.013
2026-03-03T12:32:12.393,143.079,1028.567,20.909,-126.680,0.000,0.0,-0.034,23.024
2026-03-03T12:32:12.885,143.579,1028.568,20.910,-126.681,0.000,0.0,-0.009,23.015
2026-03-03T12:32:13.397,144.079,1028.567,20.923,-126.676,-0.000,0.0,0.028,23.038
2026-03-03T12:32:13.890,144.584,1028.570,20.922,-126.698,0.000,0.0,-0.010,23.015
2026-03-03T12:32:14.385,145.079,1028.567,20.923,-126.676,0.000,0.0,0.017,23.031
2026-03-03T12:32:14.884,145.579,1028.567,20.928,-126.680,0.000,0.0,-0.026,23.017
2026-03-03T12:32:15.386,146.079,1028.565,20.925,-126.662,0.000,0.0,-0.004,23.017
2026-03-03T12:32:15.885,146.579,1028.567,20.931,-126.675,0.000,0.0,-0.018,23.017
2026-03-03T12:32:16.384,147.079,1028.566,20.921,-126.667,0.000,0.0,-0.031,23.011
2026-03-03T12:32:16.883,147.579,1028.563,20.926,-126.648,0.000,0.0,0.011,23.006
2026-03-03T12:32:17.387,148.079,1028.562,20.928,-126.635,-0.000,0.0,0.023,23.033
2026-03-03T12:32:17.885,148.579,1028.563,20.933,-126.646,0.000,0.0,-0.028,23.013
2026-03-03T12:32:18.384,149.079,1028.562,20.931,-126.637,-0.000,0.0,0.015,23.013
2026-03-03T12:32:18.890,149.579,1028.561,20.925,-126.625,-0.000,0.0,0.007,23.004
2026-03-03T12:32:19.385,150.079,1028.565,20.938,-126.658,0.000,0.0,-0.010,23.004
2026-03-03T12:32:19.885,150.579,1028.562,20.944,-126.640,-0.000,0.0,0.050,23.017
2026-03-03T12:32:20.385,151.079,1028.560,20.942,-126.623,-0.000,0.0,0.023,22.999
2026-03-03T12:32:20.885,151.579,1028.560,20.939,-126.621,0.000,0.0,0.013,23.022
2026-03-03T12:32:21.384,152.079,1028.561,20.949,-126.628,0.000,0.0,0.004,23.033
2026-03-03T12:32:21.887,152.579,1028.560,20.939,-126.621,-0.000,0.0,0.012,23.011
2026-03-03T12:32:22.384,153.079,1028.560,20.958,-126.621,0.000,0.0,0.004,23.001
2026-03-03T12:32:22.886,153.579,1028.557,20.945,-126.594,0.000,0.0,-0.011,23.017
2026-03-03T12:32:23.388,154.079,1028.561,20.957,-126.628,0.000,0.0,-0.027,23.020
2026-03-03T12:32:23.888,154.582,1028.559,20.959,-126.614,0.000,0.0,-0.010,23.015
2026-03-03T12:32:24.398,155.087,1028.559,20.946,-126.612,0.000,0.0,0.026,23.027
2026-03-03T12:32:24.888,155.582,1028.557,20.940,-126.590,0.000,0.0,-0.030,23.001
2026-03-03T12:32:25.388,156.082,1028.556,20.955,-126.587,0.000,0.0,0.009,23.015
2026-03-03T12:32:25.887,156.582,1028.556,20.939,-126.583,-0.000,0.0,0.042,23.020
2026-03-03T12:32:26.387,157.082,1028.553,20.943,-126.562,0.000,0.0,-0.020,23.020
2026-03-03T12:32:26.887,157.582,1028.554,20.954,-126.572,0.000,0.0,-0.026,23.020
2026-03-03T12:32:27.388,158.082,1028.551,20.953,-126.547,0.000,0.0,-0.013,23.020
2026-03-03T12:32:27.887,158.582,1028.554,20.961,-126.569,0.000,0.0,-0.030,23.024
2026-03-03T12:32:28.387,159.082,1028.554,20.959,-126.568,0.000,0.0,-0.003,23.024
2026-03-03T12:32:28.893,159.582,1028.555,20.966,-126.581,-0.000,0.0,-0.002,22.997
2026-03-03T12:32:29.388,160.082,1028.553,20.964,-126.565,-0.000,0.0,0.001,23.006
2026-03-03T12:32:29.887,160.582,1028.551,20.962,-126.547,-0.000,0.0,0.025,23.040
2026-03-03T12:32:30.387,161.082,1028.552,20.973,-126.549,0.000,0.0,0.008,23.013
2026-03-03T12:32:30.911,161.582,1028.551,20.968,-126.545,0.000,0.0,0.009,23.020
2026-03-03T12:32:31.387,162.082,1028.549,20.962,-126.532,0.000,0.0,-0.017,23.027
2026-03-03T12:32:31.887,162.582,1028.553,20.964,-126.564,-0.000,0.0,0.003,23.029
2026-03-03T12:32:32.386,163.082,1028.547,20.969,-126.515,0.000,0.0,-0.004,23.013
2026-03-03T12:32:32.887,163.582,1028.548,20.971,-126.524,0.000,0.0,0.014,23.011
2026-03-03T12:32:33.386,164.082,1028.547,20.973,-126.511,-0.000,0.0,-0.004,23.015
2026-03-03T12:32:33.888,164.582,1028.546,20.969,-126.507,-0.000,0.0,-0.008,23.029
2026-03-03T12:32:34.393,165.082,1028.545,20.972,-126.494,-0.000,0.0,0.010,23.017
2026-03-03T12:32:34.893,165.587,1028.545,20.963,-126.495,-0.000,0.0,0.013,23.001
2026-03-03T12:32:35.388,166.082,1028.542,20.966,-126.475,0.000,0.0,-0.012,23.015
2026-03-03T12:32:35.886,166.582,1028.545,20.967,-126.498,-0.000,0.0,0.001,23.011
2026-03-03T12:32:36.388,167.082,1028.543,20.962,-126.479,0.000,0.0,-0.022,23.008
2026-03-03T12:32:36.887,167.582,1028.545,20.975,-126.497,-0.000,0.0,0.006,23.011
2026-03-03T12:32:37.387,168.082,1028.543,20.956,-126.482,-0.000,0.0,0.014,23.036
2026-03-03T12:32:37.892,168.582,1028.543,20.974,-126.481,0.000,0.0,-0.009,23.031
2026-03-03T12:32:38.388,169.082,1028.540,20.972,-126.457,0.000,0.0,-0.004,23.022
2026-03-03T12:32:38.899,169.582,1028.545,20.988,-126.492,-0.000,0.0,0.026,23.006
2026-03-03T12:32:39.387,170.082,1028.540,20.979,-126.455,0.000,0.0,-0.012,23.013
2026-03-03T12:32:39.888,170.582,1028.543,20.975,-126.482,-0.000,0.0,0.045,23.020
2026-03-03T12:32:40.387,171.082,1028.545,20.997,-126.499,-0.000,0.0,0.041,23.011
2026-03-03T12:32:40.888,171.582,1028.544,20.978,-126.484,0.000,0.0,-0.041,23.020
2026-03-03T12:32:41.386,172.082,1028.541,20.980,-126.463,0.000,0.0,-0.000,22.995
2026-03-03T12:32:41.888,172.582,1028.539,20.973,-126.450,-0.000,0.0,0.010,23.013
2026-03-03T12:32:42.387,173.082,1028.542,20.985,-126.467,0.000,0.0,-0.039,23.022
2026-03-03T12:32:42.888,173.582,1028.539,20.980,-126.448,0.000,0.0,0.000,23.043
2026-03-03T12:32:43.396,174.082,1028.538,20.976,-126.437,-0.000,0.0,0.011,23.017
2026-03-03T12:32:43.888,174.582,1028.537,20.983,-126.428,0.000,0.0,-0.028,23.006
2026-03-03T12:32:44.388,175.082,1028.539,20.982,-126.450,0.000,0.0,-0.013,23.008
2026-03-03T12:32:44.890,175.584,1028.539,20.984,-126.443,0.000,0.0,0.002,23.013
2026-03-03T12:32:45.395,176.089,1028.536,20.983,-126.420,0.000,0.0,-0.025,23.017
2026-03-03T12:32:45.888,176.584,1028.538,20.991,-126.441,-0.000,0.0,0.013,23.020
2026-03-03T12:32:46.389,177.084,1028.534,20.988,-126.409,0.000,0.0,-0.011,22.997
2026-03-03T12:32:46.889,177.584,1028.535,20.992,-126.412,0.000,0.0,0.009,23.015
2026-03-03T12:32:47.389,178.084,1028.534,20.994,-126.406,-0.000,0.0,0.003,23.011
2026-03-03T12:32:47.889,178.584,1028.535,20.994,-126.413,0.000,0.0,-0.006,22.992
2026-03-03T12:32:48.389,179.084,1028.532,20.984,-126.390,0.000,0.0,0.013,23.008
2026-03-03T12:32:48.894,179.584,1028.534,20.998,-126.409,-0.000,0.0,0.022,23.017
2026-03-03T12:32:49.390,180.084,1028.533,20.997,-126.401,-0.000,0.0,0.028,23.017
2026-03-03T12:32:49.898,180.584,1028.531,21.005,-126.385,0.000,0.0,-0.009,23.015
2026-03-03T12:32:50.389,181.084,1028.529,20.994,-126.368,0.000,0.0,-0.004,23.011
2026-03-03T12:32:50.889,181.584,1028.533,21.003,-126.398,-0.000,0.0,0.007,23.006
2026-03-03T12:32:51.388,182.084,1028.533,21.003,-126.398,-0.000,0.0,0.012,23.011
2026-03-03T12:32:51.890,182.584,1028.531,21.001,-126.381,0.000,0.0,0.016,23.020
2026-03-03T12:32:52.389,183.084,1028.530,21.002,-126.375,0.000,0.0,-0.009,23.020
2026-03-03T12:32:52.890,183.584,1028.529,21.008,-126.364,0.000,0.0,-0.019,23.008
2026-03-03T12:32:53.388,184.084,1028.533,21.010,-126.396,0.000,0.0,-0.007,23.024
2026-03-03T12:32:53.890,184.584,1028.526,20.992,-126.343,-0.000,0.0,0.041,23.006
2026-03-03T12:32:54.390,185.084,1028.531,21.007,-126.379,0.000,0.0,-0.019,23.015
2026-03-03T12:32:54.890,185.584,1028.529,21.004,-126.368,0.000,0.0,-0.051,23.033
2026-03-03T12:32:55.407,186.084,1028.531,21.005,-126.377,-0.000,0.0,0.006,22.997
2026-03-03T12:32:55.894,186.588,1028.530,21.004,-126.376,-0.000,0.0,0.011,23.017
2026-03-03T12:32:56.389,187.084,1028.527,21.012,-126.352,0.000,0.0,-0.014,23.020
2026-03-03T12:32:56.888,187.584,1028.527,21.024,-126.347,-0.000,0.0,0.029,23.013
2026-03-03T12:32:57.390,188.084,1028.525,21.012,-126.329,0.000,0.0,0.009,23.013
2026-03-03T12:32:57.889,188.584,1028.526,21.009,-126.342,0.000,0.0,-0.020,23.006
2026-03-03T12:32:58.390,189.084,1028.527,21.015,-126.347,-0.000,0.0,0.010,23.017
2026-03-03T12:32:58.896,189.584,1028.525,21.014,-126.331,0.000,0.0,-0.015,23.013
2026-03-03T12:32:59.388,190.084,1028.528,21.015,-126.355,-0.000,0.0,0.041,23.006
2026-03-03T12:32:59.907,190.584,1028.525,21.015,-126.331,0.000,0.0,-0.017,23.013
2026-03-03T12:33:00.388,191.084,1028.525,21.015,-126.332,0.000,0.0,-0.006,23.008
2026-03-03T12:33:00.889,191.584,1028.523,21.023,-126.316,0.000,0.0,-0.048,23.001
2026-03-03T12:33:01.388,192.084,1028.522,21.011,-126.304,0.000,0.0,-0.025,23.013
2026-03-03T12:33:01.889,192.584,1028.522,21.021,-126.305,0.000,0.0,-0.004,23.043
2026-03-03T12:33:02.388,193.084,1028.522,21.011,-126.305,0.000,0.0,-0.013,23.027
2026-03-03T12:33:02.888,193.584,1028.521,21.008,-126.294,0.000,0.0,-0.002,23.027
2026-03-03T12:33:03.390,194.084,1028.520,21.014,-126.291,-0.000,0.0,0.018,23.031
2026-03-03T12:33:03.889,194.584,1028.525,21.023,-126.330,0.000,0.0,-0.040,23.020
2026-03-03T12:33:04.396,195.084,1028.522,21.008,-126.311,0.000,0.0,0.015,23.017
2026-03-03T12:33:04.889,195.584,1028.519,21.023,-126.283,0.000,0.0,-0.051,23.027
2026-03-03T12:33:05.389,196.084,1028.520,21.017,-126.287,-0.000,0.0,0.007,23.001
2026-03-03T12:33:05.891,196.587,1028.519,21.012,-126.283,-0.000,0.0,-0.007,23.024
2026-03-03T12:33:06.396,197.091,1028.521,21.031,-126.298,-0.000,0.0,0.039,23.006
2026-03-03T12:33:06.901,197.596,1028.519,21.026,-126.279,0.000,0.0,-0.020,23.031
2026-03-03T12:33:07.396,198.091,1028.515,21.011,-126.251,-0.000,0.0,0.023,23.020
2026-03-03T12:33:07.895,198.591,1028.519,21.019,-126.280,-0.000,0.0,0.034,23.017
2026-03-03T12:33:08.397,199.091,1028.518,21.022,-126.276,0.000,0.0,-0.004,23.029
2026-03-03T12:33:08.895,199.591,1028.517,21.021,-126.267,0.000,0.0,0.004,23.013
2026-03-03T12:33:09.396,200.091,1028.515,21.023,-126.245,-0.000,0.0,0.050,23.013
2026-03-03T12:33:09.895,200.591,1028.517,21.023,-126.268,0.000,0.0,-0.027,23.013
2026-03-03T12:33:10.397,201.091,1028.514,21.019,-126.242,0.000,0.0,-0.017,23.006
2026-03-03T12:33:10.911,201.591,1028.519,21.042,-126.284,0.000,0.0,-0.044,23.015
2026-03-03T12:33:11.395,202.091,1028.514,21.032,-126.238,0.000,0.0,0.003,23.011
2026-03-03T12:33:11.896,202.591,1028.513,21.019,-126.234,0.000,0.0,-0.008,23.020
2026-03-03T12:33:12.395,203.091,1028.515,21.023,-126.246,0.000,0.0,-0.000,23.024
2026-03-03T12:33:12.895,203.591,1028.512,21.028,-126.227,0.000,0.0,-0.031,23.031
2026-03-03T12:33:13.395,204.091,1028.514,21.033,-126.238,0.000,0.0,0.023,23.015
2026-03-03T12:33:13.897,204.591,1028.515,21.031,-126.251,-0.000,0.0,0.013,23.015
2026-03-03T12:33:14.396,205.091,1028.511,21.019,-126.220,-0.000,0.0,0.016,23.011
2026-03-03T12:33:14.896,205.591,1028.516,21.044,-126.255,0.000,0.0,-0.006,23.011
2026-03-03T12:33:15.399,206.091,1028.512,21.021,-126.221,0.000,0.0,0.003,23.017
2026-03-03T12:33:15.896,206.591,1028.511,21.039,-126.213,0.000,0.0,-0.017,23.024
2026-03-03T12:33:16.396,207.091,1028.510,21.019,-126.205,0.000,0.0,0.010,23.017
2026-03-03T12:33:16.895,207.591,1028.510,21.025,-126.209,-0.000,0.0,0.002,23.004
2026-03-03T12:33:17.400,208.096,1028.515,21.041,-126.245,0.000,0.0,-0.050,23.013
2026-03-03T12:33:17.895,208.591,1028.514,21.045,-126.241,-0.000,0.0,0.021,23.029
2026-03-03T12:33:18.398,209.091,1028.513,21.048,-126.235,-0.000,0.0,-0.006,23.017
2026-03-03T12:33:18.895,209.591,1028.511,21.045,-126.219,-0.000,0.0,0.021,23.022
2026-03-03T12:33:19.395,210.091,1028.513,21.059,-126.230,-0.000,0.0,0.004,23.024
2026-03-03T12:33:19.907,210.591,1028.510,21.046,-126.210,0.000,0.0,-0.013,23.020
2026-03-03T12:33:20.395,211.091,1028.508,21.042,-126.193,0.000,0.0,-0.005,23.004
2026-03-03T12:33:20.896,211.591,1028.509,21.054,-126.203,-0.000,0.0,0.028,22.999
2026-03-03T12:33:21.395,212.091,1028.510,21.046,-126.210,-0.000,0.0,-0.019,23.043
2026-03-03T12:33:21.898,212.591,1028.507,21.052,-126.186,0.000,0.0,-0.005,23.015
2026-03-03T12:33:22.395,213.091,1028.507,21.049,-126.184,-0.000,0.0,0.002,23.006
2026-03-03T12:33:22.897,213.591,1028.509,21.058,-126.198,0.000,0.0,0.010,23.004
2026-03-03T12:33:23.395,214.091,1028.510,21.050,-126.207,0.000,0.0,-0.007,23.033
2026-03-03T12:33:23.896,214.591,1028.504,21.046,-126.158,0.000,0.0,0.011,23.011
2026-03-03T12:33:24.396,215.091,1028.508,21.046,-126.189,-0.000,0.0,-0.011,23.008
2026-03-03T12:33:24.896,215.591,1028.506,21.042,-126.178,0.000,0.0,-0.023,23.015
2026-03-03T12:33:25.404,216.091,1028.505,21.049,-126.169,0.000,0.0,-0.020,23.001
2026-03-03T12:33:25.895,216.591,1028.506,21.041,-126.177,0.000,0.0,0.001,23.011
2026-03-03T12:33:26.396,217.091,1028.504,21.047,-126.159,0.000,0.0,-0.018,23.017
2026-03-03T12:33:26.895,217.591,1028.504,21.046,-126.159,-0.000,0.0,0.038,23.006
2026-03-03T12:33:27.397,218.091,1028.500,21.035,-126.127,0.000,0.0,-0.032,23.024
2026-03-03T12:33:27.900,218.596,1028.505,21.045,-126.165,-0.000,0.0,0.012,23.008
2026-03-03T12:33:28.397,219.091,1028.500,21.042,-126.125,0.000,0.0,-0.040,23.029
2026-03-03T12:33:28.895,219.591,1028.500,21.048,-126.129,-0.000,0.0,0.003,23.022
2026-03-03T12:33:29.396,220.091,1028.500,21.044,-126.126,0.000,0.0,-0.011,23.008
2026-03-03T12:33:29.896,220.591,1028.503,21.050,-126.154,-0.000,0.0,0.013,23.017
2026-03-03T12:33:30.396,221.091,1028.502,21.054,-126.142,-0.000,0.0,-0.004,23.027
2026-03-03T12:33:30.903,221.591,1028.504,21.060,-126.162,-0.000,0.0,0.021,23.029
2026-03-03T12:33:31.395,222.091,1028.502,21.054,-126.142,0.000,0.0,-0.016,23.006
2026-03-03T12:33:31.895,222.591,1028.501,21.047,-126.136,0.000,0.0,0.006,23.006
2026-03-03T12:33:32.395,223.091,1028.500,21.039,-126.129,-0.000,0.0,0.011,23.020
2026-03-03T12:33:32.896,223.591,1028.499,21.045,-126.119,-0.000,0.0,0.050,23.022
2026-03-03T12:33:33.395,224.091,1028.497,21.053,-126.103,0.000,0.0,-0.048,23.022
2026-03-03T12:33:33.896,224.591,1028.500,21.058,-126.130,0.000,0.0,-0.017,23.024
2026-03-03T12:33:34.394,225.091,1028.499,21.062,-126.118,0.000,0.0,-0.000,23.020
2026-03-03T12:33:34.896,225.591,1028.499,21.071,-126.118,0.000,0.0,-0.037,23.011
2026-03-03T12:33:35.395,226.091,1028.499,21.060,-126.116,-0.000,0.0,0.005,23.004
2026-03-03T12:33:35.895,226.591,1028.496,21.060,-126.093,0.000,0.0,-0.014,23.029
2026-03-03T12:33:36.395,227.091,1028.497,21.061,-126.102,-0.000,0.0,0.029,23.020
2026-03-03T12:33:36.895,227.591,1028.497,21.059,-126.100,0.000,0.0,-0.016,23.006
2026-03-03T12:33:37.396,228.091,1028.497,21.054,-126.104,0.000,0.0,-0.019,23.027
2026-03-03T12:33:37.895,228.591,1028.499,21.061,-126.117,0.000,0.0,-0.022,23.015
2026-03-03T12:33:38.401,229.096,1028.495,21.060,-126.086,0.000,0.0,-0.028,23.004
2026-03-03T12:33:38.895,229.591,1028.494,21.062,-126.080,-0.000,0.0,0.000,23.008
2026-03-03T12:33:39.395,230.091,1028.495,21.064,-126.082,0.000,0.0,-0.028,23.011
2026-03-03T12:33:39.899,230.591,1028.493,21.067,-126.068,0.000,0.0,0.005,23.015
2026-03-03T12:33:40.395,231.091,1028.494,21.054,-126.073,0.000,0.0,-0.014,23.011
2026-03-03T12:33:40.923,231.591,1028.491,21.044,-126.049,-0.000,0.0,0.017,23.013
2026-03-03T12:33:41.395,232.091,1028.494,21.054,-126.074,-0.000,0.0,-0.003,23.015
2026-03-03T12:33:41.895,232.591,1028.494,21.062,-126.079,0.000,0.0,-0.014,23.022
2026-03-03T12:33:42.394,233.091,1028.492,21.063,-126.058,0.000,0.0,-0.006,23.015
2026-03-03T12:33:42.896,233.591,1028.493,21.062,-126.072,-0.000,0.0,0.029,23.024
2026-03-03T12:33:43.396,234.091,1028.492,21.065,-126.059,0.000,0.0,-0.009,23.024
2026-03-03T12:33:43.895,234.591,1028.494,21.069,-126.078,0.000,0.0,-0.015,23.027
2026-03-03T12:33:44.396,235.091,1028.490,21.055,-126.043,-0.000,0.0,0.035,23.027
2026-03-03T12:33:44.895,235.591,1028.492,21.067,-126.061,-0.000,0.0,0.009,23.015
2026-03-03T12:33:45.420,236.091,1028.490,21.060,-126.040,0.000,0.0,-0.009,23.024
2026-03-03T12:33:45.895,236.591,1028.489,21.074,-126.036,0.000,0.0,0.011,23.015
2026-03-03T12:33:46.394,237.091,1028.491,21.067,-126.054,-0.000,0.0,0.049,23.001
2026-03-03T12:33:46.895,237.591,1028.489,21.060,-126.033,0.000,0.0,-0.007,23.017
2026-03-03T12:33:47.395,238.091,1028.491,21.073,-126.051,-0.000,0.0,0.050,23.020
2026-03-03T12:33:47.895,238.591,1028.491,21.080,-126.049,-0.000,0.0,0.025,23.004
2026-03-03T12:33:48.396,239.091,1028.486,21.073,-126.012,0.000,0.0,-0.011,23.013
2026-03-03T12:33:48.900,239.596,1028.487,21.077,-126.015,-0.000,0.0,0.016,23.015
2026-03-03T12:33:49.395,240.091,1028.489,21.078,-126.039,0.000,0.0,0.009,23.011
2026-03-03T12:33:49.900,240.591,1028.486,21.072,-126.010,-0.000,0.0,0.050,23.017
2026-03-03T12:33:50.395,241.091,1028.488,21.076,-126.030,0.000,0.0,-0.001,23.022
2026-03-03T12:33:50.913,241.591,1028.486,21.073,-126.012,0.000,0.0,0.001,23.013
2026-03-03T12:33:51.396,242.091,1028.487,21.085,-126.021,-0.000,0.0,0.026,23.013
2026-03-03T12:33:51.895,242.591,1028.486,21.097,-126.009,0.000,0.0,-0.005,23.011
2026-03-03T12:33:52.395,243.091,1028.488,21.082,-126.027,0.000,0.0,0.008,23.011
2026-03-03T12:33:52.895,243.591,1028.486,21.076,-126.014,-0.000,0.0,0.024,23.024
2026-03-03T12:33:53.394,244.091,1028.486,21.087,-126.008,-0.000,0.0,0.027,23.017
2026-03-03T12:33:53.894,244.591,1028.488,21.086,-126.031,0.000,0.0,-0.014,23.015
2026-03-03T12:33:54.394,245.091,1028.484,21.081,-125.996,0.000,0.0,-0.032,23.015
2026-03-03T12:33:54.895,245.591,1028.484,21.076,-125.991,0.000,0.0,-0.015,23.004
2026-03-03T12:33:55.395,246.091,1028.488,21.085,-126.030,-0.000,0.0,0.021,23.011
2026-03-03T12:33:55.895,246.591,1028.485,21.077,-126.000,-0.000,0.0,0.007,23.006
2026-03-03T12:33:56.398,247.091,1028.481,21.073,-125.966,0.000,0.0,-0.006,23.024
2026-03-03T12:33:56.894,247.591,1028.482,21.081,-125.980,0.000,0.0,-0.000,23.008
2026-03-03T12:33:57.396,248.091,1028.484,21.090,-125.995,-0.000,0.0,0.025,22.983
2026-03-03T12:33:57.896,248.591,1028.480,21.077,-125.961,0.000,0.0,-0.027,23.036
2026-03-03T12:33:58.395,249.091,1028.482,21.090,-125.979,0.000,0.0,-0.003,23.027
2026-03-03T12:33:58.894,249.591,1028.481,21.104,-125.968,-0.000,0.0,0.034,23.029
2026-03-03T12:33:59.401,250.096,1028.481,21.093,-125.967,0.000,0.0,-0.001,23.015
2026-03-03T12:33:59.897,250.591,1028.479,21.088,-125.955,0.000,0.0,-0.039,23.013
2026-03-03T12:34:00.395,251.091,1028.479,21.086,-125.953,0.000,0.0,0.012,23.015
2026-03-03T12:34:00.910,251.591,1028.479,21.096,-125.954,0.000,0.0,0.011,23.029
2026-03-03T12:34:01.396,252.091,1028.479,21.088,-125.955,0.000,0.0,0.003,23.029
2026-03-03T12:34:01.895,252.591,1028.479,21.090,-125.957,-0.000,0.0,0.019,23.006
2026-03-03T12:34:02.395,253.091,1028.479,21.089,-125.956,0.000,0.0,0.001,23.024
2026-03-03T12:34:02.895,253.591,1028.476,21.103,-125.929,0.000,0.0,-0.006,23.024
2026-03-03T12:34:03.395,254.091,1028.477,21.098,-125.933,-0.000,0.0,0.006,23.008
2026-03-03T12:34:03.896,254.591,1028.475,21.097,-125.924,0.000,0.0,-0.013,23.022
2026-03-03T12:34:04.394,255.091,1028.485,21.107,-126.001,0.000,0.0,-0.009,22.999
2026-03-03T12:34:04.896,255.591,1028.498,21.104,-126.107,0.000,0.0,-0.011,23.006
2026-03-03T12:34:05.397,256.091,1028.480,21.097,-125.963,0.000,0.0,0.021,22.999
2026-03-03T12:34:05.895,256.591,1028.463,21.109,-125.820,0.000,0.0,-0.031,23.004
2026-03-03T12:34:06.413,257.091,1028.469,21.106,-125.870,0.000,0.0,-0.003,23.006
2026-03-03T12:34:06.895,257.591,1028.502,21.097,-126.139,0.000,0.0,-0.027,23.033
2026-03-03T12:34:07.395,258.091,1028.500,21.104,-126.129,-0.000,0.0,0.021,23.011
2026-03-03T12:34:07.894,258.591,1028.469,21.106,-125.870,0.000,0.0,-0.003,23.004
2026-03-03T12:34:08.396,259.091,1028.469,21.106,-125.871,0.000,0.0,-0.039,23.004
2026-03-03T12:34:08.895,259.591,1028.468,21.104,-125.861,-0.000,0.0,0.024,22.999
2026-03-03T12:34:09.396,260.091,1028.480,21.106,-125.962,0.000,0.0,-0.023,23.008
2026-03-03T12:34:09.900,260.596,1028.496,21.102,-126.090,0.000,0.0,0.004,23.013
2026-03-03T12:34:10.395,261.091,1028.462,21.118,-125.812,-0.000,0.0,0.030,23.017
2026-03-03T12:34:10.906,261.591,1028.457,21.107,-125.773,0.000,0.0,-0.032,22.999
2026-03-03T12:34:11.396,262.091,1028.487,21.103,-126.021,-0.000,0.0,0.005,23.015
2026-03-03T12:34:11.912,262.591,1028.488,21.115,-126.023,0.000,0.0,-0.025,23.031
2026-03-03T12:34:12.394,263.091,1028.490,21.108,-126.042,0.000,0.0,-0.023,23.031
2026-03-03T12:34:12.895,263.591,1028.468,21.104,-125.861,-0.000,0.0,0.030,23.001
2026-03-03T12:34:13.395,264.091,1028.460,21.107,-125.795,0.000,0.0,-0.017,23.011
2026-03-03T12:34:13.895,264.591,1028.480,21.117,-125.964,0.000,0.0,-0.015,23.013
2026-03-03T12:34:14.394,265.091,1028.496,21.111,-126.097,0.000,0.0,-0.000,23.011
2026-03-03T12:34:14.895,265.591,1028.487,21.096,-126.015,0.000,0.0,0.003,23.015
2026-03-03T12:34:15.394,266.091,1028.459,21.093,-125.792,0.000,0.0,-0.027,23.022
2026-03-03T12:34:15.895,266.591,1028.459,21.100,-125.790,0.000,0.0,0.014,23.001
2026-03-03T12:34:16.399,267.091,1028.468,21.108,-125.865,-0.000,0.0,0.040,23.001
2026-03-03T12:34:16.895,267.591,1028.486,21.104,-126.007,-0.000,0.0,-0.006,23.013
2026-03-03T12:34:17.395,268.091,1028.485,21.105,-126.000,0.000,0.0,-0.009,23.017
2026-03-03T12:34:17.894,268.591,1028.473,21.104,-125.907,0.000,0.0,-0.010,23.015
2026-03-03T12:34:18.394,269.091,1028.452,21.094,-125.730,-0.000,0.0,0.027,23.011
2026-03-03T12:34:18.894,269.591,1028.474,21.106,-125.909,0.000,0.0,-0.041,22.997
2026-03-03T12:34:19.395,270.091,1028.486,21.104,-126.014,0.000,0.0,0.001,23.020
2026-03-03T12:34:19.895,270.591,1028.471,21.109,-125.888,-0.000,0.0,0.009,23.004
2026-03-03T12:34:20.401,271.096,1028.467,21.090,-125.857,-0.000,0.0,0.013,23.006
2026-03-03T12:34:20.894,271.591,1028.459,21.111,-125.792,0.000,0.0,-0.034,23.013
2026-03-03T12:34:21.394,272.091,1028.469,21.111,-125.875,-0.000,0.0,0.008,23.006
2026-03-03T12:34:21.903,272.591,1028.484,21.104,-125.991,0.000,0.0,0.008,23.017
2026-03-03T12:34:22.395,273.091,1028.481,21.104,-125.968,0.000,0.0,-0.027,23.011
2026-03-03T12:34:22.895,273.591,1028.472,21.110,-125.897,0.000,0.0,-0.007,23.004
2026-03-03T12:34:23.394,274.091,1028.455,21.115,-125.756,0.000,0.0,-0.000,23.027
2026-03-03T12:34:23.895,274.591,1028.468,21.111,-125.859,0.000,0.0,-0.013,23.027
2026-03-03T12:34:24.394,275.091,1028.503,21.115,-126.154,0.000,0.0,-0.013,23.027
2026-03-03T12:34:24.896,275.591,1028.489,21.108,-126.034,0.000,0.0,-0.015,23.011
2026-03-03T12:34:25.401,276.091,1028.465,21.118,-125.835,0.000,0.0,-0.022,23.017
2026-03-03T12:34:25.894,276.591,1028.454,21.121,-125.746,-0.000,0.0,0.003,23.011
2026-03-03T12:34:26.394,277.091,1028.449,21.119,-125.705,0.000,0.0,-0.007,23.011
2026-03-03T12:34:26.895,277.591,1028.494,21.115,-126.077,-0.000,0.0,0.015,22.999
2026-03-03T12:34:27.396,278.091,1028.456,21.123,-125.763,0.000,0.0,0.014,22.999
2026-03-03T12:34:27.894,278.591,1028.461,21.124,-125.809,-0.000,0.0,-0.000,23.008
2026-03-03T12:34:28.395,279.091,1028.461,21.112,-125.808,0.000,0.0,-0.014,23.008
2026-03-03T12:34:28.894,279.591,1028.478,21.119,-125.942,0.000,0.0,-0.058,23.024
2026-03-03T12:34:29.395,280.091,1028.491,21.124,-126.054,0.000,0.0,-0.016,23.013
2026-03-03T12:34:29.894,280.591,1028.490,21.126,-126.041,0.000,0.0,-0.015,23.029
2026-03-03T12:34:30.396,281.091,1028.476,21.113,-125.930,0.000,0.0,0.021,22.992
2026-03-03T12:34:30.906,281.596,1028.442,21.120,-125.645,0.000,0.0,0.002,23.011
2026-03-03T12:34:31.394,282.091,1028.472,21.108,-125.895,-0.000,0.0,0.012,23.013
2026-03-03T12:34:31.895,282.591,1028.490,21.115,-126.040,0.000,0.0,-0.011,23.004
2026-03-03T12:34:32.394,283.091,1028.495,21.105,-126.084,-0.000,0.0,0.015,23.020
2026-03-03T12:34:32.895,283.591,1028.453,21.106,-125.742,0.000,0.0,-0.024,23.036
2026-03-03T12:34:33.394,284.091,1028.472,21.114,-125.893,0.000,0.0,0.006,22.995
2026-03-03T12:34:33.895,284.591,1028.474,21.108,-125.910,-0.000,0.0,0.030,22.988
2026-03-03T12:34:34.394,285.091,1028.484,21.104,-125.991,0.000,0.0,-0.016,23.011
2026-03-03T12:34:34.895,285.591,1028.500,21.097,-126.124,-0.000,0.0,-0.008,23.024
2026-03-03T12:34:35.401,286.091,1028.458,21.106,-125.779,0.000,0.0,0.003,23.024
2026-03-03T12:34:35.895,286.591,1028.453,21.099,-125.743,0.000,0.0,-0.012,23.017
2026-03-03T12:34:36.394,287.091,1028.459,21.101,-125.790,0.000,0.0,0.005,23.008
2026-03-03T12:34:36.895,287.591,1028.491,21.109,-126.050,0.000,0.0,0.011,22.997
2026-03-03T12:34:37.395,288.091,1028.465,21.114,-125.839,0.000,0.0,-0.019,23.027
2026-03-03T12:34:37.894,288.591,1028.455,21.128,-125.760,-0.000,0.0,0.004,23.006
2026-03-03T12:34:38.395,289.091,1028.437,21.114,-125.610,0.000,0.0,-0.030,23.004
2026-03-03T12:34:38.894,289.591,1028.437,21.116,-125.604,0.000,0.0,0.019,23.004
2026-03-03T12:34:39.395,290.091,1028.477,21.115,-125.939,0.000,0.0,-0.022,23.017
2026-03-03T12:34:39.893,290.591,1028.472,21.105,-125.893,0.000,0.0,-0.012,23.015
2026-03-03T12:34:40.395,291.091,1028.456,21.119,-125.767,0.000,0.0,0.026,23.011
2026-03-03T12:34:40.896,291.591,1028.430,21.123,-125.549,0.000,0.0,0.005,22.983
2026-03-03T12:34:41.399,292.096,1028.456,21.115,-125.764,0.000,0.0,-0.040,23.013
2026-03-03T12:34:41.916,292.591,1028.478,21.113,-125.945,0.000,0.0,-0.010,23.011
2026-03-03T12:34:42.394,293.091,1028.467,21.101,-125.851,-0.000,0.0,0.005,23.022
2026-03-03T12:34:42.895,293.591,1028.431,21.108,-125.560,0.000,0.0,0.004,23.024
2026-03-03T12:34:43.394,294.091,1028.446,21.116,-125.680,0.000,0.0,-0.002,23.011
2026-03-03T12:34:43.894,294.591,1028.464,21.111,-125.829,-0.000,0.0,0.025,23.011
2026-03-03T12:34:44.394,295.091,1028.471,21.110,-125.889,0.000,0.0,-0.038,23.017
2026-03-03T12:34:44.894,295.591,1028.451,21.104,-125.723,0.000,0.0,0.008,23.013
2026-03-03T12:34:45.412,296.091,1028.445,21.116,-125.672,0.000,0.0,0.012,23.006
2026-03-03T12:34:45.894,296.591,1028.446,21.105,-125.679,0.000,0.0,-0.009,23.015
2026-03-03T12:34:46.395,297.091,1028.471,21.117,-125.888,0.000,0.0,-0.010,23.017
2026-03-03T12:34:46.894,297.591,1028.480,21.103,-125.960,-0.000,0.0,0.019,23.004
2026-03-03T12:34:47.394,298.091,1028.459,21.104,-125.786,0.000,0.0,-0.020,23.013
2026-03-03T12:34:47.893,298.591,1028.445,21.114,-125.671,0.000,0.0,-0.038,23.017
2026-03-03T12:34:48.395,299.091,1028.455,21.114,-125.756,-0.000,0.0,0.010,22.999
2026-03-03T12:34:48.893,299.591,1028.447,21.123,-125.686,0.000,0.0,-0.031,23.013
2026-03-03T12:34:49.395,300.091,1028.476,21.108,-125.926,0.000,0.0,0.011,23.020
2026-03-03T12:34:49.898,300.591,1028.448,21.106,-125.695,-0.000,0.0,0.009,23.013
2026-03-03T12:34:50.395,301.091,1028.464,21.115,-125.832,-0.000,0.0,0.034,23.008
2026-03-03T12:34:50.905,301.591,1028.447,21.115,-125.687,-0.000,0.0,-0.006,23.001
2026-03-03T12:34:51.394,302.091,1028.476,21.114,-125.930,-0.000,0.0,0.021,23.004
2026-03-03T12:34:51.900,302.596,1028.486,21.112,-126.013,0.000,0.0,-0.002,23.015
2026-03-03T12:34:52.394,303.091,1028.457,21.116,-125.772,0.000,0.0,-0.018,23.022
2026-03-03T12:34:52.894,303.591,1028.439,21.104,-125.624,0.000,0.0,-0.024,23.015
2026-03-03T12:34:53.394,304.091,1028.429,21.098,-125.543,0.000,0.0,-0.050,22.992
2026-03-03T12:34:53.894,304.591,1028.478,21.109,-125.942,0.000,0.0,0.007,23.024
2026-03-03T12:34:54.393,305.091,1028.472,21.112,-125.898,0.000,0.0,-0.018,22.992
2026-03-03T12:34:54.894,305.591,1028.477,21.108,-125.933,0.000,0.0,-0.035,23.013
2026-03-03T12:34:55.398,306.091,1028.452,21.101,-125.729,0.000,0.0,-0.008,23.022
2026-03-03T12:34:55.895,306.591,1028.426,21.123,-125.518,0.000,0.0,-0.025,23.020
2026-03-03T12:34:56.402,307.091,1028.464,21.106,-125.833,-0.000,0.0,0.014,22.992
2026-03-03T12:34:56.894,307.591,1028.477,21.115,-125.939,0.000,0.0,-0.029,23.001
2026-03-03T12:34:57.395,308.091,1028.477,21.109,-125.934,-0.000,0.0,0.019,23.017
2026-03-03T12:34:57.894,308.591,1028.456,21.109,-125.767,0.000,0.0,-0.022,23.024
2026-03-03T12:34:58.395,309.091,1028.451,21.106,-125.725,0.000,0.0,-0.020,23.017
2026-03-03T12:34:58.893,309.591,1028.463,21.097,-125.818,-0.000,0.0,0.034,23.015
2026-03-03T12:34:59.394,310.091,1028.455,21.096,-125.756,0.000,0.0,-0.043,23.006
2026-03-03T12:34:59.894,310.591,1028.475,21.119,-125.919,-0.000,0.0,0.008,23.001
2026-03-03T12:35:00.395,311.091,1028.437,21.111,-125.607,0.000,0.0,-0.024,23.011
2026-03-03T12:35:00.911,311.591,1028.440,21.103,-125.631,0.000,0.0,0.014,22.985
2026-03-03T12:35:01.394,312.091,1028.461,21.107,-125.804,0.000,0.0,-0.019,23.004
2026-03-03T12:35:01.895,312.591,1028.456,21.104,-125.763,-0.000,0.0,0.008,23.008
2026-03-03T12:35:02.399,313.096,1028.423,21.109,-125.492,-0.000,0.0,0.005,22.988
2026-03-03T12:35:02.894,313.591,1028.445,21.109,-125.675,-0.000,0.0,0.033,23.004
2026-03-03T12:35:03.394,314.091,1028.452,21.104,-125.731,0.000,0.0,-0.009,23.033
2026-03-03T12:35:03.894,314.591,1028.475,21.102,-125.921,-0.000,0.0,0.019,23.027
2026-03-03T12:35:04.393,315.091,1028.466,21.094,-125.845,-0.000,0.0,0.023,23.008
2026-03-03T12:35:04.894,315.591,1028.416,21.092,-125.431,0.000,0.0,-0.023,23.017
2026-03-03T12:35:05.407,316.091,1028.435,21.098,-125.589,0.000,0.0,0.002,23.022
2026-03-03T12:35:05.894,316.591,1028.435,21.089,-125.589,0.000,0.0,-0.017,23.013
2026-03-03T12:35:06.393,317.091,1028.461,21.089,-125.804,0.000,0.0,0.005,23.015
2026-03-03T12:35:06.893,317.591,1028.457,21.091,-125.775,0.000,0.0,0.000,23.029
2026-03-03T12:35:07.394,318.091,1028.456,21.085,-125.763,0.000,0.0,-0.012,22.999
2026-03-03T12:35:07.893,318.591,1028.440,21.096,-125.633,0.000,0.0,-0.042,23.027
2026-03-03T12:35:08.394,319.091,1028.428,21.095,-125.533,-0.000,0.0,-0.000,23.015
2026-03-03T12:35:08.895,319.591,1028.385,21.089,-125.185,4.023,4.9,-0.226,23.001
2026-03-03T12:35:09.394,320.091,1028.386,21.076,-125.189,4.054,5.0,-0.021,22.990
2026-03-03T12:35:09.905,320.591,1028.361,21.087,-124.983,4.063,5.0,-0.027,22.997
2026-03-03T12:35:10.394,321.091,1028.373,21.085,-125.081,4.063,5.0,-0.020,23.004
2026-03-03T12:35:10.896,321.591,1028.373,21.074,-125.079,4.064,5.0,0.014,23.017
2026-03-03T12:35:11.393,322.091,1028.386,21.042,-125.191,4.064,5.0,-0.006,22.999
2026-03-03T12:35:11.895,322.591,1028.407,21.016,-125.361,4.064,5.0,-0.018,23.006
2026-03-03T12:35:12.394,323.091,1028.388,20.990,-125.209,4.065,5.0,0.028,23.017
2026-03-03T12:35:12.900,323.596,1028.373,20.965,-125.081,4.070,5.0,-0.031,23.006
2026-03-03T12:35:13.394,324.091,1028.369,20.960,-125.047,4.070,5.0,0.012,23.013
2026-03-03T12:35:13.894,324.591,1028.391,20.948,-125.228,4.070,5.0,0.003,22.999
2026-03-03T12:35:14.395,325.091,1028.397,20.931,-125.276,4.069,5.0,0.010,23.004
2026-03-03T12:35:14.895,325.591,1028.374,20.916,-125.087,4.069,5.0,-0.033,23.017
2026-03-03T12:35:15.426,326.091,1028.369,20.920,-125.045,4.069,5.0,-0.016,22.999
2026-03-03T12:35:15.894,326.591,1028.368,20.893,-125.038,4.068,5.0,0.001,23.008
2026-03-03T12:35:16.394,327.091,1028.392,20.878,-125.239,4.067,5.0,0.011,22.997
2026-03-03T12:35:16.894,327.591,1028.390,20.882,-125.220,4.065,5.0,0.025,23.011
2026-03-03T12:35:17.395,328.091,1028.382,20.873,-125.158,4.065,5.0,-0.006,23.015
2026-03-03T12:35:17.893,328.591,1028.357,20.854,-124.953,4.064,5.0,-0.015,23.008
2026-03-03T12:35:18.393,329.091,1028.383,20.843,-125.164,4.064,5.0,0.016,23.008
2026-03-03T12:35:18.895,329.591,1028.394,20.828,-125.253,4.064,5.0,-0.010,23.004
2026-03-03T12:35:19.395,330.091,1028.396,20.825,-125.272,4.064,5.0,-0.011,23.017
2026-03-03T12:35:19.901,330.591,1028.382,20.809,-125.159,4.064,5.0,-0.007,23.011
2026-03-03T12:35:20.394,331.091,1028.371,20.786,-125.064,4.064,5.0,0.005,23.033
2026-03-03T12:35:20.894,331.591,1028.365,20.804,-125.019,4.064,5.0,-0.015,23.027
2026-03-03T12:35:21.393,332.091,1028.402,20.796,-125.317,4.064,5.0,0.014,22.992
2026-03-03T12:35:21.894,332.591,1028.391,20.783,-125.231,4.064,5.0,0.011,23.001
2026-03-03T12:35:22.394,333.091,1028.366,20.766,-125.024,4.064,5.0,-0.015,22.995
2026-03-03T12:35:22.897,333.593,1028.363,20.766,-125.003,4.064,5.0,-0.003,23.020
2026-03-03T12:35:23.401,334.098,1028.379,20.776,-125.132,4.064,5.0,0.006,23.011
2026-03-03T12:35:23.897,334.593,1028.368,20.750,-125.043,4.064,5.0,0.005,22.988
2026-03-03T12:35:24.395,335.093,1028.397,20.732,-125.280,4.064,5.0,0.002,23.024
2026-03-03T12:35:24.896,335.593,1028.374,20.724,-125.089,4.065,5.0,0.003,23.013
2026-03-03T12:35:25.413,336.093,1028.373,20.731,-125.080,4.065,5.0,-0.005,23.011
2026-03-03T12:35:25.896,336.593,1028.360,20.730,-124.973,4.065,5.0,-0.007,22.997
2026-03-03T12:35:26.396,337.093,1028.392,20.733,-125.235,4.065,5.0,0.010,22.988
2026-03-03T12:35:26.895,337.593,1028.404,20.715,-125.335,4.065,5.0,-0.004,23.015
2026-03-03T12:35:27.395,338.093,1028.371,20.725,-125.067,4.065,5.0,-0.003,22.985
2026-03-03T12:35:27.896,338.593,1028.353,20.703,-124.921,4.065,5.0,0.004,22.995
2026-03-03T12:35:28.395,339.093,1028.360,20.692,-124.972,4.065,5.0,-0.024,23.036
2026-03-03T12:35:28.895,339.593,1028.385,20.671,-125.185,4.065,5.0,0.001,22.997
2026-03-03T12:35:29.396,340.093,1028.383,20.654,-125.161,4.065,5.0,0.002,23.011
2026-03-03T12:35:29.896,340.593,1028.365,20.637,-125.018,4.065,5.0,0.015,23.011
2026-03-03T12:35:30.396,341.093,1028.366,20.621,-125.021,4.065,5.0,-0.016,23.015
2026-03-03T12:35:30.910,341.593,1028.383,20.618,-125.163,4.065,5.0,-0.019,23.011
2026-03-03T12:35:31.395,342.093,1028.372,20.618,-125.071,4.065,5.0,0.008,23.011
2026-03-03T12:35:31.897,342.593,1028.386,20.603,-125.190,4.065,5.0,-0.012,23.013
2026-03-03T12:35:32.395,343.093,1028.373,20.604,-125.083,4.065,5.0,0.027,23.013
2026-03-03T12:35:32.897,343.593,1028.351,20.606,-124.902,4.065,5.0,-0.028,23.027
2026-03-03T12:35:33.396,344.093,1028.388,20.604,-125.205,4.065,5.0,0.023,22.992
2026-03-03T12:35:33.902,344.598,1028.375,20.617,-125.101,4.065,5.0,-0.051,23.008
2026-03-03T12:35:34.396,345.093,1028.386,20.607,-125.192,4.065,5.0,-0.011,23.033
2026-03-03T12:35:34.896,345.593,1028.356,20.600,-124.942,4.065,5.0,-0.016,23.017
2026-03-03T12:35:35.396,346.093,1028.367,20.572,-125.033,4.065,5.0,-0.000,23.006
2026-03-03T12:35:35.897,346.593,1028.371,20.581,-125.064,4.065,5.0,-0.001,22.999
2026-03-03T12:35:36.396,347.093,1028.372,20.570,-125.070,4.065,5.0,0.029,22.983
2026-03-03T12:35:36.895,347.593,1028.372,20.572,-125.071,4.065,5.0,0.005,23.008
2026-03-03T12:35:37.396,348.093,1028.377,20.571,-125.117,4.065,5.0,0.001,23.008
2026-03-03T12:35:37.895,348.593,1028.357,20.567,-124.953,4.065,5.0,-0.020,22.997
2026-03-03T12:35:38.395,349.093,1028.359,20.548,-124.968,4.065,5.0,-0.015,23.006
2026-03-03T12:35:38.895,349.593,1028.389,20.539,-125.214,4.065,5.0,-0.023,23.001
2026-03-03T12:35:39.395,350.093,1028.379,20.527,-125.134,4.065,5.0,0.004,22.992
2026-03-03T12:35:39.897,350.593,1028.361,20.521,-124.983,4.065,5.0,0.020,23.011
2026-03-03T12:35:40.396,351.093,1028.357,20.534,-124.949,4.065,5.0,0.009,23.013
2026-03-03T12:35:40.897,351.593,1028.358,20.525,-124.957,4.065,5.0,-0.003,23.004
2026-03-03T12:35:41.396,352.093,1028.386,20.500,-125.189,4.065,5.0,-0.029,23.022
2026-03-03T12:35:41.896,352.593,1028.371,20.495,-125.062,4.065,5.0,-0.022,23.020
2026-03-03T12:35:42.395,353.093,1028.366,20.507,-125.026,4.065,5.0,0.003,23.004
2026-03-03T12:35:42.895,353.593,1028.348,20.507,-124.872,4.065,5.0,0.022,22.999
2026-03-03T12:35:43.394,354.093,1028.356,20.486,-124.940,4.065,5.0,0.010,23.020
2026-03-03T12:35:43.899,354.596,1028.372,20.485,-125.076,4.065,5.0,0.003,23.001
2026-03-03T12:35:44.405,355.100,1028.269,20.499,-124.224,5.959,10.0,-0.074,23.015
2026-03-03T12:35:44.908,355.605,1028.251,20.487,-124.076,5.973,10.0,-0.101,23.004
2026-03-03T12:35:45.402,356.100,1028.254,20.480,-124.101,5.978,10.0,0.023,23.004
2026-03-03T12:35:45.902,356.600,1028.264,20.456,-124.189,5.981,10.0,0.036,22.997
2026-03-03T12:35:46.403,357.100,1028.255,20.438,-124.113,5.981,10.0,-0.029,23.008
2026-03-03T12:35:46.902,357.600,1028.267,20.420,-124.212,5.981,10.0,-0.017,23.004
2026-03-03T12:35:47.402,358.100,1028.250,20.421,-124.067,5.981,10.0,-0.019,23.013
2026-03-03T12:35:47.902,358.600,1028.248,20.409,-124.050,5.981,10.0,-0.015,23.015
2026-03-03T12:35:48.403,359.100,1028.245,20.407,-124.026,5.981,10.0,-0.018,23.006
2026-03-03T12:35:48.909,359.600,1028.260,20.405,-124.154,5.981,10.0,-0.032,22.999
2026-03-03T12:35:49.403,360.100,1028.268,20.413,-124.215,5.981,10.0,0.006,23.017
2026-03-03T12:35:49.918,360.600,1028.248,20.383,-124.052,5.981,10.0,-0.015,22.999
2026-03-03T12:35:50.402,361.100,1028.252,20.364,-124.091,5.981,10.0,-0.019,22.985
2026-03-03T12:35:50.903,361.600,1028.251,20.344,-124.081,5.981,10.0,0.037,23.011
2026-03-03T12:35:51.401,362.100,1028.256,20.346,-124.122,5.981,10.0,0.030,22.995
2026-03-03T12:35:51.903,362.600,1028.265,20.331,-124.193,5.981,10.0,0.003,23.006
2026-03-03T12:35:52.403,363.100,1028.250,20.329,-124.069,5.981,10.0,0.009,23.011
2026-03-03T12:35:52.903,363.600,1028.237,20.321,-123.963,5.981,10.0,0.041,23.008
2026-03-03T12:35:53.401,364.100,1028.250,20.315,-124.072,5.981,10.0,0.020,23.017
2026-03-03T12:35:53.903,364.600,1028.273,20.318,-124.258,5.981,10.0,0.010,23.022
2026-03-03T12:35:54.413,365.100,1028.263,20.312,-124.177,5.981,10.0,0.054,23.024
2026-03-03T12:35:54.902,365.600,1028.242,20.287,-124.003,5.981,10.0,-0.044,22.999
2026-03-03T12:35:55.425,366.105,1028.245,20.303,-124.025,5.981,10.0,0.031,23.008
2026-03-03T12:35:55.902,366.600,1028.243,20.293,-124.016,5.981,10.0,-0.006,23.011
2026-03-03T12:35:56.402,367.100,1028.275,20.288,-124.272,5.981,10.0,0.049,22.992
2026-03-03T12:35:56.901,367.600,1028.252,20.289,-124.090,5.981,10.0,-0.004,23.013
2026-03-03T12:35:57.404,368.100,1028.231,20.285,-123.918,5.981,10.0,-0.031,23.006
2026-03-03T12:35:57.902,368.600,1028.236,20.288,-123.959,5.981,10.0,0.032,23.013
2026-03-03T12:35:58.402,369.100,1028.259,20.270,-124.143,5.981,10.0,-0.030,23.015
2026-03-03T12:35:58.902,369.600,1028.257,20.266,-124.125,5.981,10.0,0.031,22.997
2026-03-03T12:35:59.402,370.100,1028.253,20.260,-124.097,5.981,10.0,-0.033,23.006
2026-03-03T12:35:59.931,370.600,1028.234,20.245,-123.938,5.981,10.0,-0.045,23.004
2026-03-03T12:36:00.402,371.100,1028.230,20.249,-123.904,5.981,10.0,-0.020,23.001
2026-03-03T12:36:00.903,371.600,1028.251,20.246,-124.076,5.981,10.0,0.027,22.995
2026-03-03T12:36:01.401,372.100,1028.277,20.239,-124.292,5.981,10.0,0.024,22.999
2026-03-03T12:36:01.903,372.600,1028.267,20.236,-124.214,5.981,10.0,-0.021,22.992
2026-03-03T12:36:02.402,373.100,1028.227,20.224,-123.883,5.981,10.0,0.023,23.004
2026-03-03T12:36:02.904,373.600,1028.236,20.220,-123.956,5.981,10.0,0.013,23.004
2026-03-03T12:36:03.401,374.100,1028.263,20.228,-124.177,5.981,10.0,0.007,23.008
2026-03-03T12:36:03.903,374.600,1028.266,20.230,-124.201,5.981,10.0,-0.014,23.008
2026-03-03T12:36:04.407,375.100,1028.252,20.224,-124.090,5.981,10.0,0.000,23.004
2026-03-03T12:36:04.902,375.600,1028.258,20.219,-124.139,5.981,10.0,0.003,22.997
2026-03-03T12:36:05.417,376.100,1028.241,20.210,-123.994,5.981,10.0,-0.016,23.011
2026-03-03T12:36:05.908,376.605,1028.254,20.190,-124.100,5.981,10.0,-0.014,22.999
2026-03-03T12:36:06.403,377.100,1028.259,20.170,-124.145,5.981,10.0,-0.026,23.006
2026-03-03T12:36:06.901,377.600,1028.253,20.161,-124.099,5.981,10.0,-0.037,23.004
2026-03-03T12:36:07.403,378.100,1028.235,20.150,-123.945,5.981,10.0,-0.010,23.017
2026-03-03T12:36:07.902,378.600,1028.244,20.159,-124.020,5.981,10.0,0.024,23.013
2026-03-03T12:36:08.403,379.100,1028.244,20.163,-124.024,5.981,10.0,0.015,23.029
2026-03-03T12:36:08.901,379.600,1028.267,20.135,-124.207,5.981,10.0,0.054,23.008
2026-03-03T12:36:09.403,380.100,1028.115,20.135,-122.959,7.678,15.0,-0.003,23.001
2026-03-03T12:36:09.907,380.600,1028.115,20.107,-122.960,7.689,15.0,-0.084,23.001
2026-03-03T12:36:10.402,381.100,1028.106,20.068,-122.890,7.692,15.0,0.020,22.992
2026-03-03T12:36:10.927,381.600,1028.106,20.038,-122.888,7.693,15.0,-0.017,23.011
2026-03-03T12:36:11.403,382.100,1028.128,20.021,-123.065,7.698,15.0,0.000,23.008
2026-03-03T12:36:11.903,382.600,1028.117,19.994,-122.974,7.698,15.0,-0.014,23.020
2026-03-03T12:36:12.401,383.100,1028.102,19.990,-122.856,7.698,15.0,0.025,23.020
2026-03-03T12:36:12.902,383.600,1028.108,19.964,-122.904,7.697,15.0,0.002,23.008
2026-03-03T12:36:13.402,384.100,1028.111,19.924,-122.931,7.697,15.0,-0.002,23.006
2026-03-03T12:36:13.901,384.600,1028.116,19.927,-122.965,7.697,15.0,0.010,23.015
2026-03-03T12:36:14.408,385.100,1028.128,19.915,-123.071,7.697,15.0,-0.019,23.008
2026-03-03T12:36:14.903,385.600,1028.096,19.895,-122.801,7.697,15.0,-0.015,23.001
2026-03-03T12:36:15.406,386.100,1028.097,19.871,-122.813,7.697,15.0,-0.002,23.011
2026-03-03T12:36:15.902,386.600,1028.108,19.859,-122.901,7.697,15.0,0.012,22.990
2026-03-03T12:36:16.408,387.105,1028.119,19.844,-122.996,7.696,15.0,-0.007,23.006
2026-03-03T12:36:16.901,387.600,1028.127,19.828,-123.060,7.696,15.0,-0.014,22.999
2026-03-03T12:36:17.403,388.100,1028.108,19.815,-122.903,7.696,15.0,-0.028,23.013
2026-03-03T12:36:17.901,388.600,1028.106,19.775,-122.886,7.696,15.0,-0.015,22.997
2026-03-03T12:36:18.403,389.100,1028.116,19.750,-122.965,7.696,15.0,0.018,23.001
2026-03-03T12:36:18.901,389.600,1028.122,19.751,-123.019,7.696,15.0,-0.002,23.024
2026-03-03T12:36:19.403,390.100,1028.128,19.739,-123.071,7.695,15.0,0.034,23.013
2026-03-03T12:36:19.903,390.600,1028.111,19.732,-122.927,7.695,15.0,0.015,23.033
2026-03-03T12:36:20.402,391.100,1028.094,19.721,-122.788,7.695,15.0,-0.013,23.006
2026-03-03T12:36:20.907,391.600,1028.108,19.694,-122.904,7.695,15.0,0.005,23.004
2026-03-03T12:36:21.401,392.100,1028.132,19.668,-123.104,7.695,15.0,-0.007,23.031
2026-03-03T12:36:21.916,392.600,1028.109,19.643,-122.915,7.695,15.0,0.074,23.001
2026-03-03T12:36:22.401,393.100,1028.115,19.626,-122.962,7.695,15.0,-0.018,23.001
2026-03-03T12:36:22.903,393.600,1028.113,19.627,-122.940,7.695,15.0,0.015,23.006
2026-03-03T12:36:23.401,394.100,1028.124,19.605,-123.037,7.695,15.0,0.037,22.983
2026-03-03T12:36:23.903,394.600,1028.128,19.574,-123.065,7.695,15.0,-0.007,23.020
2026-03-03T12:36:24.402,395.100,1028.114,19.559,-122.953,7.695,15.0,-0.013,23.024
2026-03-03T12:36:24.902,395.600,1028.106,19.540,-122.884,7.695,15.0,0.001,22.985
2026-03-03T12:36:25.411,396.100,1028.101,19.524,-122.847,7.695,15.0,-0.002,23.004
2026-03-03T12:36:25.902,396.600,1028.116,19.520,-122.967,7.695,15.0,0.004,22.999
2026-03-03T12:36:26.414,397.100,1028.125,19.493,-123.044,7.695,15.0,-0.054,23.011
2026-03-03T12:36:26.906,397.605,1028.125,19.496,-123.039,7.695,15.0,0.024,23.013
2026-03-03T12:36:27.401,398.100,1028.102,19.489,-122.857,7.695,15.0,-0.059,23.013
2026-03-03T12:36:27.901,398.600,1028.100,19.469,-122.840,7.695,15.0,0.014,23.011
2026-03-03T12:36:28.403,399.100,1028.111,19.447,-122.929,7.695,15.0,0.021,23.011
2026-03-03T12:36:28.901,399.600,1028.118,19.445,-122.981,7.695,15.0,-0.010,22.995
2026-03-03T12:36:29.403,400.100,1028.123,19.419,-123.030,7.695,15.0,-0.017,23.001
2026-03-03T12:36:29.901,400.600,1028.096,19.393,-122.801,7.695,15.0,-0.016,22.983
2026-03-03T12:36:30.402,401.100,1028.091,19.403,-122.764,8.446,17.4,-17.068,23.038
2026-03-03T12:36:30.903,401.600,1028.016,19.378,-122.146,9.240,20.0,-0.083,23.015
2026-03-03T12:36:31.402,402.100,1028.035,19.381,-122.302,9.246,20.0,-0.022,23.004
2026-03-03T12:36:31.907,402.600,1028.036,19.351,-122.307,9.251,20.0,-0.003,23.004
2026-03-03T12:36:32.401,403.100,1027.996,19.341,-121.986,9.256,20.0,0.015,23.008
2026-03-03T12:36:32.918,403.600,1028.002,19.327,-122.035,9.256,20.0,0.003,23.008
2026-03-03T12:36:33.402,404.100,1028.010,19.304,-122.101,9.256,20.0,0.011,23.001
2026-03-03T12:36:33.902,404.600,1028.021,19.307,-122.187,9.256,20.0,-0.036,23.017
2026-03-03T12:36:34.401,405.100,1028.021,19.278,-122.186,9.256,20.0,0.010,22.995
2026-03-03T12:36:34.901,405.600,1028.010,19.267,-122.093,9.256,20.0,-0.009,23.022
2026-03-03T12:36:35.401,406.100,1028.007,19.228,-122.076,9.256,20.0,-0.007,23.006
2026-03-03T12:36:35.901,406.600,1027.993,19.227,-121.953,9.256,20.0,-0.012,22.997
2026-03-03T12:36:36.402,407.100,1028.041,19.214,-122.355,9.256,20.0,0.013,23.006
2026-03-03T12:36:36.902,407.600,1028.018,19.214,-122.164,9.256,20.0,-0.013,22.981
2026-03-03T12:36:37.419,408.105,1028.001,19.199,-122.022,9.256,20.0,0.002,23.001
2026-03-03T12:36:37.903,408.600,1027.999,19.167,-122.003,9.256,20.0,-0.015,22.997
2026-03-03T12:36:38.402,409.100,1028.012,19.159,-122.110,9.255,20.0,0.031,23.017
2026-03-03T12:36:38.901,409.600,1028.019,19.157,-122.171,9.255,20.0,0.039,22.999
2026-03-03T12:36:39.402,410.100,1027.997,19.144,-121.993,9.255,20.0,-0.011,23.017
2026-03-03T12:36:39.901,410.600,1028.006,19.129,-122.064,9.255,20.0,-0.013,22.997
2026-03-03T12:36:40.402,411.100,1027.992,19.104,-121.951,9.255,20.0,-0.019,23.004
2026-03-03T12:36:40.903,411.600,1028.017,19.087,-122.151,9.255,20.0,-0.008,23.004
2026-03-03T12:36:41.401,412.100,1028.029,19.071,-122.253,9.255,20.0,-0.001,22.979
2026-03-03T12:36:41.910,412.600,1028.020,19.056,-122.178,9.255,20.0,0.001,23.004
2026-03-03T12:36:42.401,413.100,1028.005,19.033,-122.053,9.254,20.0,-0.006,23.015
2026-03-03T12:36:42.902,413.600,1028.003,19.019,-122.042,9.254,20.0,0.024,22.997
2026-03-03T12:36:43.401,414.100,1028.015,19.003,-122.135,9.254,20.0,-0.009,23.015
2026-03-03T12:36:43.902,414.600,1028.018,19.003,-122.165,9.254,20.0,0.020,23.024
2026-03-03T12:36:44.401,415.100,1028.019,18.977,-122.167,9.254,20.0,-0.032,23.011
2026-03-03T12:36:44.903,415.600,1028.004,18.972,-122.050,9.254,20.0,0.021,23.006
2026-03-03T12:36:45.401,416.100,1027.991,18.941,-121.939,9.254,20.0,0.027,23.011
2026-03-03T12:36:45.901,416.600,1028.020,18.936,-122.179,9.254,20.0,0.021,23.013
2026-03-03T12:36:46.413,417.100,1028.021,18.920,-122.190,9.254,20.0,-0.016,23.006
2026-03-03T12:36:46.902,417.600,1028.016,18.909,-122.149,9.254,20.0,0.012,23.001
2026-03-03T12:36:47.413,418.103,1028.003,18.912,-122.037,9.254,20.0,0.034,22.992
2026-03-03T12:36:47.910,418.608,1028.015,18.897,-122.140,9.254,20.0,0.014,23.015
2026-03-03T12:36:48.405,419.103,1028.020,18.877,-122.177,9.254,20.0,0.032,22.995
2026-03-03T12:36:48.904,419.603,1028.033,18.853,-122.288,9.254,20.0,0.050,23.004
2026-03-03T12:36:49.405,420.103,1027.949,18.839,-121.595,10.653,24.8,-0.704,22.995
2026-03-03T12:36:49.904,420.603,1027.930,18.821,-121.435,10.697,25.0,-0.016,23.011
2026-03-03T12:36:50.405,421.103,1027.940,18.811,-121.519,10.701,25.0,0.027,23.006
2026-03-03T12:36:50.904,421.603,1027.951,18.816,-121.615,10.703,25.0,0.002,22.992
2026-03-03T12:36:51.404,422.103,1027.963,18.781,-121.708,10.707,25.0,0.025,22.997
2026-03-03T12:36:51.905,422.603,1027.948,18.770,-121.584,10.707,25.0,-0.027,23.008
2026-03-03T12:36:52.404,423.103,1027.948,18.758,-121.589,10.707,25.0,-0.017,22.995
2026-03-03T12:36:52.905,423.603,1027.946,18.748,-121.574,10.707,25.0,-0.003,23.008
2026-03-03T12:36:53.404,424.103,1027.955,18.728,-121.641,10.707,25.0,-0.003,23.004
2026-03-03T12:36:53.905,424.603,1027.972,18.714,-121.784,10.707,25.0,0.004,23.017
2026-03-03T12:36:54.407,425.103,1027.939,18.711,-121.513,10.707,25.0,0.000,23.006
2026-03-03T12:36:54.906,425.603,1027.932,18.699,-121.456,10.707,25.0,0.018,22.988
2026-03-03T12:36:55.407,426.103,1027.942,18.686,-121.539,10.707,25.0,0.013,23.008
2026-03-03T12:36:55.905,426.603,1027.952,18.680,-121.617,10.707,25.0,-0.017,23.004
2026-03-03T12:36:56.421,427.103,1027.961,18.667,-121.690,10.707,25.0,-0.012,23.011
2026-03-03T12:36:56.904,427.603,1027.959,18.675,-121.674,10.707,25.0,-0.003,22.992
2026-03-03T12:36:57.405,428.103,1027.934,18.656,-121.475,10.707,25.0,0.028,23.006
2026-03-03T12:36:57.904,428.603,1027.964,18.639,-121.722,10.707,25.0,0.005,23.008
2026-03-03T12:36:58.411,429.108,1027.958,18.617,-121.673,10.707,25.0,0.026,22.999
2026-03-03T12:36:58.904,429.603,1027.950,18.602,-121.607,10.707,25.0,0.019,23.027
2026-03-03T12:36:59.404,430.103,1027.943,18.588,-121.550,10.707,25.0,0.000,23.015
2026-03-03T12:36:59.904,430.603,1027.930,18.587,-121.440,10.707,25.0,-0.000,22.999
2026-03-03T12:37:00.405,431.103,1027.926,18.580,-121.405,10.707,25.0,-0.001,22.999
2026-03-03T12:37:00.905,431.603,1027.948,18.573,-121.591,10.707,25.0,-0.007,23.011
2026-03-03T12:37:01.404,432.103,1027.959,18.573,-121.674,10.707,25.0,-0.029,22.995
2026-03-03T12:37:01.905,432.603,1027.953,18.564,-121.629,10.707,25.0,-0.018,22.997
2026-03-03T12:37:02.404,433.103,1027.935,18.531,-121.480,10.706,25.0,0.019,22.999
2026-03-03T12:37:02.905,433.603,1027.945,18.528,-121.561,10.706,25.0,0.000,23.004
2026-03-03T12:37:03.404,434.103,1027.968,18.515,-121.750,10.707,25.0,-0.033,23.011
2026-03-03T12:37:03.905,434.603,1027.957,18.488,-121.658,10.706,25.0,0.010,23.015
2026-03-03T12:37:04.403,435.103,1027.936,18.491,-121.485,10.706,25.0,-0.012,23.006
2026-03-03T12:37:04.904,435.603,1027.934,18.468,-121.475,10.706,25.0,0.006,22.985
2026-03-03T12:37:05.414,436.103,1027.940,18.471,-121.522,10.706,25.0,-0.025,22.995
2026-03-03T12:37:05.904,436.603,1027.972,18.465,-121.785,10.706,25.0,0.002,23.031
2026-03-03T12:37:06.405,437.103,1027.965,18.453,-121.729,11.384,27.4,-15.263,23.022
2026-03-03T12:37:06.904,437.603,1027.903,18.429,-121.220,12.085,30.0,-0.105,22.983
2026-03-03T12:37:07.403,438.103,1027.881,18.428,-121.034,12.093,30.0,-0.012,22.999
2026-03-03T12:37:07.903,438.603,1027.884,18.392,-121.059,12.095,30.0,-0.011,22.995
2026-03-03T12:37:08.403,439.103,1027.908,18.378,-121.262,12.100,30.0,0.047,23.008
2026-03-03T12:37:08.909,439.608,1027.902,18.374,-121.213,12.100,30.0,-0.025,23.004
2026-03-03T12:37:09.405,440.103,1027.865,18.343,-120.903,12.100,30.0,-0.005,23.001
2026-03-03T12:37:09.909,440.603,1027.874,18.336,-120.975,12.100,30.0,-0.023,23.008
2026-03-03T12:37:10.404,441.103,1027.897,18.320,-121.167,12.100,30.0,0.014,22.992
2026-03-03T12:37:10.906,441.603,1027.895,18.316,-121.149,12.100,30.0,0.014,22.999
2026-03-03T12:37:11.404,442.103,1027.897,18.288,-121.164,12.100,30.0,0.019,23.001
2026-03-03T12:37:11.904,442.603,1027.880,18.282,-121.030,12.100,30.0,-0.001,23.013
2026-03-03T12:37:12.406,443.103,1027.879,18.257,-121.017,12.099,30.0,-0.008,23.013
2026-03-03T12:37:12.905,443.603,1027.886,18.239,-121.079,12.099,30.0,-0.016,23.006
2026-03-03T12:37:13.413,444.103,1027.892,18.238,-121.123,12.099,30.0,-0.006,22.997
2026-03-03T12:37:13.905,444.603,1027.885,18.224,-121.073,12.099,30.0,0.036,22.992
2026-03-03T12:37:14.413,445.103,1027.884,18.214,-121.058,12.099,30.0,0.031,23.020
2026-03-03T12:37:14.903,445.603,1027.871,18.199,-120.953,12.099,30.0,0.011,23.004
2026-03-03T12:37:15.405,446.103,1027.891,18.191,-121.116,12.098,30.0,-0.004,23.008
2026-03-03T12:37:15.904,446.603,1027.888,18.177,-121.096,12.098,30.0,-0.005,23.004
2026-03-03T12:37:16.404,447.103,1027.901,18.161,-121.198,12.098,30.0,0.008,23.008
2026-03-03T12:37:16.903,447.603,1027.875,18.164,-120.986,12.098,30.0,0.008,23.008
2026-03-03T12:37:17.405,448.103,1027.895,18.139,-121.149,12.098,30.0,0.036,23.004
2026-03-03T12:37:17.903,448.603,1027.868,18.133,-120.929,12.098,30.0,-0.020,22.995
2026-03-03T12:37:18.405,449.103,1027.916,18.124,-121.321,12.098,30.0,-0.014,23.008
2026-03-03T12:37:18.910,449.603,1027.908,18.119,-121.256,12.097,30.0,0.020,22.999
2026-03-03T12:37:19.410,450.108,1027.872,18.104,-120.959,12.097,30.0,0.004,23.015
2026-03-03T12:37:19.904,450.603,1027.884,18.098,-121.062,12.097,30.0,-0.031,23.001
2026-03-03T12:37:20.403,451.103,1027.885,18.089,-121.070,12.097,30.0,-0.031,22.992
2026-03-03T12:37:20.905,451.603,1027.900,18.078,-121.190,12.097,30.0,0.015,22.995
2026-03-03T12:37:21.404,452.103,1027.900,18.071,-121.192,12.097,30.0,0.019,23.006
2026-03-03T12:37:21.904,452.603,1027.883,18.059,-121.052,12.097,30.0,0.005,23.017
2026-03-03T12:37:22.403,453.103,1027.869,18.054,-120.934,12.097,30.0,-0.008,23.004
2026-03-03T12:37:22.905,453.603,1027.875,18.043,-120.986,12.097,30.0,0.026,23.008
2026-03-03T12:37:23.413,454.103,1027.901,18.018,-121.202,12.097,30.0,0.019,23.011
2026-03-03T12:37:23.903,454.603,1027.900,18.011,-121.189,12.097,30.0,0.001,23.001
2026-03-03T12:37:24.415,455.103,1027.866,17.990,-120.912,12.097,30.0,0.011,23.004
2026-03-03T12:37:24.904,455.603,1027.877,17.989,-121.003,12.097,30.0,0.025,23.006
2026-03-03T12:37:25.405,456.103,1027.898,17.978,-121.176,12.097,30.0,-0.018,23.011
2026-03-03T12:37:25.903,456.603,1027.889,17.955,-121.105,12.097,30.0,-0.013,22.981
2026-03-03T12:37:26.404,457.103,1027.880,17.930,-121.031,12.097,30.0,0.011,23.015
2026-03-03T12:37:26.903,457.603,1027.867,17.925,-120.919,12.097,30.0,-0.011,23.008
2026-03-03T12:37:27.405,458.103,1027.873,17.919,-120.969,12.097,30.0,0.009,23.013
2026-03-03T12:37:27.908,458.603,1027.890,17.917,-121.111,12.097,30.0,-0.036,22.999
2026-03-03T12:37:28.404,459.103,1027.900,17.913,-121.192,12.097,30.0,0.001,23.008
2026-03-03T12:37:28.915,459.603,1027.901,17.908,-121.196,12.097,30.0,-0.023,23.029
2026-03-03T12:37:29.404,460.103,1027.870,17.884,-120.946,12.097,30.0,0.020,23.020
2026-03-03T12:37:29.927,460.608,1027.875,17.891,-120.984,12.098,30.0,-0.012,22.997
2026-03-03T12:37:30.403,461.103,1027.851,17.875,-120.786,13.458,35.0,0.003,22.988
2026-03-03T12:37:30.904,461.603,1027.851,17.861,-120.790,13.470,35.0,-0.020,22.999
2026-03-03T12:37:31.403,462.103,1027.850,17.858,-120.781,13.471,35.0,0.026,23.013
2026-03-03T12:37:31.903,462.603,1027.837,17.842,-120.675,13.478,35.0,-0.015,22.999
2026-03-03T12:37:32.406,463.103,1027.832,17.823,-120.636,13.477,35.0,-0.006,23.015
2026-03-03T12:37:32.905,463.603,1027.854,17.810,-120.810,13.477,35.0,0.021,23.004
2026-03-03T12:37:33.416,464.103,1027.864,17.800,-120.893,13.477,35.0,0.008,23.006
2026-03-03T12:37:33.905,464.603,1027.847,17.783,-120.757,13.477,35.0,-0.014,23.004
2026-03-03T12:37:34.404,465.103,1027.824,17.762,-120.571,13.477,35.0,0.004,23.004
2026-03-03T12:37:34.903,465.603,1027.835,17.761,-120.654,13.477,35.0,0.031,22.997
2026-03-03T12:37:35.404,466.103,1027.862,17.740,-120.882,13.477,35.0,0.006,22.992
2026-03-03T12:37:35.903,466.603,1027.862,17.726,-120.878,13.477,35.0,0.002,23.008
2026-03-03T12:37:36.404,467.103,1027.849,17.712,-120.775,13.477,35.0,0.008,22.995
2026-03-03T12:37:36.903,467.603,1027.841,17.696,-120.709,13.477,35.0,-0.026,22.999
2026-03-03T12:37:37.405,468.103,1027.828,17.699,-120.604,13.477,35.0,-0.017,23.004
2026-03-03T12:37:37.918,468.603,1027.862,17.693,-120.881,13.476,35.0,-0.013,23.013
2026-03-03T12:37:38.403,469.103,1027.866,17.675,-120.912,13.476,35.0,-0.011,23.015
2026-03-03T12:37:38.903,469.603,1027.859,17.668,-120.854,13.476,35.0,-0.017,23.011
2026-03-03T12:37:39.403,470.103,1027.841,17.663,-120.703,13.476,35.0,0.003,23.008
2026-03-03T12:37:39.904,470.603,1027.844,17.646,-120.736,13.476,35.0,0.006,23.006
2026-03-03T12:37:40.409,471.108,1027.853,17.632,-120.808,13.476,35.0,-0.042,23.008
2026-03-03T12:37:40.904,471.603,1027.880,17.631,-121.029,13.476,35.0,-0.009,22.999
2026-03-03T12:37:41.405,472.103,1027.868,17.611,-120.928,13.476,35.0,-0.030,23.006
2026-03-03T12:37:41.904,472.603,1027.841,17.610,-120.705,13.476,35.0,0.041,23.015
2026-03-03T12:37:42.419,473.103,1027.848,17.612,-120.761,13.476,35.0,0.004,23.004
2026-03-03T12:37:42.904,473.603,1027.858,17.600,-120.843,13.476,35.0,0.010,23.004
2026-03-03T12:37:43.404,474.103,1027.869,17.584,-120.936,13.476,35.0,0.042,23.001
2026-03-03T12:37:43.903,474.603,1027.861,17.582,-120.874,13.476,35.0,0.009,22.999
2026-03-03T12:37:44.404,475.103,1027.830,17.567,-120.616,13.476,35.0,0.005,22.999
2026-03-03T12:37:44.903,475.603,1027.845,17.552,-120.743,13.476,35.0,0.007,23.015
2026-03-03T12:37:45.404,476.103,1027.863,17.534,-120.888,13.476,35.0,0.006,22.995
2026-03-03T12:37:45.920,476.603,1027.870,17.533,-120.948,13.476,35.0,0.004,23.013
2026-03-03T12:37:46.404,477.103,1027.826,17.535,-120.583,14.869,40.0,0.038,23.006
2026-03-03T12:37:46.902,477.603,1027.816,17.518,-120.501,14.881,40.0,0.006,23.004
2026-03-03T12:37:47.403,478.103,1027.810,17.522,-120.449,14.885,40.0,0.004,23.004
2026-03-03T12:37:47.904,478.603,1027.829,17.509,-120.607,14.886,40.0,0.001,23.001
2026-03-03T12:37:48.403,479.103,1027.832,17.486,-120.635,14.886,40.0,-0.008,23.008
2026-03-03T12:37:48.904,479.603,1027.810,17.475,-120.449,14.887,40.0,-0.049,22.988
2026-03-03T12:37:49.403,480.103,1027.802,17.471,-120.384,14.887,40.0,-0.028,23.004
2026-03-03T12:37:49.903,480.603,1027.820,17.447,-120.534,14.887,40.0,0.004,22.997
2026-03-03T12:37:50.413,481.103,1027.830,17.447,-120.618,14.887,40.0,-0.006,23.015
2026-03-03T12:37:50.909,481.608,1027.821,17.429,-120.541,14.887,40.0,0.004,23.017
2026-03-03T12:37:51.405,482.103,1027.823,17.430,-120.558,14.887,40.0,0.006,23.008
2026-03-03T12:37:51.903,482.603,1027.815,17.421,-120.497,14.887,40.0,0.019,23.008
2026-03-03T12:37:52.404,483.103,1027.807,17.406,-120.430,14.887,40.0,0.012,22.995
2026-03-03T12:37:52.903,483.603,1027.830,17.389,-120.616,14.887,40.0,-0.009,23.004
2026-03-03T12:37:53.404,484.103,1027.824,17.379,-120.570,14.887,40.0,-0.003,23.001
2026-03-03T12:37:53.906,484.603,1027.821,17.381,-120.541,14.887,40.0,0.018,22.997
2026-03-03T12:37:54.404,485.103,1027.794,17.349,-120.323,14.887,40.0,-0.005,22.999
2026-03-03T12:37:54.919,485.603,1027.796,17.360,-120.340,14.887,40.0,0.001,22.992
2026-03-03T12:37:55.404,486.103,1027.821,17.351,-120.546,14.887,40.0,0.005,23.008
2026-03-03T12:37:55.905,486.603,1027.834,17.341,-120.646,14.887,40.0,0.002,22.992
2026-03-03T12:37:56.403,487.103,1027.813,17.346,-120.474,14.887,40.0,0.005,23.004
2026-03-03T12:37:56.904,487.603,1027.809,17.328,-120.443,14.887,40.0,-0.023,22.990
2026-03-03T12:37:57.402,488.103,1027.820,17.333,-120.533,14.887,40.0,-0.023,22.990
2026-03-03T12:37:57.904,488.603,1027.821,17.322,-120.546,14.887,40.0,-0.033,22.990
2026-03-03T12:37:58.405,489.103,1027.839,17.312,-120.689,14.887,40.0,0.024,22.992
2026-03-03T12:37:58.903,489.603,1027.814,17.312,-120.484,14.887,40.0,-0.031,22.979
2026-03-03T12:37:59.413,490.103,1027.825,17.297,-120.578,14.887,40.0,0.001,22.995
2026-03-03T12:37:59.904,490.603,1027.827,17.302,-120.590,14.887,40.0,-0.039,23.022
2026-03-03T12:38:00.404,491.103,1027.838,17.287,-120.685,14.887,40.0,0.015,22.997
2026-03-03T12:38:00.904,491.603,1027.846,17.275,-120.752,14.887,40.0,-0.020,22.992
2026-03-03T12:38:01.408,492.108,1027.831,17.262,-120.626,14.887,40.0,-0.004,23.027
2026-03-03T12:38:01.903,492.603,1027.810,17.244,-120.450,14.887,40.0,0.016,23.013
2026-03-03T12:38:02.404,493.103,1027.804,17.241,-120.402,14.887,40.0,-0.030,22.999
2026-03-03T12:38:02.902,493.603,1027.839,17.252,-120.693,14.887,40.0,0.035,23.004
2026-03-03T12:38:03.404,494.103,1027.832,17.237,-120.636,14.887,40.0,0.067,23.022
2026-03-03T12:38:03.911,494.603,1027.841,17.238,-120.705,14.887,40.0,0.010,23.006
2026-03-03T12:38:04.403,495.103,1027.812,17.241,-120.472,14.887,40.0,-0.004,23.008
2026-03-03T12:38:04.916,495.603,1027.809,17.217,-120.443,14.887,40.0,0.039,23.001
2026-03-03T12:38:05.403,496.103,1027.838,17.202,-120.683,14.887,40.0,-0.013,22.985
2026-03-03T12:38:05.904,496.603,1027.829,17.198,-120.612,14.887,40.0,-0.009,23.015
2026-03-03T12:38:06.403,497.103,1027.846,17.184,-120.746,14.887,40.0,0.005,23.024
2026-03-03T12:38:06.903,497.603,1027.828,17.171,-120.604,14.887,40.0,0.013,22.997
2026-03-03T12:38:07.402,498.103,1027.786,17.163,-120.254,16.113,44.1,-5.350,22.995
2026-03-03T12:38:07.903,498.603,1027.801,17.160,-120.374,16.366,45.0,-0.017,22.999
2026-03-03T12:38:08.403,499.103,1027.809,17.139,-120.441,16.377,45.0,-0.014,22.999
2026-03-03T12:38:08.904,499.603,1027.811,17.126,-120.460,16.377,45.0,0.016,23.011
2026-03-03T12:38:09.405,500.103,1027.808,17.119,-120.439,16.382,45.0,-0.042,22.999
2026-03-03T12:38:09.904,500.603,1027.796,17.115,-120.337,16.382,45.0,0.009,23.006
2026-03-03T12:38:10.411,501.103,1027.786,17.094,-120.259,16.382,45.0,-0.013,23.011
2026-03-03T12:38:10.902,501.603,1027.808,17.090,-120.439,16.382,45.0,0.014,23.001
2026-03-03T12:38:11.421,502.103,1027.806,17.085,-120.418,16.382,45.0,0.000,22.995
2026-03-03T12:38:11.908,502.608,1027.794,17.084,-120.319,16.382,45.0,0.005,23.011
2026-03-03T12:38:12.403,503.103,1027.812,17.083,-120.465,16.382,45.0,-0.033,23.001
2026-03-03T12:38:12.902,503.603,1027.820,17.065,-120.533,16.381,45.0,-0.008,23.011
2026-03-03T12:38:13.403,504.103,1027.811,17.056,-120.464,16.381,45.0,-0.026,23.004
2026-03-03T12:38:13.902,504.603,1027.805,17.056,-120.411,16.381,45.0,0.042,23.015
2026-03-03T12:38:14.404,505.103,1027.803,17.051,-120.398,16.381,45.0,0.002,22.990
2026-03-03T12:38:14.903,505.603,1027.799,17.022,-120.360,16.381,45.0,-0.029,23.008
2026-03-03T12:38:15.404,506.103,1027.788,17.014,-120.269,16.380,45.0,0.040,23.004
2026-03-03T12:38:15.908,506.603,1027.824,17.011,-120.565,16.381,45.0,0.000,22.995
2026-03-03T12:38:16.403,507.103,1027.810,17.003,-120.452,16.380,45.0,-0.008,22.995
2026-03-03T12:38:16.913,507.603,1027.784,17.005,-120.239,16.380,45.0,0.000,22.999
2026-03-03T12:38:17.404,508.103,1027.804,16.998,-120.402,16.380,45.0,0.007,23.006
2026-03-03T12:38:17.904,508.603,1027.806,16.984,-120.420,16.380,45.0,-0.028,23.011
2026-03-03T12:38:18.402,509.103,1027.814,16.985,-120.483,16.380,45.0,-0.004,22.988
2026-03-03T12:38:18.903,509.603,1027.814,16.987,-120.485,16.380,45.0,-0.017,23.020
2026-03-03T12:38:19.404,510.103,1027.783,16.965,-120.229,16.380,45.0,-0.014,22.997
2026-03-03T12:38:19.902,510.603,1027.786,16.961,-120.256,16.380,45.0,-0.009,22.997
2026-03-03T12:38:20.402,511.103,1027.799,16.955,-120.358,16.380,45.0,-0.007,22.997
2026-03-03T12:38:20.903,511.603,1027.826,16.957,-120.582,16.380,45.0,-0.008,22.995
2026-03-03T12:38:21.405,512.104,1027.816,16.941,-120.499,16.380,45.0,0.004,23.015
2026-03-03T12:38:21.904,512.604,1027.774,16.941,-120.155,16.380,45.0,0.007,23.001
2026-03-03T12:38:22.404,513.104,1027.787,16.926,-120.266,16.380,45.0,-0.006,22.990
2026-03-03T12:38:22.909,513.609,1027.839,16.929,-120.689,16.380,45.0,-0.012,22.997
2026-03-03T12:38:23.405,514.104,1027.825,16.909,-120.573,16.380,45.0,-0.017,22.981
2026-03-03T12:38:23.910,514.604,1027.795,16.905,-120.332,16.380,45.0,0.002,23.004
2026-03-03T12:38:24.404,515.104,1027.781,16.896,-120.210,17.830,49.5,-3.017,22.990
2026-03-03T12:38:24.922,515.604,1027.801,16.877,-120.377,17.987,50.0,0.041,22.992
2026-03-03T12:38:25.403,516.104,1027.807,16.879,-120.425,17.993,50.0,-0.010,22.990
2026-03-03T12:38:25.905,516.604,1027.805,16.863,-120.412,17.999,50.0,0.011,22.995
2026-03-03T12:38:26.403,517.104,1027.797,16.862,-120.343,17.999,50.0,0.008,22.999
2026-03-03T12:38:26.904,517.604,1027.789,16.869,-120.281,17.999,50.0,-0.011,22.995
2026-03-03T12:38:27.403,518.104,1027.764,16.856,-120.070,17.999,50.0,0.019,23.004
2026-03-03T12:38:27.904,518.604,1027.802,16.843,-120.388,18.000,50.0,-0.036,22.983
2026-03-03T12:38:28.405,519.104,1027.808,16.830,-120.438,18.000,50.0,-0.053,23.004
2026-03-03T12:38:28.905,519.604,1027.803,16.826,-120.396,18.000,50.0,-0.011,22.995
2026-03-03T12:38:29.410,520.104,1027.775,16.811,-120.163,18.000,50.0,0.023,23.006
2026-03-03T12:38:29.904,520.604,1027.771,16.806,-120.128,18.000,50.0,0.000,23.027
2026-03-03T12:38:30.414,521.104,1027.798,16.797,-120.350,18.000,50.0,0.024,22.988
2026-03-03T12:38:30.904,521.604,1027.811,16.788,-120.457,18.000,50.0,-0.020,22.995
2026-03-03T12:38:31.404,522.104,1027.801,16.783,-120.377,18.000,50.0,0.020,22.988
2026-03-03T12:38:31.903,522.604,1027.786,16.775,-120.256,18.000,50.0,0.004,23.001
2026-03-03T12:38:32.404,523.104,1027.795,16.776,-120.325,18.000,50.0,-0.010,23.013
2026-03-03T12:38:32.903,523.604,1027.807,16.763,-120.428,18.000,50.0,0.005,22.985
2026-03-03T12:38:33.410,524.109,1027.793,16.760,-120.313,18.000,50.0,0.018,22.988
2026-03-03T12:38:33.905,524.604,1027.784,16.767,-120.242,18.000,50.0,-0.036,23.011
2026-03-03T12:38:34.404,525.104,1027.770,16.742,-120.121,18.000,50.0,0.024,22.997
2026-03-03T12:38:34.903,525.604,1027.796,16.737,-120.340,18.000,50.0,0.011,22.999
2026-03-03T12:38:35.405,526.104,1027.795,16.729,-120.332,18.000,50.0,-0.015,23.001
2026-03-03T12:38:35.905,526.604,1027.820,16.723,-120.534,18.000,50.0,-0.000,23.015
2026-03-03T12:38:36.404,527.104,1027.805,16.710,-120.409,18.000,50.0,-0.030,23.008
2026-03-03T12:38:36.903,527.604,1027.796,16.719,-120.340,18.000,50.0,0.039,23.006
2026-03-03T12:38:37.403,528.104,1027.800,16.701,-120.370,18.000,50.0,0.032,22.995
2026-03-03T12:38:37.906,528.604,1027.803,16.674,-120.394,18.000,50.0,0.009,22.990
2026-03-03T12:38:38.403,529.104,1027.803,16.674,-120.395,18.000,50.0,0.015,23.013
2026-03-03T12:38:38.904,529.604,1027.774,16.655,-120.157,18.000,50.0,-0.010,22.995
2026-03-03T12:38:39.409,530.104,1027.784,16.655,-120.241,18.000,50.0,-0.008,22.995
2026-03-03T12:38:39.904,530.604,1027.796,16.643,-120.339,18.000,50.0,-0.047,23.001
2026-03-03T12:38:40.412,531.104,1027.815,16.630,-120.497,18.000,50.0,-0.055,23.004
2026-03-03T12:38:40.904,531.604,1027.813,16.625,-120.477,18.000,50.0,-0.012,22.999
2026-03-03T12:38:41.404,532.104,1027.805,16.617,-120.409,18.000,50.0,0.011,22.992
2026-03-03T12:38:41.903,532.604,1027.785,16.619,-120.250,18.000,50.0,0.040,23.001
2026-03-03T12:38:42.404,533.104,1027.787,16.599,-120.264,18.000,50.0,0.009,22.990
2026-03-03T12:38:42.903,533.604,1027.805,16.591,-120.411,18.000,50.0,0.007,23.006
2026-03-03T12:38:43.403,534.104,1027.792,16.579,-120.301,18.000,50.0,-0.021,22.992
2026-03-03T12:38:43.908,534.609,1027.793,16.593,-120.312,18.000,50.0,-0.008,22.997
2026-03-03T12:38:44.404,535.104,1027.793,16.579,-120.316,18.000,50.0,0.013,23.008
2026-03-03T12:38:44.921,535.604,1027.801,16.571,-120.379,18.000,50.0,-0.022,22.990
2026-03-03T12:38:45.404,536.104,1027.804,16.562,-120.402,18.000,50.0,0.028,22.656
2026-03-03T12:38:45.904,536.604,1027.807,16.562,-120.424,19.780,55.0,-0.071,23.004
2026-03-03T12:38:46.403,537.104,1027.797,16.564,-120.342,19.787,55.0,-0.018,22.992
2026-03-03T12:38:46.905,537.604,1027.775,16.561,-120.163,19.793,55.0,0.043,22.995
2026-03-03T12:38:47.402,538.104,1027.790,16.548,-120.284,19.795,55.0,-0.005,22.997
2026-03-03T12:38:47.904,538.604,1027.822,16.540,-120.552,19.799,55.0,0.008,23.011
2026-03-03T12:38:48.403,539.104,1027.798,16.535,-120.356,19.799,55.0,0.007,22.995
2026-03-03T12:38:48.906,539.604,1027.794,16.545,-120.318,19.799,55.0,0.026,23.004
2026-03-03T12:38:49.411,540.104,1027.757,16.526,-120.020,19.799,55.0,0.011,22.990
2026-03-03T12:38:49.903,540.604,1027.797,16.520,-120.344,19.798,55.0,0.006,23.015
2026-03-03T12:38:50.404,541.104,1027.816,16.512,-120.499,19.798,55.0,-0.025,22.981
2026-03-03T12:38:50.903,541.604,1027.796,16.500,-120.336,19.798,55.0,0.005,22.997
2026-03-03T12:38:51.403,542.104,1027.781,16.483,-120.215,19.798,55.0,-0.012,22.985
2026-03-03T12:38:51.903,542.604,1027.776,16.475,-120.169,19.797,55.0,-0.015,22.983
2026-03-03T12:38:52.403,543.104,1027.806,16.470,-120.418,19.797,55.0,0.047,22.997
2026-03-03T12:38:52.902,543.604,1027.808,16.470,-120.433,19.797,55.0,0.016,23.004
2026-03-03T12:38:53.404,544.104,1027.791,16.460,-120.295,19.796,55.0,-0.011,23.011
2026-03-03T12:38:53.903,544.604,1027.788,16.464,-120.268,19.796,55.0,-0.018,22.985
2026-03-03T12:38:54.409,545.109,1027.770,16.466,-120.123,19.796,55.0,-0.015,22.974
2026-03-03T12:38:54.910,545.604,1027.794,16.466,-120.323,19.796,55.0,0.005,23.004
2026-03-03T12:38:55.405,546.104,1027.806,16.449,-120.416,19.796,55.0,-0.007,22.995
2026-03-03T12:38:55.903,546.604,1027.808,16.453,-120.435,19.795,55.0,-0.010,23.017
2026-03-03T12:38:56.403,547.104,1027.805,16.456,-120.414,19.795,55.0,0.003,22.988
2026-03-03T12:38:56.904,547.604,1027.789,16.453,-120.282,19.795,55.0,0.029,23.006
2026-03-03T12:38:57.404,548.104,1027.800,16.452,-120.373,19.795,55.0,-0.003,23.001
2026-03-03T12:38:57.903,548.604,1027.812,16.433,-120.465,19.795,55.0,0.020,23.001
2026-03-03T12:38:58.422,549.104,1027.804,16.432,-120.402,19.795,55.0,0.002,22.999
2026-03-03T12:38:58.904,549.604,1027.779,16.421,-120.193,19.795,55.0,0.017,23.011
2026-03-03T12:38:59.403,550.104,1027.778,16.420,-120.185,19.795,55.0,-0.001,23.017
2026-03-03T12:38:59.903,550.604,1027.805,16.413,-120.409,19.795,55.0,0.020,22.995
2026-03-03T12:39:00.405,551.104,1027.806,16.405,-120.418,19.795,55.0,-0.000,23.013
2026-03-03T12:39:00.902,551.604,1027.806,16.402,-120.415,19.795,55.0,-0.041,22.974
2026-03-03T12:39:01.403,552.104,1027.783,16.400,-120.231,19.795,55.0,0.009,22.999
2026-03-03T12:39:01.907,552.604,1027.775,16.405,-120.166,19.795,55.0,-0.019,22.992
2026-03-03T12:39:02.403,553.104,1027.800,16.392,-120.369,21.787,60.0,-0.052,22.997
2026-03-03T12:39:02.923,553.604,1027.807,16.385,-120.424,21.804,60.0,-0.013,22.985
2026-03-03T12:39:03.403,554.104,1027.801,16.373,-120.377,21.811,60.0,-0.005,22.988
2026-03-03T12:39:03.904,554.604,1027.761,16.372,-120.046,21.812,60.0,0.033,22.999
2026-03-03T12:39:04.403,555.104,1027.786,16.376,-120.257,21.813,60.0,0.022,22.999
2026-03-03T12:39:04.908,555.609,1027.820,16.349,-120.533,21.813,60.0,0.022,23.006
2026-03-03T12:39:05.403,556.104,1027.793,16.359,-120.311,21.813,60.0,0.029,23.017
2026-03-03T12:39:05.904,556.604,1027.799,16.365,-120.362,21.814,60.0,-0.029,22.999
2026-03-03T12:39:06.405,557.104,1027.802,16.376,-120.386,21.813,60.0,0.008,23.008
2026-03-03T12:39:06.904,557.604,1027.812,16.382,-120.468,21.813,60.0,-0.018,22.992
2026-03-03T12:39:07.411,558.104,1027.797,16.395,-120.348,21.813,60.0,0.002,23.020
2026-03-03T12:39:07.903,558.604,1027.795,16.374,-120.331,21.813,60.0,-0.018,22.990
2026-03-03T12:39:08.403,559.104,1027.792,16.363,-120.300,21.813,60.0,-0.023,22.985
2026-03-03T12:39:08.903,559.604,1027.812,16.367,-120.470,21.813,60.0,-0.003,22.997
2026-03-03T12:39:09.404,560.104,1027.781,16.355,-120.209,21.813,60.0,0.001,23.006
2026-03-03T12:39:09.903,560.604,1027.831,16.343,-120.627,21.813,60.0,-0.030,23.008
2026-03-03T12:39:10.404,561.104,1027.842,16.325,-120.713,21.813,60.0,-0.007,23.006
2026-03-03T12:39:10.903,561.604,1027.808,16.334,-120.435,21.813,60.0,0.004,23.004
2026-03-03T12:39:11.404,562.104,1027.778,16.319,-120.186,21.813,60.0,0.042,23.001
2026-03-03T12:39:11.905,562.604,1027.780,16.308,-120.207,21.813,60.0,-0.055,22.995
2026-03-03T12:39:12.403,563.104,1027.832,16.294,-120.632,21.813,60.0,0.002,23.013
2026-03-03T12:39:12.909,563.604,1027.817,16.313,-120.511,21.813,60.0,0.082,23.001
2026-03-03T12:39:13.402,564.104,1027.810,16.311,-120.454,21.813,60.0,0.008,22.999
2026-03-03T12:39:13.902,564.604,1027.777,16.307,-120.184,21.813,60.0,0.020,22.995
2026-03-03T12:39:14.402,565.104,1027.800,16.318,-120.369,21.813,60.0,0.023,23.015
2026-03-03T12:39:14.904,565.604,1027.783,16.323,-120.228,21.813,60.0,-0.033,23.004
2026-03-03T12:39:15.408,566.109,1027.824,16.306,-120.566,21.813,60.0,-0.020,23.001
2026-03-03T12:39:15.903,566.604,1027.835,16.314,-120.657,21.813,60.0,0.005,23.011
2026-03-03T12:39:16.403,567.104,1027.798,16.294,-120.357,21.813,60.0,-0.005,22.995
2026-03-03T12:39:16.904,567.604,1027.791,16.285,-120.296,21.813,60.0,-0.006,23.001
2026-03-03T12:39:17.409,568.104,1027.801,16.285,-120.380,21.813,60.0,0.003,22.997
2026-03-03T12:39:17.902,568.604,1027.813,16.296,-120.474,21.813,60.0,0.002,23.008
2026-03-03T12:39:18.404,569.104,1027.806,16.280,-120.421,21.813,60.0,0.027,23.004
2026-03-03T12:39:18.902,569.604,1027.818,16.264,-120.516,21.813,60.0,0.001,22.983
2026-03-03T12:39:19.404,570.104,1027.803,16.261,-120.391,21.813,60.0,0.027,23.015
2026-03-03T12:39:19.903,570.604,1027.798,16.261,-120.352,21.813,60.0,0.036,23.006
2026-03-03T12:39:20.402,571.104,1027.824,16.248,-120.564,21.813,60.0,-0.017,23.001
2026-03-03T12:39:20.904,571.604,1027.831,16.247,-120.624,21.813,60.0,0.027,22.661
2026-03-03T12:39:21.403,572.104,1027.783,16.240,-120.229,24.084,65.0,-0.043,22.999
2026-03-03T12:39:21.909,572.604,1027.831,16.237,-120.623,24.094,65.0,0.013,23.008
2026-03-03T12:39:22.403,573.104,1027.825,16.232,-120.574,24.097,65.0,-0.130,22.992
2026-03-03T12:39:22.927,573.604,1027.844,16.238,-120.733,24.101,65.0,-0.083,22.983
2026-03-03T12:39:23.403,574.104,1027.818,16.235,-120.522,24.101,65.0,-0.012,23.022
2026-03-03T12:39:23.902,574.604,1027.837,16.212,-120.672,24.101,65.0,0.005,22.988
2026-03-03T12:39:24.403,575.104,1027.816,16.230,-120.503,24.100,65.0,0.009,22.988
2026-03-03T12:39:24.904,575.604,1027.823,16.229,-120.556,24.100,65.0,0.012,23.011
2026-03-03T12:39:25.403,576.104,1027.808,16.222,-120.435,24.100,65.0,0.003,23.011
2026-03-03T12:39:25.909,576.609,1027.832,16.230,-120.633,24.100,65.0,0.007,22.999
2026-03-03T12:39:26.404,577.104,1027.795,16.218,-120.332,24.100,65.0,0.014,23.004
2026-03-03T12:39:26.904,577.604,1027.792,16.220,-120.304,24.100,65.0,-0.007,22.983
2026-03-03T12:39:27.412,578.104,1027.843,16.212,-120.726,24.100,65.0,0.010,22.990
2026-03-03T12:39:27.904,578.604,1027.811,16.199,-120.463,24.100,65.0,-0.016,22.985
2026-03-03T12:39:28.444,579.104,1027.843,16.204,-120.727,24.100,65.0,-0.009,22.997
2026-03-03T12:39:28.902,579.604,1027.819,16.199,-120.524,24.100,65.0,-0.017,22.999
2026-03-03T12:39:29.404,580.104,1027.796,16.188,-120.338,24.100,65.0,-0.027,23.015
2026-03-03T12:39:29.902,580.604,1027.813,16.193,-120.481,24.100,65.0,0.015,22.999
2026-03-03T12:39:30.403,581.104,1027.825,16.191,-120.578,24.100,65.0,-0.018,22.985
2026-03-03T12:39:30.902,581.604,1027.838,16.179,-120.684,24.100,65.0,-0.013,23.004
2026-03-03T12:39:31.403,582.104,1027.829,16.193,-120.611,24.100,65.0,0.022,22.990
2026-03-03T12:39:31.902,582.604,1027.803,16.182,-120.395,24.100,65.0,0.026,23.011
2026-03-03T12:39:32.402,583.104,1027.812,16.175,-120.466,24.100,65.0,-0.014,22.992
2026-03-03T12:39:32.903,583.604,1027.830,16.168,-120.620,24.100,65.0,-0.009,22.999
2026-03-03T12:39:33.403,584.104,1027.819,16.185,-120.528,24.100,65.0,-0.000,22.988
2026-03-03T12:39:33.904,584.604,1027.843,16.167,-120.727,24.100,65.0,-0.007,22.992
2026-03-03T12:39:34.402,585.104,1027.826,16.170,-120.584,24.100,65.0,-0.024,23.013
2026-03-03T12:39:34.903,585.604,1027.819,16.162,-120.524,24.100,65.0,-0.018,22.997
2026-03-03T12:39:35.402,586.104,1027.825,16.169,-120.576,24.100,65.0,0.006,23.029
2026-03-03T12:39:35.903,586.604,1027.814,16.166,-120.489,24.100,65.0,-0.009,22.995
2026-03-03T12:39:36.421,587.109,1027.822,16.155,-120.549,24.100,65.0,0.001,23.013
2026-03-03T12:39:36.904,587.604,1027.829,16.148,-120.612,24.100,65.0,-0.004,23.022
2026-03-03T12:39:37.403,588.104,1027.820,16.140,-120.537,24.100,65.0,-0.001,22.999
2026-03-03T12:39:37.902,588.604,1027.830,16.132,-120.614,24.100,65.0,-0.014,23.022
2026-03-03T12:39:38.402,589.104,1027.818,16.139,-120.521,24.100,65.0,0.002,23.001
2026-03-03T12:39:38.902,589.604,1027.810,16.129,-120.450,26.651,69.9,-0.537,23.001
2026-03-03T12:39:39.403,590.104,1027.831,16.130,-120.628,26.691,70.0,-0.010,22.990
2026-03-03T12:39:39.902,590.604,1027.831,16.138,-120.626,26.698,70.0,0.009,22.992
2026-03-03T12:39:40.402,591.104,1027.847,16.151,-120.759,26.700,70.0,-0.005,22.999
2026-03-03T12:39:40.903,591.604,1027.854,16.138,-120.818,26.703,70.0,-0.021,22.981
2026-03-03T12:39:41.403,592.104,1027.835,16.151,-120.661,26.703,70.0,-0.056,23.001
2026-03-03T12:39:41.913,592.604,1027.815,16.151,-120.493,26.703,70.0,-0.005,22.983
2026-03-03T12:39:42.403,593.104,1027.843,16.128,-120.726,26.703,70.0,-0.002,22.992
2026-03-03T12:39:42.912,593.604,1027.879,16.132,-121.019,26.703,70.0,0.028,22.983
2026-03-03T12:39:43.402,594.104,1027.870,16.117,-120.945,26.703,70.0,-0.009,22.979
2026-03-03T12:39:43.904,594.604,1027.832,16.131,-120.636,26.703,70.0,-0.020,23.006
2026-03-03T12:39:44.402,595.104,1027.832,16.119,-120.634,26.703,70.0,-0.002,22.995
2026-03-03T12:39:44.903,595.604,1027.800,16.121,-120.368,26.703,70.0,0.000,23.020
2026-03-03T12:39:45.407,596.104,1027.835,16.127,-120.655,26.703,70.0,-0.029,22.979
2026-03-03T12:39:45.903,596.604,1027.835,16.128,-120.656,26.703,70.0,0.024,23.001
2026-03-03T12:39:46.404,597.104,1027.803,16.128,-120.396,26.703,70.0,-0.026,22.990
2026-03-03T12:39:46.908,597.609,1027.814,16.118,-120.488,26.703,70.0,-0.023,22.992
2026-03-03T12:39:47.403,598.104,1027.857,16.128,-120.840,26.703,70.0,0.006,23.004
2026-03-03T12:39:47.902,598.604,1027.862,16.111,-120.879,26.703,70.0,-0.002,23.001
2026-03-03T12:39:48.403,599.104,1027.848,16.108,-120.763,26.703,70.0,-0.020,22.995
2026-03-03T12:39:48.902,599.604,1027.833,16.092,-120.643,26.703,70.0,0.006,23.008
2026-03-03T12:39:49.403,600.104,1027.805,16.085,-120.407,26.702,70.0,0.085,22.997
2026-03-03T12:39:49.906,600.604,1027.854,16.066,-120.812,26.703,70.0,-0.032,23.013
2026-03-03T12:39:50.403,601.104,1027.825,16.061,-120.579,26.702,70.0,-0.002,22.999
2026-03-03T12:39:50.903,601.604,1027.860,16.061,-120.862,26.703,70.0,-0.067,22.997
2026-03-03T12:39:51.403,602.104,1027.830,16.047,-120.620,26.702,70.0,0.047,23.006
2026-03-03T12:39:51.903,602.604,1027.833,16.057,-120.645,26.703,70.0,-0.017,22.999
2026-03-03T12:39:52.402,603.104,1027.851,16.052,-120.793,26.703,70.0,-0.029,22.990
2026-03-03T12:39:52.903,603.604,1027.828,16.062,-120.602,26.703,70.0,-0.004,23.004
2026-03-03T12:39:53.402,604.104,1027.880,16.058,-121.028,26.703,70.0,-0.017,22.997
2026-03-03T12:39:53.903,604.604,1027.831,16.042,-120.624,26.702,70.0,-0.017,23.001
2026-03-03T12:39:54.402,605.104,1027.832,16.045,-120.634,26.702,70.0,0.003,23.011
2026-03-03T12:39:54.903,605.604,1027.859,16.065,-120.857,26.702,70.0,-0.016,22.999
2026-03-03T12:39:55.402,606.104,1027.849,16.061,-120.770,26.702,70.0,0.052,22.997
2026-03-03T12:39:55.903,606.604,1027.864,16.061,-120.892,26.702,70.0,0.043,22.997
2026-03-03T12:39:56.403,607.104,1027.844,16.061,-120.732,26.702,70.0,0.022,22.997
2026-03-03T12:39:56.903,607.604,1027.820,16.048,-120.537,29.162,74.2,-10.819,23.017
2026-03-03T12:39:57.408,608.109,1027.889,16.057,-121.103,29.656,75.0,0.006,22.997
2026-03-03T12:39:57.902,608.604,1027.876,16.055,-120.995,29.661,75.0,-0.011,23.020
2026-03-03T12:39:58.403,609.104,1027.864,16.054,-120.894,29.667,75.0,-0.007,23.001
2026-03-03T12:39:58.902,609.604,1027.849,16.050,-120.775,29.667,75.0,-0.007,22.999
2026-03-03T12:39:59.403,610.104,1027.835,16.041,-120.661,29.669,75.0,0.015,22.999
2026-03-03T12:39:59.901,610.604,1027.870,16.032,-120.944,29.669,75.0,-0.021,23.015
2026-03-03T12:40:00.403,611.104,1027.858,16.033,-120.846,29.669,75.0,0.016,22.995
2026-03-03T12:40:00.906,611.604,1027.859,16.017,-120.855,29.669,75.0,0.018,22.990
2026-03-03T12:40:01.402,612.104,1027.833,16.013,-120.645,29.669,75.0,0.007,22.999
2026-03-03T12:40:01.903,612.604,1027.816,16.014,-120.502,29.669,75.0,0.007,22.972
2026-03-03T12:40:02.402,613.104,1027.888,16.005,-121.091,29.669,75.0,-0.009,23.006
2026-03-03T12:40:02.904,613.604,1027.884,16.004,-121.059,29.669,75.0,0.003,22.999
2026-03-03T12:40:03.402,614.104,1027.849,16.007,-120.772,29.669,75.0,0.038,23.001
2026-03-03T12:40:03.903,614.604,1027.830,16.009,-120.620,29.669,75.0,0.009,23.008
2026-03-03T12:40:04.401,615.104,1027.824,16.021,-120.569,29.669,75.0,-0.008,22.995
2026-03-03T12:40:04.902,615.604,1027.864,16.020,-120.896,29.669,75.0,-0.008,22.997
2026-03-03T12:40:05.405,616.104,1027.850,16.015,-120.778,29.669,75.0,-0.004,22.992
2026-03-03T12:40:05.903,616.604,1027.871,16.012,-120.951,29.669,75.0,-0.033,23.004
2026-03-03T12:40:06.419,617.104,1027.819,15.995,-120.524,29.669,75.0,-0.021,22.981
2026-03-03T12:40:06.901,617.604,1027.829,15.990,-120.611,29.669,75.0,-0.003,22.999
2026-03-03T12:40:07.403,618.104,1027.845,15.962,-120.742,29.669,75.0,-0.012,22.995
2026-03-03T12:40:07.907,618.609,1027.839,15.978,-120.693,29.669,75.0,0.031,23.011
2026-03-03T12:40:08.403,619.104,1027.828,15.981,-120.597,29.669,75.0,-0.022,23.013
2026-03-03T12:40:08.902,619.604,1027.856,15.963,-120.827,29.669,75.0,0.003,22.985
2026-03-03T12:40:09.402,620.104,1027.853,15.965,-120.806,29.669,75.0,-0.002,23.011
2026-03-03T12:40:09.907,620.604,1027.841,15.952,-120.711,29.669,75.0,-0.004,23.006
2026-03-03T12:40:10.402,621.104,1027.861,15.961,-120.871,29.669,75.0,0.027,23.013
2026-03-03T12:40:10.903,621.604,1027.850,15.950,-120.778,29.669,75.0,0.039,23.017
2026-03-03T12:40:11.402,622.104,1027.854,15.946,-120.813,29.669,75.0,-0.037,23.017
2026-03-03T12:40:11.902,622.604,1027.856,15.935,-120.834,29.669,75.0,0.018,22.981
2026-03-03T12:40:12.402,623.104,1027.852,15.943,-120.795,29.669,75.0,0.043,22.997
2026-03-03T12:40:12.903,623.604,1027.837,15.936,-120.674,29.669,75.0,-0.042,22.995
2026-03-03T12:40:13.402,624.104,1027.851,15.942,-120.786,29.669,75.0,0.031,22.999
2026-03-03T12:40:13.903,624.604,1027.823,15.937,-120.561,29.669,75.0,-0.007,22.981
2026-03-03T12:40:14.415,625.104,1027.809,15.931,-120.441,29.669,75.0,-0.008,23.015
2026-03-03T12:40:14.902,625.604,1027.844,15.935,-120.735,29.669,75.0,0.012,23.001
2026-03-03T12:40:15.402,626.104,1027.866,15.914,-120.909,29.669,75.0,-0.006,22.981
2026-03-03T12:40:15.902,626.604,1027.861,15.901,-120.868,32.938,79.9,-0.886,22.979
2026-03-03T12:40:16.402,627.104,1027.872,15.914,-120.963,33.010,80.0,-0.088,22.979
2026-03-03T12:40:16.901,627.604,1027.865,15.924,-120.902,33.030,80.0,-0.007,22.985
2026-03-03T12:40:17.401,628.104,1027.857,15.914,-120.839,33.040,80.0,-0.017,23.001
2026-03-03T12:40:17.902,628.604,1027.849,15.904,-120.770,33.041,80.0,0.033,22.976
2026-03-03T12:40:18.408,629.109,1027.879,15.889,-121.019,33.047,80.0,0.030,22.997
2026-03-03T12:40:18.926,629.604,1027.841,15.878,-120.711,33.047,80.0,0.024,22.981
2026-03-03T12:40:19.402,630.104,1027.836,15.888,-120.665,33.047,80.0,-0.012,22.976
2026-03-03T12:40:19.901,630.604,1027.885,15.902,-121.067,33.047,80.0,0.004,22.992
2026-03-03T12:40:20.401,631.104,1027.870,15.912,-120.945,33.047,80.0,-0.026,22.997
2026-03-03T12:40:20.903,631.604,1027.850,15.906,-120.781,33.047,80.0,-0.001,22.979
2026-03-03T12:40:21.401,632.104,1027.833,15.902,-120.638,33.047,80.0,0.025,22.976
2026-03-03T12:40:21.903,632.604,1027.861,15.894,-120.870,33.047,80.0,-0.038,22.983
2026-03-03T12:40:22.403,633.104,1027.861,15.893,-120.868,33.047,80.0,0.031,22.992
2026-03-03T12:40:22.902,633.604,1027.844,15.886,-120.733,33.047,80.0,-0.033,22.979
2026-03-03T12:40:23.407,634.104,1027.842,15.857,-120.717,33.047,80.0,-0.065,22.985
2026-03-03T12:40:23.902,634.604,1027.850,15.857,-120.778,33.047,80.0,-0.001,22.981
2026-03-03T12:40:24.404,635.104,1027.861,15.865,-120.868,33.047,80.0,0.024,22.972
2026-03-03T12:40:24.901,635.604,1027.883,15.858,-121.054,33.047,80.0,0.035,22.988
2026-03-03T12:40:25.403,636.104,1027.892,15.865,-121.128,33.047,80.0,0.019,22.972
2026-03-03T12:40:25.901,636.604,1027.847,15.858,-120.756,33.047,80.0,-0.019,22.992
2026-03-03T12:40:26.403,637.104,1027.871,15.855,-120.952,33.047,80.0,0.010,22.992
2026-03-03T12:40:26.907,637.604,1027.854,15.832,-120.818,33.047,80.0,-0.024,22.988
2026-03-03T12:40:27.403,638.104,1027.856,15.823,-120.834,33.047,80.0,0.002,22.990
2026-03-03T12:40:27.909,638.604,1027.858,15.811,-120.847,33.047,80.0,-0.000,22.988
2026-03-03T12:40:28.403,639.104,1027.849,15.816,-120.775,33.047,80.0,-0.008,23.001
2026-03-03T12:40:28.929,639.609,1027.866,15.823,-120.910,33.047,80.0,-0.058,22.983
2026-03-03T12:40:29.401,640.104,1027.870,15.817,-120.943,33.047,80.0,-0.017,22.992
2026-03-03T12:40:29.901,640.604,1027.850,15.798,-120.782,33.047,80.0,-0.004,22.983
2026-03-03T12:40:30.402,641.104,1027.864,15.801,-120.893,33.047,80.0,0.028,22.995
2026-03-03T12:40:30.903,641.604,1027.883,15.791,-121.052,33.047,80.0,0.019,22.983
2026-03-03T12:40:31.401,642.104,1027.875,15.794,-120.986,33.047,80.0,-0.004,22.992
2026-03-03T12:40:31.903,642.604,1027.902,15.751,-121.211,33.047,80.0,0.001,22.985
2026-03-03T12:40:32.402,643.104,1027.878,15.765,-121.008,33.047,80.0,-0.017,22.988
2026-03-03T12:40:32.901,643.604,1027.849,15.767,-120.772,33.047,80.0,0.015,22.985
2026-03-03T12:40:33.411,644.104,1027.866,15.775,-120.909,33.046,80.0,0.048,22.992
2026-03-03T12:40:33.901,644.604,1027.870,15.788,-120.942,33.047,80.0,-0.014,22.988
2026-03-03T12:40:34.401,645.104,1027.877,15.783,-121.007,33.047,80.0,0.003,22.995
2026-03-03T12:40:34.901,645.604,1027.875,15.784,-120.985,33.047,80.0,-0.008,22.972
2026-03-03T12:40:35.402,646.104,1027.855,15.785,-120.826,33.046,80.0,0.012,23.008
2026-03-03T12:40:35.901,646.604,1027.841,15.782,-120.708,33.046,80.0,0.001,22.990
2026-03-03T12:40:36.402,647.104,1027.846,15.797,-120.751,33.046,80.0,0.009,22.992
2026-03-03T12:40:36.902,647.604,1027.860,15.789,-120.867,33.046,80.0,0.009,22.990
2026-03-03T12:40:37.401,648.104,1027.869,15.779,-120.935,33.046,80.0,0.032,22.992
2026-03-03T12:40:37.911,648.604,1027.877,15.791,-121.007,33.046,80.0,0.041,22.990
2026-03-03T12:40:38.401,649.104,1027.849,15.779,-120.775,33.046,80.0,-0.022,22.990
2026-03-03T12:40:38.902,649.604,1027.838,15.781,-120.684,33.046,80.0,-0.015,22.983
2026-03-03T12:40:39.406,650.109,1027.860,15.752,-120.867,33.046,80.0,0.001,22.999
2026-03-03T12:40:39.901,650.604,1027.857,15.751,-120.836,33.046,80.0,-0.005,22.995
2026-03-03T12:40:40.401,651.104,1027.870,15.737,-120.946,33.046,80.0,0.022,22.990
2026-03-03T12:40:40.901,651.604,1027.846,15.712,-120.750,33.046,80.0,0.028,22.990
2026-03-03T12:40:41.401,652.104,1027.840,15.708,-120.701,33.046,80.0,0.013,22.988
2026-03-03T12:40:41.902,652.604,1027.871,15.714,-120.950,33.046,80.0,0.038,23.008
2026-03-03T12:40:42.401,653.104,1027.865,15.698,-120.906,33.046,80.0,0.025,22.995
2026-03-03T12:40:42.903,653.604,1027.864,15.702,-120.894,33.046,80.0,-0.014,22.974
2026-03-03T12:40:43.402,654.104,1027.873,15.695,-120.974,33.046,80.0,0.008,22.992
2026-03-03T12:40:43.901,654.604,1027.875,15.715,-120.983,30.062,75.6,45.919,22.887
2026-03-03T12:40:44.403,655.104,1028.287,15.717,-124.379,6.928,12.7,45.973,22.937
2026-03-03T12:40:44.901,655.604,1028.418,15.720,-125.452,0.064,0.0,0.157,22.960
2026-03-03T12:40:45.401,656.104,1028.415,15.749,-125.429,0.021,0.0,0.008,22.967
2026-03-03T12:40:45.903,656.604,1028.395,15.774,-125.259,0.013,0.0,0.018,22.963
2026-03-03T12:40:46.402,657.104,1028.402,15.788,-125.317,0.003,0.0,0.025,22.976
2026-03-03T12:40:46.909,657.604,1028.426,15.798,-125.517,-0.002,0.0,-0.017,22.969
2026-03-03T12:40:47.402,658.104,1028.437,15.813,-125.611,-0.002,0.0,0.025,22.988
2026-03-03T12:40:47.901,658.604,1028.425,15.821,-125.513,-0.002,0.0,-0.021,22.972
2026-03-03T12:40:48.401,659.104,1028.391,15.841,-125.231,-0.002,0.0,0.007,22.983
2026-03-03T12:40:48.903,659.604,1028.413,15.834,-125.407,-0.002,0.0,0.002,22.983
2026-03-03T12:40:49.401,660.104,1028.413,15.853,-125.407,-0.002,0.0,-0.010,22.972
2026-03-03T12:40:49.908,660.609,1028.413,15.859,-125.413,-0.002,0.0,0.008,22.983
2026-03-03T12:40:50.401,661.104,1028.402,15.857,-125.320,-0.002,0.0,0.013,22.988
2026-03-03T12:40:50.902,661.604,1028.371,15.874,-125.066,-0.002,0.0,-0.000,22.983
2026-03-03T12:40:51.411,662.104,1028.393,15.877,-125.245,-0.002,0.0,0.016,22.990
2026-03-03T12:40:51.902,662.604,1028.427,15.867,-125.527,-0.002,0.0,0.007,22.981
2026-03-03T12:40:52.402,663.104,1028.426,15.879,-125.514,-0.002,0.0,0.007,23.006
2026-03-03T12:40:52.900,663.604,1028.411,15.886,-125.397,-0.002,0.0,-0.011,22.969
2026-03-03T12:40:53.402,664.104,1028.384,15.887,-125.168,-0.002,0.0,-0.013,22.983
2026-03-03T12:40:53.901,664.604,1028.419,15.906,-125.460,-0.002,0.0,-0.017,22.979
2026-03-03T12:40:54.402,665.104,1028.411,15.897,-125.391,-0.002,0.0,-0.009,22.981
2026-03-03T12:40:54.903,665.604,1028.420,15.916,-125.469,-0.002,0.0,0.004,22.985
2026-03-03T12:40:55.402,666.104,1028.408,15.927,-125.369,-0.002,0.0,-0.012,22.972
2026-03-03T12:40:55.907,666.604,1028.405,15.930,-125.342,-0.002,0.0,0.010,22.981
2026-03-03T12:40:56.402,667.104,1028.416,15.944,-125.437,-0.002,0.0,0.000,22.976
2026-03-03T12:40:56.902,667.604,1028.422,15.953,-125.483,-0.002,0.0,0.001,22.967
2026-03-03T12:40:57.401,668.104,1028.439,15.961,-125.627,-0.002,0.0,-0.016,22.999
2026-03-03T12:40:57.902,668.604,1028.425,15.965,-125.508,-0.002,0.0,-0.019,22.999
2026-03-03T12:40:58.401,669.104,1028.407,15.961,-125.360,-0.002,0.0,-0.007,22.992
2026-03-03T12:40:58.901,669.604,1028.409,15.972,-125.376,-0.002,0.0,0.001,23.004
2026-03-03T12:40:59.401,670.104,1028.431,15.972,-125.560,-0.002,0.0,0.009,22.992
2026-03-03T12:40:59.901,670.604,1028.427,15.979,-125.528,-0.002,0.0,0.023,22.974
2026-03-03T12:41:00.407,671.108,1028.392,15.982,-125.240,-0.002,0.0,0.029,22.995
2026-03-03T12:41:00.902,671.604,1028.378,15.989,-125.122,-0.002,0.0,-0.016,22.974
2026-03-03T12:41:01.411,672.104,1028.384,16.014,-125.174,-0.002,0.0,0.016,22.997
2026-03-03T12:41:01.901,672.604,1028.414,16.026,-125.420,-0.002,0.0,-0.019,22.988
2026-03-03T12:41:02.401,673.104,1028.432,16.032,-125.571,-0.002,0.0,-0.021,22.988
2026-03-03T12:41:02.901,673.604,1028.406,16.041,-125.356,-0.002,0.0,-0.012,22.997
2026-03-03T12:41:03.401,674.104,1028.400,16.045,-125.306,-0.002,0.0,0.031,22.988
2026-03-03T12:41:03.901,674.604,1028.395,16.044,-125.260,-0.001,0.0,0.007,23.001
2026-03-03T12:41:04.402,675.104,1028.416,16.053,-125.435,-0.001,0.0,0.006,22.999
2026-03-03T12:41:04.902,675.604,1028.388,16.052,-125.206,-0.001,0.0,-0.044,22.983
2026-03-03T12:41:05.402,676.104,1028.394,16.067,-125.256,-0.001,0.0,-0.007,22.992
2026-03-03T12:41:05.920,676.604,1028.391,16.067,-125.233,-0.001,0.0,-0.017,22.992
2026-03-03T12:41:06.400,677.104,1028.429,16.058,-125.546,-0.001,0.0,0.023,22.990
2026-03-03T12:41:06.902,677.604,1028.433,16.052,-125.579,-0.001,0.0,-0.009,23.004
2026-03-03T12:41:07.401,678.104,1028.432,16.080,-125.564,-0.001,0.0,0.015,22.990
2026-03-03T12:41:07.902,678.604,1028.436,16.088,-125.602,-0.001,0.0,-0.020,22.999
2026-03-03T12:41:08.400,679.104,1028.438,16.102,-125.613,-0.001,0.0,0.037,22.999
2026-03-03T12:41:08.901,679.604,1028.427,16.103,-125.522,-0.001,0.0,-0.015,22.990
2026-03-03T12:41:09.402,680.104,1028.451,16.109,-125.725,-0.001,0.0,0.003,22.997
2026-03-03T12:41:09.901,680.604,1028.466,16.115,-125.845,-0.001,0.0,0.047,22.985
2026-03-03T12:41:10.407,681.104,1028.468,16.123,-125.860,-0.001,0.0,-0.024,22.981
2026-03-03T12:41:10.907,681.609,1028.445,16.111,-125.673,-0.001,0.0,-0.001,22.988
2026-03-03T12:41:11.401,682.104,1028.441,16.122,-125.638,-0.001,0.0,-0.003,22.999
2026-03-03T12:41:11.900,682.604,1028.426,16.143,-125.517,-0.001,0.0,0.043,22.988
2026-03-03T12:41:12.402,683.104,1028.438,16.148,-125.620,-0.001,0.0,-0.011,22.981
2026-03-03T12:41:12.900,683.604,1028.430,16.152,-125.547,-0.001,0.0,-0.032,22.997
2026-03-03T12:41:13.402,684.104,1028.431,16.171,-125.555,-0.001,0.0,0.011,22.985
