rx_time_iso,Time - Seconds,DPS368 - Pres (hPa),DPS368 - Temp (C),DPS368 - Alt ASL (m),MotorDriver - Motor Position,MotorDriver - Motor Angle,MotorDriver - Motor Velocity,MotorDriver - Battery Voltage
2026-03-03T13:31:12.697,5.774,1026.742,14.982,-111.666,-0.000,0.0,0.044,22.869
2026-03-03T13:31:13.188,6.266,1026.731,14.986,-111.570,0.003,0.0,0.003,22.892
2026-03-03T13:31:13.687,6.766,1026.776,14.976,-111.945,0.003,0.0,0.010,22.887
2026-03-03T13:31:14.188,7.266,1026.732,14.992,-111.583,0.003,0.0,-0.003,22.867
2026-03-03T13:31:14.686,7.766,1026.754,14.991,-111.766,0.003,0.0,-0.014,22.887
2026-03-03T13:31:15.187,8.266,1026.737,14.999,-111.619,0.003,0.0,0.012,22.892
2026-03-03T13:31:15.687,8.766,1026.714,15.009,-111.436,0.003,0.0,0.012,22.896
2026-03-03T13:31:16.188,9.266,1026.708,14.998,-111.388,0.003,0.0,-0.018,22.883
2026-03-03T13:31:16.689,9.766,1026.693,15.000,-111.260,0.003,0.0,-0.029,22.878
2026-03-03T13:31:17.187,10.266,1026.696,15.005,-111.286,0.003,0.0,0.003,22.883
2026-03-03T13:31:17.703,10.766,1026.727,15.014,-111.540,0.003,0.0,0.005,22.880
2026-03-03T13:31:18.188,11.266,1026.724,15.013,-111.516,0.003,0.0,0.001,22.878
2026-03-03T13:31:18.688,11.766,1026.743,15.015,-111.671,0.003,0.0,0.010,22.880
2026-03-03T13:31:19.187,12.266,1026.755,15.020,-111.775,0.003,0.0,0.002,22.887
2026-03-03T13:31:19.688,12.766,1026.752,15.027,-111.743,0.003,0.0,0.019,22.883
2026-03-03T13:31:20.186,13.266,1026.712,15.032,-111.416,0.003,0.0,0.014,22.885
2026-03-03T13:31:20.688,13.766,1026.705,15.031,-111.362,0.003,0.0,0.020,22.901
2026-03-03T13:31:21.187,14.266,1026.690,15.040,-111.239,0.003,0.0,0.014,22.885
2026-03-03T13:31:21.689,14.766,1026.729,15.043,-111.556,0.003,0.0,-0.017,22.903
2026-03-03T13:31:22.186,15.266,1026.687,15.029,-111.214,0.003,0.0,0.001,22.892
2026-03-03T13:31:22.688,15.766,1026.704,15.036,-111.351,0.003,0.0,0.012,22.885
2026-03-03T13:31:23.193,16.268,1026.710,15.049,-111.400,0.003,0.0,-0.027,22.880
2026-03-03T13:31:23.694,16.772,1026.729,15.040,-111.554,0.003,0.0,0.016,22.899
2026-03-03T13:31:24.214,17.275,1026.719,15.048,-111.475,0.003,0.0,-0.007,22.889
2026-03-03T13:31:24.700,17.778,1026.709,15.051,-111.394,0.003,0.0,-0.013,22.880
2026-03-03T13:31:25.202,18.281,1026.753,15.056,-111.751,0.003,0.0,0.003,22.873
2026-03-03T13:31:25.706,18.784,1026.725,15.073,-111.527,0.003,0.0,0.005,22.873
2026-03-03T13:31:26.209,19.287,1026.716,15.059,-111.453,0.003,0.0,0.010,22.889
2026-03-03T13:31:26.711,19.790,1026.698,15.075,-111.299,0.003,0.0,0.004,22.896
2026-03-03T13:31:27.215,20.293,1026.772,15.078,-111.915,0.003,0.0,0.019,22.878
2026-03-03T13:31:27.717,20.796,1026.749,15.072,-111.718,0.003,0.0,0.033,22.880
2026-03-03T13:31:28.220,21.299,1026.685,15.088,-111.194,0.003,0.0,0.000,22.887
2026-03-03T13:31:28.723,21.802,1026.693,15.088,-111.262,0.003,0.0,-0.022,22.894
2026-03-03T13:31:29.225,22.305,1026.762,15.077,-111.829,0.003,0.0,0.036,22.905
2026-03-03T13:31:29.729,22.808,1026.706,15.074,-111.366,0.003,0.0,0.009,22.867
2026-03-03T13:31:30.233,23.311,1026.734,15.090,-111.594,0.003,0.0,-0.001,22.892
2026-03-03T13:31:30.737,23.814,1026.699,15.081,-111.312,0.003,0.0,0.006,22.887
2026-03-03T13:31:31.239,24.317,1026.725,15.090,-111.525,0.003,0.0,0.019,22.880
2026-03-03T13:31:31.748,24.819,1026.701,15.085,-111.330,0.003,0.0,0.014,22.889
2026-03-03T13:31:32.243,25.322,1026.717,15.095,-111.460,0.003,0.0,0.016,22.894
2026-03-03T13:31:32.747,25.826,1026.704,15.099,-111.348,0.003,0.0,-0.011,22.878
2026-03-03T13:31:33.249,26.328,1026.689,15.107,-111.225,0.003,0.0,0.020,22.889
2026-03-03T13:31:33.754,26.831,1026.773,15.109,-111.917,0.003,0.0,0.002,22.889
2026-03-03T13:31:34.257,27.336,1026.653,15.101,-110.930,0.003,0.0,-0.006,22.878
2026-03-03T13:31:34.752,27.831,1026.705,15.098,-111.356,0.003,0.0,0.005,22.873
2026-03-03T13:31:35.251,28.331,1026.753,15.108,-111.756,0.003,0.0,0.003,22.889
2026-03-03T13:31:35.753,28.831,1026.682,15.119,-111.166,0.003,0.0,0.023,22.896
2026-03-03T13:31:36.251,29.331,1026.717,15.112,-111.459,0.003,0.0,-0.007,22.908
2026-03-03T13:31:36.752,29.831,1026.722,15.120,-111.496,0.003,0.0,0.011,22.894
2026-03-03T13:31:37.259,30.331,1026.697,15.112,-111.290,0.003,0.0,0.002,22.878
2026-03-03T13:31:37.753,30.831,1026.734,15.121,-111.597,0.003,0.0,-0.013,22.880
2026-03-03T13:31:38.261,31.331,1026.727,15.127,-111.541,0.003,0.0,0.021,22.887
2026-03-03T13:31:38.751,31.831,1026.700,15.127,-111.318,0.003,0.0,0.014,22.903
2026-03-03T13:31:39.252,32.331,1026.662,15.128,-111.005,0.003,0.0,0.010,22.887
2026-03-03T13:31:39.751,32.831,1026.681,15.129,-111.160,0.003,0.0,-0.026,22.871
2026-03-03T13:31:40.251,33.331,1026.697,15.125,-111.293,0.003,0.0,0.005,22.880
2026-03-03T13:31:40.752,33.831,1026.729,15.124,-111.554,0.003,0.0,0.008,22.894
2026-03-03T13:31:41.251,34.331,1026.761,15.128,-111.817,0.003,0.0,-0.018,22.883
2026-03-03T13:31:41.751,34.831,1026.713,15.128,-111.427,0.003,0.0,-0.015,22.867
2026-03-03T13:31:42.251,35.331,1026.709,15.129,-111.396,0.003,0.0,-0.017,22.899
2026-03-03T13:31:42.755,35.831,1026.703,15.141,-111.345,0.003,0.0,-0.022,22.887
2026-03-03T13:31:43.250,36.331,1026.762,15.128,-111.832,0.003,0.0,-0.004,22.892
2026-03-03T13:31:43.755,36.831,1026.826,15.142,-112.358,0.003,0.0,-0.008,22.889
2026-03-03T13:31:44.251,37.331,1026.886,15.149,-112.846,0.003,0.0,0.001,22.885
2026-03-03T13:31:44.751,37.831,1026.922,15.148,-113.144,0.003,0.0,-0.004,22.892
2026-03-03T13:31:45.251,38.331,1027.001,15.139,-113.795,0.003,0.0,0.008,22.864
2026-03-03T13:31:45.752,38.831,1027.087,15.158,-114.500,0.003,0.0,-0.002,22.878
2026-03-03T13:31:46.251,39.331,1027.136,15.150,-114.908,0.003,0.0,-0.003,22.883
2026-03-03T13:31:46.751,39.831,1027.184,15.152,-115.299,0.003,0.0,-0.004,22.867
2026-03-03T13:31:47.252,40.331,1027.251,15.157,-115.854,0.003,0.0,-0.010,22.887
2026-03-03T13:31:47.752,40.831,1027.280,15.159,-116.093,0.003,0.0,0.033,22.878
2026-03-03T13:31:48.251,41.331,1027.272,15.172,-116.028,0.003,0.0,0.021,22.883
2026-03-03T13:31:48.752,41.831,1027.307,15.166,-116.314,0.003,0.0,-0.000,22.869
2026-03-03T13:31:49.253,42.331,1027.378,15.165,-116.895,0.003,0.0,0.014,22.876
2026-03-03T13:31:49.752,42.831,1027.392,15.176,-117.012,0.003,0.0,-0.002,22.892
2026-03-03T13:31:50.254,43.333,1027.396,15.176,-117.042,0.003,0.0,-0.027,22.871
2026-03-03T13:31:50.757,43.836,1027.429,15.172,-117.321,0.003,0.0,-0.006,22.899
2026-03-03T13:31:51.260,44.339,1027.426,15.172,-117.290,0.003,0.0,0.001,22.896
2026-03-03T13:31:51.763,44.842,1027.409,15.186,-117.150,0.003,0.0,-0.003,22.894
2026-03-03T13:31:52.266,45.345,1027.441,15.187,-117.417,0.003,0.0,-0.001,22.878
2026-03-03T13:31:52.768,45.848,1027.449,15.188,-117.480,0.003,0.0,-0.003,22.889
2026-03-03T13:31:53.273,46.352,1027.458,15.183,-117.560,0.003,0.0,-0.007,22.896
2026-03-03T13:31:53.776,46.855,1027.436,15.205,-117.379,0.003,0.0,-0.004,22.905
2026-03-03T13:31:54.278,47.358,1027.448,15.195,-117.478,0.003,0.0,0.001,22.885
2026-03-03T13:31:54.786,47.861,1027.485,15.215,-117.777,0.003,0.0,-0.036,22.880
2026-03-03T13:31:55.285,48.364,1027.491,15.215,-117.832,0.003,0.0,0.000,22.889
2026-03-03T13:31:55.790,48.866,1027.464,15.218,-117.605,0.003,0.0,0.000,22.894
2026-03-03T13:31:56.290,49.369,1027.457,15.211,-117.545,0.003,0.0,0.027,22.885
2026-03-03T13:31:56.802,49.873,1027.467,15.223,-117.632,0.003,0.0,-0.007,22.899
2026-03-03T13:31:57.297,50.376,1027.466,15.228,-117.621,0.003,0.0,-0.015,22.885
2026-03-03T13:31:57.800,50.879,1027.454,15.223,-117.524,0.003,0.0,-0.007,22.896
2026-03-03T13:31:58.302,51.382,1027.446,15.230,-117.461,0.003,0.0,-0.014,22.883
2026-03-03T13:31:58.807,51.885,1027.454,15.225,-117.525,0.003,0.0,-0.014,22.869
2026-03-03T13:31:59.308,52.388,1027.422,15.228,-117.260,0.003,0.0,-0.007,22.883
2026-03-03T13:31:59.813,52.891,1027.409,15.237,-117.153,0.003,0.0,0.003,22.887
2026-03-03T13:32:00.314,53.394,1027.412,15.235,-117.182,0.003,0.0,-0.000,22.883
2026-03-03T13:32:00.819,53.897,1027.416,15.235,-117.212,0.003,0.0,-0.017,22.892
2026-03-03T13:32:01.338,54.400,1027.412,15.244,-117.182,0.003,0.0,-0.021,22.885
2026-03-03T13:32:01.825,54.903,1027.399,15.245,-117.068,0.003,0.0,-0.003,22.892
2026-03-03T13:32:02.349,55.405,1027.396,15.237,-117.046,0.003,0.0,0.022,22.880
2026-03-03T13:32:02.830,55.909,1027.388,15.257,-116.978,0.003,0.0,0.009,22.894
2026-03-03T13:32:03.334,56.413,1027.383,15.254,-116.938,0.003,0.0,-0.003,22.876
2026-03-03T13:32:03.836,56.916,1027.384,15.261,-116.951,0.003,0.0,-0.017,22.873
2026-03-03T13:32:04.341,57.419,1027.380,15.253,-116.914,0.003,0.0,0.026,22.876
2026-03-03T13:32:04.842,57.922,1027.369,15.264,-116.822,0.003,0.0,0.004,22.892
2026-03-03T13:32:05.346,58.425,1027.367,15.265,-116.808,0.003,0.0,0.009,22.899
2026-03-03T13:32:05.847,58.928,1027.362,15.272,-116.768,0.003,0.0,-0.014,22.892
2026-03-03T13:32:06.352,59.431,1027.353,15.263,-116.692,0.003,0.0,0.012,22.894
2026-03-03T13:32:06.855,59.934,1027.347,15.285,-116.641,0.003,0.0,-0.000,22.908
2026-03-03T13:32:07.359,60.437,1027.336,15.280,-116.553,0.003,0.0,0.011,22.885
2026-03-03T13:32:07.861,60.940,1027.330,15.285,-116.503,0.003,0.0,0.011,22.903
2026-03-03T13:32:08.363,61.443,1027.330,15.299,-116.507,0.003,0.0,0.012,22.889
2026-03-03T13:32:08.881,61.946,1027.313,15.296,-116.367,0.003,0.0,-0.014,22.901
2026-03-03T13:32:09.370,62.449,1027.313,15.297,-116.360,0.003,0.0,0.021,22.892
2026-03-03T13:32:09.873,62.952,1027.296,15.287,-116.223,0.003,0.0,0.010,22.896
2026-03-03T13:32:10.376,63.455,1027.292,15.305,-116.190,0.003,0.0,-0.010,22.885
2026-03-03T13:32:10.880,63.958,1027.292,15.322,-116.189,0.003,0.0,0.006,22.894
2026-03-03T13:32:11.383,64.463,1027.288,15.316,-116.154,0.003,0.0,0.011,22.889
2026-03-03T13:32:11.880,64.958,1027.286,15.316,-116.138,0.003,0.0,0.010,22.862
2026-03-03T13:32:12.378,65.458,1027.284,15.314,-116.121,0.003,0.0,-0.005,22.880
2026-03-03T13:32:12.881,65.958,1027.281,15.327,-116.102,0.003,0.0,-0.014,22.889
2026-03-03T13:32:13.377,66.458,1027.277,15.335,-116.070,0.003,0.0,0.007,22.878
2026-03-03T13:32:13.880,66.958,1027.272,15.332,-116.030,0.003,0.0,-0.003,22.889
2026-03-03T13:32:14.381,67.458,1027.272,15.340,-116.028,0.003,0.0,-0.025,22.896
2026-03-03T13:32:14.878,67.958,1027.274,15.337,-116.041,0.003,0.0,0.018,22.892
2026-03-03T13:32:15.380,68.458,1027.271,15.345,-116.018,0.003,0.0,0.034,22.880
2026-03-03T13:32:15.879,68.958,1027.274,15.354,-116.039,0.003,0.0,0.002,22.887
2026-03-03T13:32:16.378,69.458,1027.267,15.350,-115.982,0.003,0.0,0.034,22.885
2026-03-03T13:32:16.879,69.958,1027.264,15.356,-115.958,0.003,0.0,-0.014,22.889
2026-03-03T13:32:17.379,70.458,1027.266,15.360,-115.975,0.003,0.0,0.021,22.885
2026-03-03T13:32:17.877,70.958,1027.262,15.357,-115.942,0.003,0.0,0.000,22.880
2026-03-03T13:32:18.379,71.458,1027.262,15.367,-115.943,0.003,0.0,-0.022,22.887
2026-03-03T13:32:18.877,71.958,1027.264,15.355,-115.956,0.003,0.0,-0.017,22.885
2026-03-03T13:32:19.378,72.458,1027.262,15.370,-115.945,0.003,0.0,0.005,22.887
2026-03-03T13:32:19.879,72.958,1027.262,15.383,-115.941,0.003,0.0,0.023,22.892
2026-03-03T13:32:20.378,73.458,1027.261,15.383,-115.933,0.003,0.0,0.031,22.885
2026-03-03T13:32:20.878,73.958,1027.260,15.378,-115.929,0.003,0.0,-0.000,22.885
2026-03-03T13:32:21.378,74.458,1027.258,15.393,-115.911,0.003,0.0,0.005,22.896
2026-03-03T13:32:21.880,74.960,1027.259,15.391,-115.917,0.003,0.0,-0.027,22.889
2026-03-03T13:32:22.384,75.464,1027.256,15.397,-115.892,0.003,0.0,0.009,22.880
2026-03-03T13:32:22.884,75.963,1027.258,15.404,-115.912,0.003,0.0,0.010,22.892
2026-03-03T13:32:23.383,76.463,1027.259,15.403,-115.919,0.003,0.0,0.001,22.889
2026-03-03T13:32:23.896,76.963,1027.255,15.412,-115.889,0.003,0.0,0.009,22.883
2026-03-03T13:32:24.402,77.463,1027.255,15.414,-115.883,0.003,0.0,-0.009,22.867
2026-03-03T13:32:24.883,77.963,1027.254,15.409,-115.878,0.003,0.0,-0.009,22.885
2026-03-03T13:32:25.383,78.463,1027.255,15.412,-115.889,0.003,0.0,0.025,22.880
2026-03-03T13:32:25.883,78.963,1027.256,15.426,-115.892,0.003,0.0,-0.015,22.887
2026-03-03T13:32:26.384,79.463,1027.256,15.415,-115.891,0.003,0.0,-0.010,22.905
2026-03-03T13:32:26.883,79.963,1027.231,15.418,-115.687,0.003,0.0,-0.003,22.883
2026-03-03T13:32:27.385,80.463,1027.156,15.422,-115.070,0.003,0.0,-0.002,22.896
2026-03-03T13:32:27.889,80.963,1027.142,15.428,-114.953,0.003,0.0,-0.023,22.883
2026-03-03T13:32:28.383,81.463,1027.193,15.417,-115.380,0.003,0.0,-0.008,22.871
2026-03-03T13:32:28.882,81.963,1027.199,15.427,-115.426,0.003,0.0,0.028,22.878
2026-03-03T13:32:29.382,82.463,1027.198,15.427,-115.419,0.003,0.0,-0.017,22.885
2026-03-03T13:32:29.883,82.963,1027.203,15.441,-115.460,0.003,0.0,0.007,22.873
2026-03-03T13:32:30.382,83.463,1027.221,15.445,-115.609,0.003,0.0,-0.014,22.903
2026-03-03T13:32:30.884,83.963,1027.262,15.444,-115.945,0.003,0.0,-0.021,22.892
2026-03-03T13:32:31.389,84.463,1027.288,15.442,-116.157,0.003,0.0,-0.000,22.873
2026-03-03T13:32:31.882,84.963,1027.236,15.443,-115.729,0.003,0.0,-0.021,22.889
2026-03-03T13:32:32.391,85.463,1027.236,15.460,-115.729,0.003,0.0,-0.035,22.903
2026-03-03T13:32:32.882,85.963,1027.229,15.463,-115.670,0.003,0.0,0.002,22.871
2026-03-03T13:32:33.386,86.466,1027.261,15.459,-115.935,0.003,0.0,0.017,22.894
2026-03-03T13:32:33.890,86.970,1027.286,15.471,-116.143,0.003,0.0,0.012,22.857
2026-03-03T13:32:34.395,87.475,1027.292,15.463,-116.190,0.003,0.0,0.013,22.885
2026-03-03T13:32:34.890,87.970,1027.286,15.460,-116.142,0.003,0.0,-0.024,22.894
2026-03-03T13:32:35.390,88.470,1027.254,15.469,-115.874,0.003,0.0,0.001,22.889
2026-03-03T13:32:35.889,88.970,1027.275,15.481,-116.053,0.003,0.0,-0.002,22.876
2026-03-03T13:32:36.390,89.470,1027.259,15.471,-115.922,0.003,0.0,-0.006,22.873
2026-03-03T13:32:36.889,89.970,1027.251,15.479,-115.851,0.003,0.0,0.019,22.869
2026-03-03T13:32:37.390,90.470,1027.240,15.491,-115.761,0.003,0.0,0.001,22.892
2026-03-03T13:32:37.896,90.970,1027.259,15.478,-115.920,0.003,0.0,-0.020,22.917
2026-03-03T13:32:38.390,91.470,1027.252,15.493,-115.863,0.003,0.0,0.005,22.896
2026-03-03T13:32:38.890,91.970,1027.252,15.505,-115.865,0.003,0.0,-0.006,22.880
2026-03-03T13:32:39.389,92.470,1027.242,15.494,-115.780,0.007,0.0,0.013,22.894
2026-03-03T13:32:39.890,92.970,1027.244,15.498,-115.799,0.007,0.0,-0.012,22.894
2026-03-03T13:32:40.389,93.470,1027.243,15.500,-115.785,0.007,0.0,-0.010,22.899
2026-03-03T13:32:40.891,93.970,1027.224,15.500,-115.632,0.007,0.0,-0.020,22.880
2026-03-03T13:32:41.390,94.470,1027.234,15.504,-115.712,0.007,0.0,0.013,22.883
2026-03-03T13:32:41.890,94.970,1027.241,15.501,-115.771,0.007,0.0,0.005,22.883
2026-03-03T13:32:42.390,95.470,1027.250,15.515,-115.843,0.007,0.0,0.013,22.903
2026-03-03T13:32:42.890,95.970,1027.250,15.512,-115.848,0.008,0.0,-0.053,22.896
2026-03-03T13:32:43.392,96.470,1027.246,15.521,-115.810,0.007,0.0,-0.012,22.889
2026-03-03T13:32:43.890,96.970,1027.246,15.521,-115.810,0.007,0.0,0.017,22.905
2026-03-03T13:32:44.395,97.470,1027.242,15.511,-115.779,0.007,0.0,-0.002,22.880
2026-03-03T13:32:44.889,97.970,1027.239,15.533,-115.751,0.007,0.0,0.001,22.908
2026-03-03T13:32:45.415,98.473,1027.240,15.537,-115.761,0.007,0.0,-0.004,22.876
2026-03-03T13:32:45.897,98.977,1027.237,15.537,-115.738,0.007,0.0,0.005,22.892
2026-03-03T13:32:46.393,99.473,1027.235,15.546,-115.723,0.007,0.0,-0.006,22.896
2026-03-03T13:32:46.892,99.973,1027.237,15.536,-115.738,0.007,0.0,-0.024,22.878
2026-03-03T13:32:47.396,100.473,1027.238,15.542,-115.743,0.007,0.0,-0.009,22.908
2026-03-03T13:32:47.892,100.973,1027.236,15.532,-115.726,0.007,0.0,0.019,22.892
2026-03-03T13:32:48.394,101.473,1027.237,15.537,-115.738,0.007,0.0,0.012,22.899
2026-03-03T13:32:48.892,101.973,1027.238,15.543,-115.744,0.007,0.0,0.018,22.894
2026-03-03T13:32:49.395,102.473,1027.234,15.544,-115.714,0.007,0.0,-0.017,22.860
2026-03-03T13:32:49.894,102.973,1027.233,15.546,-115.708,0.007,0.0,0.021,22.871
2026-03-03T13:32:50.394,103.473,1027.239,15.565,-115.754,0.007,0.0,-0.012,22.885
2026-03-03T13:32:50.895,103.973,1027.233,15.559,-115.703,0.007,0.0,0.003,22.887
2026-03-03T13:32:51.393,104.473,1027.230,15.567,-115.679,0.007,0.0,-0.015,22.894
2026-03-03T13:32:51.916,104.973,1027.228,15.565,-115.662,0.007,0.0,-0.021,22.885
2026-03-03T13:32:52.394,105.473,1027.230,15.564,-115.677,0.007,0.0,-0.003,22.894
2026-03-03T13:32:52.892,105.973,1027.230,15.566,-115.678,0.007,0.0,0.013,22.887
2026-03-03T13:32:53.392,106.473,1027.225,15.572,-115.637,0.007,0.0,-0.013,22.869
2026-03-03T13:32:53.893,106.973,1027.227,15.583,-115.654,0.007,0.0,0.006,22.894
2026-03-03T13:32:54.392,107.473,1027.222,15.577,-115.618,0.007,0.0,-0.002,22.894
2026-03-03T13:32:54.893,107.973,1027.222,15.578,-115.612,0.007,0.0,-0.002,22.887
2026-03-03T13:32:55.392,108.473,1027.220,15.582,-115.600,0.007,0.0,-0.010,22.889
2026-03-03T13:32:55.893,108.973,1027.222,15.584,-115.617,0.007,0.0,0.018,22.885
2026-03-03T13:32:56.412,109.473,1027.223,15.591,-115.623,0.007,0.0,-0.008,22.885
2026-03-03T13:32:56.895,109.976,1027.225,15.594,-115.640,0.007,0.0,-0.022,22.871
2026-03-03T13:32:57.401,110.481,1027.222,15.590,-115.614,0.007,0.0,0.025,22.889
2026-03-03T13:32:57.896,110.976,1027.219,15.585,-115.594,0.007,0.0,-0.012,22.894
2026-03-03T13:32:58.397,111.476,1027.214,15.581,-115.553,0.007,0.0,0.019,22.876
2026-03-03T13:32:58.895,111.976,1027.217,15.600,-115.576,0.007,0.0,-0.014,22.892
2026-03-03T13:32:59.395,112.476,1027.214,15.608,-115.553,0.007,0.0,-0.001,22.887
2026-03-03T13:32:59.894,112.976,1027.216,15.600,-115.568,0.007,0.0,-0.009,22.869
2026-03-03T13:33:00.395,113.476,1027.215,15.609,-115.560,0.007,0.0,-0.019,22.894
2026-03-03T13:33:00.896,113.976,1027.210,15.620,-115.515,0.007,0.0,-0.004,22.871
2026-03-03T13:33:01.395,114.476,1027.208,15.616,-115.497,0.007,0.0,0.004,22.903
2026-03-03T13:33:01.901,114.976,1027.208,15.605,-115.495,0.007,0.0,0.021,22.885
2026-03-03T13:33:02.395,115.476,1027.208,15.615,-115.497,0.007,0.0,-0.001,22.887
2026-03-03T13:33:02.903,115.976,1027.213,15.621,-115.539,0.007,0.0,0.016,22.880
2026-03-03T13:33:03.395,116.476,1027.209,15.622,-115.510,0.007,0.0,0.000,22.899
2026-03-03T13:33:03.896,116.976,1027.209,15.632,-115.511,0.007,0.0,-0.009,22.885
2026-03-03T13:33:04.395,117.476,1027.202,15.613,-115.449,0.007,0.0,-0.014,22.883
2026-03-03T13:33:04.897,117.976,1027.197,15.632,-115.412,0.007,0.0,0.017,22.905
2026-03-03T13:33:05.395,118.476,1027.198,15.627,-115.415,0.007,0.0,-0.007,22.889
2026-03-03T13:33:05.896,118.976,1027.201,15.636,-115.445,0.007,0.0,0.006,22.883
2026-03-03T13:33:06.394,119.476,1027.207,15.627,-115.491,0.007,0.0,-0.005,22.892
2026-03-03T13:33:06.896,119.976,1027.203,15.631,-115.456,0.007,0.0,0.012,22.896
2026-03-03T13:33:07.395,120.476,1027.203,15.634,-115.459,0.007,0.0,-0.019,22.883
2026-03-03T13:33:07.896,120.976,1027.202,15.632,-115.450,0.007,0.0,-0.002,22.869
2026-03-03T13:33:08.398,121.479,1027.201,15.634,-115.444,0.007,0.0,0.006,22.889
2026-03-03T13:33:08.904,121.984,1027.196,15.640,-115.403,0.007,0.0,-0.002,22.873
2026-03-03T13:33:09.416,122.479,1027.195,15.651,-115.389,0.007,0.0,-0.003,22.889
2026-03-03T13:33:09.897,122.979,1027.197,15.658,-115.410,0.007,0.0,-0.008,22.883
2026-03-03T13:33:10.399,123.479,1027.195,15.665,-115.392,0.007,0.0,0.031,22.867
2026-03-03T13:33:10.898,123.979,1027.199,15.683,-115.423,0.007,0.0,0.009,22.896
2026-03-03T13:33:11.399,124.479,1027.199,15.674,-115.423,0.007,0.0,-0.004,22.887
2026-03-03T13:33:11.898,124.979,1027.196,15.680,-115.397,0.007,0.0,-0.010,22.889
2026-03-03T13:33:12.399,125.479,1027.197,15.667,-115.409,0.007,0.0,0.014,22.885
2026-03-03T13:33:12.897,125.979,1027.198,15.680,-115.420,0.007,0.0,0.009,22.894
2026-03-03T13:33:13.399,126.479,1027.194,15.680,-115.381,0.008,0.0,-0.031,22.878
2026-03-03T13:33:13.911,126.979,1027.196,15.686,-115.402,0.007,0.0,0.006,22.899
2026-03-03T13:33:14.399,127.479,1027.193,15.683,-115.377,0.007,0.0,0.003,22.885
2026-03-03T13:33:14.899,127.979,1027.194,15.663,-115.383,0.007,0.0,0.008,22.892
2026-03-03T13:33:15.398,128.479,1027.193,15.677,-115.379,0.007,0.0,0.015,22.887
2026-03-03T13:33:15.899,128.979,1027.194,15.686,-115.387,0.007,0.0,-0.018,22.876
2026-03-03T13:33:16.398,129.479,1027.194,15.687,-115.387,0.008,0.0,-0.013,22.873
2026-03-03T13:33:16.899,129.979,1027.196,15.694,-115.401,0.007,0.0,0.002,22.889
2026-03-03T13:33:17.398,130.479,1027.195,15.691,-115.391,0.007,0.0,-0.004,22.885
2026-03-03T13:33:17.897,130.979,1027.197,15.692,-115.407,0.007,0.0,-0.002,22.889
2026-03-03T13:33:18.398,131.479,1027.197,15.711,-115.407,0.007,0.0,0.007,22.892
2026-03-03T13:33:18.899,131.979,1027.194,15.698,-115.382,0.007,0.0,-0.007,22.889
2026-03-03T13:33:19.406,132.480,1027.192,15.692,-115.369,0.007,0.0,-0.015,22.869
2026-03-03T13:33:19.903,132.984,1027.196,15.697,-115.404,0.007,0.0,0.006,22.892
2026-03-03T13:33:20.423,133.489,1027.190,15.696,-115.350,0.007,0.0,0.021,22.901
2026-03-03T13:33:20.903,133.984,1027.192,15.705,-115.364,0.007,0.0,0.013,22.887
2026-03-03T13:33:21.404,134.484,1027.192,15.705,-115.364,0.007,0.0,-0.012,22.883
2026-03-03T13:33:21.902,134.984,1027.191,15.699,-115.359,0.007,0.0,-0.015,22.896
2026-03-03T13:33:22.403,135.484,1027.193,15.716,-115.374,0.007,0.0,0.013,22.896
2026-03-03T13:33:22.902,135.984,1027.191,15.721,-115.362,0.007,0.0,0.011,22.903
2026-03-03T13:33:23.404,136.484,1027.195,15.719,-115.391,0.007,0.0,-0.018,22.885
2026-03-03T13:33:23.908,136.984,1027.194,15.717,-115.382,0.007,0.0,0.020,22.887
2026-03-03T13:33:24.403,137.484,1027.185,15.726,-115.312,0.007,0.0,0.017,22.892
2026-03-03T13:33:24.904,137.984,1027.179,15.708,-115.260,0.007,0.0,-0.003,22.878
2026-03-03T13:33:25.402,138.484,1027.186,15.727,-115.320,0.007,0.0,0.007,22.887
2026-03-03T13:33:25.904,138.984,1027.185,15.727,-115.313,0.007,0.0,-0.007,22.880
2026-03-03T13:33:26.403,139.484,1027.183,15.717,-115.290,0.007,0.0,0.007,22.883
2026-03-03T13:33:26.904,139.984,1027.186,15.721,-115.316,0.007,0.0,0.005,22.892
2026-03-03T13:33:27.406,140.484,1027.188,15.729,-115.339,0.007,0.0,-0.030,22.878
2026-03-03T13:33:27.905,140.984,1027.187,15.723,-115.326,0.007,0.0,-0.008,22.892
2026-03-03T13:33:28.404,141.484,1027.191,15.747,-115.360,0.007,0.0,0.005,22.867
2026-03-03T13:33:28.904,141.984,1027.188,15.739,-115.339,0.007,0.0,-0.007,22.889
2026-03-03T13:33:29.403,142.484,1027.187,15.743,-115.327,0.007,0.0,-0.003,22.873
2026-03-03T13:33:29.903,142.984,1027.186,15.745,-115.320,0.007,0.0,-0.012,22.903
2026-03-03T13:33:30.403,143.484,1027.188,15.747,-115.337,0.007,0.0,0.000,22.892
2026-03-03T13:33:30.907,143.989,1027.186,15.753,-115.319,0.007,0.0,0.004,22.892
2026-03-03T13:33:31.402,144.484,1027.184,15.748,-115.299,0.007,0.0,0.011,22.860
2026-03-03T13:33:31.903,144.984,1027.183,15.750,-115.294,0.007,0.0,-0.009,22.896
2026-03-03T13:33:32.402,145.484,1027.184,15.760,-115.302,0.007,0.0,-0.007,22.896
2026-03-03T13:33:32.908,145.984,1027.179,15.750,-115.263,0.007,0.0,-0.013,22.885
2026-03-03T13:33:33.403,146.484,1027.181,15.759,-115.278,0.007,0.0,0.027,22.889
2026-03-03T13:33:33.917,146.984,1027.184,15.760,-115.302,0.007,0.0,-0.004,22.887
2026-03-03T13:33:34.402,147.484,1027.180,15.764,-115.267,0.007,0.0,0.007,22.899
2026-03-03T13:33:34.902,147.984,1027.179,15.765,-115.260,0.007,0.0,0.026,22.864
2026-03-03T13:33:35.403,148.484,1027.182,15.774,-115.283,0.007,0.0,0.003,22.873
2026-03-03T13:33:35.903,148.984,1027.180,15.772,-115.266,0.007,0.0,0.018,22.892
2026-03-03T13:33:36.402,149.484,1027.184,15.767,-115.300,0.007,0.0,-0.009,22.896
2026-03-03T13:33:36.904,149.984,1027.184,15.787,-115.301,0.007,0.0,-0.007,22.885
2026-03-03T13:33:37.403,150.484,1027.179,15.775,-115.260,0.007,0.0,-0.022,22.857
2026-03-03T13:33:37.904,150.984,1027.185,15.775,-115.306,0.007,0.0,-0.028,22.869
2026-03-03T13:33:38.404,151.484,1027.188,15.783,-115.337,0.007,0.0,-0.006,22.880
2026-03-03T13:33:38.902,151.984,1027.219,15.779,-115.594,0.007,0.0,-0.002,22.880
2026-03-03T13:33:39.403,152.484,1027.237,15.789,-115.739,0.007,0.0,0.015,22.878
2026-03-03T13:33:39.903,152.984,1027.209,15.785,-115.506,0.007,0.0,-0.011,22.880
2026-03-03T13:33:40.404,153.484,1027.202,15.784,-115.452,0.007,0.0,0.023,22.896
2026-03-03T13:33:40.902,153.984,1027.210,15.802,-115.512,0.007,0.0,-0.002,22.892
2026-03-03T13:33:41.408,154.489,1027.211,15.810,-115.527,0.007,0.0,0.053,22.880
2026-03-03T13:33:41.902,154.984,1027.204,15.797,-115.463,0.007,0.0,0.013,22.885
2026-03-03T13:33:42.403,155.484,1027.204,15.806,-115.470,0.007,0.0,0.010,22.889
2026-03-03T13:33:42.920,155.984,1027.203,15.815,-115.462,0.007,0.0,-0.008,22.869
2026-03-03T13:33:43.403,156.484,1027.209,15.820,-115.511,0.007,0.0,-0.014,22.887
2026-03-03T13:33:43.903,156.984,1027.206,15.808,-115.479,0.007,0.0,0.003,22.876
2026-03-03T13:33:44.404,157.484,1027.205,15.813,-115.476,0.007,0.0,0.013,22.885
2026-03-03T13:33:44.902,157.984,1027.201,15.809,-115.442,0.007,0.0,-0.004,22.885
2026-03-03T13:33:45.402,158.484,1027.202,15.815,-115.447,0.007,0.0,0.009,22.894
2026-03-03T13:33:45.903,158.984,1027.200,15.800,-115.435,0.007,0.0,0.003,22.887
2026-03-03T13:33:46.402,159.484,1027.199,15.809,-115.426,0.007,0.0,-0.005,22.876
2026-03-03T13:33:46.904,159.984,1027.199,15.820,-115.428,0.007,0.0,0.005,22.871
2026-03-03T13:33:47.402,160.484,1027.198,15.817,-115.418,0.007,0.0,0.001,22.878
2026-03-03T13:33:47.903,160.984,1027.199,15.817,-115.426,0.007,0.0,-0.012,22.885
2026-03-03T13:33:48.417,161.484,1027.197,15.818,-115.412,0.007,0.0,0.015,22.901
2026-03-03T13:33:48.904,161.984,1027.198,15.825,-115.417,0.007,0.0,0.011,22.885
2026-03-03T13:33:49.405,162.484,1027.198,15.820,-115.421,0.007,0.0,-0.005,22.887
2026-03-03T13:33:49.902,162.984,1027.200,15.831,-115.437,0.007,0.0,-0.026,22.892
2026-03-03T13:33:50.403,163.484,1027.199,15.832,-115.423,0.007,0.0,-0.000,22.889
2026-03-03T13:33:50.902,163.984,1027.198,15.834,-115.417,0.007,0.0,-0.021,22.901
2026-03-03T13:33:51.402,164.484,1027.196,15.831,-115.399,0.008,0.0,-0.036,22.885
2026-03-03T13:33:51.907,164.989,1027.196,15.852,-115.401,0.007,0.0,-0.022,22.883
2026-03-03T13:33:52.404,165.484,1027.194,15.842,-115.385,0.007,0.0,0.006,22.887
2026-03-03T13:33:52.903,165.984,1027.193,15.832,-115.377,0.007,0.0,0.000,22.876
2026-03-03T13:33:53.403,166.484,1027.193,15.844,-115.380,0.007,0.0,-0.024,22.901
2026-03-03T13:33:53.903,166.984,1027.193,15.849,-115.375,0.008,0.0,-0.047,22.896
2026-03-03T13:33:54.402,167.484,1027.194,15.847,-115.382,0.007,0.0,-0.006,22.883
2026-03-03T13:33:54.903,167.984,1027.190,15.848,-115.352,0.007,0.0,0.021,22.892
2026-03-03T13:33:55.402,168.484,1027.189,15.841,-115.346,0.007,0.0,-0.001,22.885
2026-03-03T13:33:55.903,168.984,1027.193,15.855,-115.373,0.007,0.0,-0.008,22.899
2026-03-03T13:33:56.402,169.484,1027.189,15.860,-115.346,0.007,0.0,-0.010,22.885
2026-03-03T13:33:56.902,169.984,1027.190,15.861,-115.348,0.007,0.0,-0.012,22.867
2026-03-03T13:33:57.402,170.484,1027.191,15.863,-115.357,0.007,0.0,0.001,22.887
2026-03-03T13:33:57.903,170.984,1027.192,15.864,-115.365,0.007,0.0,-0.005,22.880
2026-03-03T13:33:58.402,171.484,1027.189,15.870,-115.347,0.007,0.0,-0.001,22.876
2026-03-03T13:33:58.903,171.984,1027.187,15.878,-115.323,0.007,0.0,0.007,22.885
2026-03-03T13:33:59.411,172.484,1027.191,15.873,-115.357,0.007,0.0,0.014,22.871
2026-03-03T13:33:59.903,172.984,1027.195,15.878,-115.392,0.007,0.0,0.001,22.887
2026-03-03T13:34:00.403,173.484,1027.192,15.875,-115.367,0.007,0.0,0.001,22.901
2026-03-03T13:34:00.902,173.984,1027.189,15.862,-115.341,0.007,0.0,-0.033,22.885
2026-03-03T13:34:01.403,174.484,1027.194,15.884,-115.382,0.007,0.0,-0.005,22.896
2026-03-03T13:34:01.902,174.984,1027.190,15.882,-115.349,0.007,0.0,0.019,22.885
2026-03-03T13:34:02.408,175.489,1027.191,15.878,-115.361,0.007,0.0,-0.001,22.894
2026-03-03T13:34:02.902,175.984,1027.190,15.880,-115.355,0.007,0.0,0.005,22.878
2026-03-03T13:34:03.403,176.484,1027.192,15.884,-115.367,0.007,0.0,0.015,22.889
2026-03-03T13:34:03.903,176.984,1027.191,15.886,-115.360,0.007,0.0,0.032,22.896
2026-03-03T13:34:04.402,177.484,1027.191,15.890,-115.356,0.007,0.0,0.015,22.878
2026-03-03T13:34:04.913,177.984,1027.187,15.887,-115.323,0.007,0.0,0.017,22.878
2026-03-03T13:34:05.403,178.484,1027.188,15.890,-115.333,0.007,0.0,-0.006,22.873
2026-03-03T13:34:05.903,178.984,1027.186,15.894,-115.320,0.007,0.0,0.017,22.862
2026-03-03T13:34:06.402,179.484,1027.188,15.903,-115.335,0.007,0.0,0.004,22.867
2026-03-03T13:34:06.903,179.984,1027.185,15.888,-115.308,0.007,0.0,-0.003,22.892
2026-03-03T13:34:07.401,180.484,1027.184,15.894,-115.304,0.007,0.0,0.010,22.894
2026-03-03T13:34:07.903,180.984,1027.182,15.902,-115.288,0.007,0.0,0.017,22.896
2026-03-03T13:34:08.402,181.484,1027.185,15.901,-115.311,0.007,0.0,0.032,22.883
2026-03-03T13:34:08.902,181.984,1027.181,15.895,-115.275,0.007,0.0,-0.012,22.910
2026-03-03T13:34:09.408,182.484,1027.183,15.897,-115.292,0.007,0.0,0.030,22.896
2026-03-03T13:34:09.904,182.984,1027.186,15.911,-115.318,0.007,0.0,0.010,22.883
2026-03-03T13:34:10.402,183.484,1027.183,15.909,-115.294,0.007,0.0,-0.001,22.889
2026-03-03T13:34:10.903,183.984,1027.183,15.911,-115.295,0.007,0.0,-0.002,22.878
2026-03-03T13:34:11.402,184.484,1027.186,15.921,-115.319,0.007,0.0,0.020,22.887
2026-03-03T13:34:11.901,184.984,1027.179,15.903,-115.258,0.007,0.0,0.001,22.887
2026-03-03T13:34:12.403,185.484,1027.182,15.921,-115.289,0.007,0.0,0.005,22.896
2026-03-03T13:34:12.907,185.989,1027.183,15.914,-115.290,0.007,0.0,-0.010,22.903
2026-03-03T13:34:13.403,186.484,1027.177,15.899,-115.240,0.007,0.0,0.001,22.873
2026-03-03T13:34:13.902,186.984,1027.179,15.912,-115.259,0.007,0.0,-0.001,22.887
2026-03-03T13:34:14.402,187.484,1027.177,15.920,-115.242,0.007,0.0,0.017,22.899
2026-03-03T13:34:14.909,187.984,1027.182,15.937,-115.286,0.007,0.0,-0.004,22.878
2026-03-03T13:34:15.403,188.484,1027.177,15.928,-115.241,0.007,0.0,0.000,22.860
2026-03-03T13:34:15.902,188.984,1027.177,15.925,-115.247,0.007,0.0,0.019,22.892
2026-03-03T13:34:16.401,189.484,1027.178,15.932,-115.252,0.007,0.0,-0.002,22.894
2026-03-03T13:34:16.902,189.984,1027.176,15.930,-115.235,0.007,0.0,0.015,22.873
2026-03-03T13:34:17.402,190.484,1027.177,15.921,-115.243,0.007,0.0,-0.003,22.894
2026-03-03T13:34:17.903,190.984,1027.177,15.933,-115.245,0.007,0.0,0.026,22.896
2026-03-03T13:34:18.401,191.484,1027.178,15.943,-115.253,0.007,0.0,-0.028,22.878
2026-03-03T13:34:18.903,191.984,1027.177,15.942,-115.246,0.007,0.0,0.015,22.889
2026-03-03T13:34:19.402,192.484,1027.176,15.940,-115.236,0.007,0.0,-0.012,22.878
2026-03-03T13:34:19.902,192.984,1027.183,15.941,-115.290,0.007,0.0,0.003,22.873
2026-03-03T13:34:20.409,193.484,1027.177,15.944,-115.246,0.007,0.0,0.017,22.899
2026-03-03T13:34:20.903,193.984,1027.175,15.942,-115.230,0.007,0.0,-0.007,22.885
2026-03-03T13:34:21.403,194.484,1027.177,15.955,-115.240,0.007,0.0,0.011,22.880
2026-03-03T13:34:21.902,194.984,1027.177,15.954,-115.247,0.007,0.0,0.004,22.910
2026-03-03T13:34:22.402,195.484,1027.173,15.960,-115.214,0.007,0.0,0.006,22.871
2026-03-03T13:34:22.902,195.984,1027.174,15.948,-115.219,0.007,0.0,-0.013,22.873
2026-03-03T13:34:23.407,196.489,1027.177,15.970,-115.245,0.007,0.0,0.019,22.876
2026-03-03T13:34:23.901,196.984,1027.177,15.965,-115.241,0.007,0.0,0.008,22.869
2026-03-03T13:34:24.403,197.484,1027.178,15.967,-115.250,0.007,0.0,-0.013,22.880
2026-03-03T13:34:24.902,197.984,1027.175,15.967,-115.227,0.007,0.0,-0.006,22.880
2026-03-03T13:34:25.403,198.484,1027.173,15.967,-115.212,0.007,0.0,0.019,22.896
2026-03-03T13:34:25.908,198.984,1027.175,15.965,-115.226,0.007,0.0,0.004,22.905
2026-03-03T13:34:26.403,199.484,1027.172,15.969,-115.206,0.007,0.0,-0.012,22.883
2026-03-03T13:34:26.922,199.984,1027.172,15.976,-115.204,0.007,0.0,-0.006,22.896
2026-03-03T13:34:27.403,200.484,1027.174,15.977,-115.220,0.007,0.0,0.007,22.880
2026-03-03T13:34:27.902,200.984,1027.173,15.981,-115.208,0.007,0.0,0.012,22.878
2026-03-03T13:34:28.401,201.484,1027.170,15.978,-115.183,0.007,0.0,-0.005,22.894
2026-03-03T13:34:28.902,201.984,1027.169,15.979,-115.176,0.007,0.0,0.031,22.894
2026-03-03T13:34:29.401,202.484,1027.168,15.973,-115.171,0.007,0.0,-0.028,22.871
2026-03-03T13:34:29.903,202.984,1027.168,15.974,-115.172,0.007,0.0,0.022,22.883
2026-03-03T13:34:30.402,203.484,1027.170,15.989,-115.184,0.007,0.0,0.027,22.869
2026-03-03T13:34:30.903,203.984,1027.170,15.997,-115.190,0.008,0.0,-0.033,22.892
2026-03-03T13:34:31.408,204.484,1027.169,16.001,-115.179,0.007,0.0,0.003,22.876
2026-03-03T13:34:31.902,204.984,1027.171,16.007,-115.192,0.007,0.0,0.017,22.894
2026-03-03T13:34:32.402,205.484,1027.168,15.992,-115.171,0.007,0.0,-0.016,22.889
2026-03-03T13:34:32.901,205.984,1027.169,16.000,-115.178,0.007,0.0,-0.016,22.873
2026-03-03T13:34:33.403,206.484,1027.169,16.005,-115.182,0.007,0.0,-0.001,22.862
2026-03-03T13:34:33.907,206.989,1027.167,15.995,-115.158,0.007,0.0,0.025,22.880
2026-03-03T13:34:34.402,207.484,1027.167,15.999,-115.162,0.007,0.0,-0.015,22.889
2026-03-03T13:34:34.901,207.984,1027.168,16.011,-115.171,0.007,0.0,0.027,22.887
2026-03-03T13:34:35.403,208.484,1027.167,16.012,-115.165,0.007,0.0,0.022,22.871
2026-03-03T13:34:35.921,208.984,1027.167,16.028,-115.162,0.007,0.0,0.017,22.899
2026-03-03T13:34:36.402,209.484,1027.166,16.017,-115.154,0.007,0.0,-0.006,22.894
2026-03-03T13:34:36.902,209.984,1027.169,16.014,-115.182,0.007,0.0,0.016,22.880
2026-03-03T13:34:37.401,210.484,1027.166,16.012,-115.150,0.007,0.0,0.010,22.873
2026-03-03T13:34:37.903,210.984,1027.166,16.013,-115.151,0.007,0.0,0.002,22.873
2026-03-03T13:34:38.401,211.484,1027.165,16.010,-115.148,0.007,0.0,0.007,22.901
2026-03-03T13:34:38.902,211.984,1027.165,16.004,-115.143,0.007,0.0,-0.008,22.871
2026-03-03T13:34:39.403,212.484,1027.165,16.022,-115.143,0.007,0.0,0.005,22.889
2026-03-03T13:34:39.903,212.984,1027.163,16.011,-115.126,0.007,0.0,0.000,22.867
2026-03-03T13:34:40.411,213.484,1027.166,16.022,-115.150,0.007,0.0,-0.006,22.885
2026-03-03T13:34:40.902,213.984,1027.165,16.027,-115.146,0.007,0.0,0.016,22.883
2026-03-03T13:34:41.402,214.484,1027.163,16.028,-115.132,0.007,0.0,0.003,22.887
2026-03-03T13:34:41.901,214.984,1027.164,16.044,-115.138,0.007,0.0,-0.009,22.869
2026-03-03T13:34:42.402,215.484,1027.164,16.041,-115.135,0.007,0.0,-0.013,22.880
2026-03-03T13:34:42.902,215.984,1027.164,16.041,-115.135,0.007,0.0,0.007,22.876
2026-03-03T13:34:43.403,216.484,1027.160,16.033,-115.106,0.007,0.0,0.007,22.901
2026-03-03T13:34:43.902,216.984,1027.163,16.049,-115.126,0.007,0.0,-0.001,22.869
2026-03-03T13:34:44.407,217.489,1027.163,16.037,-115.132,0.007,0.0,0.013,22.883
2026-03-03T13:34:44.910,217.984,1027.163,16.044,-115.130,0.007,0.0,-0.025,22.871
2026-03-03T13:34:45.402,218.484,1027.162,16.047,-115.118,0.007,0.0,0.016,22.880
2026-03-03T13:34:45.910,218.984,1027.163,16.048,-115.126,0.007,0.0,0.000,22.880
2026-03-03T13:34:46.402,219.484,1027.160,16.042,-115.105,0.007,0.0,-0.008,22.894
2026-03-03T13:34:46.902,219.984,1027.163,16.046,-115.132,0.007,0.0,0.021,22.889
2026-03-03T13:34:47.401,220.484,1027.161,16.042,-115.113,0.007,0.0,-0.005,22.892
2026-03-03T13:34:47.902,220.984,1027.162,16.035,-115.123,0.007,0.0,-0.011,22.878
2026-03-03T13:34:48.401,221.484,1027.163,16.036,-115.131,0.007,0.0,-0.018,22.871
2026-03-03T13:34:48.902,221.984,1027.164,16.047,-115.140,0.007,0.0,-0.007,22.889
2026-03-03T13:34:49.401,222.484,1027.167,16.047,-115.163,0.007,0.0,-0.006,22.889
2026-03-03T13:34:49.901,222.984,1027.165,16.057,-115.149,0.007,0.0,0.033,22.896
2026-03-03T13:34:50.401,223.484,1027.167,16.050,-115.158,0.008,0.0,-0.034,22.912
2026-03-03T13:34:50.902,223.984,1027.172,16.060,-115.205,0.007,0.0,-0.004,22.876
2026-03-03T13:34:51.407,224.484,1027.174,16.057,-115.217,0.007,0.0,0.002,22.878
2026-03-03T13:34:51.901,224.984,1027.180,16.064,-115.269,0.007,0.0,0.002,22.878
2026-03-03T13:34:52.414,225.484,1027.157,16.060,-115.081,0.007,0.0,0.029,22.901
2026-03-03T13:34:52.902,225.984,1027.166,16.065,-115.155,0.007,0.0,-0.003,22.878
2026-03-03T13:34:53.401,226.484,1027.164,16.062,-115.137,0.007,0.0,0.009,22.878
2026-03-03T13:34:53.902,226.984,1027.170,16.065,-115.186,0.007,0.0,-0.008,22.892
2026-03-03T13:34:54.402,227.484,1027.166,16.065,-115.155,0.007,0.0,0.007,22.889
2026-03-03T13:34:54.907,227.989,1027.161,16.060,-115.113,0.007,0.0,-0.000,22.889
2026-03-03T13:34:55.402,228.484,1027.167,16.053,-115.160,0.007,0.0,-0.001,22.871
2026-03-03T13:34:55.901,228.984,1027.165,16.071,-115.144,0.007,0.0,-0.008,22.867
2026-03-03T13:34:56.402,229.484,1027.175,16.081,-115.230,0.007,0.0,-0.005,22.889
2026-03-03T13:34:56.901,229.984,1027.153,16.071,-115.044,0.007,0.0,0.021,22.878
2026-03-03T13:34:57.401,230.484,1027.160,16.079,-115.105,0.007,0.0,-0.000,22.867
2026-03-03T13:34:57.909,230.984,1027.167,16.076,-115.164,0.007,0.0,-0.012,22.899
2026-03-03T13:34:58.402,231.484,1027.165,16.072,-115.145,0.007,0.0,0.000,22.883
2026-03-03T13:34:58.921,231.984,1027.163,16.072,-115.130,0.007,0.0,0.009,22.876
2026-03-03T13:34:59.401,232.484,1027.157,16.082,-115.077,0.007,0.0,-0.004,22.883
2026-03-03T13:34:59.902,232.984,1027.162,16.096,-115.119,0.007,0.0,0.009,22.876
2026-03-03T13:35:00.401,233.484,1027.161,16.085,-115.110,0.007,0.0,0.024,22.885
2026-03-03T13:35:00.903,233.984,1027.159,16.085,-115.094,0.007,0.0,0.016,22.878
2026-03-03T13:35:01.401,234.484,1027.159,16.089,-115.097,0.007,0.0,-0.003,22.892
2026-03-03T13:35:01.903,234.984,1027.152,16.095,-115.042,0.007,0.0,0.008,22.915
2026-03-03T13:35:02.401,235.484,1027.162,16.101,-115.123,0.007,0.0,-0.008,22.889
2026-03-03T13:35:02.902,235.984,1027.161,16.100,-115.115,0.007,0.0,-0.013,22.883
2026-03-03T13:35:03.403,236.484,1027.156,16.102,-115.070,0.007,0.0,-0.007,22.887
2026-03-03T13:35:03.902,236.984,1027.153,16.102,-115.048,0.007,0.0,-0.005,22.876
2026-03-03T13:35:04.401,237.484,1027.150,16.107,-115.021,0.007,0.0,0.021,22.894
2026-03-03T13:35:04.902,237.984,1027.154,16.109,-115.053,0.007,0.0,-0.010,22.889
2026-03-03T13:35:05.424,238.488,1027.158,16.117,-115.090,0.007,0.0,0.003,22.892
2026-03-03T13:35:05.901,238.984,1027.146,16.111,-114.987,0.007,0.0,0.004,22.876
2026-03-03T13:35:06.403,239.484,1027.134,16.121,-114.887,0.007,0.0,0.023,22.912
2026-03-03T13:35:06.901,239.984,1027.129,16.122,-114.849,0.007,0.0,0.007,22.892
2026-03-03T13:35:07.402,240.484,1027.133,16.120,-114.878,0.007,0.0,0.004,22.885
2026-03-03T13:35:07.901,240.984,1027.122,16.114,-114.789,0.007,0.0,-0.015,22.871
2026-03-03T13:35:08.402,241.484,1027.109,16.117,-114.685,0.007,0.0,-0.003,22.889
2026-03-03T13:35:08.901,241.984,1027.097,16.113,-114.582,0.007,0.0,-0.006,22.883
2026-03-03T13:35:09.403,242.484,1027.098,16.115,-114.590,0.007,0.0,0.020,22.889
2026-03-03T13:35:09.905,242.984,1027.094,16.109,-114.563,0.007,0.0,0.003,22.889
2026-03-03T13:35:10.402,243.484,1027.084,16.115,-114.476,0.007,0.0,0.026,22.860
2026-03-03T13:35:10.906,243.984,1027.058,16.120,-114.266,0.007,0.0,0.008,22.899
2026-03-03T13:35:11.402,244.484,1027.053,16.112,-114.220,0.007,0.0,0.001,22.876
2026-03-03T13:35:11.902,244.984,1027.059,16.119,-114.273,0.007,0.0,0.012,22.885
2026-03-03T13:35:12.401,245.484,1027.047,16.115,-114.170,0.007,0.0,-0.001,22.899
2026-03-03T13:35:12.902,245.984,1027.042,16.121,-114.129,0.007,0.0,0.002,22.869
2026-03-03T13:35:13.401,246.484,1027.050,16.119,-114.195,0.007,0.0,0.007,22.885
2026-03-03T13:35:13.902,246.984,1027.049,16.126,-114.193,0.007,0.0,0.010,22.885
2026-03-03T13:35:14.401,247.484,1027.055,16.120,-114.243,0.007,0.0,0.026,22.892
2026-03-03T13:35:14.904,247.984,1027.053,16.127,-114.225,0.007,0.0,0.006,22.873
2026-03-03T13:35:15.403,248.484,1027.053,16.137,-114.225,0.007,0.0,0.012,22.889
2026-03-03T13:35:15.907,248.989,1027.063,16.142,-114.306,0.007,0.0,-0.006,22.894
2026-03-03T13:35:16.405,249.484,1027.065,16.129,-114.326,0.007,0.0,0.002,22.885
2026-03-03T13:35:16.902,249.984,1027.062,16.119,-114.296,0.007,0.0,-0.007,22.869
2026-03-03T13:35:17.402,250.484,1027.066,16.130,-114.328,0.007,0.0,0.006,22.880
2026-03-03T13:35:17.901,250.984,1027.066,16.142,-114.330,0.007,0.0,-0.019,22.869
2026-03-03T13:35:18.401,251.484,1027.044,16.141,-114.153,0.007,0.0,-0.014,22.878
2026-03-03T13:35:18.901,251.984,1027.029,16.131,-114.023,0.007,0.0,-0.005,22.883
2026-03-03T13:35:19.401,252.484,1027.004,16.142,-113.817,0.007,0.0,-0.008,22.883
2026-03-03T13:35:19.900,252.984,1027.000,16.142,-113.786,0.007,0.0,-0.019,22.871
2026-03-03T13:35:20.401,253.484,1026.977,16.145,-113.598,0.007,0.0,0.002,22.896
2026-03-03T13:35:20.921,253.984,1026.963,16.140,-113.485,0.007,0.0,0.020,22.876
2026-03-03T13:35:21.401,254.484,1026.931,16.152,-113.219,0.007,0.0,0.001,22.878
2026-03-03T13:35:21.901,254.984,1026.917,16.146,-113.100,0.007,0.0,-0.030,22.876
2026-03-03T13:35:22.401,255.484,1026.888,16.133,-112.867,0.007,0.0,-0.028,22.880
2026-03-03T13:35:22.902,255.984,1026.873,16.143,-112.746,0.007,0.0,-0.005,22.880
2026-03-03T13:35:23.401,256.485,1026.866,16.151,-112.682,0.007,0.0,0.012,22.887
2026-03-03T13:35:23.903,256.985,1026.875,16.133,-112.760,0.007,0.0,-0.004,22.880
2026-03-03T13:35:24.402,257.485,1026.854,16.150,-112.583,0.007,0.0,0.008,22.883
2026-03-03T13:35:24.903,257.985,1026.817,16.157,-112.280,0.007,0.0,-0.018,22.878
2026-03-03T13:35:25.402,258.485,1026.802,16.150,-112.161,0.007,0.0,0.004,22.889
2026-03-03T13:35:25.902,258.985,1026.759,16.150,-111.801,0.007,0.0,-0.013,22.894
2026-03-03T13:35:26.409,259.490,1026.765,16.153,-111.849,0.007,0.0,-0.003,22.880
2026-03-03T13:35:26.903,259.985,1026.720,16.155,-111.483,0.007,0.0,0.029,22.878
2026-03-03T13:35:27.408,260.485,1026.700,16.160,-111.319,0.007,0.0,-0.000,22.876
2026-03-03T13:35:27.902,260.985,1026.707,16.154,-111.375,0.007,0.0,-0.006,22.892
2026-03-03T13:35:28.403,261.485,1026.740,16.158,-111.646,0.007,0.0,-0.003,22.896
2026-03-03T13:35:28.902,261.985,1026.759,16.147,-111.806,0.007,0.0,0.012,22.880
2026-03-03T13:35:29.403,262.485,1026.770,16.148,-111.891,0.007,0.0,0.019,22.889
2026-03-03T13:35:29.901,262.985,1026.757,16.145,-111.790,0.007,0.0,0.016,22.883
2026-03-03T13:35:30.401,263.485,1026.767,16.143,-111.871,0.007,0.0,-0.006,22.878
2026-03-03T13:35:30.901,263.985,1026.718,16.134,-111.465,0.007,0.0,-0.016,22.883
2026-03-03T13:35:31.404,264.485,1026.726,16.145,-111.536,0.007,0.0,-0.011,22.887
2026-03-03T13:35:31.902,264.985,1026.695,16.145,-111.275,0.007,0.0,-0.017,22.892
2026-03-03T13:35:32.403,265.485,1026.620,16.156,-110.656,0.008,0.0,-0.040,22.910
2026-03-03T13:35:32.924,265.985,1026.566,16.151,-110.215,0.007,0.0,0.014,22.883
2026-03-03T13:35:33.402,266.485,1026.514,16.138,-109.783,0.007,0.0,0.012,22.883
2026-03-03T13:35:33.902,266.985,1026.518,16.141,-109.816,0.007,0.0,0.022,22.873
2026-03-03T13:35:34.401,267.485,1026.542,16.135,-110.018,0.007,0.0,-0.001,22.869
2026-03-03T13:35:34.903,267.985,1026.549,16.151,-110.077,0.007,0.0,0.021,22.880
2026-03-03T13:35:35.401,268.485,1026.549,16.126,-110.072,0.007,0.0,0.012,22.869
2026-03-03T13:35:35.903,268.985,1026.609,16.137,-110.571,0.007,0.0,-0.022,22.892
2026-03-03T13:35:36.401,269.485,1026.604,16.131,-110.529,0.007,0.0,0.006,22.880
2026-03-03T13:35:36.909,269.990,1026.642,16.143,-110.844,0.007,0.0,0.014,22.885
2026-03-03T13:35:37.409,270.485,1026.668,16.135,-111.052,0.007,0.0,0.031,22.883
2026-03-03T13:35:37.902,270.985,1026.661,16.137,-110.993,0.007,0.0,-0.004,22.896
2026-03-03T13:35:38.404,271.485,1026.662,16.131,-111.003,0.007,0.0,-0.013,22.912
2026-03-03T13:35:38.902,271.985,1026.684,16.126,-111.183,0.007,0.0,0.014,22.892
2026-03-03T13:35:39.403,272.485,1026.673,16.128,-111.092,0.007,0.0,0.008,22.883
2026-03-03T13:35:39.901,272.985,1026.684,16.132,-111.188,0.007,0.0,0.009,22.894
2026-03-03T13:35:40.402,273.485,1026.720,16.126,-111.482,0.007,0.0,0.010,22.887
2026-03-03T13:35:40.901,273.985,1026.697,16.135,-111.289,0.007,0.0,0.009,22.880
2026-03-03T13:35:41.403,274.485,1026.743,16.127,-111.675,0.007,0.0,-0.001,22.892
2026-03-03T13:35:41.902,274.985,1026.730,16.119,-111.568,0.007,0.0,-0.003,22.896
2026-03-03T13:35:42.402,275.485,1026.739,16.126,-111.636,0.007,0.0,-0.007,22.876
2026-03-03T13:35:42.909,275.985,1026.779,16.126,-111.965,0.007,0.0,0.005,22.880
2026-03-03T13:35:43.402,276.485,1026.733,16.129,-111.592,0.008,0.0,-0.030,22.871
2026-03-03T13:35:43.903,276.985,1026.756,16.137,-111.782,0.007,0.0,0.047,22.883
2026-03-03T13:35:44.402,277.485,1026.739,16.130,-111.638,0.007,0.0,0.001,22.896
2026-03-03T13:35:44.903,277.985,1026.734,16.141,-111.602,0.007,0.0,0.024,22.876
2026-03-03T13:35:45.402,278.485,1026.756,16.137,-111.783,0.007,0.0,0.024,22.878
2026-03-03T13:35:45.903,278.985,1026.756,16.143,-111.780,0.007,0.0,-0.028,22.873
2026-03-03T13:35:46.402,279.485,1026.735,16.134,-111.604,0.007,0.0,0.000,22.880
2026-03-03T13:35:46.904,279.985,1026.695,16.133,-111.280,0.007,0.0,-0.011,22.887
2026-03-03T13:35:47.406,280.490,1026.651,16.116,-110.914,0.007,0.0,0.006,22.889
2026-03-03T13:35:47.902,280.985,1026.558,16.113,-110.153,0.007,0.0,0.009,22.887
2026-03-03T13:35:48.411,281.485,1026.500,16.120,-109.675,0.007,0.0,0.016,22.885
2026-03-03T13:35:48.901,281.985,1026.432,16.116,-109.113,0.007,0.0,-0.015,22.883
2026-03-03T13:35:49.402,282.485,1026.365,16.127,-108.563,0.007,0.0,0.008,22.887
2026-03-03T13:35:49.901,282.985,1026.298,16.109,-108.011,0.007,0.0,0.027,22.899
2026-03-03T13:35:50.402,283.485,1026.234,16.111,-107.483,0.007,0.0,-0.006,22.889
2026-03-03T13:35:50.901,283.985,1026.190,16.126,-107.120,0.008,0.0,-0.033,22.885
2026-03-03T13:35:51.403,284.485,1026.160,16.109,-106.869,0.007,0.0,-0.003,22.899
2026-03-03T13:35:51.901,284.985,1026.096,16.111,-106.348,0.007,0.0,-0.025,22.869
2026-03-03T13:35:52.402,285.485,1026.131,16.113,-106.634,0.007,0.0,-0.000,22.896
2026-03-03T13:35:52.901,285.985,1026.143,16.110,-106.731,0.008,0.0,-0.012,22.887
2026-03-03T13:35:53.402,286.485,1026.250,16.099,-107.612,0.007,0.0,-0.011,22.876
2026-03-03T13:35:53.902,286.985,1026.193,16.102,-107.139,0.007,0.0,-0.009,22.869
2026-03-03T13:35:54.401,287.485,1026.280,16.103,-107.860,0.007,0.0,0.003,22.873
2026-03-03T13:35:54.902,287.985,1026.358,16.091,-108.501,0.007,0.0,-0.007,22.896
2026-03-03T13:35:55.401,288.485,1026.372,16.094,-108.619,0.007,0.0,0.001,22.880
2026-03-03T13:35:55.902,288.985,1026.335,16.081,-108.310,0.007,0.0,-0.012,22.860
2026-03-03T13:35:56.415,289.485,1026.352,16.083,-108.449,0.007,0.0,0.005,22.876
2026-03-03T13:35:56.901,289.985,1026.329,16.092,-108.265,0.007,0.0,0.006,22.878
2026-03-03T13:35:57.411,290.485,1026.288,16.096,-107.922,0.007,0.0,0.008,22.883
2026-03-03T13:35:57.908,290.990,1026.300,16.096,-108.023,0.007,0.0,-0.000,22.867
2026-03-03T13:35:58.402,291.485,1026.352,16.085,-108.451,0.007,0.0,-0.019,22.878
2026-03-03T13:35:58.901,291.985,1026.374,16.089,-108.631,0.007,0.0,0.003,22.883
2026-03-03T13:35:59.402,292.485,1026.369,16.086,-108.590,0.007,0.0,0.033,22.871
2026-03-03T13:35:59.901,292.985,1026.387,16.089,-108.738,0.007,0.0,-0.027,22.876
2026-03-03T13:36:00.402,293.485,1026.419,16.073,-109.008,0.007,0.0,-0.024,22.889
2026-03-03T13:36:00.901,293.985,1026.458,16.090,-109.330,0.008,0.0,-0.046,22.864
2026-03-03T13:36:01.402,294.485,1026.289,16.072,-107.934,0.007,0.0,-0.018,22.876
2026-03-03T13:36:01.901,294.985,1026.323,16.070,-108.216,0.007,0.0,0.012,22.885
2026-03-03T13:36:02.403,295.485,1026.444,16.086,-109.211,0.007,0.0,-0.002,22.887
2026-03-03T13:36:02.906,295.985,1026.452,16.084,-109.278,0.007,0.0,-0.009,22.889
2026-03-03T13:36:03.402,296.485,1026.426,16.074,-109.063,0.007,0.0,0.017,22.894
2026-03-03T13:36:03.904,296.985,1026.476,16.072,-109.475,0.007,0.0,0.005,22.885
2026-03-03T13:36:04.402,297.485,1026.386,16.069,-108.730,0.007,0.0,0.011,22.878
2026-03-03T13:36:04.901,297.985,1026.409,16.068,-108.920,0.007,0.0,-0.000,22.878
2026-03-03T13:36:05.401,298.485,1026.480,16.065,-109.509,0.007,0.0,-0.019,22.885
2026-03-03T13:36:05.902,298.985,1026.368,16.072,-108.586,0.007,0.0,0.022,22.896
2026-03-03T13:36:06.401,299.485,1026.324,16.070,-108.225,0.007,0.0,0.000,22.880
2026-03-03T13:36:06.901,299.985,1026.264,16.058,-107.731,0.007,0.0,0.008,22.887
2026-03-03T13:36:07.401,300.485,1026.155,16.072,-106.830,0.007,0.0,-0.026,22.876
2026-03-03T13:36:07.902,300.985,1026.040,16.061,-105.886,0.007,0.0,0.009,22.892
2026-03-03T13:36:08.406,301.490,1026.036,16.060,-105.854,0.007,0.0,-0.014,22.871
2026-03-03T13:36:08.902,301.985,1025.991,16.058,-105.476,0.007,0.0,-0.003,22.883
2026-03-03T13:36:09.401,302.485,1026.031,16.062,-105.810,0.007,0.0,-0.003,22.887
2026-03-03T13:36:09.902,302.985,1026.045,16.052,-105.924,0.007,0.0,-0.011,22.883
2026-03-03T13:36:10.401,303.485,1026.081,16.070,-106.223,0.007,0.0,0.004,22.883
2026-03-03T13:36:10.900,303.985,1026.077,16.041,-106.191,0.007,0.0,0.002,22.873
2026-03-03T13:36:11.403,304.485,1026.084,16.048,-106.242,0.007,0.0,-0.005,22.880
2026-03-03T13:36:11.901,304.985,1025.987,16.056,-105.444,0.007,0.0,0.009,22.878
2026-03-03T13:36:12.402,305.485,1025.909,16.046,-104.807,0.007,0.0,-0.005,22.880
2026-03-03T13:36:12.901,305.985,1025.880,16.041,-104.564,0.007,0.0,0.002,22.885
2026-03-03T13:36:13.401,306.485,1025.905,16.046,-104.768,0.007,0.0,-0.008,22.876
2026-03-03T13:36:13.902,306.985,1025.970,16.037,-105.306,0.007,0.0,0.005,22.885
2026-03-03T13:36:14.401,307.485,1026.014,16.036,-105.665,0.007,0.0,-0.031,22.887
2026-03-03T13:36:14.913,307.985,1025.983,16.043,-105.411,0.007,0.0,-0.008,22.873
2026-03-03T13:36:15.403,308.485,1025.891,16.043,-104.658,0.007,0.0,0.010,22.887
2026-03-03T13:36:15.902,308.985,1026.039,16.041,-105.876,0.007,0.0,-0.004,22.880
2026-03-03T13:36:16.401,309.485,1025.990,16.045,-105.473,0.008,0.0,-0.043,22.883
2026-03-03T13:36:16.902,309.985,1026.065,16.034,-106.093,0.007,0.0,-0.006,22.885
2026-03-03T13:36:17.400,310.485,1026.132,16.032,-106.644,0.007,0.0,-0.012,22.873
2026-03-03T13:36:17.902,310.985,1026.164,16.045,-106.901,0.007,0.0,-0.007,22.878
2026-03-03T13:36:18.406,311.485,1026.163,16.039,-106.895,0.007,0.0,0.017,22.880
2026-03-03T13:36:18.907,311.990,1026.191,16.041,-107.127,0.007,0.0,-0.006,22.876
2026-03-03T13:36:19.408,312.485,1026.164,16.037,-106.901,0.007,0.0,-0.013,22.871
2026-03-03T13:36:19.901,312.985,1026.239,16.035,-107.520,0.007,0.0,-0.036,22.894
2026-03-03T13:36:20.402,313.485,1026.278,16.038,-107.845,0.007,0.0,0.005,22.889
2026-03-03T13:36:20.900,313.985,1026.304,16.035,-108.058,0.007,0.0,-0.003,22.880
2026-03-03T13:36:21.402,314.485,1026.240,16.035,-107.528,0.007,0.0,0.009,22.889
2026-03-03T13:36:21.900,314.985,1026.293,16.019,-107.968,0.007,0.0,-0.009,22.892
2026-03-03T13:36:22.401,315.485,1026.306,16.031,-108.077,0.007,0.0,-0.015,22.889
2026-03-03T13:36:22.906,315.985,1026.310,16.019,-108.105,0.007,0.0,-0.009,22.878
2026-03-03T13:36:23.401,316.485,1026.219,16.017,-107.360,0.007,0.0,0.015,22.878
2026-03-03T13:36:23.902,316.985,1026.268,16.023,-107.764,0.007,0.0,0.000,22.883
2026-03-03T13:36:24.401,317.485,1026.293,16.026,-107.966,0.007,0.0,0.009,22.885
2026-03-03T13:36:24.902,317.985,1026.349,16.011,-108.428,0.007,0.0,0.025,22.892
2026-03-03T13:36:25.401,318.485,1026.315,16.009,-108.152,0.007,0.0,0.006,22.892
2026-03-03T13:36:25.902,318.985,1026.251,16.017,-107.621,0.008,0.0,-0.041,22.878
2026-03-03T13:36:26.402,319.485,1026.216,16.015,-107.335,0.008,0.0,-0.022,22.885
2026-03-03T13:36:26.902,319.985,1026.198,16.016,-107.183,0.007,0.0,-0.005,22.887
2026-03-03T13:36:27.407,320.485,1026.329,16.016,-108.264,0.007,0.0,-0.027,22.885
2026-03-03T13:36:27.901,320.985,1026.221,16.020,-107.378,0.007,0.0,0.000,22.901
2026-03-03T13:36:28.402,321.485,1026.282,16.016,-107.873,0.007,0.0,0.023,22.876
2026-03-03T13:36:28.901,321.985,1026.333,16.023,-108.292,0.007,0.0,-0.002,22.883
2026-03-03T13:36:29.407,322.490,1026.266,16.009,-107.744,0.007,0.0,-0.010,22.880
2026-03-03T13:36:29.900,322.985,1026.271,16.016,-107.782,0.007,0.0,-0.022,22.873
2026-03-03T13:36:30.401,323.485,1026.312,15.995,-108.124,0.007,0.0,0.047,22.878
2026-03-03T13:36:30.901,323.985,1026.263,16.001,-107.722,0.007,0.0,0.015,22.892
2026-03-03T13:36:31.402,324.485,1026.298,16.009,-108.005,0.007,0.0,0.012,22.885
2026-03-03T13:36:31.903,324.985,1026.118,16.003,-106.528,0.008,0.0,-0.022,22.880
2026-03-03T13:36:32.401,325.485,1026.233,15.992,-107.471,0.008,0.0,-0.017,22.889
2026-03-03T13:36:32.902,325.985,1026.366,15.996,-108.569,0.007,0.0,0.009,22.903
2026-03-03T13:36:33.401,326.485,1026.286,15.991,-107.905,0.007,0.0,0.013,22.887
2026-03-03T13:36:33.901,326.985,1026.296,16.000,-107.991,0.007,0.0,0.005,22.887
2026-03-03T13:36:34.400,327.485,1026.219,16.005,-107.358,0.007,0.0,0.009,22.887
2026-03-03T13:36:34.902,327.985,1026.255,15.997,-107.658,0.007,0.0,-0.002,22.887
2026-03-03T13:36:35.400,328.485,1026.227,15.986,-107.426,0.007,0.0,0.026,22.889
2026-03-03T13:36:35.902,328.985,1026.294,16.000,-107.976,0.007,0.0,0.005,22.878
2026-03-03T13:36:36.401,329.485,1026.266,15.993,-107.747,0.007,0.0,0.007,22.885
2026-03-03T13:36:36.902,329.985,1026.312,15.989,-108.126,0.007,0.0,0.004,22.880
2026-03-03T13:36:37.401,330.485,1026.305,15.979,-108.064,0.008,0.0,-0.044,22.883
2026-03-03T13:36:37.901,330.985,1026.225,16.003,-107.410,0.007,0.0,-0.010,22.873
2026-03-03T13:36:38.415,331.485,1026.285,16.002,-107.899,0.007,0.0,0.025,22.887
2026-03-03T13:36:38.901,331.985,1026.235,15.997,-107.490,0.007,0.0,0.002,22.878
2026-03-03T13:36:39.402,332.485,1026.294,15.999,-107.974,0.007,0.0,-0.006,22.876
2026-03-03T13:36:39.906,332.990,1026.267,15.990,-107.751,0.007,0.0,0.003,22.899
2026-03-03T13:36:40.402,333.485,1026.184,15.995,-107.066,0.007,0.0,-0.014,22.894
2026-03-03T13:36:40.900,333.985,1026.243,15.973,-107.554,0.007,0.0,-0.006,22.869
2026-03-03T13:36:41.401,334.485,1026.291,15.980,-107.952,0.007,0.0,0.004,22.903
2026-03-03T13:36:41.900,334.985,1026.246,15.989,-107.583,0.007,0.0,0.002,22.873
2026-03-03T13:36:42.401,335.485,1026.230,15.991,-107.446,0.007,0.0,0.014,22.837
2026-03-03T13:36:42.900,335.985,1026.232,15.978,-107.466,0.007,0.0,-0.005,22.908
2026-03-03T13:36:43.401,336.485,1026.246,15.983,-107.578,0.007,0.0,-0.014,22.880
2026-03-03T13:36:43.916,336.985,1026.245,15.979,-107.568,0.007,0.0,0.024,22.880
2026-03-03T13:36:44.401,337.485,1026.285,15.988,-107.903,0.008,0.0,-0.018,22.883
2026-03-03T13:36:44.901,337.985,1026.249,15.973,-107.608,0.008,0.0,-0.011,22.899
2026-03-03T13:36:45.400,338.485,1026.258,15.975,-107.679,0.007,0.0,0.025,22.885
2026-03-03T13:36:45.901,338.985,1026.353,15.975,-108.460,0.007,0.0,0.001,22.885
2026-03-03T13:36:46.401,339.485,1026.227,15.986,-107.427,0.007,0.0,0.001,22.873
2026-03-03T13:36:46.902,339.985,1026.285,15.985,-107.900,0.007,0.0,-0.011,22.880
2026-03-03T13:36:47.400,340.485,1026.160,15.979,-106.869,0.007,0.0,0.009,22.862
2026-03-03T13:36:47.902,340.985,1026.255,15.985,-107.656,0.007,0.0,0.015,22.887
2026-03-03T13:36:48.405,341.485,1026.215,15.982,-107.324,0.007,0.0,0.014,22.892
2026-03-03T13:36:48.901,341.985,1026.298,15.975,-108.009,0.007,0.0,0.004,22.885
2026-03-03T13:36:49.402,342.485,1026.250,15.979,-107.613,0.007,0.0,-0.014,22.889
2026-03-03T13:36:49.900,342.985,1026.383,15.975,-108.705,0.007,0.0,-0.006,22.887
2026-03-03T13:36:50.406,343.490,1026.375,15.968,-108.639,0.007,0.0,-0.015,22.892
2026-03-03T13:36:50.900,343.985,1026.304,15.975,-108.061,0.007,0.0,-0.015,22.876
2026-03-03T13:36:51.402,344.485,1026.329,15.968,-108.262,0.007,0.0,0.032,22.889
2026-03-03T13:36:51.902,344.985,1026.301,15.975,-108.030,0.007,0.0,-0.024,22.896
2026-03-03T13:36:52.401,345.485,1026.287,15.976,-107.915,0.007,0.0,-0.009,22.873
2026-03-03T13:36:52.901,345.985,1026.327,15.971,-108.250,0.007,0.0,0.018,22.889
2026-03-03T13:36:53.399,346.485,1026.194,15.973,-107.155,0.007,0.0,0.010,22.878
2026-03-03T13:36:53.900,346.985,1026.305,15.970,-108.065,0.007,0.0,-0.002,22.869
2026-03-03T13:36:54.400,347.485,1026.283,15.973,-107.883,0.007,0.0,0.006,22.869
2026-03-03T13:36:54.900,347.985,1026.289,15.969,-107.933,0.007,0.0,-0.001,22.880
2026-03-03T13:36:55.400,348.485,1026.358,15.965,-108.505,0.007,0.0,-0.005,22.894
2026-03-03T13:36:55.900,348.985,1026.220,15.966,-107.363,0.008,0.0,-0.020,22.876
2026-03-03T13:36:56.409,349.485,1026.305,15.976,-108.062,0.007,0.0,0.000,22.880
2026-03-03T13:36:56.902,349.985,1026.278,15.967,-107.841,0.007,0.0,-0.007,22.894
2026-03-03T13:36:57.409,350.485,1026.305,15.963,-108.067,0.008,0.0,-0.043,22.871
2026-03-03T13:36:57.901,350.985,1026.273,15.971,-107.805,0.007,0.0,0.000,22.885
2026-03-03T13:36:58.401,351.485,1026.244,15.968,-107.566,0.007,0.0,0.008,22.880
2026-03-03T13:36:58.900,351.985,1026.249,15.968,-107.604,0.007,0.0,-0.002,22.867
2026-03-03T13:36:59.401,352.485,1026.303,15.979,-108.049,0.007,0.0,-0.001,22.873
2026-03-03T13:36:59.900,352.985,1026.239,15.971,-107.522,0.007,0.0,-0.006,22.869
2026-03-03T13:37:00.401,353.485,1026.331,15.971,-108.280,0.007,0.0,-0.011,22.885
2026-03-03T13:37:00.906,353.990,1026.253,15.965,-107.639,0.008,0.0,-0.005,22.862
2026-03-03T13:37:01.401,354.485,1026.212,15.979,-107.298,0.007,0.0,0.022,22.880
2026-03-03T13:37:01.925,354.985,1026.181,15.965,-107.041,0.007,0.0,0.010,22.892
2026-03-03T13:37:02.400,355.485,1026.239,15.972,-107.522,0.007,0.0,-0.012,22.899
2026-03-03T13:37:02.901,355.985,1026.255,15.973,-107.653,0.007,0.0,0.011,22.885
2026-03-03T13:37:03.400,356.485,1026.251,15.971,-107.622,0.007,0.0,0.007,22.885
2026-03-03T13:37:03.903,356.985,1026.261,15.966,-107.702,0.007,0.0,0.001,22.894
2026-03-03T13:37:04.400,357.485,1026.264,15.974,-107.731,0.007,0.0,-0.015,22.894
2026-03-03T13:37:04.900,357.985,1026.240,15.967,-107.534,0.007,0.0,0.028,22.894
2026-03-03T13:37:05.400,358.485,1026.355,15.972,-108.480,0.007,0.0,0.017,22.880
2026-03-03T13:37:05.899,358.985,1026.289,15.971,-107.935,0.007,0.0,0.016,22.883
2026-03-03T13:37:06.401,359.485,1026.294,15.973,-107.976,0.008,0.0,-0.021,22.880
2026-03-03T13:37:06.901,359.985,1026.381,15.966,-108.690,0.007,0.0,-0.004,22.876
2026-03-03T13:37:07.401,360.485,1026.247,15.977,-107.588,0.008,0.0,-0.023,22.871
2026-03-03T13:37:07.901,360.985,1026.269,15.958,-107.772,0.007,0.0,-0.016,22.867
2026-03-03T13:37:08.401,361.485,1026.293,15.960,-107.965,0.007,0.0,0.015,22.883
2026-03-03T13:37:08.916,361.985,1026.227,15.957,-107.426,0.007,0.0,-0.005,22.894
2026-03-03T13:37:09.401,362.485,1026.310,15.971,-108.104,0.007,0.0,0.007,22.889
2026-03-03T13:37:09.901,362.985,1026.278,15.962,-107.844,0.007,0.0,0.025,22.878
2026-03-03T13:37:10.400,363.485,1026.312,15.961,-108.119,0.007,0.0,0.015,22.873
2026-03-03T13:37:10.902,363.985,1026.198,15.969,-107.182,0.007,0.0,-0.005,22.871
2026-03-03T13:37:11.405,364.490,1026.333,15.958,-108.300,0.007,0.0,-0.004,22.878
2026-03-03T13:37:11.901,364.985,1026.293,15.962,-107.967,0.007,0.0,0.012,22.876
2026-03-03T13:37:12.405,365.485,1026.368,15.967,-108.584,0.007,0.0,-0.006,22.880
2026-03-03T13:37:12.902,365.985,1026.267,15.977,-107.757,0.007,0.0,0.006,22.883
2026-03-03T13:37:13.400,366.485,1026.233,15.955,-107.470,0.007,0.0,-0.017,22.871
2026-03-03T13:37:13.900,366.985,1026.350,15.962,-108.434,0.007,0.0,0.015,22.880
2026-03-03T13:37:14.400,367.485,1026.291,15.969,-107.950,0.008,0.0,-0.012,22.885
2026-03-03T13:37:14.900,367.985,1026.316,15.976,-108.155,0.007,0.0,0.014,22.873
2026-03-03T13:37:15.401,368.485,1026.278,15.957,-107.847,0.007,0.0,0.027,22.889
2026-03-03T13:37:15.900,368.985,1026.279,15.967,-107.855,0.007,0.0,0.013,22.901
2026-03-03T13:37:16.401,369.485,1026.364,15.957,-108.552,0.007,0.0,-0.016,22.899
2026-03-03T13:37:16.903,369.985,1026.355,15.966,-108.476,0.007,0.0,0.009,22.892
2026-03-03T13:37:17.401,370.485,1026.337,15.966,-108.331,0.007,0.0,-0.003,22.876
2026-03-03T13:37:17.915,370.985,1026.290,15.966,-107.938,0.007,0.0,0.008,22.901
2026-03-03T13:37:18.400,371.485,1026.265,15.966,-107.739,0.007,0.0,0.014,22.873
2026-03-03T13:37:18.902,371.985,1026.294,15.952,-107.974,0.007,0.0,-0.014,22.878
2026-03-03T13:37:19.400,372.485,1026.332,15.967,-108.285,0.007,0.0,-0.025,22.862
2026-03-03T13:37:19.901,372.985,1026.292,15.966,-107.963,0.007,0.0,0.010,22.901
2026-03-03T13:37:20.400,373.485,1026.333,15.946,-108.298,0.007,0.0,0.014,22.869
2026-03-03T13:37:20.903,373.985,1026.274,15.946,-107.807,0.007,0.0,-0.007,22.876
2026-03-03T13:37:21.409,374.485,1026.262,15.945,-107.714,0.007,0.0,-0.006,22.876
2026-03-03T13:37:21.905,374.989,1026.273,15.946,-107.800,0.007,0.0,0.017,22.883
2026-03-03T13:37:22.411,375.485,1026.292,15.948,-107.963,0.007,0.0,0.007,22.883
2026-03-03T13:37:22.901,375.985,1026.269,15.949,-107.772,0.008,0.0,-0.005,22.869
2026-03-03T13:37:23.401,376.485,1026.284,15.954,-107.890,0.007,0.0,0.011,22.892
2026-03-03T13:37:23.899,376.985,1026.292,15.946,-107.962,0.007,0.0,0.019,22.887
2026-03-03T13:37:24.400,377.485,1026.335,15.951,-108.310,0.007,0.0,-0.010,22.889
2026-03-03T13:37:24.899,377.985,1026.365,15.951,-108.556,0.007,0.0,0.002,22.883
2026-03-03T13:37:25.400,378.485,1026.384,15.960,-108.717,0.008,0.0,-0.009,22.878
2026-03-03T13:37:25.908,378.985,1026.405,15.972,-108.887,0.007,0.0,0.018,22.892
2026-03-03T13:37:26.399,379.485,1026.305,15.952,-108.065,0.007,0.0,0.009,22.885
2026-03-03T13:37:26.921,379.985,1026.207,15.963,-107.262,0.007,0.0,0.008,22.883
2026-03-03T13:37:27.401,380.485,1026.301,15.963,-108.029,0.007,0.0,0.024,22.883
2026-03-03T13:37:27.902,380.985,1026.305,15.971,-108.066,0.007,0.0,-0.002,22.876
2026-03-03T13:37:28.399,381.485,1026.366,15.955,-108.566,0.007,0.0,-0.016,22.880
2026-03-03T13:37:28.900,381.985,1026.388,15.958,-108.753,0.007,0.0,-0.001,22.892
2026-03-03T13:37:29.400,382.485,1026.446,15.954,-109.225,0.007,0.0,0.022,22.892
2026-03-03T13:37:29.901,382.985,1026.368,15.957,-108.583,0.007,0.0,-0.004,22.896
2026-03-03T13:37:30.400,383.485,1026.368,15.954,-108.581,0.007,0.0,0.013,22.896
2026-03-03T13:37:30.903,383.985,1026.389,15.952,-108.756,0.007,0.0,-0.001,22.864
2026-03-03T13:37:31.418,384.485,1026.352,15.957,-108.453,0.008,0.0,-0.021,22.885
2026-03-03T13:37:31.900,384.985,1026.330,15.956,-108.268,0.007,0.0,0.012,22.873
2026-03-03T13:37:32.406,385.490,1026.373,15.953,-108.626,0.008,0.0,-0.002,22.876
2026-03-03T13:37:32.899,385.985,1026.389,15.962,-108.757,0.007,0.0,-0.005,22.883
2026-03-03T13:37:33.401,386.485,1026.339,15.960,-108.349,0.007,0.0,-0.006,22.889
2026-03-03T13:37:33.900,386.985,1026.304,15.963,-108.059,0.007,0.0,0.007,22.889
2026-03-03T13:37:34.400,387.485,1026.290,15.961,-107.943,0.007,0.0,0.004,22.880
2026-03-03T13:37:34.899,387.985,1026.373,15.967,-108.622,0.007,0.0,0.003,22.876
2026-03-03T13:37:35.401,388.485,1026.370,15.967,-108.599,0.007,0.0,0.000,22.894
2026-03-03T13:37:35.913,388.985,1026.409,15.951,-108.924,0.007,0.0,-0.001,22.876
2026-03-03T13:37:36.399,389.485,1026.308,15.946,-108.091,0.007,0.0,-0.007,22.876
2026-03-03T13:37:36.902,389.985,1026.361,15.956,-108.529,0.007,0.0,-0.002,22.889
2026-03-03T13:37:37.399,390.485,1026.259,15.959,-107.688,0.007,0.0,0.011,22.876
2026-03-03T13:37:37.900,390.985,1026.267,15.966,-107.755,0.007,0.0,0.001,22.876
2026-03-03T13:37:38.399,391.485,1026.323,15.952,-108.211,0.007,0.0,0.005,22.889
2026-03-03T13:37:38.901,391.985,1026.337,15.951,-108.333,0.007,0.0,-0.019,22.862
2026-03-03T13:37:39.404,392.485,1026.304,15.951,-108.057,0.007,0.0,0.004,22.887
2026-03-03T13:37:39.901,392.985,1026.331,15.969,-108.279,0.007,0.0,0.001,22.905
2026-03-03T13:37:40.404,393.485,1026.330,15.955,-108.275,0.007,0.0,0.012,22.889
2026-03-03T13:37:40.900,393.985,1026.347,15.955,-108.413,0.007,0.0,0.006,22.889
2026-03-03T13:37:41.400,394.485,1026.365,15.969,-108.563,0.007,0.0,0.005,22.892
2026-03-03T13:37:41.899,394.985,1026.297,15.954,-107.998,0.007,0.0,-0.003,22.883
2026-03-03T13:37:42.399,395.485,1026.344,15.960,-108.386,0.007,0.0,0.017,22.894
2026-03-03T13:37:42.904,395.990,1026.350,15.956,-108.437,0.007,0.0,-0.008,22.880
2026-03-03T13:37:43.401,396.485,1026.315,15.933,-108.150,0.008,0.0,-0.038,22.894
2026-03-03T13:37:43.900,396.985,1026.359,15.943,-108.510,0.008,0.0,-0.019,22.894
2026-03-03T13:37:44.401,397.485,1026.293,15.951,-107.966,0.007,0.0,0.004,22.873
2026-03-03T13:37:44.927,397.985,1026.333,15.944,-108.296,0.007,0.0,0.009,22.889
2026-03-03T13:37:45.399,398.485,1026.406,15.932,-108.900,0.007,0.0,0.007,22.883
2026-03-03T13:37:45.901,398.985,1026.333,15.941,-108.294,0.007,0.0,-0.007,22.876
2026-03-03T13:37:46.399,399.485,1026.320,15.942,-108.188,0.007,0.0,0.001,22.885
2026-03-03T13:37:46.900,399.985,1026.385,15.945,-108.727,0.008,0.0,-0.025,22.885
2026-03-03T13:37:47.399,400.485,1026.379,15.958,-108.676,0.007,0.0,0.004,22.878
2026-03-03T13:37:47.901,400.985,1026.301,15.944,-108.036,0.007,0.0,0.033,22.867
2026-03-03T13:37:48.406,401.485,1026.276,15.955,-107.830,0.007,0.0,0.004,22.883
2026-03-03T13:37:48.901,401.985,1026.376,15.947,-108.652,0.008,0.0,-0.022,22.867
2026-03-03T13:37:49.401,402.485,1026.313,15.954,-108.128,0.007,0.0,-0.001,22.876
2026-03-03T13:37:49.899,402.985,1026.352,15.948,-108.453,0.008,0.0,-0.025,22.892
2026-03-03T13:37:50.400,403.485,1026.318,15.942,-108.172,0.008,0.0,-0.018,22.880
2026-03-03T13:37:50.900,403.985,1026.323,15.962,-108.212,0.007,0.0,-0.022,22.896
2026-03-03T13:37:51.401,404.485,1026.286,15.949,-107.909,0.007,0.0,0.005,22.876
2026-03-03T13:37:51.902,404.985,1026.335,15.966,-108.314,0.008,0.0,-0.028,22.892
2026-03-03T13:37:52.400,405.485,1026.383,15.952,-108.709,0.007,0.0,0.007,22.889
2026-03-03T13:37:52.899,405.985,1026.326,15.959,-108.239,0.007,0.0,-0.006,22.880
2026-03-03T13:37:53.404,406.490,1026.389,15.971,-108.756,0.007,0.0,-0.026,22.883
2026-03-03T13:37:53.899,406.985,1026.309,15.963,-108.098,0.007,0.0,-0.018,22.896
2026-03-03T13:37:54.400,407.485,1026.377,15.962,-108.656,0.007,0.0,-0.003,22.873
2026-03-03T13:37:54.900,407.985,1026.292,15.984,-107.962,0.007,0.0,0.011,22.889
2026-03-03T13:37:55.399,408.485,1026.310,15.967,-108.108,0.008,0.0,-0.030,22.894
2026-03-03T13:37:55.900,408.985,1026.336,15.976,-108.323,0.007,0.0,0.019,22.880
2026-03-03T13:37:56.407,409.485,1026.275,15.957,-107.817,0.007,0.0,0.008,22.883
2026-03-03T13:37:56.900,409.985,1026.367,15.948,-108.576,0.007,0.0,-0.014,22.873
2026-03-03T13:37:57.400,410.485,1026.358,15.953,-108.503,0.007,0.0,-0.011,22.880
2026-03-03T13:37:57.899,410.985,1026.376,15.961,-108.648,0.007,0.0,0.014,22.894
2026-03-03T13:37:58.401,411.485,1026.333,15.966,-108.299,0.008,0.0,-0.019,22.876
2026-03-03T13:37:58.899,411.985,1026.346,15.975,-108.406,0.007,0.0,0.005,22.876
2026-03-03T13:37:59.400,412.485,1026.382,15.956,-108.697,0.007,0.0,-0.003,22.878
2026-03-03T13:37:59.907,412.985,1026.259,15.956,-107.685,0.007,0.0,0.008,22.894
2026-03-03T13:38:00.399,413.485,1026.346,15.973,-108.405,0.007,0.0,0.024,22.873
2026-03-03T13:38:00.900,413.985,1026.325,15.968,-108.232,0.007,0.0,0.013,22.873
2026-03-03T13:38:01.399,414.485,1026.295,15.959,-107.987,0.007,0.0,-0.015,22.878
2026-03-03T13:38:01.900,414.985,1026.346,15.964,-108.405,0.007,0.0,-0.024,22.880
2026-03-03T13:38:02.399,415.485,1026.272,15.964,-107.793,0.007,0.0,0.003,22.885
2026-03-03T13:38:02.900,415.985,1026.244,15.970,-107.559,0.007,0.0,-0.017,22.885
2026-03-03T13:38:03.399,416.485,1026.277,15.954,-107.837,0.007,0.0,-0.003,22.873
2026-03-03T13:38:03.905,416.990,1026.387,15.965,-108.743,0.007,0.0,0.009,22.883
2026-03-03T13:38:04.400,417.485,1026.341,15.964,-108.359,0.007,0.0,-0.009,22.894
2026-03-03T13:38:04.900,417.985,1026.331,15.963,-108.281,0.007,0.0,0.010,22.901
2026-03-03T13:38:05.400,418.485,1026.375,15.966,-108.645,0.007,0.0,0.001,22.860
2026-03-03T13:38:05.898,418.985,1026.320,15.963,-108.189,0.007,0.0,-0.026,22.887
2026-03-03T13:38:06.399,419.485,1026.292,15.972,-107.960,0.007,0.0,0.011,22.889
2026-03-03T13:38:06.899,419.985,1026.227,15.987,-107.420,0.007,0.0,0.021,22.871
2026-03-03T13:38:07.399,420.485,1026.341,15.971,-108.365,0.007,0.0,-0.021,22.887
2026-03-03T13:38:07.905,420.985,1026.252,15.979,-107.628,0.007,0.0,-0.003,22.873
2026-03-03T13:38:08.401,421.485,1026.308,15.966,-108.092,0.008,0.0,-0.023,22.887
2026-03-03T13:38:08.915,421.985,1026.256,15.971,-107.660,0.007,0.0,0.021,22.878
2026-03-03T13:38:09.399,422.485,1026.269,15.977,-107.771,0.007,0.0,-0.011,22.878
2026-03-03T13:38:09.901,422.985,1026.350,15.967,-108.438,0.007,0.0,0.014,22.887
2026-03-03T13:38:10.399,423.485,1026.304,15.979,-108.057,0.007,0.0,0.003,22.873
2026-03-03T13:38:10.900,423.985,1026.358,15.985,-108.499,0.007,0.0,0.002,22.869
2026-03-03T13:38:11.399,424.485,1026.320,15.972,-108.189,0.007,0.0,0.004,22.867
2026-03-03T13:38:11.900,424.985,1026.249,15.967,-107.603,0.007,0.0,0.002,22.871
2026-03-03T13:38:12.399,425.485,1026.314,15.974,-108.137,0.007,0.0,0.008,22.873
2026-03-03T13:38:12.900,425.985,1026.368,15.977,-108.584,0.007,0.0,-0.021,22.892
2026-03-03T13:38:13.411,426.485,1026.348,15.972,-108.420,0.007,0.0,-0.025,22.885
2026-03-03T13:38:13.900,426.985,1026.312,15.976,-108.123,0.007,0.0,0.014,22.887
2026-03-03T13:38:14.405,427.490,1026.262,15.968,-107.710,0.008,0.0,-0.037,22.887
2026-03-03T13:38:14.900,427.985,1026.316,15.975,-108.154,0.007,0.0,-0.007,22.883
2026-03-03T13:38:15.400,428.485,1026.254,15.968,-107.649,0.007,0.0,-0.013,22.880
2026-03-03T13:38:15.899,428.985,1026.307,15.976,-108.078,0.008,0.0,-0.018,22.887
2026-03-03T13:38:16.400,429.485,1026.315,15.979,-108.150,0.007,0.0,0.026,22.862
2026-03-03T13:38:16.899,429.985,1026.250,15.986,-107.611,0.007,0.0,0.009,22.896
2026-03-03T13:38:17.398,430.485,1026.338,15.977,-108.340,0.007,0.0,-0.011,22.876
2026-03-03T13:38:17.903,430.985,1026.300,15.971,-108.027,0.007,0.0,0.008,22.885
2026-03-03T13:38:18.399,431.485,1026.255,15.969,-107.658,0.007,0.0,0.003,22.883
2026-03-03T13:38:18.899,431.985,1026.264,15.971,-107.729,0.007,0.0,-0.007,22.860
2026-03-03T13:38:19.399,432.485,1026.303,15.972,-108.052,0.007,0.0,-0.010,22.896
2026-03-03T13:38:19.900,432.985,1026.289,15.975,-107.930,0.007,0.0,-0.012,22.885
2026-03-03T13:38:20.399,433.485,1026.326,15.975,-108.237,0.007,0.0,0.016,22.878
2026-03-03T13:38:20.900,433.985,1026.289,15.984,-107.937,0.007,0.0,-0.013,22.889
2026-03-03T13:38:21.399,434.485,1026.333,15.986,-108.300,0.007,0.0,-0.016,22.853
2026-03-03T13:38:21.900,434.985,1026.250,15.981,-107.614,0.007,0.0,-0.000,22.878
2026-03-03T13:38:22.417,435.485,1026.324,15.987,-108.225,0.007,0.0,0.019,22.876
2026-03-03T13:38:22.899,435.985,1026.240,15.986,-107.526,0.007,0.0,0.028,22.871
2026-03-03T13:38:23.399,436.485,1026.263,16.004,-107.717,0.007,0.0,0.016,22.878
2026-03-03T13:38:23.899,436.985,1026.308,15.987,-108.087,0.007,0.0,-0.013,22.880
2026-03-03T13:38:24.400,437.485,1026.274,15.998,-107.812,0.007,0.0,-0.020,22.876
2026-03-03T13:38:24.903,437.990,1026.350,15.993,-108.436,0.007,0.0,-0.008,22.878
2026-03-03T13:38:25.399,438.485,1025.251,15.990,-99.379,3.992,4.8,-0.867,22.857
2026-03-03T13:38:25.899,438.985,1025.288,15.983,-99.689,4.052,5.0,-0.011,22.867
2026-03-03T13:38:26.399,439.485,1025.297,15.992,-99.757,4.062,5.0,-0.022,22.876
2026-03-03T13:38:26.901,439.985,1025.316,16.000,-99.917,4.063,5.0,0.002,22.857
2026-03-03T13:38:27.398,440.485,1025.324,15.984,-99.981,4.064,5.0,-0.029,22.892
2026-03-03T13:38:27.899,440.985,1025.293,15.981,-99.725,4.066,5.0,0.008,22.869
2026-03-03T13:38:28.399,441.485,1025.338,15.986,-100.098,4.066,5.0,0.019,22.869
2026-03-03T13:38:28.901,441.985,1025.355,15.979,-100.237,4.066,5.0,0.018,22.869
2026-03-03T13:38:29.399,442.485,1025.253,15.964,-99.396,4.066,5.0,-0.010,22.873
2026-03-03T13:38:29.899,442.985,1025.268,15.964,-99.519,4.066,5.0,-0.013,22.864
2026-03-03T13:38:30.403,443.485,1025.354,15.964,-100.233,4.066,5.0,-0.010,22.880
2026-03-03T13:38:30.900,443.985,1025.306,15.974,-99.834,4.066,5.0,-0.003,22.869
2026-03-03T13:38:31.426,444.485,1025.369,15.961,-100.353,4.066,5.0,-0.004,22.860
2026-03-03T13:38:31.898,444.985,1025.366,15.969,-100.329,4.066,5.0,-0.001,22.876
2026-03-03T13:38:32.400,445.485,1025.383,15.962,-100.470,4.066,5.0,0.006,22.894
2026-03-03T13:38:32.899,445.985,1025.347,15.969,-100.176,4.066,5.0,-0.014,22.876
2026-03-03T13:38:33.400,446.485,1025.278,15.949,-99.608,4.066,5.0,0.017,22.878
2026-03-03T13:38:33.898,446.985,1025.398,15.949,-100.597,4.066,5.0,-0.008,22.873
2026-03-03T13:38:34.400,447.485,1025.407,15.966,-100.672,4.066,5.0,0.009,22.887
2026-03-03T13:38:34.900,447.987,1025.299,15.950,-99.777,4.066,5.0,-0.017,22.860
2026-03-03T13:38:35.406,448.492,1025.289,15.949,-99.699,4.066,5.0,0.022,22.873
2026-03-03T13:38:35.901,448.987,1025.280,15.942,-99.624,4.066,5.0,-0.012,22.878
2026-03-03T13:38:36.402,449.487,1025.295,15.940,-99.745,4.065,5.0,-0.005,22.889
2026-03-03T13:38:36.906,449.987,1025.396,15.938,-100.580,4.065,5.0,-0.011,22.889
2026-03-03T13:38:37.401,450.487,1025.306,15.960,-99.838,4.065,5.0,-0.009,22.876
2026-03-03T13:38:37.901,450.987,1025.366,15.951,-100.330,4.065,5.0,0.009,22.864
2026-03-03T13:38:38.400,451.487,1025.264,15.944,-99.488,4.065,5.0,-0.018,22.880
2026-03-03T13:38:38.902,451.987,1025.342,15.938,-100.135,4.065,5.0,-0.019,22.878
2026-03-03T13:38:39.400,452.487,1025.303,15.939,-99.813,4.065,5.0,-0.002,22.883
2026-03-03T13:38:39.900,452.987,1025.345,15.938,-100.159,4.065,5.0,-0.003,22.878
2026-03-03T13:38:40.400,453.487,1025.375,15.936,-100.401,4.065,5.0,0.005,22.880
2026-03-03T13:38:40.900,453.987,1025.296,15.944,-99.756,4.065,5.0,0.019,22.887
2026-03-03T13:38:41.406,454.487,1025.401,15.937,-100.619,4.065,5.0,-0.000,22.880
2026-03-03T13:38:41.900,454.987,1025.359,15.924,-100.270,4.065,5.0,0.019,22.880
2026-03-03T13:38:42.401,455.487,1023.640,15.932,-86.097,5.961,10.0,-0.028,22.857
2026-03-03T13:38:42.900,455.987,1023.605,15.919,-85.810,5.973,10.0,0.030,22.873
2026-03-03T13:38:43.402,456.487,1023.573,15.933,-85.544,5.980,10.0,-0.004,22.857
2026-03-03T13:38:43.900,456.987,1023.675,15.902,-86.389,5.980,10.0,0.029,22.873
2026-03-03T13:38:44.402,457.487,1023.513,15.905,-85.051,5.980,10.0,0.007,22.878
2026-03-03T13:38:44.900,457.987,1023.543,15.911,-85.295,5.981,10.0,0.010,22.876
2026-03-03T13:38:45.402,458.487,1023.604,15.903,-85.797,5.981,10.0,0.017,22.889
2026-03-03T13:38:45.919,458.992,1023.663,15.898,-86.285,5.982,10.0,-0.053,22.871
2026-03-03T13:38:46.401,459.487,1023.604,15.904,-85.798,5.982,10.0,-0.054,22.869
2026-03-03T13:38:46.901,459.987,1023.553,15.910,-85.379,5.982,10.0,-0.017,22.862
2026-03-03T13:38:47.400,460.487,1023.653,15.899,-86.202,5.981,10.0,0.045,22.876
2026-03-03T13:38:47.902,460.987,1023.669,15.896,-86.337,5.982,10.0,0.026,22.862
2026-03-03T13:38:48.400,461.487,1023.636,15.895,-86.067,5.982,10.0,0.004,22.871
2026-03-03T13:38:48.901,461.987,1023.562,15.873,-85.456,5.981,10.0,0.023,22.869
2026-03-03T13:38:49.403,462.487,1023.544,15.887,-85.306,5.981,10.0,-0.005,22.880
2026-03-03T13:38:49.901,462.987,1023.534,15.874,-85.219,5.981,10.0,-0.027,22.889
2026-03-03T13:38:50.414,463.487,1023.518,15.878,-85.091,5.981,10.0,0.002,22.885
2026-03-03T13:38:50.901,463.987,1023.574,15.882,-85.549,5.981,10.0,-0.030,22.880
2026-03-03T13:38:51.401,464.487,1023.586,15.887,-85.653,5.981,10.0,-0.048,22.867
2026-03-03T13:38:51.901,464.987,1023.562,15.880,-85.455,5.981,10.0,0.010,22.880
2026-03-03T13:38:52.402,465.487,1023.580,15.878,-85.599,5.981,10.0,-0.003,22.883
2026-03-03T13:38:52.900,465.987,1023.583,15.887,-85.622,5.981,10.0,-0.012,22.864
2026-03-03T13:38:53.400,466.487,1023.602,15.882,-85.779,5.981,10.0,-0.005,22.883
2026-03-03T13:38:53.901,466.987,1023.589,15.882,-85.679,5.981,10.0,0.014,22.873
2026-03-03T13:38:54.400,467.487,1023.546,15.872,-85.317,5.981,10.0,0.004,22.873
2026-03-03T13:38:54.906,467.987,1023.545,15.868,-85.314,5.981,10.0,0.005,22.871
2026-03-03T13:38:55.401,468.487,1023.607,15.874,-85.827,5.981,10.0,-0.013,22.878
2026-03-03T13:38:55.905,468.990,1023.577,15.868,-85.576,5.981,10.0,-0.006,22.869
2026-03-03T13:38:56.408,469.495,1023.595,15.859,-85.722,5.981,10.0,0.030,22.871
2026-03-03T13:38:56.905,469.990,1023.637,15.854,-86.072,5.981,10.0,-0.005,22.883
2026-03-03T13:38:57.403,470.490,1023.629,15.856,-86.004,5.981,10.0,0.051,22.880
2026-03-03T13:38:57.903,470.990,1023.556,15.852,-85.400,5.981,10.0,-0.004,22.867
2026-03-03T13:38:58.403,471.490,1023.324,15.854,-83.485,6.069,10.3,-15.234,21.770
2026-03-03T13:38:58.904,471.990,1021.460,15.839,-68.091,7.679,15.0,-0.018,22.857
2026-03-03T13:38:59.411,472.490,1021.259,15.842,-66.426,7.689,15.0,-0.015,22.876
2026-03-03T13:38:59.905,472.990,1021.385,15.831,-67.467,7.693,15.0,-0.014,22.892
2026-03-03T13:39:00.405,473.490,1021.420,15.833,-67.762,7.694,15.0,0.025,22.862
2026-03-03T13:39:00.903,473.990,1021.347,15.824,-67.153,7.694,15.0,-0.002,22.857
2026-03-03T13:39:01.404,474.490,1021.388,15.820,-67.497,7.695,15.0,-0.024,22.869
2026-03-03T13:39:01.903,474.990,1021.354,15.809,-67.217,7.695,15.0,0.026,22.867
2026-03-03T13:39:02.403,475.490,1021.413,15.815,-67.701,7.695,15.0,-0.024,22.889
2026-03-03T13:39:02.913,475.990,1021.444,15.792,-67.960,7.695,15.0,-0.002,22.894
2026-03-03T13:39:03.403,476.490,1021.423,15.802,-67.783,7.695,15.0,0.045,22.880
2026-03-03T13:39:03.913,476.990,1021.474,15.817,-68.205,7.695,15.0,0.012,22.878
2026-03-03T13:39:04.403,477.490,1021.488,15.803,-68.325,7.695,15.0,-0.000,22.885
2026-03-03T13:39:04.904,477.990,1021.375,15.797,-67.386,7.695,15.0,-0.011,22.883
2026-03-03T13:39:05.403,478.490,1021.561,15.796,-68.929,7.695,15.0,0.029,22.864
2026-03-03T13:39:05.903,478.990,1021.417,15.799,-67.735,7.695,15.0,0.033,22.878
2026-03-03T13:39:06.404,479.490,1021.459,15.787,-68.080,7.695,15.0,0.030,22.867
2026-03-03T13:39:06.909,479.995,1021.467,15.790,-68.152,7.695,15.0,0.012,22.867
2026-03-03T13:39:07.403,480.490,1021.442,15.786,-67.940,7.695,15.0,-0.004,22.867
2026-03-03T13:39:07.904,480.990,1021.366,15.789,-67.317,7.695,15.0,-0.006,22.883
2026-03-03T13:39:08.406,481.490,1021.444,15.778,-67.956,7.695,15.0,-0.008,22.867
2026-03-03T13:39:08.904,481.990,1021.482,15.773,-68.269,7.695,15.0,0.001,22.880
2026-03-03T13:39:09.422,482.490,1021.531,15.778,-68.676,7.695,15.0,-0.012,22.880
2026-03-03T13:39:09.903,482.990,1021.549,15.776,-68.828,7.695,15.0,-0.015,22.878
2026-03-03T13:39:10.404,483.490,1021.431,15.791,-67.851,7.695,15.0,0.012,22.869
2026-03-03T13:39:10.903,483.990,1021.453,15.782,-68.029,7.695,15.0,-0.029,22.876
2026-03-03T13:39:11.404,484.490,1021.494,15.774,-68.370,7.695,15.0,-0.006,22.867
2026-03-03T13:39:11.903,484.990,1021.443,15.776,-67.947,7.695,15.0,-0.004,22.878
2026-03-03T13:39:12.404,485.490,1021.287,15.760,-66.659,7.695,15.0,0.010,22.873
2026-03-03T13:39:12.914,485.990,1021.523,15.762,-68.608,7.695,15.0,-0.008,22.860
2026-03-03T13:39:13.403,486.490,1021.386,15.756,-67.483,7.695,15.0,0.030,22.869
2026-03-03T13:39:13.904,486.990,1021.514,15.759,-68.536,7.695,15.0,-0.011,22.901
2026-03-03T13:39:14.403,487.490,1018.824,15.762,-46.279,9.234,20.0,-0.020,22.880
2026-03-03T13:39:14.905,487.990,1018.750,15.760,-45.665,9.248,20.0,-0.038,22.869
2026-03-03T13:39:15.403,488.490,1018.727,15.755,-45.475,9.252,20.0,-0.009,22.862
2026-03-03T13:39:15.904,488.990,1018.869,15.746,-46.646,9.253,20.0,0.011,22.864
2026-03-03T13:39:16.403,489.490,1018.843,15.740,-46.433,9.254,20.0,0.012,22.869
2026-03-03T13:39:16.909,489.995,1018.871,15.746,-46.670,9.254,20.0,-0.021,22.883
2026-03-03T13:39:17.420,490.490,1018.912,15.742,-47.009,9.254,20.0,0.003,22.844
2026-03-03T13:39:17.903,490.990,1018.813,15.745,-46.188,9.254,20.0,0.024,22.878
2026-03-03T13:39:18.403,491.490,1018.796,15.738,-46.043,9.259,20.0,-0.043,22.855
2026-03-03T13:39:18.903,491.990,1018.824,15.754,-46.281,9.260,20.0,-0.001,22.871
2026-03-03T13:39:19.404,492.490,1018.796,15.745,-46.048,9.260,20.0,-0.026,22.876
2026-03-03T13:39:19.903,492.990,1018.792,15.754,-46.009,9.259,20.0,-0.020,22.864
2026-03-03T13:39:20.404,493.490,1018.812,15.742,-46.178,9.259,20.0,-0.009,22.887
2026-03-03T13:39:20.904,493.990,1018.769,15.734,-45.823,9.259,20.0,0.006,22.880
2026-03-03T13:39:21.402,494.490,1018.841,15.753,-46.420,9.258,20.0,-0.008,22.869
2026-03-03T13:39:21.903,494.990,1018.864,15.748,-46.610,9.258,20.0,0.001,22.885
2026-03-03T13:39:22.403,495.490,1018.882,15.745,-46.754,9.257,20.0,0.010,22.873
2026-03-03T13:39:22.904,495.990,1018.926,15.759,-47.123,9.257,20.0,0.014,22.873
2026-03-03T13:39:23.403,496.490,1018.845,15.739,-46.447,9.256,20.0,-0.000,22.878
2026-03-03T13:39:23.903,496.990,1018.822,15.737,-46.260,9.255,20.0,0.003,22.876
2026-03-03T13:39:24.404,497.490,1018.915,15.753,-47.032,9.254,20.0,-0.025,22.864
2026-03-03T13:39:24.902,497.990,1018.818,15.750,-46.231,9.254,20.0,0.010,22.860
2026-03-03T13:39:25.404,498.490,1018.862,15.741,-46.588,9.254,20.0,0.037,22.855
2026-03-03T13:39:25.902,498.990,1018.791,15.742,-46.007,9.254,20.0,0.039,22.869
2026-03-03T13:39:26.404,499.490,1018.829,15.726,-46.320,9.254,20.0,-0.002,22.880
2026-03-03T13:39:26.909,499.990,1018.800,15.730,-46.075,9.254,20.0,-0.011,22.892
2026-03-03T13:39:27.408,500.495,1018.785,15.753,-45.954,9.254,20.0,0.024,22.864
2026-03-03T13:39:27.921,500.990,1018.896,15.745,-46.871,9.254,20.0,-0.006,22.846
2026-03-03T13:39:28.404,501.490,1018.830,15.744,-46.327,9.254,20.0,0.013,22.873
2026-03-03T13:39:28.903,501.990,1018.886,15.739,-46.788,9.254,20.0,0.037,22.867
2026-03-03T13:39:29.403,502.490,1018.923,15.745,-47.095,9.254,20.0,-0.004,22.853
2026-03-03T13:39:29.903,502.990,1018.925,15.751,-47.116,9.254,20.0,0.005,22.860
2026-03-03T13:39:30.408,503.490,1017.558,15.751,-35.783,10.593,24.6,-1.563,22.855
2026-03-03T13:39:30.903,503.990,1017.474,15.736,-35.087,10.693,25.0,0.015,22.857
2026-03-03T13:39:31.415,504.490,1017.479,15.740,-35.130,10.703,25.0,-0.039,22.869
2026-03-03T13:39:31.902,504.990,1017.602,15.753,-36.151,10.705,25.0,-0.032,22.871
2026-03-03T13:39:32.402,505.490,1017.596,15.751,-36.102,10.706,25.0,0.010,22.862
2026-03-03T13:39:32.903,505.990,1017.568,15.760,-35.869,10.706,25.0,-0.023,22.889
2026-03-03T13:39:33.403,506.490,1017.700,15.756,-36.961,10.706,25.0,-0.004,22.860
2026-03-03T13:39:33.902,506.990,1017.551,15.741,-35.729,10.706,25.0,0.009,22.880
2026-03-03T13:39:34.403,507.490,1017.684,15.748,-36.830,10.706,25.0,-0.005,22.880
2026-03-03T13:39:34.903,507.990,1017.558,15.750,-35.782,10.706,25.0,0.045,22.880
2026-03-03T13:39:35.403,508.490,1017.570,15.750,-35.884,10.707,25.0,0.016,22.867
2026-03-03T13:39:35.906,508.990,1017.533,15.758,-35.579,10.707,25.0,-0.001,22.851
2026-03-03T13:39:36.402,509.490,1017.602,15.750,-36.148,10.707,25.0,0.011,22.889
2026-03-03T13:39:36.904,509.990,1017.606,15.754,-36.183,10.707,25.0,-0.002,22.885
2026-03-03T13:39:37.404,510.490,1017.518,15.750,-35.449,10.707,25.0,0.016,22.880
2026-03-03T13:39:37.908,510.995,1017.547,15.744,-35.692,10.707,25.0,-0.043,22.871
2026-03-03T13:39:38.402,511.490,1017.486,15.750,-35.184,10.707,25.0,0.041,22.862
2026-03-03T13:39:38.903,511.990,1017.525,15.742,-35.513,10.707,25.0,-0.009,22.869
2026-03-03T13:39:39.402,512.490,1017.611,15.744,-36.221,10.707,25.0,0.020,22.883
2026-03-03T13:39:39.903,512.990,1017.683,15.737,-36.821,10.707,25.0,0.029,22.873
2026-03-03T13:39:40.403,513.490,1017.591,15.739,-36.061,10.707,25.0,-0.028,22.873
2026-03-03T13:39:40.903,513.990,1017.554,15.741,-35.752,10.707,25.0,0.027,22.883
2026-03-03T13:39:41.404,514.490,1017.419,15.736,-34.629,10.707,25.0,0.006,22.878
2026-03-03T13:39:41.903,514.990,1017.589,15.735,-36.042,10.707,25.0,-0.005,22.876
2026-03-03T13:39:42.415,515.490,1017.524,15.723,-35.504,10.707,25.0,-0.002,22.867
2026-03-03T13:39:42.902,515.990,1017.485,15.749,-35.175,10.707,25.0,-0.019,22.871
2026-03-03T13:39:43.404,516.490,1017.508,15.727,-35.367,10.707,25.0,-0.007,22.869
2026-03-03T13:39:43.903,516.990,1017.505,15.729,-35.345,10.707,25.0,0.021,22.878
2026-03-03T13:39:44.403,517.490,1017.563,15.734,-35.824,10.707,25.0,-0.005,22.867
2026-03-03T13:39:44.902,517.990,1017.617,15.743,-36.274,10.707,25.0,-0.030,22.878
2026-03-03T13:39:45.404,518.490,1017.518,15.731,-35.456,10.707,25.0,0.017,22.864
2026-03-03T13:39:45.903,518.990,1017.728,15.734,-37.191,10.707,25.0,-0.004,22.869
2026-03-03T13:39:46.403,519.490,1017.646,15.741,-36.514,10.707,25.0,0.024,22.869
2026-03-03T13:39:46.902,519.990,1017.515,15.724,-35.427,10.706,25.0,0.014,22.878
2026-03-03T13:39:47.403,520.490,1017.710,15.731,-37.041,10.707,25.0,-0.017,22.867
2026-03-03T13:39:47.918,520.990,1017.548,15.741,-35.705,10.800,25.4,-15.946,22.387
2026-03-03T13:39:48.405,521.493,1016.601,15.743,-27.846,12.081,30.0,-0.033,22.853
2026-03-03T13:39:48.924,521.998,1016.752,15.734,-29.099,12.094,30.0,0.005,22.883
2026-03-03T13:39:49.407,522.493,1016.657,15.742,-28.312,12.096,30.0,-0.021,22.860
2026-03-03T13:39:49.905,522.993,1016.605,15.732,-27.875,12.096,30.0,-0.029,22.862
2026-03-03T13:39:50.405,523.493,1016.676,15.716,-28.469,12.097,30.0,-0.018,22.869
2026-03-03T13:39:50.907,523.993,1016.639,15.728,-28.160,12.097,30.0,0.026,22.885
2026-03-03T13:39:51.405,524.493,1016.608,15.723,-27.907,12.097,30.0,-0.009,22.855
2026-03-03T13:39:51.907,524.993,1016.561,15.732,-27.518,12.098,30.0,-0.025,22.873
2026-03-03T13:39:52.406,525.493,1016.630,15.723,-28.086,12.098,30.0,-0.005,22.860
2026-03-03T13:39:52.909,525.993,1016.603,15.746,-27.864,12.098,30.0,0.031,22.869
2026-03-03T13:39:53.409,526.493,1016.582,15.732,-27.688,12.098,30.0,-0.006,22.855
2026-03-03T13:39:53.906,526.993,1016.556,15.739,-27.469,12.098,30.0,-0.023,22.876
2026-03-03T13:39:54.406,527.493,1016.494,15.735,-26.960,12.098,30.0,-0.018,22.846
2026-03-03T13:39:54.906,527.993,1016.593,15.737,-27.778,12.098,30.0,0.011,22.871
2026-03-03T13:39:55.407,528.493,1016.552,15.737,-27.436,12.098,30.0,0.010,22.883
2026-03-03T13:39:55.905,528.993,1016.586,15.722,-27.719,12.098,30.0,0.001,22.871
2026-03-03T13:39:56.407,529.493,1016.677,15.735,-28.476,12.098,30.0,-0.010,22.876
2026-03-03T13:39:56.905,529.993,1016.654,15.733,-28.290,12.098,30.0,0.005,22.878
2026-03-03T13:39:57.408,530.493,1016.605,15.732,-27.875,12.098,30.0,-0.008,22.860
2026-03-03T13:39:57.917,530.993,1016.658,15.733,-28.320,12.098,30.0,-0.012,22.867
2026-03-03T13:39:58.406,531.493,1016.597,15.738,-27.810,12.098,30.0,-0.017,22.887
2026-03-03T13:39:58.908,531.993,1016.574,15.732,-27.618,12.098,30.0,0.000,22.862
2026-03-03T13:39:59.410,532.498,1016.413,15.741,-26.287,12.098,30.0,0.058,22.873
2026-03-03T13:39:59.908,532.993,1016.633,15.730,-28.115,12.098,30.0,0.001,22.862
2026-03-03T13:40:00.405,533.493,1016.689,15.726,-28.579,12.098,30.0,0.006,22.862
2026-03-03T13:40:00.907,533.993,1016.646,15.729,-28.216,12.098,30.0,0.025,22.878
2026-03-03T13:40:01.405,534.493,1016.577,15.728,-27.647,12.098,30.0,-0.005,22.878
2026-03-03T13:40:01.909,534.993,1016.597,15.736,-27.809,12.098,30.0,-0.005,22.876
2026-03-03T13:40:02.413,535.493,1016.504,15.737,-27.039,12.098,30.0,0.002,22.867
2026-03-03T13:40:02.906,535.993,1016.571,15.731,-27.595,12.098,30.0,0.020,22.883
2026-03-03T13:40:03.408,536.493,1016.577,15.737,-27.647,12.098,30.0,-0.041,22.873
2026-03-03T13:40:03.906,536.993,1016.590,15.735,-27.753,12.098,30.0,0.023,22.855
2026-03-03T13:40:04.407,537.493,1015.874,15.746,-21.815,13.382,34.6,-1.241,22.867
2026-03-03T13:40:04.905,537.993,1015.832,15.747,-21.464,13.469,35.0,-0.025,22.889
2026-03-03T13:40:05.406,538.493,1015.981,15.737,-22.703,13.474,35.0,-0.046,22.871
2026-03-03T13:40:05.905,538.993,1015.909,15.750,-22.097,13.475,35.0,-0.002,22.869
2026-03-03T13:40:06.408,539.493,1015.934,15.759,-22.308,13.475,35.0,-0.018,22.862
2026-03-03T13:40:06.906,539.993,1015.983,15.753,-22.716,13.475,35.0,0.003,22.867
2026-03-03T13:40:07.407,540.493,1015.882,15.753,-21.874,13.479,35.0,-0.012,22.876
2026-03-03T13:40:07.918,540.993,1015.891,15.767,-21.948,13.480,35.0,0.001,22.857
2026-03-03T13:40:08.407,541.493,1015.884,15.762,-21.897,13.480,35.0,0.026,22.894
2026-03-03T13:40:08.907,541.993,1015.902,15.746,-22.040,13.479,35.0,0.003,22.878
2026-03-03T13:40:09.406,542.493,1015.992,15.765,-22.788,13.479,35.0,-0.018,22.885
2026-03-03T13:40:09.912,542.998,1015.931,15.740,-22.284,13.479,35.0,-0.013,22.876
2026-03-03T13:40:10.405,543.493,1015.897,15.762,-22.000,13.479,35.0,0.005,22.873
2026-03-03T13:40:10.908,543.993,1015.913,15.768,-22.136,13.478,35.0,0.058,22.873
2026-03-03T13:40:11.404,544.493,1015.956,15.774,-22.492,13.478,35.0,0.018,22.869
2026-03-03T13:40:11.905,544.993,1015.955,15.784,-22.484,13.478,35.0,-0.025,22.880
2026-03-03T13:40:12.411,545.493,1015.968,15.794,-22.594,13.478,35.0,-0.005,22.864
2026-03-03T13:40:12.909,545.993,1015.770,15.771,-20.946,13.478,35.0,0.015,22.876
2026-03-03T13:40:13.420,546.493,1015.918,15.778,-22.176,13.477,35.0,-0.049,22.867
2026-03-03T13:40:13.906,546.993,1015.872,15.773,-21.797,13.477,35.0,-0.004,22.873
2026-03-03T13:40:14.408,547.493,1016.008,15.773,-22.927,13.477,35.0,-0.006,22.878
2026-03-03T13:40:14.906,547.993,1015.846,15.766,-21.582,13.476,35.0,-0.028,22.883
2026-03-03T13:40:15.407,548.493,1015.948,15.774,-22.429,13.476,35.0,0.034,22.869
2026-03-03T13:40:15.904,548.993,1015.840,15.776,-21.527,13.475,35.0,0.011,22.853
2026-03-03T13:40:16.405,549.493,1015.935,15.769,-22.315,13.475,35.0,-0.004,22.869
2026-03-03T13:40:16.905,549.993,1015.997,15.779,-22.831,13.475,35.0,-0.006,22.873
2026-03-03T13:40:17.408,550.493,1015.859,15.765,-21.689,13.475,35.0,0.041,22.869
2026-03-03T13:40:17.910,550.993,1015.924,15.769,-22.222,13.475,35.0,-0.026,22.855
2026-03-03T13:40:18.407,551.493,1015.936,15.763,-22.327,13.475,35.0,0.026,22.885
2026-03-03T13:40:18.914,551.993,1015.771,15.763,-20.956,13.475,35.0,-0.003,22.851
2026-03-03T13:40:19.406,552.493,1015.918,15.776,-22.174,13.475,35.0,-0.008,22.860
2026-03-03T13:40:19.906,552.993,1015.968,15.768,-22.595,13.475,35.0,-0.023,22.864
2026-03-03T13:40:20.410,553.498,1015.312,15.778,-17.141,14.690,39.3,-3.136,22.837
2026-03-03T13:40:20.906,553.993,1015.273,15.779,-16.823,14.861,39.9,-0.028,22.864
2026-03-03T13:40:21.405,554.493,1015.351,15.774,-17.465,14.884,40.0,0.019,22.860
2026-03-03T13:40:21.907,554.993,1015.248,15.782,-16.615,14.885,40.0,-0.004,22.867
2026-03-03T13:40:22.404,555.493,1015.390,15.785,-17.794,14.888,40.0,0.003,22.871
2026-03-03T13:40:22.905,555.993,1015.253,15.772,-16.653,14.889,40.0,0.001,22.862
2026-03-03T13:40:23.404,556.493,1015.508,15.770,-18.772,14.889,40.0,0.004,22.860
2026-03-03T13:40:23.905,556.993,1015.352,15.768,-17.476,14.889,40.0,-0.003,22.857
2026-03-03T13:40:24.422,557.493,1015.241,15.776,-16.554,14.889,40.0,-0.041,22.867
2026-03-03T13:40:24.904,557.993,1015.216,15.773,-16.350,14.889,40.0,0.020,22.862
2026-03-03T13:40:25.406,558.493,1015.281,15.781,-16.886,14.889,40.0,-0.058,22.869
2026-03-03T13:40:25.905,558.993,1015.231,15.783,-16.468,14.889,40.0,0.006,22.864
2026-03-03T13:40:26.407,559.493,1015.184,15.790,-16.083,14.889,40.0,-0.002,22.862
2026-03-03T13:40:26.905,559.993,1015.158,15.790,-15.865,14.889,40.0,-0.039,22.844
2026-03-03T13:40:27.406,560.493,1015.283,15.789,-16.900,14.889,40.0,0.043,22.857
2026-03-03T13:40:27.912,560.993,1015.228,15.792,-16.444,14.889,40.0,0.004,22.871
2026-03-03T13:40:28.405,561.493,1015.345,15.782,-17.417,14.889,40.0,-0.002,22.880
2026-03-03T13:40:28.929,561.993,1015.269,15.783,-16.787,14.889,40.0,0.035,22.869
2026-03-03T13:40:29.406,562.493,1015.218,15.792,-16.366,14.889,40.0,-0.033,22.864
2026-03-03T13:40:29.906,562.993,1015.309,15.793,-17.115,14.889,40.0,-0.020,22.855
2026-03-03T13:40:30.405,563.493,1015.221,15.796,-16.384,14.889,40.0,-0.012,22.864
2026-03-03T13:40:30.911,563.998,1015.323,15.792,-17.231,14.889,40.0,-0.007,22.862
2026-03-03T13:40:31.406,564.493,1015.354,15.808,-17.493,14.889,40.0,0.011,22.869
2026-03-03T13:40:31.906,564.993,1015.394,15.798,-17.828,14.888,40.0,0.028,22.871
2026-03-03T13:40:32.421,565.493,1015.360,15.801,-17.542,14.888,40.0,-0.004,22.880
2026-03-03T13:40:32.905,565.993,1015.446,15.798,-18.257,14.888,40.0,-0.027,22.873
2026-03-03T13:40:33.407,566.493,1015.346,15.804,-17.427,14.888,40.0,-0.006,22.860
2026-03-03T13:40:33.905,566.993,1015.446,15.811,-18.260,14.888,40.0,-0.004,22.871
2026-03-03T13:40:34.405,567.493,1015.394,15.802,-17.824,14.888,40.0,0.009,22.867
2026-03-03T13:40:34.905,567.993,1015.406,15.799,-17.922,14.888,40.0,0.032,22.862
2026-03-03T13:40:35.406,568.493,1015.355,15.812,-17.497,14.888,40.0,-0.010,22.869
2026-03-03T13:40:35.905,568.993,1015.375,15.805,-17.671,14.888,40.0,-0.026,22.880
2026-03-03T13:40:36.407,569.493,1015.420,15.802,-18.042,14.888,40.0,0.010,22.878
2026-03-03T13:40:36.907,569.993,1015.295,15.792,-17.005,14.888,40.0,-0.013,22.880
2026-03-03T13:40:37.405,570.493,1015.434,15.794,-18.160,14.888,40.0,0.003,22.860
2026-03-03T13:40:37.904,570.993,1015.402,15.803,-17.887,14.888,40.0,0.005,22.864
2026-03-03T13:40:38.407,571.493,1015.313,15.802,-17.154,14.887,40.0,0.001,22.873
2026-03-03T13:40:38.905,571.993,1015.339,15.798,-17.368,14.913,40.1,-6.753,21.976
2026-03-03T13:40:39.404,572.493,1014.862,15.805,-13.404,16.355,44.9,-0.029,22.848
2026-03-03T13:40:39.906,572.993,1014.778,15.813,-12.708,16.374,45.0,-0.049,22.864
2026-03-03T13:40:40.406,573.493,1014.764,15.813,-12.592,16.378,45.0,-0.030,22.860
2026-03-03T13:40:40.905,573.993,1014.836,15.820,-13.190,16.379,45.0,0.006,22.860
2026-03-03T13:40:41.410,574.498,1014.770,15.803,-12.638,16.383,45.0,0.007,22.860
2026-03-03T13:40:41.906,574.993,1014.707,15.817,-12.119,16.384,45.0,-0.009,22.864
2026-03-03T13:40:42.413,575.493,1014.811,15.808,-12.978,16.383,45.0,0.011,22.878
2026-03-03T13:40:42.908,575.993,1014.982,15.809,-14.399,16.383,45.0,-0.039,22.869
2026-03-03T13:40:43.427,576.493,1014.729,15.815,-12.297,16.383,45.0,0.003,22.857
2026-03-03T13:40:43.905,576.993,1014.872,15.817,-13.492,16.383,45.0,-0.018,22.871
2026-03-03T13:40:44.405,577.493,1014.807,15.812,-12.950,16.383,45.0,-0.045,22.876
2026-03-03T13:40:44.904,577.993,1015.082,15.813,-15.236,16.383,45.0,0.027,22.876
2026-03-03T13:40:45.404,578.493,1014.907,15.823,-13.778,16.382,45.0,-0.008,22.871
2026-03-03T13:40:45.905,578.993,1014.927,15.817,-13.945,16.382,45.0,0.026,22.862
2026-03-03T13:40:46.406,579.493,1014.909,15.819,-13.798,16.382,45.0,0.024,22.880
2026-03-03T13:40:46.904,579.993,1014.833,15.811,-13.160,16.382,45.0,-0.018,22.860
2026-03-03T13:40:47.404,580.493,1014.726,15.816,-12.274,16.381,45.0,0.019,22.887
2026-03-03T13:40:47.905,580.993,1014.662,15.808,-11.745,16.381,45.0,0.009,22.880
2026-03-03T13:40:48.407,581.493,1014.999,15.811,-14.540,16.381,45.0,-0.007,22.880
2026-03-03T13:40:48.916,581.993,1014.765,15.809,-12.596,16.380,45.0,0.016,22.862
2026-03-03T13:40:49.405,582.493,1015.091,15.826,-15.309,16.380,45.0,0.006,22.862
2026-03-03T13:40:49.905,582.993,1014.894,15.820,-13.674,16.380,45.0,0.017,22.862
2026-03-03T13:40:50.404,583.493,1014.815,15.833,-13.014,16.380,45.0,-0.026,22.862
2026-03-03T13:40:50.908,583.993,1014.580,15.815,-11.063,16.380,45.0,0.039,22.864
2026-03-03T13:40:51.405,584.493,1014.784,15.823,-12.756,16.380,45.0,0.008,22.853
2026-03-03T13:40:51.910,584.998,1014.853,15.824,-13.326,16.379,45.0,-0.004,22.887
2026-03-03T13:40:52.408,585.493,1014.800,15.812,-12.888,16.379,45.0,0.048,22.871
2026-03-03T13:40:52.905,585.993,1014.804,15.829,-12.924,16.379,45.0,0.006,22.869
2026-03-03T13:40:53.405,586.493,1014.909,15.815,-13.795,16.379,45.0,-0.005,22.853
2026-03-03T13:40:53.904,586.993,1014.945,15.827,-14.094,16.379,45.0,0.029,22.871
2026-03-03T13:40:54.406,587.493,1014.863,15.819,-13.416,16.379,45.0,-0.006,22.871
2026-03-03T13:40:54.904,587.993,1014.885,15.819,-13.595,16.379,45.0,0.002,22.869
2026-03-03T13:40:55.405,588.493,1014.764,15.826,-12.587,16.379,45.0,0.012,22.885
2026-03-03T13:40:55.904,588.993,1014.962,15.826,-14.233,16.379,45.0,-0.008,22.876
2026-03-03T13:40:56.407,589.493,1014.828,15.832,-13.121,16.379,45.0,-0.012,22.878
2026-03-03T13:40:56.904,589.993,1014.900,15.828,-13.719,16.379,45.0,0.019,22.887
2026-03-03T13:40:57.405,590.493,1014.718,15.825,-12.211,16.379,45.0,0.000,22.862
2026-03-03T13:40:57.915,590.993,1014.556,15.832,-10.860,17.973,49.9,-0.040,22.864
2026-03-03T13:40:58.405,591.493,1014.596,15.827,-11.191,17.990,50.0,-0.030,22.878
2026-03-03T13:40:58.907,591.993,1014.580,15.835,-11.064,17.998,50.0,-0.045,22.853
2026-03-03T13:40:59.404,592.493,1014.554,15.821,-10.843,18.001,50.0,-0.056,22.876
2026-03-03T13:40:59.907,592.993,1014.479,15.824,-10.220,18.002,50.0,0.001,22.848
2026-03-03T13:41:00.404,593.493,1014.251,15.831,-8.329,18.002,50.0,-0.004,22.878
2026-03-03T13:41:00.907,593.993,1014.516,15.841,-10.532,18.002,50.0,-0.031,22.876
2026-03-03T13:41:01.404,594.493,1014.627,15.825,-11.454,18.002,50.0,0.010,22.864
2026-03-03T13:41:01.904,594.993,1014.641,15.834,-11.571,18.002,50.0,0.006,22.846
2026-03-03T13:41:02.413,595.498,1014.277,15.837,-8.544,18.002,50.0,-0.024,22.862
2026-03-03T13:41:02.905,595.993,1014.451,15.842,-9.985,18.002,50.0,0.023,22.873
2026-03-03T13:41:03.420,596.493,1014.560,15.829,-10.895,18.002,50.0,-0.022,22.873
2026-03-03T13:41:03.904,596.993,1014.531,15.828,-10.653,18.002,50.0,-0.024,22.873
2026-03-03T13:41:04.405,597.493,1014.611,15.844,-11.322,18.002,50.0,0.008,22.869
2026-03-03T13:41:04.904,597.993,1014.505,15.833,-10.438,18.002,50.0,-0.021,22.862
2026-03-03T13:41:05.404,598.493,1014.354,15.840,-9.180,18.002,50.0,0.000,22.862
2026-03-03T13:41:05.904,598.993,1014.528,15.839,-10.630,18.002,50.0,0.012,22.876
2026-03-03T13:41:06.407,599.493,1014.576,15.842,-11.031,18.002,50.0,0.015,22.873
2026-03-03T13:41:06.904,599.993,1014.598,15.845,-11.214,18.001,50.0,0.002,22.864
2026-03-03T13:41:07.405,600.493,1014.573,15.846,-11.004,18.002,50.0,-0.025,22.871
2026-03-03T13:41:07.905,600.993,1014.432,15.850,-9.828,18.001,50.0,0.001,22.846
2026-03-03T13:41:08.405,601.493,1014.616,15.844,-11.361,18.001,50.0,0.022,22.876
2026-03-03T13:41:08.921,601.993,1014.483,15.854,-10.252,18.001,50.0,-0.050,22.867
2026-03-03T13:41:09.406,602.493,1014.642,15.834,-11.579,18.001,50.0,0.046,22.873
2026-03-03T13:41:09.904,602.993,1014.632,15.838,-11.496,18.001,50.0,-0.021,22.873
2026-03-03T13:41:10.404,603.493,1014.521,15.856,-10.574,18.001,50.0,0.028,22.880
2026-03-03T13:41:10.905,603.993,1014.529,15.851,-10.641,18.001,50.0,0.013,22.869
2026-03-03T13:41:11.404,604.493,1014.482,15.846,-10.247,18.001,50.0,0.012,22.844
2026-03-03T13:41:11.906,604.993,1014.578,15.849,-11.045,18.001,50.0,0.021,22.846
2026-03-03T13:41:12.409,605.493,1014.641,15.859,-11.569,18.001,50.0,-0.002,22.867
2026-03-03T13:41:12.911,605.998,1014.699,15.847,-12.050,18.001,50.0,0.016,22.871
2026-03-03T13:41:13.432,606.493,1014.382,15.851,-9.415,19.754,54.9,-0.080,22.855
2026-03-03T13:41:13.904,606.993,1014.283,15.847,-8.591,19.780,55.0,-0.094,22.841
2026-03-03T13:41:14.405,607.493,1014.405,15.851,-9.610,19.791,55.0,0.017,22.857
2026-03-03T13:41:14.906,607.993,1014.571,15.843,-10.985,19.796,55.0,-0.028,22.857
2026-03-03T13:41:15.407,608.493,1014.484,15.855,-10.261,19.799,55.0,-0.062,22.864
2026-03-03T13:41:15.928,608.993,1014.471,15.844,-10.158,19.801,55.0,-0.008,22.857
2026-03-03T13:41:16.403,609.493,1014.239,15.854,-8.230,19.801,55.0,0.002,22.867
2026-03-03T13:41:16.904,609.993,1014.413,15.848,-9.670,19.801,55.0,-0.042,22.878
2026-03-03T13:41:17.403,610.493,1014.383,15.839,-9.420,19.801,55.0,-0.007,22.880
2026-03-03T13:41:17.904,610.993,1014.388,15.841,-9.469,19.800,55.0,0.025,22.867
2026-03-03T13:41:18.403,611.493,1014.492,15.845,-10.331,19.801,55.0,-0.044,22.871
2026-03-03T13:41:18.904,611.993,1014.471,15.850,-10.156,19.800,55.0,-0.004,22.864
2026-03-03T13:41:19.405,612.493,1014.567,15.853,-10.954,19.800,55.0,0.021,22.871
2026-03-03T13:41:19.906,612.993,1014.489,15.863,-10.306,19.800,55.0,0.002,22.867
2026-03-03T13:41:20.406,613.493,1014.457,15.852,-10.040,19.799,55.0,0.034,22.869
2026-03-03T13:41:20.904,613.993,1014.345,15.844,-9.104,19.799,55.0,0.045,22.862
2026-03-03T13:41:21.405,614.493,1014.431,15.849,-9.826,19.798,55.0,-0.037,22.871
2026-03-03T13:41:21.903,614.993,1014.623,15.854,-11.416,19.797,55.0,-0.015,22.869
2026-03-03T13:41:22.406,615.493,1014.597,15.854,-11.205,19.796,55.0,-0.022,22.867
2026-03-03T13:41:22.904,615.993,1014.223,15.859,-8.095,19.796,55.0,-0.012,22.867
2026-03-03T13:41:23.410,616.498,1014.300,15.864,-8.731,19.795,55.0,-0.020,22.862
2026-03-03T13:41:23.905,616.993,1014.320,15.845,-8.903,19.795,55.0,-0.007,22.848
2026-03-03T13:41:24.404,617.493,1014.361,15.857,-9.240,19.795,55.0,-0.015,22.869
2026-03-03T13:41:24.906,617.993,1014.308,15.859,-8.796,19.795,55.0,-0.005,22.860
2026-03-03T13:41:25.403,618.493,1014.473,15.859,-10.171,19.795,55.0,0.033,22.860
2026-03-03T13:41:25.906,618.993,1014.488,15.857,-10.294,19.795,55.0,0.001,22.867
2026-03-03T13:41:26.403,619.493,1014.211,15.857,-7.991,19.795,55.0,-0.028,22.876
2026-03-03T13:41:26.905,619.993,1014.652,15.854,-11.658,19.795,55.0,-0.004,22.857
2026-03-03T13:41:27.403,620.493,1014.396,15.861,-9.533,19.795,55.0,0.018,22.873
2026-03-03T13:41:27.906,620.993,1014.330,15.859,-8.984,19.795,55.0,-0.015,22.864
2026-03-03T13:41:28.412,621.493,1014.352,15.859,-9.164,19.795,55.0,0.006,22.887
2026-03-03T13:41:28.903,621.993,1014.468,15.853,-10.126,19.795,55.0,-0.066,22.869
2026-03-03T13:41:29.405,622.493,1014.464,15.867,-10.100,19.795,55.0,0.044,22.853
2026-03-03T13:41:29.903,622.993,1014.326,15.862,-8.948,19.795,55.0,-0.011,22.869
2026-03-03T13:41:30.405,623.493,1014.363,15.865,-9.255,19.795,55.0,0.022,22.862
2026-03-03T13:41:30.904,623.993,1014.521,15.873,-10.573,21.776,59.9,-0.025,22.860
2026-03-03T13:41:31.404,624.493,1014.494,15.869,-10.343,21.804,60.0,-0.056,22.860
2026-03-03T13:41:31.903,624.993,1014.741,15.866,-12.401,21.812,60.0,-0.009,22.855
2026-03-03T13:41:32.403,625.493,1014.340,15.864,-9.066,21.814,60.0,0.011,22.860
2026-03-03T13:41:32.905,625.993,1014.560,15.859,-10.897,21.815,60.0,0.018,22.846
2026-03-03T13:41:33.404,626.493,1014.532,15.869,-10.663,21.815,60.0,-0.000,22.867
2026-03-03T13:41:33.932,626.998,1014.322,15.863,-8.918,21.815,60.0,0.016,22.876
2026-03-03T13:41:34.403,627.493,1014.530,15.878,-10.647,21.815,60.0,0.017,22.871
2026-03-03T13:41:34.905,627.993,1014.491,15.875,-10.325,21.815,60.0,0.009,22.860
2026-03-03T13:41:35.403,628.493,1014.695,15.888,-12.013,21.815,60.0,0.009,22.855
2026-03-03T13:41:35.906,628.993,1014.533,15.880,-10.672,21.815,60.0,0.018,22.860
2026-03-03T13:41:36.403,629.493,1014.423,15.886,-9.756,21.815,60.0,-0.016,22.878
2026-03-03T13:41:36.907,629.993,1014.480,15.871,-10.227,21.815,60.0,0.008,22.860
2026-03-03T13:41:37.403,630.493,1014.541,15.885,-10.739,21.815,60.0,0.032,22.864
2026-03-03T13:41:37.905,630.993,1014.482,15.903,-10.246,21.815,60.0,0.011,22.862
2026-03-03T13:41:38.414,631.493,1014.561,15.882,-10.900,21.815,60.0,0.022,22.857
2026-03-03T13:41:38.904,631.993,1014.468,15.877,-10.131,21.815,60.0,0.018,22.862
2026-03-03T13:41:39.405,632.493,1014.585,15.889,-11.101,21.814,60.0,0.007,22.889
2026-03-03T13:41:39.904,632.993,1014.591,15.882,-11.150,21.814,60.0,0.025,22.876
2026-03-03T13:41:40.404,633.493,1014.488,15.881,-10.298,21.814,60.0,-0.055,22.869
2026-03-03T13:41:40.903,633.993,1014.691,15.893,-11.987,21.814,60.0,-0.013,22.867
2026-03-03T13:41:41.404,634.493,1014.482,15.881,-10.243,21.814,60.0,-0.010,22.873
2026-03-03T13:41:41.903,634.993,1014.463,15.900,-10.087,21.814,60.0,0.043,22.871
2026-03-03T13:41:42.404,635.493,1014.535,15.897,-10.686,21.814,60.0,0.029,22.857
2026-03-03T13:41:42.904,635.993,1014.305,15.904,-8.772,21.813,60.0,0.046,22.876
2026-03-03T13:41:43.406,636.493,1014.491,15.892,-10.323,21.813,60.0,-0.009,22.885
2026-03-03T13:41:43.912,636.993,1014.404,15.918,-9.595,21.813,60.0,-0.005,22.860
2026-03-03T13:41:44.410,637.498,1014.738,15.904,-12.377,21.813,60.0,-0.009,22.885
2026-03-03T13:41:44.906,637.993,1014.342,15.904,-9.083,21.813,60.0,-0.045,22.867
2026-03-03T13:41:45.403,638.493,1014.564,15.927,-10.930,21.813,60.0,0.001,22.869
2026-03-03T13:41:45.904,638.993,1014.554,15.903,-10.847,21.813,60.0,-0.031,22.860
2026-03-03T13:41:46.403,639.493,1014.367,15.911,-9.293,21.813,60.0,0.000,22.878
2026-03-03T13:41:46.904,639.993,1014.538,15.899,-10.711,21.852,60.1,-9.139,21.866
2026-03-03T13:41:47.403,640.493,1014.629,15.902,-11.471,24.071,65.0,-0.174,22.857
2026-03-03T13:41:47.904,640.993,1014.845,15.910,-13.264,24.095,65.0,-0.040,22.876
2026-03-03T13:41:48.424,641.493,1014.833,15.905,-13.160,24.097,65.0,0.025,22.869
2026-03-03T13:41:48.904,641.993,1014.866,15.912,-13.438,24.102,65.0,0.000,22.867
2026-03-03T13:41:49.423,642.493,1014.880,15.920,-13.554,24.103,65.0,-0.009,22.860
2026-03-03T13:41:49.904,642.993,1014.870,15.919,-13.475,24.103,65.0,-0.067,22.885
2026-03-03T13:41:50.404,643.493,1014.694,15.924,-12.012,24.103,65.0,0.006,22.851
2026-03-03T13:41:50.903,643.993,1014.846,15.919,-13.272,24.103,65.0,-0.029,22.857
2026-03-03T13:41:51.405,644.493,1014.806,15.918,-12.935,24.102,65.0,0.027,22.857
2026-03-03T13:41:51.904,644.993,1014.736,15.929,-12.360,24.102,65.0,-0.021,22.853
2026-03-03T13:41:52.404,645.493,1014.948,15.919,-14.122,24.102,65.0,0.008,22.887
2026-03-03T13:41:52.907,645.993,1014.803,15.919,-12.912,24.102,65.0,-0.009,22.851
2026-03-03T13:41:53.405,646.493,1014.810,15.922,-12.970,24.101,65.0,0.017,22.864
2026-03-03T13:41:53.922,646.993,1014.711,15.921,-12.149,24.101,65.0,-0.003,22.869
2026-03-03T13:41:54.403,647.493,1014.749,15.924,-12.464,24.101,65.0,-0.001,22.871
2026-03-03T13:41:54.910,647.998,1014.753,15.936,-12.498,24.101,65.0,0.005,22.851
2026-03-03T13:41:55.403,648.493,1014.848,15.937,-13.287,24.101,65.0,0.049,22.873
2026-03-03T13:41:55.905,648.993,1014.705,15.927,-12.100,24.101,65.0,-0.009,22.857
2026-03-03T13:41:56.403,649.493,1014.691,15.937,-11.983,24.101,65.0,-0.048,22.855
2026-03-03T13:41:56.905,649.993,1014.705,15.936,-12.100,24.101,65.0,-0.001,22.864
2026-03-03T13:41:57.404,650.493,1014.825,15.937,-13.100,24.101,65.0,0.007,22.876
2026-03-03T13:41:57.902,650.993,1014.689,15.943,-11.965,24.101,65.0,-0.024,22.867
2026-03-03T13:41:58.414,651.493,1014.698,15.937,-12.038,24.101,65.0,-0.001,22.862
2026-03-03T13:41:58.904,651.993,1014.787,15.951,-12.783,24.100,65.0,-0.021,22.867
2026-03-03T13:41:59.406,652.493,1014.709,15.949,-12.134,24.100,65.0,-0.050,22.878
2026-03-03T13:41:59.903,652.993,1014.906,15.944,-13.768,24.100,65.0,0.022,22.889
2026-03-03T13:42:00.406,653.493,1014.950,15.951,-14.133,24.100,65.0,0.026,22.869
2026-03-03T13:42:00.903,653.993,1014.839,15.948,-13.210,24.099,65.0,0.044,22.867
2026-03-03T13:42:01.406,654.493,1014.749,15.944,-12.465,24.099,65.0,0.038,22.869
2026-03-03T13:42:01.903,654.993,1014.853,15.955,-13.332,24.098,65.0,0.035,22.857
2026-03-03T13:42:02.403,655.493,1014.781,15.954,-12.731,24.098,65.0,-0.000,22.869
2026-03-03T13:42:02.902,655.993,1014.748,15.975,-12.460,24.098,65.0,-0.003,22.871
2026-03-03T13:42:03.404,656.493,1015.093,15.960,-15.326,26.501,69.6,-3.539,22.867
2026-03-03T13:42:03.905,656.993,1015.158,15.956,-15.861,26.682,70.0,0.015,22.878
2026-03-03T13:42:04.402,657.493,1015.155,15.951,-15.842,26.697,70.0,-0.002,22.848
2026-03-03T13:42:04.917,657.993,1014.977,15.957,-14.356,26.703,70.0,0.022,22.867
2026-03-03T13:42:05.409,658.498,1015.137,15.962,-15.687,26.704,70.0,0.017,22.862
2026-03-03T13:42:05.905,658.993,1015.145,15.965,-15.752,26.704,70.0,-0.002,22.855
2026-03-03T13:42:06.403,659.493,1014.960,15.963,-14.221,26.705,70.0,-0.030,22.860
2026-03-03T13:42:06.903,659.993,1015.001,15.956,-14.559,26.705,70.0,-0.020,22.867
2026-03-03T13:42:07.403,660.493,1015.064,15.964,-15.080,26.704,70.0,-0.007,22.873
2026-03-03T13:42:07.905,660.993,1015.038,15.970,-14.867,26.705,70.0,-0.027,22.864
2026-03-03T13:42:08.403,661.493,1015.016,15.967,-14.684,26.704,70.0,0.019,22.857
2026-03-03T13:42:08.904,661.993,1015.225,15.966,-16.423,26.704,70.0,0.047,22.869
2026-03-03T13:42:09.403,662.493,1015.338,15.974,-17.357,26.704,70.0,-0.021,22.864
2026-03-03T13:42:09.906,662.993,1015.173,15.960,-15.989,26.704,70.0,-0.031,22.862
2026-03-03T13:42:10.410,663.493,1015.324,15.965,-17.240,26.704,70.0,-0.023,22.857
2026-03-03T13:42:10.902,663.993,1014.884,15.978,-13.587,26.704,70.0,0.026,22.864
2026-03-03T13:42:11.405,664.493,1015.037,15.969,-14.858,26.704,70.0,-0.002,22.857
2026-03-03T13:42:11.903,664.993,1015.009,15.972,-14.626,26.704,70.0,0.003,22.851
2026-03-03T13:42:12.404,665.493,1015.474,15.972,-18.485,26.704,70.0,-0.025,22.855
2026-03-03T13:42:12.903,665.993,1015.049,15.985,-14.957,26.703,70.0,0.037,22.860
2026-03-03T13:42:13.404,666.493,1014.836,15.984,-13.185,26.703,70.0,-0.020,22.857
2026-03-03T13:42:13.905,666.993,1015.006,15.984,-14.605,26.703,70.0,-0.027,22.848
2026-03-03T13:42:14.403,667.493,1015.077,15.986,-15.191,26.703,70.0,0.010,22.869
2026-03-03T13:42:14.905,667.993,1015.246,15.987,-16.596,26.703,70.0,0.003,22.853
2026-03-03T13:42:15.404,668.493,1015.136,15.976,-15.682,26.703,70.0,0.003,22.860
2026-03-03T13:42:15.909,668.998,1015.012,15.991,-14.650,26.703,70.0,0.009,22.853
2026-03-03T13:42:16.403,669.493,1015.027,15.986,-14.778,26.703,70.0,-0.034,22.873
2026-03-03T13:42:16.905,669.993,1015.128,16.000,-15.616,26.703,70.0,0.031,22.869
2026-03-03T13:42:17.403,670.493,1015.069,15.991,-15.126,26.703,70.0,-0.010,22.867
2026-03-03T13:42:17.903,670.993,1015.186,15.992,-16.100,26.702,70.0,0.027,22.848
2026-03-03T13:42:18.403,671.493,1015.133,15.989,-15.654,26.702,70.0,0.032,22.862
2026-03-03T13:42:18.905,671.993,1015.016,15.990,-14.688,26.702,70.0,-0.010,22.873
2026-03-03T13:42:19.406,672.493,1015.266,16.003,-16.765,26.702,70.0,0.031,22.873
2026-03-03T13:42:19.904,672.993,1015.030,15.999,-14.804,26.702,70.0,-0.014,22.549
2026-03-03T13:42:20.403,673.493,1015.032,15.991,-14.821,29.643,75.0,-0.108,22.883
2026-03-03T13:42:20.904,673.993,1015.696,15.991,-20.334,29.662,75.0,-0.050,22.864
2026-03-03T13:42:21.404,674.493,1015.295,15.999,-17.004,29.668,75.0,0.015,22.857
2026-03-03T13:42:21.903,674.993,1015.686,15.998,-20.254,29.669,75.0,0.006,22.851
2026-03-03T13:42:22.405,675.493,1015.556,15.998,-19.170,29.670,75.0,-0.019,22.894
2026-03-03T13:42:22.903,675.993,1015.338,16.007,-17.361,29.670,75.0,-0.013,22.853
2026-03-03T13:42:23.403,676.493,1015.478,16.003,-18.519,29.670,75.0,-0.022,22.878
2026-03-03T13:42:23.912,676.993,1015.422,16.005,-18.061,29.670,75.0,0.003,22.889
2026-03-03T13:42:24.403,677.493,1015.379,16.014,-17.702,29.670,75.0,0.008,22.887
2026-03-03T13:42:24.903,677.993,1015.302,16.009,-17.059,29.670,75.0,0.013,22.857
2026-03-03T13:42:25.403,678.493,1015.599,16.018,-19.530,29.670,75.0,-0.024,22.864
2026-03-03T13:42:25.905,678.993,1015.566,16.009,-19.257,29.669,75.0,0.000,22.867
2026-03-03T13:42:26.408,679.498,1015.413,16.011,-17.981,29.669,75.0,-0.011,22.857
2026-03-03T13:42:26.904,679.993,1015.659,16.007,-20.028,29.669,75.0,0.016,22.878
2026-03-03T13:42:27.403,680.493,1015.544,16.018,-19.069,29.669,75.0,-0.002,22.862
2026-03-03T13:42:27.905,680.993,1015.387,16.018,-17.768,29.669,75.0,-0.002,22.876
2026-03-03T13:42:28.407,681.493,1015.342,16.012,-17.396,29.669,75.0,0.041,22.880
2026-03-03T13:42:28.904,681.993,1015.491,16.019,-18.626,29.669,75.0,-0.042,22.855
2026-03-03T13:42:29.419,682.493,1015.426,16.008,-18.087,29.669,75.0,0.020,22.860
2026-03-03T13:42:29.902,682.993,1015.421,16.016,-18.047,29.669,75.0,0.009,22.873
2026-03-03T13:42:30.406,683.493,1015.386,16.019,-17.761,29.669,75.0,-0.043,22.860
2026-03-03T13:42:30.902,683.993,1015.190,16.022,-16.126,29.669,75.0,-0.048,22.869
2026-03-03T13:42:31.405,684.493,1015.391,16.024,-17.796,29.669,75.0,0.036,22.855
2026-03-03T13:42:31.902,684.993,1015.394,16.031,-17.826,29.669,75.0,0.016,22.862
2026-03-03T13:42:32.402,685.493,1015.318,16.027,-17.190,29.669,75.0,-0.008,22.873
2026-03-03T13:42:32.904,685.993,1015.558,16.022,-19.190,29.669,75.0,0.033,22.853
2026-03-03T13:42:33.404,686.493,1015.350,16.026,-17.463,29.669,75.0,0.027,22.869
2026-03-03T13:42:33.915,686.993,1015.359,16.034,-17.532,29.669,75.0,-0.025,22.862
2026-03-03T13:42:34.403,687.493,1015.363,16.044,-17.564,29.669,75.0,0.012,22.862
2026-03-03T13:42:34.904,687.993,1015.367,16.046,-17.604,29.669,75.0,0.028,22.857
2026-03-03T13:42:35.404,688.493,1015.484,16.042,-18.575,29.669,75.0,0.005,22.871
2026-03-03T13:42:35.904,688.993,1015.414,16.049,-17.988,29.669,75.0,-0.007,22.869
2026-03-03T13:42:36.403,689.493,1015.884,16.035,-21.897,32.987,79.9,-0.115,22.846
2026-03-03T13:42:36.908,689.998,1015.737,16.050,-20.677,33.024,80.0,0.021,22.869
2026-03-03T13:42:37.402,690.493,1015.995,16.044,-22.815,33.037,80.0,-0.028,22.857
2026-03-03T13:42:37.903,690.993,1015.625,16.045,-19.739,33.043,80.0,0.015,22.857
2026-03-03T13:42:38.406,691.493,1015.601,16.046,-19.544,33.046,80.0,-0.008,22.848
2026-03-03T13:42:38.903,691.993,1015.652,16.041,-19.969,33.050,80.0,0.030,22.848
2026-03-03T13:42:39.426,692.493,1015.574,16.044,-19.317,33.050,80.0,-0.006,22.860
2026-03-03T13:42:39.903,692.993,1015.660,16.037,-20.037,33.050,80.0,-0.011,22.857
2026-03-03T13:42:40.403,693.493,1015.854,16.043,-21.646,33.050,80.0,-0.017,22.853
2026-03-03T13:42:40.902,693.993,1015.741,16.053,-20.704,33.050,80.0,0.001,22.864
2026-03-03T13:42:41.402,694.493,1015.992,16.048,-22.788,33.050,80.0,0.004,22.860
2026-03-03T13:42:41.902,694.993,1015.661,16.049,-20.038,33.050,80.0,0.001,22.864
2026-03-03T13:42:42.403,695.493,1015.820,16.060,-21.365,33.050,80.0,-0.015,22.862
2026-03-03T13:42:42.902,695.993,1015.490,16.053,-18.623,33.050,80.0,-0.012,22.864
2026-03-03T13:42:43.404,696.493,1015.561,16.056,-19.210,33.049,80.0,0.019,22.860
2026-03-03T13:42:43.904,696.993,1015.526,16.049,-18.923,33.049,80.0,-0.017,22.878
2026-03-03T13:42:44.403,697.493,1015.566,16.058,-19.250,33.049,80.0,-0.012,22.867
2026-03-03T13:42:44.905,697.993,1015.477,16.065,-18.517,33.049,80.0,-0.030,22.867
2026-03-03T13:42:45.402,698.493,1015.786,16.065,-21.080,33.049,80.0,-0.016,22.871
2026-03-03T13:42:45.905,698.993,1015.706,16.057,-20.418,33.049,80.0,0.026,22.871
2026-03-03T13:42:46.402,699.493,1015.735,16.066,-20.660,33.049,80.0,0.008,22.857
2026-03-03T13:42:46.905,699.993,1015.454,16.069,-18.324,33.049,80.0,0.002,22.841
2026-03-03T13:42:47.407,700.498,1015.621,16.070,-19.713,33.049,80.0,0.004,22.860
2026-03-03T13:42:47.903,700.993,1015.650,16.082,-19.948,33.048,80.0,0.005,22.860
2026-03-03T13:42:48.403,701.493,1015.505,16.061,-18.746,33.048,80.0,-0.000,22.864
2026-03-03T13:42:48.906,701.993,1015.717,16.079,-20.507,33.048,80.0,0.083,22.853
2026-03-03T13:42:49.405,702.493,1015.480,16.088,-18.543,33.048,80.0,0.016,22.857
2026-03-03T13:42:49.902,702.993,1015.759,16.090,-20.858,33.047,80.0,-0.042,22.871
2026-03-03T13:42:50.405,703.493,1015.817,16.089,-21.340,33.047,80.0,0.004,22.885
2026-03-03T13:42:50.902,703.993,1015.491,16.067,-18.634,33.047,80.0,0.030,22.869
2026-03-03T13:42:51.404,704.493,1015.874,16.078,-21.808,33.047,80.0,0.018,22.848
2026-03-03T13:42:51.902,704.993,1015.942,16.094,-22.373,33.047,80.0,-0.004,22.855
2026-03-03T13:42:52.403,705.493,1015.835,16.099,-21.490,33.046,80.0,-0.004,22.869
2026-03-03T13:42:52.906,705.993,1015.331,16.089,-17.304,33.046,80.0,0.003,22.839
2026-03-03T13:42:53.402,706.493,1015.522,16.085,-18.891,33.046,80.0,0.005,22.862
2026-03-03T13:42:53.905,706.993,1015.599,16.088,-19.525,33.046,80.0,-0.003,22.867
2026-03-03T13:42:54.403,707.493,1015.617,16.096,-19.679,33.046,80.0,-0.009,22.853
2026-03-03T13:42:54.903,707.993,1015.674,16.102,-20.152,33.045,80.0,-0.021,22.867
2026-03-03T13:42:55.403,708.493,1015.465,16.091,-18.413,33.045,80.0,0.027,22.892
2026-03-03T13:42:55.902,708.993,1015.580,16.103,-19.366,33.045,80.0,-0.017,22.871
2026-03-03T13:42:56.402,709.493,1015.720,16.105,-20.536,33.045,80.0,-0.003,22.867
2026-03-03T13:42:56.904,709.993,1016.085,16.103,-23.564,33.045,80.0,0.040,22.871
2026-03-03T13:42:57.403,710.493,1015.750,16.100,-20.782,33.045,80.0,0.065,22.860
2026-03-03T13:42:57.909,710.998,1015.615,16.094,-19.662,33.045,80.0,0.032,22.867
2026-03-03T13:42:58.402,711.493,1015.638,16.099,-19.853,33.045,80.0,0.001,22.871
2026-03-03T13:42:58.903,711.993,1015.612,16.102,-19.637,33.045,80.0,0.033,22.869
2026-03-03T13:42:59.404,712.493,1015.293,16.097,-16.983,33.045,80.0,0.018,22.862
2026-03-03T13:42:59.904,712.993,1015.824,16.106,-21.395,28.174,72.5,44.188,22.490
2026-03-03T13:43:00.402,713.493,1023.584,16.099,-85.635,6.682,12.0,15.361,22.899
2026-03-03T13:43:00.902,713.993,1024.212,16.111,-90.816,5.990,10.0,0.140,22.828
2026-03-03T13:43:01.403,714.493,1024.272,16.112,-91.309,5.984,10.0,-0.014,22.851
2026-03-03T13:43:01.902,714.993,1024.244,16.122,-91.080,5.983,10.0,0.016,22.848
2026-03-03T13:43:02.402,715.493,1024.243,16.121,-91.071,5.982,10.0,0.006,22.855
2026-03-03T13:43:02.906,715.993,1024.265,16.112,-91.255,5.981,10.0,0.025,22.867
2026-03-03T13:43:03.402,716.493,1024.917,16.133,-96.631,3.646,3.9,44.904,22.810
2026-03-03T13:43:03.911,716.993,1026.142,16.133,-106.727,0.057,0.0,0.137,22.823
2026-03-03T13:43:04.404,717.493,1026.178,16.130,-107.017,0.019,0.0,0.020,22.860
2026-03-03T13:43:04.902,717.993,1026.197,16.143,-107.172,0.010,0.0,0.007,22.816
2026-03-03T13:43:05.402,718.493,1026.179,16.141,-107.026,0.006,0.0,-0.016,22.830
2026-03-03T13:43:05.902,718.993,1026.195,16.148,-107.161,-0.005,0.0,0.012,22.851
2026-03-03T13:43:06.402,719.493,1026.224,16.166,-107.399,-0.006,0.0,-0.011,22.851
2026-03-03T13:43:06.904,719.993,1026.157,16.162,-106.844,-0.006,0.0,-0.009,22.841
2026-03-03T13:43:07.402,720.493,1026.082,16.155,-106.231,-0.006,0.0,0.001,22.844
2026-03-03T13:43:07.904,720.993,1026.142,16.154,-106.722,-0.006,0.0,0.022,22.846
2026-03-03T13:43:08.407,721.497,1026.165,16.156,-106.915,-0.006,0.0,0.017,22.835
2026-03-03T13:43:08.903,721.993,1026.212,16.159,-107.301,-0.006,0.0,-0.006,22.821
2026-03-03T13:43:09.423,722.493,1026.197,16.161,-107.179,-0.006,0.0,0.016,22.880
2026-03-03T13:43:09.902,722.993,1026.137,16.168,-106.680,-0.006,0.0,-0.025,22.846
2026-03-03T13:43:10.405,723.493,1026.132,16.175,-106.639,-0.005,0.0,-0.064,22.869
2026-03-03T13:43:10.902,723.993,1026.168,16.161,-106.941,-0.006,0.0,-0.001,22.853
