rx_time_iso,Time - Seconds,DPS368 - Pres (hPa),DPS368 - Temp (C),DPS368 - Alt ASL (m),MotorDriver - Motor Position,MotorDriver - Motor Angle,MotorDriver - Motor Velocity,MotorDriver - Battery Voltage
2026-03-03T11:42:27.174,5.911,1029.264,23.543,-132.401,0.000,0.0,0.004,23.052
2026-03-03T11:42:27.666,6.402,1029.268,23.558,-132.437,0.003,0.0,0.001,23.081
2026-03-03T11:42:28.169,6.902,1029.266,23.555,-132.419,0.003,0.0,0.005,23.049
2026-03-03T11:42:28.665,7.402,1029.267,23.553,-132.433,0.003,0.0,0.008,23.059
2026-03-03T11:42:29.179,7.902,1029.268,23.570,-132.439,0.003,0.0,0.039,23.074
2026-03-03T11:42:29.665,8.403,1029.267,23.570,-132.431,0.003,0.0,0.032,23.088
2026-03-03T11:42:30.165,8.903,1029.264,23.568,-132.407,0.003,0.0,0.014,23.059
2026-03-03T11:42:30.665,9.403,1029.268,23.582,-132.434,0.003,0.0,0.022,23.063
2026-03-03T11:42:31.166,9.903,1029.267,23.580,-132.433,0.003,0.0,0.008,23.077
2026-03-03T11:42:31.665,10.403,1029.270,23.584,-132.451,0.003,0.0,0.001,23.049
2026-03-03T11:42:32.165,10.903,1029.270,23.583,-132.450,0.003,0.0,-0.017,23.065
2026-03-03T11:42:32.665,11.403,1029.268,23.579,-132.439,0.003,0.0,-0.001,23.072
2026-03-03T11:42:33.165,11.903,1029.269,23.576,-132.444,0.003,0.0,-0.008,23.059
2026-03-03T11:42:33.665,12.403,1029.268,23.575,-132.435,0.003,0.0,-0.015,23.072
2026-03-03T11:42:34.165,12.903,1029.268,23.587,-132.438,0.003,0.0,0.020,23.059
2026-03-03T11:42:34.666,13.403,1029.268,23.586,-132.437,0.003,0.0,-0.018,23.070
2026-03-03T11:42:35.165,13.903,1029.269,23.584,-132.444,0.003,0.0,0.021,23.072
2026-03-03T11:42:35.670,14.403,1029.266,23.580,-132.424,0.003,0.0,0.009,23.068
2026-03-03T11:42:36.165,14.903,1029.269,23.584,-132.443,0.003,0.0,0.008,23.063
2026-03-03T11:42:36.667,15.403,1029.266,23.575,-132.421,0.003,0.0,0.007,23.049
2026-03-03T11:42:37.165,15.903,1029.266,23.573,-132.419,0.003,0.0,-0.008,23.081
2026-03-03T11:42:37.669,16.407,1029.265,23.572,-132.411,0.003,0.0,-0.019,23.081
2026-03-03T11:42:38.172,16.910,1029.266,23.567,-132.422,0.003,0.0,0.025,23.072
2026-03-03T11:42:38.675,17.413,1029.266,23.581,-132.417,0.003,0.0,-0.027,23.045
2026-03-03T11:42:39.178,17.916,1029.266,23.576,-132.421,0.003,0.0,-0.038,23.070
2026-03-03T11:42:39.683,18.419,1029.266,23.564,-132.419,0.003,0.0,-0.002,23.072
2026-03-03T11:42:40.185,18.922,1029.266,23.569,-132.423,0.003,0.0,-0.023,23.072
2026-03-03T11:42:40.688,19.425,1029.265,23.558,-132.414,0.003,0.0,-0.007,23.059
2026-03-03T11:42:41.191,19.929,1029.264,23.565,-132.405,0.003,0.0,-0.027,23.068
2026-03-03T11:42:41.696,20.432,1029.264,23.563,-132.403,0.003,0.0,-0.009,23.072
2026-03-03T11:42:42.198,20.935,1029.266,23.565,-132.420,0.003,0.0,-0.002,23.077
2026-03-03T11:42:42.701,21.438,1029.264,23.563,-132.403,0.003,0.0,-0.028,23.061
2026-03-03T11:42:43.203,21.941,1029.264,23.556,-132.405,0.003,0.0,0.004,23.054
2026-03-03T11:42:43.706,22.444,1029.265,23.556,-132.413,0.003,0.0,0.047,23.063
2026-03-03T11:42:44.210,22.947,1029.265,23.568,-132.415,0.003,0.0,0.027,23.074
2026-03-03T11:42:44.713,23.450,1029.265,23.574,-132.412,0.003,0.0,-0.020,23.061
2026-03-03T11:42:45.216,23.953,1029.264,23.568,-132.407,0.003,0.0,0.031,23.077
2026-03-03T11:42:45.718,24.456,1029.265,23.566,-132.414,0.003,0.0,0.033,23.040
2026-03-03T11:42:46.225,24.959,1029.261,23.556,-132.382,0.003,0.0,-0.017,23.065
2026-03-03T11:42:46.724,25.462,1029.264,23.570,-132.401,0.003,0.0,0.037,23.084
2026-03-03T11:42:47.235,25.965,1029.265,23.558,-132.414,0.003,0.0,-0.013,23.052
2026-03-03T11:42:47.731,26.468,1029.262,23.557,-132.390,0.003,0.0,-0.008,23.068
2026-03-03T11:42:48.234,26.971,1029.263,23.576,-132.398,0.003,0.0,-0.017,23.063
2026-03-03T11:42:48.736,27.474,1029.263,23.560,-132.393,0.003,0.0,-0.032,23.063
2026-03-03T11:42:49.241,27.977,1029.262,23.560,-132.392,0.003,0.0,-0.015,23.068
2026-03-03T11:42:49.742,28.480,1029.264,23.567,-132.406,0.003,0.0,-0.001,23.045
2026-03-03T11:42:50.245,28.983,1029.265,23.568,-132.415,0.003,0.0,0.001,23.045
2026-03-03T11:42:50.749,29.486,1029.261,23.566,-132.382,0.003,0.0,-0.005,23.063
2026-03-03T11:42:51.251,29.989,1029.264,23.570,-132.408,0.003,0.0,-0.015,23.072
2026-03-03T11:42:51.756,30.493,1029.265,23.574,-132.412,0.003,0.0,-0.004,23.054
2026-03-03T11:42:52.259,30.996,1029.265,23.563,-132.410,0.003,0.0,0.022,23.063
2026-03-03T11:42:52.762,31.499,1029.264,23.563,-132.403,0.003,0.0,0.022,23.056
2026-03-03T11:42:53.266,32.002,1029.262,23.558,-132.391,0.003,0.0,0.001,23.047
2026-03-03T11:42:53.767,32.504,1029.265,23.559,-132.415,0.003,0.0,-0.007,23.063
2026-03-03T11:42:54.270,33.007,1029.263,23.562,-132.394,0.003,0.0,-0.028,23.072
2026-03-03T11:42:54.772,33.510,1029.262,23.557,-132.391,0.003,0.0,-0.022,23.065
2026-03-03T11:42:55.276,34.013,1029.264,23.552,-132.402,0.003,0.0,-0.019,23.063
2026-03-03T11:42:55.779,34.516,1029.263,23.557,-132.398,0.003,0.0,-0.018,23.059
2026-03-03T11:42:56.283,35.019,1029.262,23.561,-132.387,0.003,0.0,-0.008,23.061
2026-03-03T11:42:56.789,35.522,1029.260,23.558,-132.376,0.003,0.0,-0.001,23.049
2026-03-03T11:42:57.289,36.025,1029.260,23.561,-132.371,0.003,0.0,-0.033,23.043
2026-03-03T11:42:57.794,36.528,1029.263,23.556,-132.398,0.003,0.0,-0.040,23.059
2026-03-03T11:42:58.294,37.031,1029.262,23.557,-132.390,0.003,0.0,0.010,23.038
2026-03-03T11:42:58.809,37.534,1029.263,23.555,-132.396,0.003,0.0,-0.011,23.052
2026-03-03T11:42:59.300,38.038,1029.264,23.553,-132.402,0.003,0.0,0.034,23.063
2026-03-03T11:42:59.804,38.541,1029.263,23.566,-132.398,0.003,0.0,-0.007,23.054
2026-03-03T11:43:00.306,39.044,1029.261,23.562,-132.379,0.003,0.0,0.010,23.049
2026-03-03T11:43:00.812,39.547,1029.263,23.568,-132.399,0.003,0.0,0.016,23.059
2026-03-03T11:43:01.312,40.050,1029.264,23.556,-132.405,0.003,0.0,-0.051,23.052
2026-03-03T11:43:01.817,40.553,1029.263,23.565,-132.397,0.003,0.0,-0.024,23.059
2026-03-03T11:43:02.318,41.056,1029.263,23.552,-132.394,0.003,0.0,0.006,23.070
2026-03-03T11:43:02.822,41.559,1029.263,23.564,-132.396,0.003,0.0,0.019,23.061
2026-03-03T11:43:03.325,42.062,1029.264,23.553,-132.402,0.003,0.0,0.031,23.052
2026-03-03T11:43:03.829,42.565,1029.265,23.573,-132.412,0.003,0.0,0.009,23.074
2026-03-03T11:43:04.333,43.068,1029.266,23.570,-132.417,0.003,0.0,-0.009,23.036
2026-03-03T11:43:04.834,43.571,1029.262,23.559,-132.392,0.003,0.0,-0.012,23.077
2026-03-03T11:43:05.336,44.074,1029.262,23.553,-132.387,0.003,0.0,-0.022,23.072
2026-03-03T11:43:05.840,44.577,1029.263,23.561,-132.394,0.003,0.0,0.013,23.059
2026-03-03T11:43:06.366,45.080,1029.266,23.555,-132.419,0.003,0.0,0.013,23.059
2026-03-03T11:43:06.845,45.583,1029.262,23.552,-132.387,0.003,0.0,-0.012,23.065
2026-03-03T11:43:07.351,46.086,1029.261,23.562,-132.380,0.003,0.0,-0.006,23.049
2026-03-03T11:43:07.851,46.589,1029.264,23.563,-132.403,0.003,0.0,-0.011,23.047
2026-03-03T11:43:08.355,47.092,1029.260,23.550,-132.370,0.003,0.0,-0.026,23.068
2026-03-03T11:43:08.857,47.595,1029.262,23.556,-132.390,0.003,0.0,-0.019,23.056
2026-03-03T11:43:09.361,48.098,1029.262,23.550,-132.392,0.003,0.0,-0.005,23.054
2026-03-03T11:43:09.864,48.602,1029.264,23.552,-132.401,0.003,0.0,0.003,23.061
2026-03-03T11:43:10.368,49.105,1029.264,23.565,-132.405,0.003,0.0,-0.037,23.061
2026-03-03T11:43:10.870,49.608,1029.264,23.566,-132.406,0.003,0.0,0.011,23.063
2026-03-03T11:43:11.374,50.111,1029.266,23.561,-132.417,0.003,0.0,0.012,23.036
2026-03-03T11:43:11.876,50.614,1029.262,23.550,-132.392,0.003,0.0,-0.000,23.077
2026-03-03T11:43:12.382,51.117,1029.264,23.550,-132.407,0.003,0.0,0.029,23.049
2026-03-03T11:43:12.882,51.620,1029.266,23.555,-132.419,0.003,0.0,-0.017,23.077
2026-03-03T11:43:13.386,52.123,1029.264,23.552,-132.402,0.003,0.0,-0.015,23.072
2026-03-03T11:43:13.893,52.626,1029.264,23.548,-132.406,0.003,0.0,-0.002,23.052
2026-03-03T11:43:14.391,53.129,1029.263,23.559,-132.400,0.003,0.0,-0.007,23.061
2026-03-03T11:43:14.908,53.632,1029.265,23.557,-132.413,0.003,0.0,-0.018,23.063
2026-03-03T11:43:15.401,54.135,1029.266,23.548,-132.421,0.003,0.0,0.011,23.068
2026-03-03T11:43:15.900,54.638,1029.265,23.556,-132.413,0.003,0.0,-0.027,23.056
2026-03-03T11:43:16.402,55.141,1029.265,23.555,-132.412,0.003,0.0,0.018,23.061
2026-03-03T11:43:16.907,55.644,1029.265,23.548,-132.414,0.003,0.0,0.008,23.033
2026-03-03T11:43:17.409,56.147,1029.266,23.555,-132.419,0.003,0.0,-0.001,23.056
2026-03-03T11:43:17.913,56.650,1029.263,23.541,-132.400,0.003,0.0,-0.011,23.045
2026-03-03T11:43:18.415,57.153,1029.264,23.538,-132.405,0.003,0.0,0.014,23.065
2026-03-03T11:43:18.918,57.656,1029.263,23.536,-132.396,0.003,0.0,0.015,23.072
2026-03-03T11:43:19.427,58.159,1029.267,23.545,-132.426,0.003,0.0,0.016,23.072
2026-03-03T11:43:19.926,58.663,1029.266,23.554,-132.419,0.003,0.0,0.006,23.068
2026-03-03T11:43:20.443,59.166,1029.263,23.545,-132.396,0.003,0.0,-0.009,23.052
2026-03-03T11:43:20.930,59.669,1029.267,23.555,-132.428,0.003,0.0,0.028,23.047
2026-03-03T11:43:21.441,60.172,1029.268,23.560,-132.438,0.003,0.0,0.008,23.056
2026-03-03T11:43:21.937,60.675,1029.267,23.560,-132.431,0.003,0.0,0.022,23.077
2026-03-03T11:43:22.448,61.178,1029.265,23.552,-132.410,0.003,0.0,0.004,23.054
2026-03-03T11:43:22.943,61.681,1029.264,23.545,-132.403,0.003,0.0,0.001,23.063
2026-03-03T11:43:23.464,62.184,1029.265,23.558,-132.414,0.003,0.0,0.008,23.040
2026-03-03T11:43:23.948,62.687,1029.266,23.550,-132.423,0.003,0.0,-0.033,23.063
2026-03-03T11:43:24.451,63.190,1029.266,23.551,-132.424,0.003,0.0,0.004,23.074
2026-03-03T11:43:24.955,63.693,1029.265,23.556,-132.413,0.003,0.0,-0.007,23.052
2026-03-03T11:43:25.458,64.196,1029.268,23.547,-132.436,0.003,0.0,0.039,23.068
2026-03-03T11:43:25.963,64.701,1029.267,23.546,-132.428,0.003,0.0,0.000,23.056
2026-03-03T11:43:26.457,65.196,1029.268,23.549,-132.437,0.003,0.0,0.007,23.063
2026-03-03T11:43:26.957,65.696,1029.268,23.548,-132.437,0.003,0.0,0.002,23.061
2026-03-03T11:43:27.458,66.196,1029.269,23.561,-132.447,0.003,0.0,0.012,23.045
2026-03-03T11:43:27.962,66.696,1029.267,23.553,-132.433,0.003,0.0,0.015,23.061
2026-03-03T11:43:28.457,67.196,1029.271,23.555,-132.458,0.003,0.0,0.007,23.027
2026-03-03T11:43:28.964,67.696,1029.270,23.552,-132.455,0.003,0.0,0.008,23.068
2026-03-03T11:43:29.459,68.196,1029.269,23.564,-132.449,0.003,0.0,-0.034,23.061
2026-03-03T11:43:29.959,68.696,1029.271,23.556,-132.466,0.003,0.0,-0.009,23.061
2026-03-03T11:43:30.458,69.196,1029.273,23.567,-132.476,0.003,0.0,0.012,23.056
2026-03-03T11:43:30.959,69.696,1029.269,23.562,-132.448,0.003,0.0,0.000,23.063
2026-03-03T11:43:31.458,70.196,1029.272,23.565,-132.474,0.003,0.0,0.017,23.059
2026-03-03T11:43:31.959,70.696,1029.273,23.558,-132.475,0.003,0.0,0.009,23.068
2026-03-03T11:43:32.464,71.196,1029.270,23.557,-132.452,0.003,0.0,0.034,23.052
2026-03-03T11:43:32.958,71.696,1029.273,23.562,-132.479,0.003,0.0,-0.005,23.059
2026-03-03T11:43:33.458,72.196,1029.274,23.566,-132.490,0.003,0.0,0.037,23.047
2026-03-03T11:43:33.957,72.696,1029.272,23.562,-132.471,0.003,0.0,0.012,23.063
2026-03-03T11:43:34.458,73.196,1029.270,23.548,-132.451,0.003,0.0,-0.013,23.088
2026-03-03T11:43:34.958,73.696,1029.270,23.561,-132.455,0.003,0.0,-0.027,23.065
2026-03-03T11:43:35.459,74.196,1029.271,23.555,-132.465,0.003,0.0,-0.043,23.054
2026-03-03T11:43:35.958,74.696,1029.271,23.562,-132.463,0.003,0.0,-0.004,23.059
2026-03-03T11:43:36.458,75.196,1029.274,23.555,-132.488,0.003,0.0,-0.035,23.065
2026-03-03T11:43:36.964,75.699,1029.271,23.551,-132.462,0.003,0.0,0.029,23.059
2026-03-03T11:43:37.467,76.204,1029.272,23.550,-132.469,0.003,0.0,0.012,23.074
2026-03-03T11:43:37.971,76.699,1029.274,23.556,-132.489,0.003,0.0,0.003,23.068
2026-03-03T11:43:38.461,77.199,1029.274,23.559,-132.483,0.003,0.0,-0.009,23.056
2026-03-03T11:43:38.960,77.699,1029.275,23.549,-132.491,0.003,0.0,-0.016,23.070
2026-03-03T11:43:39.462,78.199,1029.274,23.557,-132.490,0.003,0.0,-0.001,23.056
2026-03-03T11:43:39.962,78.699,1029.272,23.552,-132.470,0.003,0.0,-0.001,23.070
2026-03-03T11:43:40.460,79.199,1029.273,23.556,-132.481,0.003,0.0,0.012,23.059
2026-03-03T11:43:40.961,79.699,1029.276,23.558,-132.499,0.003,0.0,-0.024,23.049
2026-03-03T11:43:41.470,80.199,1029.276,23.551,-132.500,0.003,0.0,-0.017,23.052
2026-03-03T11:43:41.961,80.699,1029.274,23.567,-132.490,0.003,0.0,0.021,23.059
2026-03-03T11:43:42.474,81.199,1029.276,23.568,-132.506,0.003,0.0,0.015,23.049
2026-03-03T11:43:42.961,81.699,1029.274,23.558,-132.490,0.003,0.0,0.012,23.068
2026-03-03T11:43:43.462,82.199,1029.276,23.561,-132.501,0.003,0.0,-0.026,23.045
2026-03-03T11:43:43.960,82.699,1029.275,23.552,-132.493,0.003,0.0,-0.012,23.070
2026-03-03T11:43:44.461,83.199,1029.277,23.560,-132.515,0.003,0.0,-0.025,23.052
2026-03-03T11:43:44.960,83.699,1029.278,23.562,-132.517,0.003,0.0,-0.026,23.054
2026-03-03T11:43:45.461,84.199,1029.275,23.563,-132.495,0.003,0.0,-0.002,23.059
2026-03-03T11:43:45.960,84.699,1029.276,23.550,-132.499,0.003,0.0,-0.050,23.095
2026-03-03T11:43:46.461,85.199,1029.279,23.569,-132.530,0.003,0.0,0.028,23.059
2026-03-03T11:43:46.964,85.699,1029.278,23.568,-132.522,0.003,0.0,0.011,23.079
2026-03-03T11:43:47.461,86.199,1029.279,23.556,-132.527,0.003,0.0,-0.019,23.047
2026-03-03T11:43:47.968,86.699,1029.276,23.565,-132.504,0.003,0.0,0.029,23.072
2026-03-03T11:43:48.464,87.202,1029.276,23.552,-132.501,0.003,0.0,-0.030,23.088
2026-03-03T11:43:48.994,87.707,1029.281,23.563,-132.541,0.003,0.0,-0.032,23.056
2026-03-03T11:43:49.464,88.202,1029.277,23.550,-132.515,0.003,0.0,0.001,23.063
2026-03-03T11:43:49.963,88.702,1029.279,23.549,-132.529,0.003,0.0,-0.049,23.063
2026-03-03T11:43:50.463,89.202,1029.280,23.551,-132.538,0.003,0.0,0.028,23.068
2026-03-03T11:43:50.966,89.702,1029.278,23.553,-132.517,0.003,0.0,0.028,23.074
2026-03-03T11:43:51.463,90.202,1029.279,23.555,-132.527,0.003,0.0,0.002,23.056
2026-03-03T11:43:51.966,90.702,1029.280,23.551,-132.538,0.003,0.0,-0.022,23.077
2026-03-03T11:43:52.463,91.202,1029.279,23.552,-132.531,0.003,0.0,-0.004,23.061
2026-03-03T11:43:52.966,91.702,1029.278,23.553,-132.517,0.003,0.0,0.007,23.061
2026-03-03T11:43:53.463,92.202,1029.284,23.571,-132.570,0.003,0.0,-0.020,23.059
2026-03-03T11:43:53.966,92.702,1029.281,23.559,-132.545,0.003,0.0,-0.032,23.059
2026-03-03T11:43:54.473,93.202,1029.281,23.555,-132.542,0.003,0.0,-0.009,23.054
2026-03-03T11:43:54.965,93.702,1029.282,23.562,-132.555,0.003,0.0,-0.026,23.074
2026-03-03T11:43:55.465,94.202,1029.283,23.566,-132.558,0.003,0.0,0.005,23.047
2026-03-03T11:43:55.963,94.702,1029.281,23.563,-132.548,0.003,0.0,0.006,23.065
2026-03-03T11:43:56.463,95.202,1029.282,23.564,-132.556,0.003,0.0,-0.017,23.065
2026-03-03T11:43:56.963,95.702,1029.279,23.554,-132.526,0.003,0.0,-0.000,23.063
2026-03-03T11:43:57.463,96.202,1029.281,23.570,-132.546,0.003,0.0,-0.008,23.063
2026-03-03T11:43:57.964,96.702,1029.283,23.566,-132.558,0.003,0.0,-0.008,23.061
2026-03-03T11:43:58.463,97.202,1029.285,23.569,-132.575,0.003,0.0,0.025,23.054
2026-03-03T11:43:58.975,97.702,1029.283,23.568,-132.560,0.003,0.0,-0.005,23.052
2026-03-03T11:43:59.464,98.202,1029.282,23.560,-132.553,0.003,0.0,0.010,23.047
2026-03-03T11:43:59.987,98.705,1029.286,23.576,-132.582,0.003,0.0,0.038,23.063
2026-03-03T11:44:00.471,99.210,1029.280,23.557,-132.535,0.003,0.0,-0.020,23.061
2026-03-03T11:44:00.966,99.705,1029.284,23.568,-132.568,0.003,0.0,0.004,23.056
2026-03-03T11:44:01.465,100.205,1029.284,23.556,-132.565,0.003,0.0,0.011,23.038
2026-03-03T11:44:01.966,100.705,1029.285,23.569,-132.576,0.003,0.0,-0.057,23.068
2026-03-03T11:44:02.466,101.205,1029.282,23.565,-132.550,0.003,0.0,-0.001,23.059
2026-03-03T11:44:02.966,101.705,1029.284,23.553,-132.570,0.003,0.0,0.013,23.070
2026-03-03T11:44:03.466,102.205,1029.286,23.556,-132.588,0.003,0.0,-0.016,23.070
2026-03-03T11:44:03.966,102.705,1029.287,23.559,-132.591,0.003,0.0,0.003,23.063
2026-03-03T11:44:04.468,103.205,1029.285,23.549,-132.575,0.003,0.0,-0.006,23.043
2026-03-03T11:44:04.966,103.705,1029.285,23.549,-132.575,0.003,0.0,0.022,23.061
2026-03-03T11:44:05.472,104.205,1029.287,23.560,-132.591,0.003,0.0,0.021,23.049
2026-03-03T11:44:05.966,104.705,1029.288,23.564,-132.604,0.003,0.0,0.000,23.074
2026-03-03T11:44:06.471,105.205,1029.287,23.548,-132.590,0.003,0.0,-0.028,23.063
2026-03-03T11:44:06.966,105.705,1029.286,23.552,-132.584,0.003,0.0,-0.006,23.047
2026-03-03T11:44:07.465,106.205,1029.286,23.540,-132.582,0.003,0.0,-0.032,23.063
2026-03-03T11:44:07.966,106.705,1029.288,23.554,-132.603,0.003,0.0,-0.032,23.072
2026-03-03T11:44:08.467,107.205,1029.288,23.556,-132.605,0.003,0.0,0.006,23.072
2026-03-03T11:44:08.966,107.705,1029.288,23.555,-132.603,0.003,0.0,0.042,23.074
2026-03-03T11:44:09.466,108.205,1029.287,23.546,-132.595,0.003,0.0,-0.001,23.061
2026-03-03T11:44:09.975,108.705,1029.283,23.543,-132.562,0.003,0.0,0.011,23.070
2026-03-03T11:44:10.467,109.205,1029.287,23.550,-132.591,0.003,0.0,-0.003,23.049
2026-03-03T11:44:10.974,109.705,1029.286,23.544,-132.586,0.003,0.0,-0.042,23.063
2026-03-03T11:44:11.469,110.208,1029.286,23.553,-132.586,0.003,0.0,0.000,23.068
2026-03-03T11:44:11.991,110.713,1029.286,23.557,-132.589,0.003,0.0,0.010,23.031
2026-03-03T11:44:12.470,111.208,1029.287,23.545,-132.594,0.003,0.0,-0.003,23.070
2026-03-03T11:44:12.968,111.708,1029.287,23.545,-132.595,0.003,0.0,0.004,23.047
2026-03-03T11:44:13.469,112.208,1029.287,23.539,-132.590,0.003,0.0,-0.006,23.054
2026-03-03T11:44:13.969,112.708,1029.287,23.555,-132.595,0.003,0.0,0.002,23.068
2026-03-03T11:44:14.469,113.208,1029.290,23.552,-132.617,0.003,0.0,0.006,23.054
2026-03-03T11:44:14.969,113.708,1029.288,23.551,-132.599,0.003,0.0,-0.008,23.049
2026-03-03T11:44:15.468,114.208,1029.288,23.550,-132.598,0.003,0.0,-0.012,23.063
2026-03-03T11:44:15.969,114.708,1029.285,23.553,-132.578,0.003,0.0,-0.017,23.063
2026-03-03T11:44:16.484,115.208,1029.289,23.549,-132.614,0.003,0.0,-0.006,23.065
2026-03-03T11:44:16.969,115.708,1029.288,23.550,-132.598,0.003,0.0,-0.040,23.061
2026-03-03T11:44:17.499,116.208,1029.287,23.554,-132.594,0.003,0.0,-0.024,23.059
2026-03-03T11:44:17.969,116.708,1029.288,23.555,-132.604,0.003,0.0,0.003,23.063
2026-03-03T11:44:18.469,117.208,1029.290,23.549,-132.622,0.003,0.0,0.002,23.072
2026-03-03T11:44:18.970,117.708,1029.288,23.541,-132.598,0.003,0.0,0.012,23.063
2026-03-03T11:44:19.470,118.208,1029.288,23.550,-132.598,0.003,0.0,0.038,23.068
2026-03-03T11:44:19.969,118.708,1029.286,23.540,-132.582,0.003,0.0,0.008,23.068
2026-03-03T11:44:20.469,119.208,1029.291,23.563,-132.625,0.003,0.0,0.010,23.059
2026-03-03T11:44:20.974,119.708,1029.290,23.555,-132.619,0.003,0.0,-0.006,23.061
2026-03-03T11:44:21.470,120.208,1029.291,23.553,-132.625,0.003,0.0,-0.030,23.054
2026-03-03T11:44:21.984,120.708,1029.289,23.549,-132.614,0.003,0.0,0.004,23.086
2026-03-03T11:44:22.470,121.208,1029.289,23.553,-132.610,0.003,0.0,-0.038,23.063
2026-03-03T11:44:22.972,121.711,1029.288,23.556,-132.604,0.003,0.0,-0.025,23.061
2026-03-03T11:44:23.477,122.216,1029.291,23.558,-132.629,0.003,0.0,0.014,23.061
2026-03-03T11:44:23.974,122.711,1029.290,23.553,-132.617,0.003,0.0,0.033,23.070
2026-03-03T11:44:24.472,123.211,1029.289,23.550,-132.614,0.003,0.0,0.012,23.070
2026-03-03T11:44:24.972,123.711,1029.289,23.548,-132.613,0.003,0.0,-0.004,23.049
2026-03-03T11:44:25.472,124.211,1029.290,23.553,-132.617,0.003,0.0,-0.005,23.054
2026-03-03T11:44:25.973,124.711,1029.293,23.555,-132.642,0.003,0.0,0.026,23.070
2026-03-03T11:44:26.472,125.211,1029.295,23.562,-132.656,0.003,0.0,-0.059,23.056
2026-03-03T11:44:26.973,125.711,1029.292,23.554,-132.633,0.003,0.0,-0.017,23.081
2026-03-03T11:44:27.474,126.211,1029.293,23.551,-132.646,0.003,0.0,0.017,23.068
2026-03-03T11:44:27.972,126.711,1029.291,23.549,-132.630,0.003,0.0,0.009,23.049
2026-03-03T11:44:28.473,127.211,1029.289,23.549,-132.607,0.003,0.0,-0.012,23.054
2026-03-03T11:44:28.972,127.711,1029.291,23.544,-132.625,0.003,0.0,0.003,23.061
2026-03-03T11:44:29.484,128.211,1029.289,23.536,-132.611,0.003,0.0,0.010,23.063
2026-03-03T11:44:29.971,128.711,1029.291,23.541,-132.630,0.003,0.0,0.007,23.056
2026-03-03T11:44:30.471,129.211,1029.292,23.550,-132.638,0.003,0.0,-0.024,23.045
2026-03-03T11:44:30.972,129.711,1029.293,23.546,-132.642,0.003,0.0,-0.011,23.068
2026-03-03T11:44:31.471,130.211,1029.293,23.563,-132.640,0.003,0.0,-0.031,23.054
2026-03-03T11:44:31.972,130.711,1029.292,23.559,-132.637,0.003,0.0,-0.005,23.054
2026-03-03T11:44:32.472,131.211,1029.290,23.563,-132.617,0.003,0.0,-0.028,23.049
2026-03-03T11:44:32.972,131.711,1029.293,23.553,-132.640,0.003,0.0,-0.004,23.072
2026-03-03T11:44:33.472,132.211,1029.291,23.550,-132.630,0.003,0.0,0.006,23.059
2026-03-03T11:44:33.976,132.715,1029.293,23.559,-132.645,0.003,0.0,0.010,23.061
2026-03-03T11:44:34.481,133.220,1029.294,23.556,-132.650,0.003,0.0,-0.012,23.061
2026-03-03T11:44:34.979,133.715,1029.294,23.553,-132.655,0.003,0.0,-0.028,23.061
2026-03-03T11:44:35.476,134.215,1029.293,23.543,-132.640,0.003,0.0,-0.015,23.079
2026-03-03T11:44:35.989,134.715,1029.293,23.555,-132.641,0.003,0.0,-0.015,23.054
2026-03-03T11:44:36.476,135.215,1029.293,23.551,-132.646,0.003,0.0,0.007,23.070
2026-03-03T11:44:36.975,135.715,1029.293,23.545,-132.641,0.003,0.0,0.011,23.065
2026-03-03T11:44:37.479,136.215,1029.292,23.542,-132.631,0.003,0.0,-0.003,23.045
2026-03-03T11:44:37.977,136.715,1029.293,23.537,-132.642,0.003,0.0,-0.016,23.081
2026-03-03T11:44:38.475,137.215,1029.295,23.553,-132.656,0.003,0.0,-0.004,23.061
2026-03-03T11:44:38.976,137.715,1029.294,23.555,-132.650,0.003,0.0,0.006,23.063
2026-03-03T11:44:39.475,138.215,1029.293,23.555,-132.642,0.003,0.0,-0.025,23.065
2026-03-03T11:44:39.976,138.715,1029.293,23.550,-132.646,0.003,0.0,-0.021,23.063
2026-03-03T11:44:40.476,139.215,1029.295,23.546,-132.657,0.003,0.0,0.033,23.059
2026-03-03T11:44:40.976,139.715,1029.293,23.554,-132.641,0.003,0.0,-0.012,23.049
2026-03-03T11:44:41.480,140.215,1029.293,23.551,-132.646,0.003,0.0,0.009,23.068
2026-03-03T11:44:41.975,140.715,1029.296,23.556,-132.665,0.003,0.0,-0.033,23.024
2026-03-03T11:44:42.477,141.215,1029.295,23.546,-132.657,0.003,0.0,-0.007,23.061
2026-03-03T11:44:42.976,141.715,1029.293,23.555,-132.642,0.003,0.0,-0.031,23.049
2026-03-03T11:44:43.475,142.215,1029.293,23.537,-132.642,0.003,0.0,-0.012,23.061
2026-03-03T11:44:43.985,142.715,1029.297,23.559,-132.675,0.003,0.0,0.006,23.074
2026-03-03T11:44:44.477,143.215,1029.296,23.548,-132.666,0.003,0.0,-0.023,23.063
2026-03-03T11:44:45.008,143.720,1029.294,23.546,-132.649,0.003,0.0,0.024,23.095
2026-03-03T11:44:45.477,144.215,1029.297,23.552,-132.678,0.003,0.0,-0.003,23.059
2026-03-03T11:44:45.993,144.715,1029.294,23.554,-132.648,0.003,0.0,0.017,23.054
2026-03-03T11:44:46.476,145.215,1029.296,23.548,-132.667,0.003,0.0,-0.021,23.061
2026-03-03T11:44:46.978,145.715,1029.295,23.548,-132.659,0.003,0.0,0.014,23.059
2026-03-03T11:44:47.475,146.215,1029.295,23.553,-132.663,0.003,0.0,-0.010,23.059
2026-03-03T11:44:47.977,146.715,1029.295,23.543,-132.662,0.003,0.0,-0.020,23.056
2026-03-03T11:44:48.476,147.215,1029.295,23.549,-132.660,0.003,0.0,-0.022,23.065
2026-03-03T11:44:48.977,147.715,1029.297,23.538,-132.674,0.003,0.0,-0.002,23.061
2026-03-03T11:44:49.475,148.215,1029.294,23.540,-132.652,0.003,0.0,0.012,23.054
2026-03-03T11:44:49.977,148.715,1029.297,23.558,-132.675,0.003,0.0,-0.015,23.061
2026-03-03T11:44:50.496,149.215,1029.294,23.542,-132.654,0.003,0.0,-0.017,23.077
2026-03-03T11:44:50.976,149.715,1029.294,23.537,-132.650,0.003,0.0,-0.014,23.063
2026-03-03T11:44:51.497,150.215,1029.297,23.541,-132.676,0.003,0.0,0.013,23.052
2026-03-03T11:44:51.976,150.715,1029.297,23.548,-132.674,0.003,0.0,0.002,23.070
2026-03-03T11:44:52.476,151.215,1029.297,23.548,-132.674,0.003,0.0,-0.020,23.049
2026-03-03T11:44:52.976,151.715,1029.293,23.544,-132.647,0.003,0.0,-0.004,23.063
2026-03-03T11:44:53.477,152.215,1029.297,23.545,-132.672,0.003,0.0,-0.023,23.065
2026-03-03T11:44:53.976,152.715,1029.292,23.536,-132.634,0.003,0.0,0.001,23.059
2026-03-03T11:44:54.477,153.215,1029.295,23.541,-132.660,0.003,0.0,0.006,23.065
2026-03-03T11:44:54.985,153.715,1029.294,23.552,-132.655,0.003,0.0,0.021,23.068
2026-03-03T11:44:55.481,154.220,1029.294,23.546,-132.650,0.003,0.0,0.029,23.045
2026-03-03T11:44:55.986,154.715,1029.298,23.551,-132.684,0.003,0.0,-0.033,23.031
2026-03-03T11:44:56.476,155.215,1029.294,23.542,-132.654,0.003,0.0,0.002,23.038
2026-03-03T11:44:56.975,155.715,1029.296,23.549,-132.667,0.003,0.0,-0.021,23.070
2026-03-03T11:44:57.475,156.215,1029.298,23.551,-132.685,0.003,0.0,-0.000,23.061
2026-03-03T11:44:57.976,156.715,1029.294,23.542,-132.654,0.003,0.0,0.034,23.072
2026-03-03T11:44:58.475,157.215,1029.298,23.557,-132.681,0.003,0.0,0.015,23.052
2026-03-03T11:44:58.976,157.715,1029.296,23.550,-132.668,0.003,0.0,0.000,23.059
2026-03-03T11:44:59.475,158.215,1029.295,23.550,-132.661,0.003,0.0,-0.013,23.074
2026-03-03T11:44:59.976,158.715,1029.296,23.546,-132.665,0.003,0.0,0.011,23.088
2026-03-03T11:45:00.476,159.215,1029.295,23.546,-132.657,0.003,0.0,-0.002,23.059
2026-03-03T11:45:00.976,159.715,1029.293,23.536,-132.641,0.003,0.0,-0.014,23.072
2026-03-03T11:45:01.476,160.215,1029.295,23.532,-132.661,0.003,0.0,0.035,23.052
2026-03-03T11:45:01.975,160.715,1029.294,23.549,-132.652,0.003,0.0,-0.011,23.070
2026-03-03T11:45:02.477,161.215,1029.296,23.545,-132.664,0.003,0.0,-0.013,23.052
2026-03-03T11:45:02.975,161.715,1029.291,23.538,-132.628,0.003,0.0,0.030,23.065
2026-03-03T11:45:03.475,162.215,1029.292,23.538,-132.635,0.003,0.0,-0.016,23.061
2026-03-03T11:45:03.975,162.715,1029.292,23.550,-132.638,0.003,0.0,0.003,23.063
2026-03-03T11:45:04.477,163.215,1029.293,23.545,-132.641,0.003,0.0,0.026,23.047
2026-03-03T11:45:04.979,163.715,1029.291,23.537,-132.627,0.003,0.0,-0.027,23.059
2026-03-03T11:45:05.475,164.215,1029.292,23.548,-132.635,0.003,0.0,-0.037,23.059
2026-03-03T11:45:05.989,164.720,1029.293,23.547,-132.642,0.003,0.0,0.006,23.061
2026-03-03T11:45:06.475,165.215,1029.293,23.553,-132.640,0.003,0.0,0.003,23.047
2026-03-03T11:45:06.976,165.715,1029.292,23.540,-132.637,0.003,0.0,0.020,23.072
2026-03-03T11:45:07.475,166.215,1029.294,23.555,-132.649,0.003,0.0,0.020,23.063
2026-03-03T11:45:07.976,166.715,1029.296,23.550,-132.668,0.003,0.0,0.037,23.070
2026-03-03T11:45:08.475,167.215,1029.296,23.549,-132.667,0.003,0.0,0.007,23.054
2026-03-03T11:45:08.975,167.715,1029.295,23.562,-132.656,0.003,0.0,0.014,23.059
2026-03-03T11:45:09.475,168.215,1029.293,23.541,-132.646,0.003,0.0,-0.022,23.072
2026-03-03T11:45:09.976,168.715,1029.292,23.553,-132.633,0.003,0.0,0.035,23.059
2026-03-03T11:45:10.485,169.215,1029.292,23.548,-132.636,0.003,0.0,-0.007,23.068
2026-03-03T11:45:10.976,169.715,1029.292,23.533,-132.639,0.003,0.0,0.006,23.074
2026-03-03T11:45:11.480,170.215,1029.291,23.538,-132.628,0.003,0.0,-0.002,23.056
2026-03-03T11:45:11.975,170.715,1029.292,23.544,-132.633,0.003,0.0,0.013,23.093
2026-03-03T11:45:12.476,171.215,1029.293,23.545,-132.641,0.003,0.0,-0.032,23.063
2026-03-03T11:45:12.975,171.715,1029.291,23.550,-132.630,0.003,0.0,-0.000,23.049
2026-03-03T11:45:13.476,172.215,1029.292,23.545,-132.633,0.003,0.0,0.003,23.063
2026-03-03T11:45:13.975,172.715,1029.292,23.554,-132.633,0.003,0.0,0.011,23.052
2026-03-03T11:45:14.475,173.215,1029.291,23.546,-132.626,0.003,0.0,0.053,23.079
2026-03-03T11:45:14.974,173.715,1029.291,23.550,-132.630,0.003,0.0,0.002,23.054
2026-03-03T11:45:15.475,174.215,1029.289,23.538,-132.612,0.003,0.0,-0.001,23.063
2026-03-03T11:45:15.982,174.715,1029.291,23.538,-132.628,0.003,0.0,0.028,23.074
2026-03-03T11:45:16.481,175.220,1029.289,23.526,-132.610,0.003,0.0,0.035,23.081
2026-03-03T11:45:16.985,175.715,1029.289,23.537,-132.612,0.003,0.0,-0.031,23.063
2026-03-03T11:45:17.475,176.215,1029.289,23.535,-132.610,0.003,0.0,-0.005,23.070
2026-03-03T11:45:17.978,176.715,1029.291,23.546,-132.627,0.003,0.0,-0.017,23.059
2026-03-03T11:45:18.475,177.215,1029.289,23.536,-132.611,0.003,0.0,-0.002,23.056
2026-03-03T11:45:18.976,177.715,1029.288,23.539,-132.606,0.003,0.0,0.033,23.070
2026-03-03T11:45:19.475,178.215,1029.287,23.534,-132.593,0.003,0.0,0.021,23.047
2026-03-03T11:45:19.975,178.715,1029.290,23.552,-132.616,0.003,0.0,-0.003,23.065
2026-03-03T11:45:20.475,179.215,1029.288,23.542,-132.601,0.003,0.0,0.012,23.059
2026-03-03T11:45:20.976,179.715,1029.286,23.540,-132.583,0.003,0.0,-0.002,23.059
2026-03-03T11:45:21.476,180.215,1029.287,23.529,-132.597,0.003,0.0,0.010,23.043
2026-03-03T11:45:21.975,180.715,1029.283,23.536,-132.564,0.003,0.0,0.012,23.061
2026-03-03T11:45:22.493,181.215,1029.285,23.525,-132.577,0.003,0.0,0.001,23.065
2026-03-03T11:45:22.975,181.715,1029.285,23.533,-132.577,0.003,0.0,-0.016,23.068
2026-03-03T11:45:23.476,182.215,1029.285,23.529,-132.574,0.003,0.0,-0.001,23.045
2026-03-03T11:45:23.975,182.715,1029.285,23.544,-132.578,0.003,0.0,0.010,23.043
2026-03-03T11:45:24.476,183.215,1029.284,23.546,-132.565,0.003,0.0,-0.026,23.045
2026-03-03T11:45:24.975,183.715,1029.287,23.542,-132.591,0.003,0.0,-0.004,23.059
2026-03-03T11:45:25.477,184.215,1029.283,23.536,-132.564,0.003,0.0,0.031,23.068
2026-03-03T11:45:25.974,184.715,1029.283,23.534,-132.563,0.003,0.0,-0.044,23.047
2026-03-03T11:45:26.476,185.215,1029.283,23.540,-132.559,0.003,0.0,0.019,23.059
2026-03-03T11:45:26.986,185.720,1029.284,23.536,-132.565,0.003,0.0,-0.029,23.045
2026-03-03T11:45:27.475,186.215,1029.283,23.543,-132.562,0.003,0.0,-0.003,23.061
2026-03-03T11:45:27.975,186.715,1029.285,23.545,-132.579,0.003,0.0,-0.016,23.052
2026-03-03T11:45:28.475,187.215,1029.283,23.542,-132.562,0.003,0.0,-0.021,23.049
2026-03-03T11:45:28.977,187.715,1029.280,23.533,-132.538,0.003,0.0,0.001,23.059
2026-03-03T11:45:29.475,188.215,1029.281,23.541,-132.545,0.003,0.0,0.025,23.059
2026-03-03T11:45:29.975,188.715,1029.282,23.540,-132.552,0.003,0.0,-0.004,23.061
2026-03-03T11:45:30.477,189.215,1029.283,23.537,-132.557,0.003,0.0,-0.011,23.077
2026-03-03T11:45:30.975,189.715,1029.280,23.539,-132.536,0.003,0.0,-0.017,23.059
2026-03-03T11:45:31.476,190.215,1029.279,23.527,-132.526,0.003,0.0,-0.008,23.054
2026-03-03T11:45:31.974,190.715,1029.278,23.532,-132.522,0.003,0.0,-0.002,23.056
2026-03-03T11:45:32.475,191.215,1029.277,23.544,-132.510,0.003,0.0,0.035,23.077
2026-03-03T11:45:32.977,191.715,1029.276,23.538,-132.505,0.003,0.0,0.033,23.074
2026-03-03T11:45:33.476,192.215,1029.275,23.534,-132.494,0.003,0.0,0.014,23.068
2026-03-03T11:45:33.989,192.715,1029.280,23.547,-132.535,0.003,0.0,-0.012,23.077
2026-03-03T11:45:34.476,193.215,1029.278,23.533,-132.516,0.003,0.0,0.018,23.070
2026-03-03T11:45:34.996,193.715,1029.276,23.536,-132.503,0.003,0.0,0.041,23.061
2026-03-03T11:45:35.476,194.215,1029.278,23.545,-132.518,0.003,0.0,-0.002,23.047
2026-03-03T11:45:35.976,194.715,1029.276,23.542,-132.501,0.003,0.0,0.021,23.059
2026-03-03T11:45:36.476,195.215,1029.278,23.535,-132.518,0.003,0.0,0.011,23.059
2026-03-03T11:45:36.976,195.715,1029.277,23.535,-132.510,0.003,0.0,-0.017,23.065
2026-03-03T11:45:37.481,196.220,1029.276,23.533,-132.501,0.003,0.0,0.011,23.054
2026-03-03T11:45:37.976,196.715,1029.275,23.540,-132.498,0.003,0.0,-0.028,23.063
2026-03-03T11:45:38.480,197.215,1029.274,23.538,-132.489,0.003,0.0,0.023,23.093
2026-03-03T11:45:38.976,197.715,1029.274,23.544,-132.486,0.003,0.0,0.016,23.063
2026-03-03T11:45:39.476,198.215,1029.277,23.552,-132.508,0.003,0.0,-0.012,23.054
2026-03-03T11:45:39.975,198.715,1029.272,23.536,-132.473,0.003,0.0,0.007,23.043
2026-03-03T11:45:40.475,199.215,1029.270,23.532,-132.454,0.003,0.0,0.004,23.079
2026-03-03T11:45:40.975,199.715,1029.271,23.529,-132.459,0.003,0.0,-0.004,23.065
2026-03-03T11:45:41.475,200.215,1029.271,23.538,-132.459,0.003,0.0,0.029,23.070
2026-03-03T11:45:41.974,200.715,1029.270,23.540,-132.453,0.003,0.0,-0.020,23.061
2026-03-03T11:45:42.474,201.215,1029.271,23.541,-132.462,0.003,0.0,0.014,23.079
2026-03-03T11:45:42.980,201.715,1029.267,23.527,-132.426,0.003,0.0,0.008,23.065
2026-03-03T11:45:43.475,202.215,1029.270,23.525,-132.456,0.003,0.0,-0.020,23.059
2026-03-03T11:45:43.990,202.715,1029.269,23.530,-132.445,0.003,0.0,0.008,23.059
2026-03-03T11:45:44.474,203.215,1029.268,23.533,-132.440,0.003,0.0,0.021,23.059
2026-03-03T11:45:44.975,203.715,1029.269,23.540,-132.445,0.003,0.0,0.016,23.049
2026-03-03T11:45:45.475,204.215,1029.266,23.534,-132.417,0.003,0.0,-0.004,23.040
2026-03-03T11:45:45.976,204.715,1029.268,23.529,-132.437,0.003,0.0,0.019,23.063
2026-03-03T11:45:46.474,205.215,1029.268,23.524,-132.440,0.003,0.0,0.011,23.074
2026-03-03T11:45:46.975,205.715,1029.264,23.533,-132.408,0.003,0.0,0.013,23.061
2026-03-03T11:45:47.476,206.215,1029.266,23.538,-132.421,0.003,0.0,0.022,23.061
2026-03-03T11:45:47.979,206.720,1029.267,23.548,-132.429,0.003,0.0,0.012,23.054
2026-03-03T11:45:48.475,207.215,1029.265,23.537,-132.413,0.003,0.0,-0.010,23.061
2026-03-03T11:45:48.974,207.715,1029.263,23.532,-132.393,0.003,0.0,-0.007,23.077
2026-03-03T11:45:49.495,208.215,1029.263,23.525,-132.394,0.003,0.0,0.028,23.061
2026-03-03T11:45:49.975,208.715,1029.267,23.538,-132.428,0.003,0.0,0.003,23.072
2026-03-03T11:45:50.474,209.215,1029.262,23.540,-132.392,0.003,0.0,-0.034,23.059
2026-03-03T11:45:50.975,209.715,1029.263,23.535,-132.396,0.003,0.0,-0.006,23.061
2026-03-03T11:45:51.475,210.215,1029.261,23.535,-132.380,0.003,0.0,0.036,23.072
2026-03-03T11:45:51.975,210.715,1029.264,23.542,-132.401,0.003,0.0,-0.012,23.054
2026-03-03T11:45:52.475,211.215,1029.257,23.523,-132.348,0.003,0.0,-0.013,23.072
2026-03-03T11:45:52.981,211.715,1029.261,23.533,-132.378,0.003,0.0,0.005,23.068
2026-03-03T11:45:53.476,212.215,1029.256,23.523,-132.339,0.003,0.0,-0.016,23.077
2026-03-03T11:45:53.976,212.715,1029.258,23.530,-132.353,0.003,0.0,0.040,23.047
2026-03-03T11:45:54.474,213.215,1029.252,23.515,-132.310,0.003,0.0,0.035,23.059
2026-03-03T11:45:54.974,213.715,1029.259,23.527,-132.366,0.003,0.0,0.020,23.065
2026-03-03T11:45:55.475,214.215,1029.256,23.531,-132.339,0.003,0.0,0.001,23.049
2026-03-03T11:45:55.975,214.715,1029.257,23.534,-132.349,0.003,0.0,0.002,23.049
2026-03-03T11:45:56.476,215.215,1029.259,23.540,-132.361,0.003,0.0,-0.009,23.059
2026-03-03T11:45:56.975,215.715,1029.257,23.537,-132.344,0.003,0.0,-0.009,23.043
2026-03-03T11:45:57.479,216.215,1029.252,23.524,-132.310,0.003,0.0,-0.010,23.056
2026-03-03T11:45:57.975,216.715,1029.256,23.533,-132.341,0.003,0.0,0.000,23.065
2026-03-03T11:45:58.480,217.220,1029.256,23.529,-132.338,0.003,0.0,-0.012,23.054
2026-03-03T11:45:58.974,217.715,1029.255,23.536,-132.328,0.003,0.0,-0.004,23.063
2026-03-03T11:45:59.475,218.215,1029.254,23.544,-132.326,0.003,0.0,-0.007,23.068
2026-03-03T11:45:59.974,218.715,1029.251,23.524,-132.296,0.003,0.0,-0.030,23.077
2026-03-03T11:46:00.475,219.215,1029.250,23.527,-132.291,0.003,0.0,-0.001,23.047
2026-03-03T11:46:00.974,219.715,1029.251,23.526,-132.297,0.003,0.0,-0.005,23.056
2026-03-03T11:46:01.475,220.215,1029.253,23.541,-132.316,0.003,0.0,0.003,23.074
2026-03-03T11:46:01.975,220.715,1029.247,23.519,-132.268,0.003,0.0,0.012,23.061
2026-03-03T11:46:02.474,221.215,1029.250,23.533,-132.287,0.003,0.0,-0.027,23.059
2026-03-03T11:46:02.984,221.715,1029.247,23.534,-132.266,0.003,0.0,-0.024,23.074
2026-03-03T11:46:03.475,222.215,1029.245,23.533,-132.248,0.003,0.0,-0.028,23.059
2026-03-03T11:46:03.995,222.715,1029.247,23.521,-132.262,0.003,0.0,0.007,23.059
2026-03-03T11:46:04.474,223.215,1029.247,23.522,-132.263,0.003,0.0,0.044,23.040
2026-03-03T11:46:04.975,223.715,1029.245,23.524,-132.249,0.003,0.0,-0.001,23.097
2026-03-03T11:46:05.475,224.215,1029.244,23.524,-132.241,0.003,0.0,0.035,23.040
2026-03-03T11:46:05.975,224.715,1029.243,23.516,-132.234,0.003,0.0,0.024,23.079
2026-03-03T11:46:06.474,225.215,1029.240,23.515,-132.211,0.003,0.0,-0.010,23.063
2026-03-03T11:46:06.975,225.715,1029.244,23.526,-132.242,0.003,0.0,-0.011,23.081
2026-03-03T11:46:07.476,226.215,1029.242,23.526,-132.220,0.003,0.0,0.012,23.054
2026-03-03T11:46:07.976,226.715,1029.245,23.537,-132.244,0.003,0.0,-0.011,23.068
2026-03-03T11:46:08.485,227.215,1029.239,23.534,-132.196,0.003,0.0,-0.015,23.068
2026-03-03T11:46:08.981,227.720,1029.241,23.537,-132.213,0.003,0.0,-0.017,23.100
2026-03-03T11:46:09.475,228.215,1029.240,23.533,-132.210,0.003,0.0,-0.026,23.033
2026-03-03T11:46:09.975,228.715,1029.238,23.526,-132.190,0.003,0.0,0.000,23.036
2026-03-03T11:46:10.476,229.215,1029.240,23.533,-132.210,0.003,0.0,0.001,23.038
2026-03-03T11:46:10.975,229.715,1029.234,23.525,-132.158,0.003,0.0,0.010,23.093
2026-03-03T11:46:11.475,230.215,1029.235,23.519,-132.168,0.003,0.0,-0.022,23.074
2026-03-03T11:46:11.974,230.715,1029.235,23.528,-132.168,0.003,0.0,0.009,23.056
2026-03-03T11:46:12.475,231.215,1029.236,23.522,-132.171,0.003,0.0,-0.000,23.045
2026-03-03T11:46:12.976,231.715,1029.236,23.526,-132.173,0.003,0.0,-0.003,23.065
2026-03-03T11:46:13.476,232.215,1029.230,23.527,-132.129,0.003,0.0,0.007,23.059
2026-03-03T11:46:13.996,232.715,1029.232,23.533,-132.142,0.003,0.0,0.007,23.063
2026-03-03T11:46:14.475,233.215,1029.231,23.530,-132.131,0.003,0.0,0.002,23.049
2026-03-03T11:46:14.974,233.715,1029.231,23.524,-132.134,0.003,0.0,-0.038,23.036
2026-03-03T11:46:15.475,234.215,1029.234,23.534,-132.158,0.003,0.0,-0.024,23.068
2026-03-03T11:46:15.975,234.715,1029.233,23.530,-132.147,0.003,0.0,-0.006,23.059
2026-03-03T11:46:16.474,235.215,1029.229,23.530,-132.116,0.003,0.0,0.002,23.079
2026-03-03T11:46:16.974,235.715,1029.228,23.521,-132.109,0.003,0.0,0.003,23.081
2026-03-03T11:46:17.474,236.215,1029.229,23.528,-132.114,0.003,0.0,0.028,23.063
2026-03-03T11:46:17.974,236.715,1029.227,23.530,-132.101,0.003,0.0,-0.012,23.070
2026-03-03T11:46:18.479,237.215,1029.227,23.525,-132.104,0.003,0.0,-0.030,23.043
2026-03-03T11:46:18.976,237.715,1029.225,23.532,-132.087,0.003,0.0,-0.007,23.070
2026-03-03T11:46:19.495,238.220,1029.225,23.525,-132.081,0.003,0.0,-0.020,23.074
2026-03-03T11:46:19.974,238.715,1029.227,23.526,-132.097,0.003,0.0,0.022,23.056
2026-03-03T11:46:20.475,239.215,1029.224,23.519,-132.077,0.003,0.0,0.037,23.054
2026-03-03T11:46:20.974,239.715,1029.227,23.538,-132.100,0.003,0.0,0.004,23.059
2026-03-03T11:46:21.475,240.215,1029.217,23.518,-132.022,0.003,0.0,-0.045,23.045
2026-03-03T11:46:21.974,240.715,1029.222,23.520,-132.062,0.003,0.0,-0.024,23.065
2026-03-03T11:46:22.475,241.215,1029.218,23.515,-132.027,0.003,0.0,-0.003,23.086
2026-03-03T11:46:22.978,241.715,1029.219,23.528,-132.038,0.003,0.0,0.015,23.068
2026-03-03T11:46:23.475,242.215,1029.216,23.527,-132.014,0.003,0.0,0.017,23.045
2026-03-03T11:46:23.981,242.715,1029.216,23.519,-132.008,0.003,0.0,-0.019,23.056
2026-03-03T11:46:24.475,243.215,1029.218,23.535,-132.029,0.003,0.0,0.003,23.052
2026-03-03T11:46:24.975,243.715,1029.215,23.524,-132.005,0.003,0.0,0.009,23.070
2026-03-03T11:46:25.474,244.215,1029.217,23.526,-132.021,0.003,0.0,-0.004,23.081
2026-03-03T11:46:25.975,244.715,1029.212,23.522,-131.979,0.003,0.0,0.001,23.052
2026-03-03T11:46:26.474,245.215,1029.216,23.537,-132.007,0.003,0.0,-0.019,23.063
2026-03-03T11:46:26.976,245.715,1029.213,23.515,-131.989,0.003,0.0,-0.018,23.059
2026-03-03T11:46:27.474,246.215,1029.213,23.516,-131.982,0.003,0.0,0.038,23.059
2026-03-03T11:46:27.975,246.715,1029.214,23.531,-131.995,0.003,0.0,0.011,23.049
2026-03-03T11:46:28.479,247.215,1029.213,23.535,-131.982,0.003,0.0,-0.033,23.056
2026-03-03T11:46:28.975,247.715,1029.212,23.529,-131.978,0.003,0.0,0.015,23.033
2026-03-03T11:46:29.489,248.215,1029.211,23.524,-131.966,0.003,0.0,-0.047,23.059
2026-03-03T11:46:29.980,248.720,1029.210,23.518,-131.961,0.003,0.0,0.046,23.045
2026-03-03T11:46:30.475,249.215,1029.210,23.533,-131.959,0.003,0.0,-0.002,23.056
2026-03-03T11:46:30.974,249.715,1029.209,23.535,-131.952,0.003,0.0,0.027,23.088
2026-03-03T11:46:31.475,250.215,1029.208,23.531,-131.949,0.003,0.0,-0.024,23.049
2026-03-03T11:46:31.974,250.715,1029.209,23.536,-131.954,0.003,0.0,-0.036,23.068
2026-03-03T11:46:32.474,251.215,1029.206,23.514,-131.927,0.003,0.0,-0.022,23.045
2026-03-03T11:46:32.973,251.715,1029.207,23.517,-131.937,0.003,0.0,0.012,23.072
2026-03-03T11:46:33.475,252.215,1029.204,23.521,-131.910,0.003,0.0,-0.004,23.061
2026-03-03T11:46:33.980,252.715,1029.206,23.536,-131.931,0.003,0.0,-0.012,23.070
2026-03-03T11:46:34.474,253.215,1029.205,23.537,-131.924,0.003,0.0,-0.016,23.074
2026-03-03T11:46:35.010,253.715,1029.205,23.537,-131.924,0.003,0.0,0.046,23.061
2026-03-03T11:46:35.474,254.215,1029.202,23.525,-131.898,0.003,0.0,0.003,23.063
2026-03-03T11:46:35.975,254.715,1029.204,23.537,-131.908,0.003,0.0,0.037,23.077
2026-03-03T11:46:36.474,255.215,1029.202,23.517,-131.891,0.003,0.0,-0.006,23.068
2026-03-03T11:46:36.974,255.715,1029.201,23.527,-131.884,0.003,0.0,-0.014,23.070
2026-03-03T11:46:37.476,256.216,1029.199,23.525,-131.867,0.003,0.0,0.027,23.059
2026-03-03T11:46:37.974,256.716,1029.199,23.521,-131.871,0.003,0.0,0.038,23.059
2026-03-03T11:46:38.475,257.216,1029.198,23.527,-131.861,0.003,0.0,-0.035,23.059
2026-03-03T11:46:38.975,257.716,1029.196,23.525,-131.844,0.003,0.0,0.007,23.074
2026-03-03T11:46:39.475,258.216,1029.196,23.523,-131.843,0.003,0.0,0.019,23.059
2026-03-03T11:46:39.975,258.716,1029.194,23.516,-131.829,0.003,0.0,0.013,23.068
2026-03-03T11:46:40.497,259.218,1029.193,23.520,-131.818,0.003,0.0,-0.008,23.049
2026-03-03T11:46:40.982,259.723,1029.193,23.518,-131.824,0.003,0.0,-0.004,23.072
2026-03-03T11:46:41.478,260.218,1029.192,23.515,-131.813,0.003,0.0,0.039,23.049
2026-03-03T11:46:41.978,260.718,1029.190,23.506,-131.798,0.003,0.0,-0.014,23.056
2026-03-03T11:46:42.477,261.218,1029.190,23.516,-131.798,0.003,0.0,0.013,23.056
2026-03-03T11:46:42.977,261.718,1029.191,23.519,-131.802,0.003,0.0,0.019,23.054
2026-03-03T11:46:43.477,262.218,1029.189,23.511,-131.787,0.003,0.0,0.025,23.061
2026-03-03T11:46:43.976,262.718,1029.190,23.517,-131.793,0.003,0.0,0.030,23.063
2026-03-03T11:46:44.478,263.218,1029.186,23.514,-131.767,0.003,0.0,-0.000,23.072
2026-03-03T11:46:44.978,263.718,1029.189,23.522,-131.788,0.003,0.0,0.013,23.049
2026-03-03T11:46:45.478,264.218,1029.185,23.516,-131.753,0.003,0.0,0.008,23.070
2026-03-03T11:46:45.987,264.718,1029.188,23.525,-131.776,0.003,0.0,-0.011,23.074
2026-03-03T11:46:46.476,265.218,1029.182,23.523,-131.728,0.003,0.0,-0.028,23.054
2026-03-03T11:46:46.995,265.718,1029.184,23.513,-131.751,0.003,0.0,0.016,23.047
2026-03-03T11:46:47.477,266.218,1029.182,23.508,-131.731,0.003,0.0,-0.004,23.052
2026-03-03T11:46:47.978,266.718,1029.185,23.515,-131.752,0.003,0.0,0.024,23.054
2026-03-03T11:46:48.478,267.218,1029.181,23.513,-131.720,0.003,0.0,-0.014,23.061
2026-03-03T11:46:48.977,267.718,1029.181,23.500,-131.725,0.003,0.0,0.015,23.054
2026-03-03T11:46:49.476,268.218,1029.180,23.510,-131.718,0.003,0.0,-0.036,23.084
2026-03-03T11:46:49.978,268.718,1029.179,23.513,-131.705,0.003,0.0,0.015,23.072
2026-03-03T11:46:50.477,269.218,1029.180,23.503,-131.712,0.003,0.0,-0.028,23.061
2026-03-03T11:46:50.978,269.718,1029.175,23.495,-131.675,0.003,0.0,0.019,23.068
2026-03-03T11:46:51.492,270.223,1029.175,23.506,-131.676,0.003,0.0,0.023,23.045
2026-03-03T11:46:51.979,270.718,1029.177,23.514,-131.690,0.003,0.0,-0.015,23.040
2026-03-03T11:46:52.479,271.218,1029.176,23.511,-131.681,0.003,0.0,0.024,23.054
2026-03-03T11:46:52.976,271.718,1029.174,23.506,-131.668,0.003,0.0,0.034,23.095
2026-03-03T11:46:53.479,272.218,1029.171,23.511,-131.642,0.003,0.0,0.023,23.070
2026-03-03T11:46:53.977,272.718,1029.173,23.515,-131.661,0.003,0.0,0.004,23.095
2026-03-03T11:46:54.478,273.218,1029.170,23.525,-131.631,0.003,0.0,-0.019,23.063
2026-03-03T11:46:54.977,273.718,1029.174,23.518,-131.663,0.003,0.0,0.008,23.049
2026-03-03T11:46:55.477,274.218,1029.170,23.512,-131.636,0.003,0.0,-0.030,23.045
2026-03-03T11:46:55.977,274.718,1029.171,23.532,-131.644,0.003,0.0,0.028,23.059
2026-03-03T11:46:56.478,275.218,1029.172,23.522,-131.651,0.003,0.0,-0.004,23.043
2026-03-03T11:46:56.977,275.718,1029.170,23.513,-131.636,0.003,0.0,-0.017,23.059
2026-03-03T11:46:57.477,276.218,1029.170,23.514,-131.629,0.003,0.0,-0.007,23.056
2026-03-03T11:46:57.978,276.718,1029.168,23.514,-131.614,0.003,0.0,0.025,23.056
2026-03-03T11:46:58.477,277.218,1029.167,23.505,-131.607,0.003,0.0,0.003,23.045
2026-03-03T11:46:58.978,277.718,1029.168,23.519,-131.618,0.003,0.0,-0.021,23.049
2026-03-03T11:46:59.477,278.218,1029.169,23.527,-131.625,0.003,0.0,0.030,23.068
2026-03-03T11:46:59.976,278.718,1029.163,23.511,-131.573,0.003,0.0,-0.005,23.061
2026-03-03T11:47:00.477,279.218,1029.163,23.509,-131.579,0.003,0.0,0.000,23.070
2026-03-03T11:47:00.977,279.718,1029.165,23.516,-131.594,0.003,0.0,-0.004,23.059
2026-03-03T11:47:01.477,280.218,1029.164,23.513,-131.583,0.003,0.0,-0.020,23.065
2026-03-03T11:47:01.981,280.723,1029.163,23.511,-131.573,0.003,0.0,0.002,23.061
2026-03-03T11:47:02.478,281.218,1029.165,23.526,-131.594,0.003,0.0,0.026,23.077
2026-03-03T11:47:02.984,281.718,1029.163,23.515,-131.578,0.003,0.0,-0.008,23.063
2026-03-03T11:47:03.477,282.218,1029.160,23.505,-131.553,0.003,0.0,-0.001,23.074
2026-03-03T11:47:04.009,282.718,1029.162,23.507,-131.570,0.003,0.0,0.003,23.047
2026-03-03T11:47:04.476,283.218,1029.159,23.499,-131.541,0.003,0.0,-0.015,23.054
2026-03-03T11:47:04.978,283.718,1029.159,23.507,-131.539,0.003,0.0,0.001,23.045
2026-03-03T11:47:05.477,284.218,1029.157,23.500,-131.526,0.003,0.0,0.003,23.049
2026-03-03T11:47:05.976,284.718,1029.154,23.497,-131.500,0.003,0.0,-0.014,23.061
2026-03-03T11:47:06.477,285.218,1029.157,23.511,-131.527,0.003,0.0,0.000,23.059
2026-03-03T11:47:06.978,285.718,1029.158,23.514,-131.530,0.003,0.0,0.018,23.065
2026-03-03T11:47:07.481,286.218,1029.154,23.509,-131.503,0.003,0.0,0.021,23.061
2026-03-03T11:47:07.978,286.718,1029.156,23.512,-131.520,0.003,0.0,-0.014,23.068
2026-03-03T11:47:08.495,287.218,1029.156,23.508,-131.517,0.003,0.0,0.007,23.063
2026-03-03T11:47:08.978,287.718,1029.155,23.518,-131.510,0.003,0.0,0.019,23.079
2026-03-03T11:47:09.477,288.218,1029.152,23.519,-131.488,0.003,0.0,-0.009,23.065
2026-03-03T11:47:09.977,288.718,1029.152,23.508,-131.487,0.003,0.0,0.026,23.038
2026-03-03T11:47:10.476,289.218,1029.154,23.511,-131.497,0.003,0.0,-0.002,23.049
2026-03-03T11:47:10.976,289.718,1029.151,23.511,-131.474,0.003,0.0,-0.042,23.059
2026-03-03T11:47:11.477,290.218,1029.151,23.516,-131.477,0.003,0.0,-0.024,23.059
2026-03-03T11:47:11.987,290.718,1029.150,23.506,-131.470,0.003,0.0,0.018,23.056
2026-03-03T11:47:12.482,291.223,1029.153,23.523,-131.491,0.003,0.0,0.021,23.063
2026-03-03T11:47:12.978,291.718,1029.151,23.520,-131.474,0.003,0.0,0.005,23.047
2026-03-03T11:47:13.476,292.218,1029.151,23.515,-131.477,0.003,0.0,-0.015,23.059
2026-03-03T11:47:13.977,292.718,1029.149,23.516,-131.463,0.003,0.0,0.024,23.056
2026-03-03T11:47:14.476,293.218,1029.148,23.511,-131.451,0.003,0.0,0.017,23.036
2026-03-03T11:47:14.976,293.718,1029.149,23.510,-131.458,0.003,0.0,-0.001,23.052
2026-03-03T11:47:15.483,294.218,1029.147,23.517,-131.440,0.003,0.0,0.003,23.072
2026-03-03T11:47:15.977,294.718,1029.147,23.503,-131.444,0.003,0.0,-0.003,23.059
2026-03-03T11:47:16.477,295.218,1029.148,23.513,-131.452,0.003,0.0,-0.005,23.077
2026-03-03T11:47:16.976,295.718,1029.145,23.503,-131.429,0.003,0.0,-0.032,23.038
2026-03-03T11:47:17.478,296.218,1029.146,23.506,-131.439,0.003,0.0,0.000,23.068
2026-03-03T11:47:17.976,296.718,1029.144,23.508,-131.418,0.003,0.0,-0.043,23.047
2026-03-03T11:47:18.476,297.218,1029.145,23.498,-131.425,0.003,0.0,0.004,23.049
2026-03-03T11:47:18.976,297.718,1029.143,23.503,-131.413,0.003,0.0,-0.014,23.063
2026-03-03T11:47:19.479,298.218,1029.144,23.503,-131.422,0.003,0.0,-0.015,23.059
2026-03-03T11:47:19.976,298.718,1029.142,23.498,-131.402,0.003,0.0,0.001,23.049
2026-03-03T11:47:20.477,299.218,1029.141,23.506,-131.393,0.003,0.0,-0.013,23.072
2026-03-03T11:47:20.983,299.718,1029.141,23.506,-131.394,0.003,0.0,-0.016,23.068
2026-03-03T11:47:21.477,300.218,1029.142,23.501,-131.404,0.003,0.0,0.002,23.065
2026-03-03T11:47:21.988,300.718,1029.139,23.518,-131.380,0.003,0.0,-0.004,23.063
2026-03-03T11:47:22.476,301.218,1029.138,23.500,-131.366,0.003,0.0,-0.004,23.072
2026-03-03T11:47:22.981,301.723,1029.142,23.513,-131.399,0.003,0.0,0.018,23.063
2026-03-03T11:47:23.476,302.218,1029.140,23.512,-131.383,0.003,0.0,-0.008,23.065
2026-03-03T11:47:23.976,302.718,1029.139,23.502,-131.375,0.003,0.0,-0.006,23.047
2026-03-03T11:47:24.475,303.218,1029.138,23.500,-131.373,0.003,0.0,-0.030,23.061
2026-03-03T11:47:24.976,303.718,1029.141,23.502,-131.390,0.003,0.0,-0.011,23.059
2026-03-03T11:47:25.477,304.218,1029.139,23.505,-131.378,0.003,0.0,0.013,23.052
2026-03-03T11:47:25.976,304.718,1029.139,23.506,-131.378,0.003,0.0,0.029,23.063
2026-03-03T11:47:26.486,305.218,1029.138,23.508,-131.372,0.003,0.0,-0.015,23.072
2026-03-03T11:47:26.977,305.718,1029.135,23.510,-131.344,0.003,0.0,0.005,23.049
2026-03-03T11:47:27.477,306.218,1029.137,23.513,-131.361,0.003,0.0,0.012,23.065
2026-03-03T11:47:27.976,306.718,1029.135,23.500,-131.343,0.003,0.0,0.004,23.049
2026-03-03T11:47:28.477,307.218,1029.135,23.514,-131.347,0.003,0.0,-0.004,23.072
2026-03-03T11:47:28.976,307.718,1029.138,23.514,-131.370,0.003,0.0,0.037,23.061
2026-03-03T11:47:29.476,308.218,1029.135,23.516,-131.348,0.003,0.0,0.030,23.049
2026-03-03T11:47:29.977,308.718,1029.132,23.514,-131.324,0.003,0.0,0.027,23.049
2026-03-03T11:47:30.476,309.218,1029.132,23.515,-131.317,0.003,0.0,-0.003,23.059
2026-03-03T11:47:30.982,309.718,1029.135,23.508,-131.349,0.003,0.0,-0.019,23.056
2026-03-03T11:47:31.476,310.218,1029.132,23.515,-131.317,0.003,0.0,0.003,23.054
2026-03-03T11:47:31.996,310.718,1029.134,23.512,-131.337,0.003,0.0,-0.005,23.065
2026-03-03T11:47:32.477,311.218,1029.133,23.516,-131.326,0.003,0.0,0.001,23.070
2026-03-03T11:47:33.009,311.721,1029.131,23.511,-131.314,0.003,0.0,-0.001,23.072
2026-03-03T11:47:33.484,312.225,1029.134,23.516,-131.340,0.003,0.0,-0.016,23.072
2026-03-03T11:47:34.015,312.730,1029.132,23.517,-131.319,0.003,0.0,0.003,23.068
2026-03-03T11:47:34.483,313.225,1029.132,23.505,-131.317,0.003,0.0,-0.016,23.061
2026-03-03T11:47:34.984,313.725,1029.133,23.508,-131.326,0.003,0.0,0.012,23.070
2026-03-03T11:47:35.483,314.225,1029.131,23.507,-131.310,0.003,0.0,0.030,23.061
2026-03-03T11:47:35.985,314.725,1029.132,23.511,-131.321,0.003,0.0,0.005,23.065
2026-03-03T11:47:36.484,315.225,1029.131,23.513,-131.315,0.003,0.0,-0.007,23.036
2026-03-03T11:47:36.984,315.725,1029.130,23.516,-131.303,0.003,0.0,0.023,23.054
2026-03-03T11:47:37.483,316.225,1029.130,23.508,-131.303,0.003,0.0,0.006,23.074
2026-03-03T11:47:37.984,316.725,1029.130,23.511,-131.306,0.003,0.0,-0.022,23.068
2026-03-03T11:47:38.492,317.225,1029.126,23.494,-131.269,0.003,0.0,-0.018,23.068
2026-03-03T11:47:38.983,317.725,1029.128,23.498,-131.288,0.003,0.0,-0.024,23.065
2026-03-03T11:47:39.494,318.225,1029.129,23.501,-131.298,0.003,0.0,0.013,23.052
2026-03-03T11:47:39.983,318.725,1029.127,23.495,-131.277,0.003,0.0,0.005,23.056
2026-03-03T11:47:40.483,319.225,1029.127,23.499,-131.281,0.003,0.0,0.017,23.054
2026-03-03T11:47:40.983,319.725,1029.124,23.490,-131.258,0.003,0.0,0.013,23.040
2026-03-03T11:47:41.483,320.225,1029.126,23.490,-131.273,0.003,0.0,0.003,23.047
2026-03-03T11:47:41.982,320.725,1029.127,23.493,-131.283,0.003,0.0,-0.025,23.054
2026-03-03T11:47:42.484,321.225,1029.125,23.487,-131.264,0.003,0.0,-0.002,23.063
2026-03-03T11:47:42.985,321.725,1029.122,23.482,-131.235,0.003,0.0,0.011,23.070
2026-03-03T11:47:43.484,322.225,1029.127,23.497,-131.279,0.003,0.0,0.047,23.056
2026-03-03T11:47:43.991,322.725,1029.127,23.495,-131.277,0.003,0.0,0.017,23.059
2026-03-03T11:47:44.489,323.230,1029.123,23.485,-131.247,0.003,0.0,-0.018,23.049
2026-03-03T11:47:44.983,323.725,1029.124,23.490,-131.251,0.003,0.0,-0.011,23.061
2026-03-03T11:47:45.483,324.225,1029.124,23.491,-131.251,0.003,0.0,0.004,23.045
2026-03-03T11:47:45.983,324.725,1029.124,23.505,-131.255,0.003,0.0,-0.001,23.054
2026-03-03T11:47:46.483,325.225,1029.125,23.501,-131.259,0.003,0.0,0.006,23.077
2026-03-03T11:47:46.983,325.725,1029.121,23.503,-131.229,0.003,0.0,0.018,23.047
2026-03-03T11:47:47.483,326.225,1029.125,23.491,-131.259,0.003,0.0,-0.033,23.054
2026-03-03T11:47:47.983,326.725,1029.125,23.504,-131.262,0.003,0.0,-0.014,23.049
2026-03-03T11:47:48.489,327.225,1029.122,23.496,-131.239,0.003,0.0,0.001,23.059
2026-03-03T11:47:48.984,327.725,1029.123,23.495,-131.247,0.003,0.0,0.022,23.052
2026-03-03T11:47:49.496,328.225,1029.121,23.495,-131.231,0.003,0.0,0.007,23.059
2026-03-03T11:47:49.983,328.725,1029.119,23.491,-131.212,0.003,0.0,-0.010,23.054
2026-03-03T11:47:50.483,329.225,1029.122,23.496,-131.239,0.003,0.0,-0.047,23.043
2026-03-03T11:47:50.983,329.725,1029.120,23.493,-131.221,0.003,0.0,0.006,23.054
2026-03-03T11:47:51.484,330.225,1029.123,23.495,-131.247,0.003,0.0,-0.003,23.061
2026-03-03T11:47:51.983,330.725,1029.121,23.499,-131.227,0.003,0.0,-0.021,23.059
2026-03-03T11:47:52.484,331.225,1029.121,23.487,-131.232,0.003,0.0,-0.009,23.074
2026-03-03T11:47:52.983,331.725,1029.121,23.493,-131.229,0.003,0.0,0.011,23.054
2026-03-03T11:47:53.484,332.225,1029.116,23.487,-131.186,0.003,0.0,-0.020,23.056
2026-03-03T11:47:53.991,332.725,1029.119,23.491,-131.212,0.003,0.0,0.001,23.072
2026-03-03T11:47:54.483,333.225,1029.118,23.482,-131.205,0.003,0.0,0.013,23.049
2026-03-03T11:47:55.012,333.730,1029.119,23.485,-131.215,0.003,0.0,0.019,23.054
2026-03-03T11:47:55.482,334.225,1029.118,23.486,-131.208,0.003,0.0,0.034,23.040
2026-03-03T11:47:55.983,334.725,1029.118,23.492,-131.206,0.003,0.0,0.027,23.061
2026-03-03T11:47:56.483,335.225,1029.120,23.489,-131.218,0.003,0.0,-0.021,23.047
2026-03-03T11:47:56.985,335.725,1029.120,23.491,-131.220,0.003,0.0,0.002,23.065
2026-03-03T11:47:57.487,336.225,1029.121,23.505,-131.231,0.003,0.0,0.000,23.068
2026-03-03T11:47:57.984,336.725,1029.121,23.490,-131.227,0.003,0.0,0.003,23.043
2026-03-03T11:47:58.483,337.225,1029.121,23.488,-131.233,0.003,0.0,-0.001,23.054
2026-03-03T11:47:58.983,337.725,1029.119,23.483,-131.213,0.003,0.0,0.012,23.061
2026-03-03T11:47:59.483,338.225,1029.117,23.490,-131.196,0.003,0.0,0.033,23.061
2026-03-03T11:47:59.983,338.725,1029.119,23.491,-131.212,0.003,0.0,0.007,23.047
2026-03-03T11:48:00.482,339.225,1029.116,23.490,-131.189,0.003,0.0,-0.009,23.054
2026-03-03T11:48:00.982,339.725,1029.114,23.482,-131.174,0.003,0.0,-0.020,23.061
2026-03-03T11:48:01.483,340.225,1029.114,23.482,-131.174,0.003,0.0,-0.020,23.045
2026-03-03T11:48:01.986,340.725,1029.117,23.495,-131.194,0.003,0.0,-0.022,23.056
2026-03-03T11:48:02.482,341.225,1029.117,23.500,-131.197,0.003,0.0,-0.007,23.033
2026-03-03T11:48:02.999,341.725,1029.116,23.491,-131.190,0.003,0.0,-0.007,23.068
2026-03-03T11:48:03.483,342.225,1029.116,23.498,-131.187,0.003,0.0,-0.038,23.059
2026-03-03T11:48:03.982,342.725,1029.118,23.498,-131.202,0.003,0.0,0.024,23.065
2026-03-03T11:48:04.483,343.225,1029.117,23.501,-131.198,0.003,0.0,0.029,23.047
2026-03-03T11:48:04.983,343.725,1029.118,23.497,-131.202,0.003,0.0,-0.020,23.074
2026-03-03T11:48:05.488,344.230,1029.119,23.479,-131.210,0.003,0.0,-0.015,23.068
2026-03-03T11:48:05.983,344.725,1029.115,23.485,-131.177,0.003,0.0,0.009,23.061
2026-03-03T11:48:06.487,345.225,1029.114,23.482,-131.175,0.003,0.0,0.013,23.049
2026-03-03T11:48:06.984,345.725,1029.118,23.502,-131.206,0.003,0.0,0.004,23.068
2026-03-03T11:48:07.494,346.225,1029.112,23.490,-131.159,0.003,0.0,-0.002,23.047
2026-03-03T11:48:07.984,346.725,1029.116,23.486,-131.186,0.003,0.0,-0.002,23.061
2026-03-03T11:48:08.508,347.225,1029.118,23.494,-131.207,0.003,0.0,0.017,23.040
2026-03-03T11:48:08.983,347.725,1029.116,23.495,-131.185,0.003,0.0,-0.009,23.040
2026-03-03T11:48:09.483,348.225,1029.115,23.480,-131.181,0.003,0.0,0.016,23.072
2026-03-03T11:48:09.982,348.725,1029.116,23.495,-131.185,0.003,0.0,0.020,23.061
2026-03-03T11:48:10.483,349.225,1029.116,23.486,-131.186,0.003,0.0,-0.004,23.056
2026-03-03T11:48:10.982,349.725,1029.115,23.487,-131.178,0.003,0.0,0.044,23.068
2026-03-03T11:48:11.483,350.225,1029.113,23.483,-131.161,0.003,0.0,0.009,23.063
2026-03-03T11:48:11.986,350.725,1029.111,23.487,-131.149,0.003,0.0,-0.009,23.059
2026-03-03T11:48:12.483,351.225,1029.113,23.481,-131.166,0.003,0.0,0.015,23.054
2026-03-03T11:48:12.995,351.725,1029.114,23.484,-131.169,0.003,0.0,-0.016,23.052
2026-03-03T11:48:13.483,352.225,1029.116,23.489,-131.188,0.003,0.0,-0.016,23.059
2026-03-03T11:48:13.983,352.725,1029.112,23.481,-131.159,0.003,0.0,0.002,23.054
2026-03-03T11:48:14.482,353.225,1029.112,23.488,-131.157,0.003,0.0,-0.008,23.070
2026-03-03T11:48:14.983,353.725,1029.111,23.489,-131.151,0.003,0.0,-0.041,23.052
2026-03-03T11:48:15.483,354.225,1029.113,23.482,-131.167,0.003,0.0,-0.007,23.052
2026-03-03T11:48:15.989,354.730,1029.114,23.491,-131.174,0.003,0.0,-0.017,23.040
2026-03-03T11:48:16.482,355.225,1029.112,23.480,-131.158,0.003,0.0,0.010,23.074
2026-03-03T11:48:16.983,355.725,1029.112,23.482,-131.153,0.003,0.0,-0.001,23.068
2026-03-03T11:48:17.487,356.225,1029.110,23.487,-131.140,0.003,0.0,0.001,23.054
2026-03-03T11:48:17.982,356.725,1029.113,23.495,-131.162,0.003,0.0,0.030,23.059
2026-03-03T11:48:18.503,357.225,1029.111,23.479,-131.149,0.003,0.0,-0.005,23.052
2026-03-03T11:48:18.983,357.725,1029.111,23.487,-131.148,0.003,0.0,0.014,23.061
2026-03-03T11:48:19.484,358.225,1029.115,23.491,-131.181,0.003,0.0,0.012,23.056
2026-03-03T11:48:19.982,358.725,1029.112,23.492,-131.152,0.003,0.0,-0.032,23.056
2026-03-03T11:48:20.483,359.225,1029.113,23.496,-131.163,0.003,0.0,0.003,23.074
2026-03-03T11:48:20.982,359.725,1029.110,23.478,-131.141,0.003,0.0,0.000,23.054
2026-03-03T11:48:21.482,360.225,1029.112,23.493,-131.153,0.003,0.0,-0.022,23.038
2026-03-03T11:48:21.993,360.725,1029.112,23.477,-131.155,0.003,0.0,-0.032,23.052
2026-03-03T11:48:22.482,361.225,1029.110,23.481,-131.136,0.003,0.0,0.003,23.070
2026-03-03T11:48:22.983,361.725,1029.114,23.483,-131.169,0.003,0.0,0.008,23.052
2026-03-03T11:48:23.482,362.225,1029.111,23.472,-131.144,0.003,0.0,0.005,23.052
2026-03-03T11:48:23.984,362.725,1029.111,23.484,-131.146,0.003,0.0,-0.024,23.052
2026-03-03T11:48:24.482,363.225,1029.108,23.468,-131.126,0.003,0.0,0.004,23.070
2026-03-03T11:48:24.983,363.725,1029.107,23.474,-131.115,0.003,0.0,-0.006,23.056
2026-03-03T11:48:25.488,364.225,1029.111,23.487,-131.149,0.003,0.0,0.032,23.054
2026-03-03T11:48:25.983,364.725,1029.109,23.484,-131.131,0.003,0.0,-0.015,23.063
2026-03-03T11:48:26.492,365.230,1029.111,23.493,-131.146,0.003,0.0,-0.018,23.063
2026-03-03T11:48:26.982,365.725,1029.110,23.478,-131.141,0.003,0.0,-0.005,23.045
2026-03-03T11:48:27.484,366.225,1029.108,23.487,-131.126,0.003,0.0,-0.021,23.065
2026-03-03T11:48:27.983,366.725,1029.109,23.485,-131.131,0.003,0.0,0.006,23.052
2026-03-03T11:48:28.483,367.225,1029.109,23.476,-131.132,0.003,0.0,0.012,23.040
2026-03-03T11:48:28.982,367.725,1029.107,23.474,-131.115,0.003,0.0,0.011,23.063
2026-03-03T11:48:29.482,368.225,1029.109,23.485,-131.131,0.003,0.0,-0.006,23.065
2026-03-03T11:48:29.982,368.725,1029.107,23.476,-131.117,0.003,0.0,0.005,23.061
2026-03-03T11:48:30.483,369.225,1029.107,23.482,-131.114,0.003,0.0,0.006,23.054
2026-03-03T11:48:30.984,369.725,1029.107,23.480,-131.112,0.003,0.0,-0.016,23.074
2026-03-03T11:48:31.482,370.225,1029.109,23.489,-131.135,0.003,0.0,0.019,23.054
2026-03-03T11:48:31.994,370.725,1029.108,23.488,-131.126,0.003,0.0,0.010,23.045
2026-03-03T11:48:32.482,371.225,1029.111,23.496,-131.148,0.003,0.0,0.028,23.081
2026-03-03T11:48:32.983,371.725,1029.109,23.485,-131.131,0.003,0.0,0.032,23.054
2026-03-03T11:48:33.482,372.225,1029.110,23.491,-131.137,0.003,0.0,0.014,23.065
2026-03-03T11:48:33.982,372.725,1029.113,23.493,-131.161,0.003,0.0,-0.015,23.065
2026-03-03T11:48:34.482,373.225,1029.108,23.488,-131.126,0.003,0.0,0.000,23.047
2026-03-03T11:48:34.983,373.725,1029.109,23.476,-131.131,0.003,0.0,-0.003,23.056
2026-03-03T11:48:35.493,374.225,1029.109,23.489,-131.135,0.003,0.0,0.007,23.045
2026-03-03T11:48:35.983,374.725,1029.109,23.491,-131.129,0.003,0.0,0.013,23.056
2026-03-03T11:48:36.484,375.225,1029.105,23.473,-131.099,0.003,0.0,-0.026,23.054
2026-03-03T11:48:36.988,375.730,1029.110,23.482,-131.137,0.003,0.0,-0.014,23.029
2026-03-03T11:48:37.482,376.225,1029.108,23.490,-131.121,0.003,0.0,-0.005,23.059
2026-03-03T11:48:37.982,376.725,1029.110,23.491,-131.136,0.003,0.0,0.031,23.049
2026-03-03T11:48:38.484,377.225,1029.106,23.492,-131.107,0.003,0.0,0.010,23.043
2026-03-03T11:48:38.985,377.725,1029.106,23.482,-131.106,0.003,0.0,-0.001,23.049
2026-03-03T11:48:39.482,378.225,1029.112,23.503,-131.154,0.003,0.0,0.051,23.045
2026-03-03T11:48:39.983,378.725,1029.110,23.490,-131.136,0.003,0.0,0.007,23.047
2026-03-03T11:48:40.482,379.225,1029.108,23.497,-131.119,0.003,0.0,-0.023,23.059
2026-03-03T11:48:40.982,379.725,1029.105,23.486,-131.102,0.003,0.0,-0.005,23.052
2026-03-03T11:48:41.487,380.225,1029.108,23.498,-131.119,0.003,0.0,-0.016,23.054
2026-03-03T11:48:41.982,380.725,1029.109,23.493,-131.130,0.003,0.0,-0.011,23.045
2026-03-03T11:48:42.498,381.225,1029.104,23.492,-131.091,0.003,0.0,0.011,23.072
2026-03-03T11:48:42.982,381.725,1029.105,23.473,-131.099,0.003,0.0,-0.016,23.038
2026-03-03T11:48:43.482,382.225,1029.106,23.479,-131.104,0.003,0.0,0.013,23.061
2026-03-03T11:48:43.982,382.725,1029.103,23.470,-131.081,0.003,0.0,0.047,23.063
2026-03-03T11:48:44.482,383.225,1029.106,23.483,-131.107,0.003,0.0,-0.009,23.047
2026-03-03T11:48:44.982,383.725,1029.107,23.479,-131.111,0.003,0.0,-0.007,23.068
2026-03-03T11:48:45.482,384.225,1029.104,23.460,-131.088,0.003,0.0,-0.009,23.063
2026-03-03T11:48:45.993,384.725,1029.103,23.470,-131.081,0.003,0.0,0.018,23.061
2026-03-03T11:48:46.482,385.225,1029.106,23.479,-131.104,0.003,0.0,0.018,23.061
2026-03-03T11:48:46.982,385.725,1029.104,23.479,-131.089,0.003,0.0,0.008,23.045
2026-03-03T11:48:47.487,386.230,1029.102,23.473,-131.076,0.003,0.0,0.005,23.049
2026-03-03T11:48:47.982,386.725,1029.104,23.479,-131.089,0.003,0.0,0.003,23.056
2026-03-03T11:48:48.482,387.225,1029.103,23.481,-131.082,0.003,0.0,-0.025,23.065
2026-03-03T11:48:48.982,387.725,1029.103,23.471,-131.082,0.003,0.0,0.013,23.059
2026-03-03T11:48:49.486,388.225,1029.104,23.489,-131.089,0.003,0.0,0.036,23.056
2026-03-03T11:48:49.982,388.725,1029.105,23.498,-131.096,0.003,0.0,-0.028,23.063
2026-03-03T11:48:50.503,389.225,1029.103,23.483,-131.084,0.003,0.0,-0.005,23.052
2026-03-03T11:48:50.982,389.725,1029.105,23.497,-131.096,0.003,0.0,-0.002,23.049
2026-03-03T11:48:51.482,390.225,1029.103,23.489,-131.082,0.003,0.0,0.009,23.061
2026-03-03T11:48:51.981,390.725,1029.104,23.491,-131.090,0.003,0.0,-0.026,23.065
2026-03-03T11:48:52.483,391.225,1029.101,23.483,-131.062,0.003,0.0,0.014,23.043
2026-03-03T11:48:52.982,391.725,1029.103,23.479,-131.081,0.003,0.0,-0.019,23.054
2026-03-03T11:48:53.482,392.225,1029.100,23.478,-131.057,0.003,0.0,-0.020,23.052
2026-03-03T11:48:53.983,392.725,1029.101,23.478,-131.065,0.003,0.0,0.004,23.059
2026-03-03T11:48:54.482,393.225,1029.100,23.487,-131.057,0.003,0.0,0.005,23.065
2026-03-03T11:48:54.984,393.725,1029.100,23.476,-131.055,0.003,0.0,-0.053,23.061
2026-03-03T11:48:55.482,394.225,1029.103,23.486,-131.080,0.003,0.0,-0.019,23.052
2026-03-03T11:48:55.996,394.725,1029.101,23.481,-131.067,0.003,0.0,0.001,23.056
2026-03-03T11:48:56.482,395.225,1029.099,23.478,-131.050,0.003,0.0,0.001,23.063
2026-03-03T11:48:56.996,395.725,1029.097,23.475,-131.032,0.003,0.0,0.026,23.056
2026-03-03T11:48:57.482,396.225,1029.098,23.483,-131.039,0.003,0.0,0.016,23.031
2026-03-03T11:48:57.987,396.730,1029.098,23.469,-131.042,0.003,0.0,0.011,23.059
2026-03-03T11:48:58.482,397.225,1029.097,23.479,-131.035,0.003,0.0,-0.004,23.052
2026-03-03T11:48:58.982,397.725,1029.095,23.472,-131.014,0.003,0.0,0.023,23.056
2026-03-03T11:48:59.482,398.225,1029.099,23.473,-131.053,0.003,0.0,0.022,23.054
2026-03-03T11:48:59.982,398.725,1029.097,23.464,-131.030,0.003,0.0,-0.006,23.065
2026-03-03T11:49:00.482,399.225,1029.100,23.471,-131.059,0.003,0.0,0.011,23.065
2026-03-03T11:49:00.981,399.725,1029.099,23.476,-131.048,0.003,0.0,-0.018,23.047
2026-03-03T11:49:01.501,400.225,1029.097,23.474,-131.031,0.003,0.0,-0.003,23.072
2026-03-03T11:49:01.981,400.725,1029.097,23.477,-131.034,0.003,0.0,0.014,23.052
2026-03-03T11:49:02.482,401.225,1029.099,23.482,-131.045,0.003,0.0,-0.021,23.056
2026-03-03T11:49:02.981,401.725,1029.099,23.473,-131.046,0.003,0.0,-0.030,23.059
2026-03-03T11:49:03.482,402.225,1029.098,23.472,-131.044,0.003,0.0,0.019,23.047
2026-03-03T11:49:03.982,402.725,1029.096,23.470,-131.021,0.003,0.0,-0.020,23.056
2026-03-03T11:49:04.482,403.225,1029.093,23.468,-131.003,0.003,0.0,0.020,23.063
2026-03-03T11:49:04.981,403.725,1029.096,23.482,-131.022,0.003,0.0,0.026,23.054
2026-03-03T11:49:05.482,404.225,1029.094,23.470,-131.012,0.003,0.0,0.004,23.063
2026-03-03T11:49:05.992,404.725,1029.096,23.475,-131.024,0.003,0.0,0.031,23.070
2026-03-03T11:49:06.482,405.225,1029.095,23.483,-131.016,0.003,0.0,0.022,23.052
2026-03-03T11:49:06.999,405.725,1029.092,23.469,-130.988,0.003,0.0,-0.020,23.059
2026-03-03T11:49:07.482,406.225,1029.091,23.470,-130.982,0.003,0.0,-0.001,23.043
2026-03-03T11:49:07.983,406.725,1029.094,23.471,-131.006,0.003,0.0,0.026,23.065
2026-03-03T11:49:08.488,407.230,1029.095,23.482,-131.014,0.003,0.0,0.003,23.068
2026-03-03T11:49:08.983,407.725,1029.094,23.472,-131.007,0.003,0.0,-0.008,23.081
2026-03-03T11:49:09.482,408.225,1029.089,23.470,-130.967,0.003,0.0,-0.015,23.059
2026-03-03T11:49:09.983,408.725,1029.094,23.478,-131.004,0.003,0.0,-0.008,23.045
2026-03-03T11:49:10.481,409.225,1029.092,23.465,-130.993,0.003,0.0,0.038,23.015
2026-03-03T11:49:10.982,409.725,1029.091,23.467,-130.987,0.003,0.0,0.026,23.047
2026-03-03T11:49:11.481,410.225,1029.090,23.461,-130.975,0.003,0.0,0.008,23.065
2026-03-03T11:49:11.982,410.725,1029.092,23.454,-130.992,0.003,0.0,-0.010,23.059
2026-03-03T11:49:12.505,411.225,1029.090,23.459,-130.973,0.003,0.0,-0.044,23.040
2026-03-03T11:49:12.981,411.725,1029.091,23.473,-130.984,0.003,0.0,0.043,23.063
2026-03-03T11:49:13.482,412.225,1029.091,23.468,-130.980,0.003,0.0,0.029,23.072
2026-03-03T11:49:13.982,412.725,1029.090,23.484,-130.978,0.003,0.0,-0.027,23.054
2026-03-03T11:49:14.482,413.225,1029.093,23.486,-131.003,0.003,0.0,0.013,23.045
2026-03-03T11:49:14.981,413.725,1029.092,23.473,-130.992,0.003,0.0,0.023,23.054
2026-03-03T11:49:15.482,414.225,1029.091,23.467,-130.987,0.003,0.0,-0.007,23.047
2026-03-03T11:49:15.981,414.725,1029.092,23.478,-130.988,0.003,0.0,0.004,23.029
2026-03-03T11:49:16.482,415.225,1029.091,23.473,-130.984,0.003,0.0,0.004,23.054
2026-03-03T11:49:16.992,415.725,1029.092,23.470,-130.989,0.003,0.0,0.020,23.068
2026-03-03T11:49:17.481,416.225,1029.088,23.466,-130.956,0.003,0.0,0.018,23.045
2026-03-03T11:49:17.981,416.725,1029.089,23.477,-130.964,0.003,0.0,0.042,23.056
2026-03-03T11:49:18.481,417.225,1029.089,23.472,-130.969,0.003,0.0,0.034,23.056
2026-03-03T11:49:18.988,417.730,1029.090,23.469,-130.974,0.003,0.0,-0.009,23.081
2026-03-03T11:49:19.481,418.225,1029.090,23.476,-130.979,0.003,0.0,-0.005,23.063
2026-03-03T11:49:19.981,418.725,1029.089,23.474,-130.970,0.003,0.0,-0.010,23.052
2026-03-03T11:49:20.482,419.225,1029.088,23.472,-130.961,0.003,0.0,-0.017,23.049
2026-03-03T11:49:20.982,419.725,1029.090,23.473,-130.977,0.003,0.0,-0.014,23.049
2026-03-03T11:49:21.487,420.225,1029.091,23.486,-130.980,0.003,0.0,-0.014,23.052
2026-03-03T11:49:21.983,420.725,1029.089,23.476,-130.971,0.003,0.0,0.015,23.040
2026-03-03T11:49:22.495,421.225,1029.087,23.472,-130.953,0.003,0.0,0.012,23.049
2026-03-03T11:49:22.982,421.725,1029.091,23.492,-130.984,0.003,0.0,-0.019,23.049
2026-03-03T11:49:23.482,422.225,1029.088,23.472,-130.961,0.003,0.0,-0.036,23.052
2026-03-03T11:49:23.982,422.725,1029.088,23.487,-130.957,0.003,0.0,0.027,23.056
2026-03-03T11:49:24.482,423.225,1029.091,23.488,-130.982,0.003,0.0,0.027,23.049
2026-03-03T11:49:24.981,423.725,1029.088,23.471,-130.960,0.003,0.0,-0.004,23.065
2026-03-03T11:49:25.482,424.225,1029.088,23.465,-130.955,0.003,0.0,-0.014,23.040
2026-03-03T11:49:25.981,424.725,1029.086,23.468,-130.942,0.003,0.0,0.019,23.040
2026-03-03T11:49:26.482,425.225,1029.084,23.474,-130.924,0.003,0.0,0.017,23.065
2026-03-03T11:49:26.988,425.725,1029.085,23.474,-130.931,0.003,0.0,0.008,23.072
2026-03-03T11:49:27.484,426.225,1029.086,23.486,-130.942,0.003,0.0,0.034,23.052
2026-03-03T11:49:27.994,426.725,1029.086,23.481,-130.945,0.003,0.0,0.019,23.031
2026-03-03T11:49:28.482,427.225,1029.084,23.482,-130.923,0.003,0.0,0.003,23.056
2026-03-03T11:49:28.982,427.725,1029.087,23.484,-130.948,0.003,0.0,0.018,23.043
2026-03-03T11:49:29.486,428.230,1029.085,23.479,-130.936,0.003,0.0,0.014,23.063
2026-03-03T11:49:29.982,428.725,1029.086,23.482,-130.946,0.003,0.0,-0.029,23.047
2026-03-03T11:49:30.481,429.225,1029.086,23.474,-130.939,0.003,0.0,-0.002,23.061
2026-03-03T11:49:30.982,429.725,1029.085,23.473,-130.931,0.003,0.0,-0.000,23.022
2026-03-03T11:49:31.493,430.225,1029.085,23.484,-130.932,0.003,0.0,-0.008,23.063
2026-03-03T11:49:31.981,430.725,1029.084,23.466,-130.925,0.003,0.0,0.006,23.063
2026-03-03T11:49:32.491,431.225,1029.085,23.483,-130.932,0.003,0.0,0.008,23.059
2026-03-03T11:49:32.982,431.725,1029.080,23.477,-130.896,0.003,0.0,-0.001,23.047
2026-03-03T11:49:33.482,432.225,1029.083,23.473,-130.915,0.003,0.0,0.038,23.052
2026-03-03T11:49:33.982,432.725,1029.081,23.464,-130.899,0.003,0.0,-0.009,23.038
2026-03-03T11:49:34.482,433.225,1029.084,23.478,-130.927,0.003,0.0,-0.019,23.059
2026-03-03T11:49:34.981,433.725,1029.080,23.469,-130.889,0.003,0.0,0.007,23.049
2026-03-03T11:49:35.482,434.225,1029.081,23.465,-130.900,0.003,0.0,0.003,23.070
2026-03-03T11:49:35.981,434.725,1029.081,23.478,-130.904,0.003,0.0,-0.005,23.054
2026-03-03T11:49:36.481,435.225,1029.083,23.468,-130.920,0.003,0.0,0.006,23.040
2026-03-03T11:49:36.988,435.725,1029.084,23.474,-130.924,0.003,0.0,-0.000,23.040
2026-03-03T11:49:37.482,436.225,1029.082,23.476,-130.910,0.003,0.0,-0.004,23.054
2026-03-03T11:49:38.010,436.725,1029.081,23.457,-130.901,0.003,0.0,0.006,23.038
2026-03-03T11:49:38.481,437.225,1029.080,23.468,-130.895,0.003,0.0,-0.000,23.059
2026-03-03T11:49:38.982,437.725,1029.080,23.464,-130.892,0.003,0.0,-0.015,23.038
2026-03-03T11:49:39.482,438.225,1029.081,23.474,-130.900,0.003,0.0,-0.005,23.049
2026-03-03T11:49:39.986,438.730,1029.080,23.463,-130.891,0.003,0.0,0.034,23.063
2026-03-03T11:49:40.481,439.225,1029.081,23.475,-130.901,0.003,0.0,-0.007,23.047
2026-03-03T11:49:40.981,439.725,1029.079,23.464,-130.884,0.003,0.0,0.004,23.038
2026-03-03T11:49:41.488,440.225,1029.079,23.463,-130.883,0.003,0.0,-0.038,23.061
2026-03-03T11:49:41.981,440.725,1029.079,23.464,-130.884,0.003,0.0,-0.001,23.052
2026-03-03T11:49:42.488,441.225,1029.077,23.448,-130.871,0.003,0.0,-0.016,23.049
2026-03-03T11:49:42.981,441.725,1029.076,23.457,-130.856,0.003,0.0,0.015,23.043
2026-03-03T11:49:43.481,442.225,1029.078,23.459,-130.873,0.003,0.0,0.010,23.072
2026-03-03T11:49:43.981,442.725,1029.078,23.462,-130.874,0.003,0.0,-0.001,23.056
2026-03-03T11:49:44.481,443.225,1029.077,23.466,-130.871,0.003,0.0,-0.001,23.045
2026-03-03T11:49:44.981,443.725,1029.080,23.459,-130.896,0.003,0.0,0.021,23.059
2026-03-03T11:49:45.481,444.225,1029.080,23.465,-130.892,0.003,0.0,0.008,23.049
2026-03-03T11:49:45.981,444.725,1029.076,23.461,-130.859,0.003,0.0,0.025,23.052
2026-03-03T11:49:46.482,445.225,1029.075,23.464,-130.854,0.003,0.0,-0.008,23.061
2026-03-03T11:49:46.987,445.725,1029.074,23.454,-130.846,0.003,0.0,-0.021,23.043
2026-03-03T11:49:47.481,446.225,1029.077,23.457,-130.864,0.003,0.0,0.002,23.045
2026-03-03T11:49:47.982,446.725,1029.073,23.454,-130.839,0.003,0.0,-0.000,23.049
2026-03-03T11:49:48.481,447.225,1029.076,23.449,-130.857,0.003,0.0,0.016,23.049
2026-03-03T11:49:48.982,447.725,1029.073,23.450,-130.835,0.003,0.0,0.021,23.054
2026-03-03T11:49:49.481,448.225,1029.076,23.471,-130.860,0.003,0.0,-0.024,23.070
2026-03-03T11:49:49.982,448.725,1029.075,23.467,-130.848,0.003,0.0,0.002,23.059
2026-03-03T11:49:50.493,449.230,1029.074,23.453,-130.844,0.003,0.0,0.020,23.054
2026-03-03T11:49:50.981,449.725,1029.076,23.451,-130.858,0.003,0.0,-0.027,23.056
2026-03-03T11:49:51.482,450.225,1029.074,23.458,-130.841,0.003,0.0,-0.002,23.036
2026-03-03T11:49:51.981,450.725,1029.074,23.472,-130.845,0.003,0.0,0.005,23.056
2026-03-03T11:49:52.481,451.225,1029.077,23.469,-130.865,0.003,0.0,-0.029,23.090
2026-03-03T11:49:52.981,451.725,1029.075,23.465,-130.848,0.003,0.0,-0.017,23.040
2026-03-03T11:49:53.481,452.225,1029.075,23.468,-130.849,0.003,0.0,-0.001,23.047
2026-03-03T11:49:53.988,452.725,1029.075,23.457,-130.848,0.003,0.0,-0.006,23.059
2026-03-03T11:49:54.481,453.225,1029.074,23.463,-130.846,0.003,0.0,0.006,23.059
2026-03-03T11:49:54.982,453.725,1029.073,23.458,-130.833,0.003,0.0,-0.001,23.059
2026-03-03T11:49:55.481,454.225,1029.075,23.474,-130.855,0.003,0.0,-0.042,23.070
2026-03-03T11:49:55.982,454.725,1029.072,23.459,-130.827,0.003,0.0,-0.005,23.059
2026-03-03T11:49:56.481,455.225,1029.067,23.461,-130.782,0.003,0.0,0.022,23.049
2026-03-03T11:49:56.981,455.725,1029.077,23.472,-130.867,0.003,0.0,0.024,23.054
2026-03-03T11:49:57.483,456.225,1029.075,23.460,-130.851,0.003,0.0,0.026,23.052
2026-03-03T11:49:57.981,456.725,1029.074,23.457,-130.841,0.003,0.0,-0.017,23.043
2026-03-03T11:49:58.491,457.225,1029.074,23.460,-130.842,0.003,0.0,-0.016,23.061
2026-03-03T11:49:58.981,457.725,1029.072,23.449,-130.826,0.003,0.0,0.018,23.049
2026-03-03T11:49:59.483,458.225,1029.076,23.469,-130.858,0.003,0.0,0.022,23.056
2026-03-03T11:49:59.981,458.725,1029.071,23.456,-130.817,0.003,0.0,0.013,23.054
2026-03-03T11:50:00.483,459.225,1029.073,23.453,-130.837,0.003,0.0,0.013,23.059
2026-03-03T11:50:00.986,459.730,1029.072,23.452,-130.829,0.003,0.0,-0.015,23.068
2026-03-03T11:50:01.481,460.225,1029.076,23.450,-130.857,0.003,0.0,-0.001,23.070
2026-03-03T11:50:01.984,460.725,1029.070,23.454,-130.807,0.003,0.0,-0.014,23.059
2026-03-03T11:50:02.482,461.225,1029.069,23.460,-130.805,0.003,0.0,-0.004,23.038
2026-03-03T11:50:02.997,461.725,1029.071,23.451,-130.821,0.003,0.0,0.007,23.040
2026-03-03T11:50:03.481,462.225,1029.070,23.447,-130.809,0.003,0.0,0.043,23.059
2026-03-03T11:50:04.005,462.725,1029.070,23.444,-130.807,0.003,0.0,-0.008,23.056
2026-03-03T11:50:04.481,463.225,1029.072,23.450,-130.827,0.003,0.0,0.001,23.061
2026-03-03T11:50:04.981,463.725,1029.069,23.449,-130.803,0.003,0.0,-0.023,23.059
2026-03-03T11:50:05.481,464.225,1029.071,23.452,-130.821,0.003,0.0,-0.016,23.061
2026-03-03T11:50:05.982,464.725,1029.072,23.457,-130.825,0.003,0.0,-0.007,23.038
2026-03-03T11:50:06.481,465.225,1029.070,23.461,-130.814,0.003,0.0,-0.003,23.061
2026-03-03T11:50:06.981,465.725,1029.070,23.453,-130.807,0.003,0.0,0.010,23.049
2026-03-03T11:50:07.484,466.225,1029.073,23.454,-130.831,0.003,0.0,0.005,23.047
2026-03-03T11:50:07.981,466.725,1029.069,23.447,-130.801,0.003,0.0,0.001,23.056
2026-03-03T11:50:08.485,467.225,1029.070,23.451,-130.812,0.003,0.0,0.014,23.045
2026-03-03T11:50:08.981,467.725,1029.069,23.457,-130.802,0.003,0.0,-0.034,23.043
2026-03-03T11:50:09.482,468.225,1029.071,23.467,-130.817,0.003,0.0,0.012,23.059
2026-03-03T11:50:09.981,468.725,1029.070,23.467,-130.810,0.003,0.0,-0.022,23.059
2026-03-03T11:50:10.482,469.225,1029.073,23.466,-130.832,0.003,0.0,0.014,23.049
2026-03-03T11:50:10.984,469.725,1029.072,23.471,-130.829,0.003,0.0,0.019,23.054
2026-03-03T11:50:11.487,470.230,1029.070,23.449,-130.811,0.003,0.0,-0.005,23.036
2026-03-03T11:50:11.981,470.725,1029.071,23.436,-130.816,0.003,0.0,-0.024,23.043
2026-03-03T11:50:12.481,471.225,1029.072,23.453,-130.829,0.003,0.0,-0.020,23.081
2026-03-03T11:50:12.981,471.725,1029.070,23.453,-130.814,0.003,0.0,-0.037,23.054
2026-03-03T11:50:13.500,472.225,1029.074,23.457,-130.841,0.003,0.0,0.018,23.054
2026-03-03T11:50:13.980,472.725,1029.073,23.462,-130.837,0.003,0.0,-0.028,23.059
2026-03-03T11:50:14.481,473.225,1029.070,23.463,-130.814,0.003,0.0,0.021,23.059
2026-03-03T11:50:14.980,473.725,1029.068,23.444,-130.792,0.003,0.0,0.020,23.052
2026-03-03T11:50:15.482,474.225,1029.075,23.456,-130.855,0.003,0.0,0.004,23.029
2026-03-03T11:50:15.981,474.725,1029.072,23.456,-130.825,0.003,0.0,0.005,23.059
2026-03-03T11:50:16.480,475.225,1029.067,23.447,-130.786,0.003,0.0,-0.008,23.049
2026-03-03T11:50:16.984,475.725,1029.072,23.461,-130.829,0.003,0.0,0.006,23.052
2026-03-03T11:50:17.482,476.225,1029.074,23.463,-130.846,0.003,0.0,-0.012,23.040
2026-03-03T11:50:17.984,476.725,1029.070,23.454,-130.807,0.003,0.0,0.022,23.045
2026-03-03T11:50:18.480,477.225,1029.072,23.464,-130.823,0.003,0.0,0.006,23.056
2026-03-03T11:50:18.982,477.725,1029.072,23.462,-130.829,0.003,0.0,-0.003,23.045
2026-03-03T11:50:19.481,478.225,1029.068,23.446,-130.793,0.003,0.0,-0.022,23.059
2026-03-03T11:50:19.983,478.725,1029.074,23.468,-130.842,0.003,0.0,0.015,23.052
2026-03-03T11:50:20.492,479.225,1029.073,23.458,-130.834,0.003,0.0,0.010,23.052
2026-03-03T11:50:20.980,479.725,1029.069,23.451,-130.805,0.003,0.0,0.003,23.043
2026-03-03T11:50:21.483,480.225,1029.069,23.465,-130.801,0.003,0.0,-0.003,23.081
2026-03-03T11:50:21.986,480.730,1029.074,23.457,-130.841,0.003,0.0,-0.029,23.040
2026-03-03T11:50:22.482,481.225,1029.073,23.459,-130.835,0.003,0.0,-0.005,23.045
2026-03-03T11:50:22.980,481.725,1029.068,23.445,-130.793,0.003,0.0,0.030,23.059
2026-03-03T11:50:23.482,482.225,1029.070,23.445,-130.808,0.003,0.0,0.038,23.031
2026-03-03T11:50:23.984,482.725,1029.069,23.450,-130.804,0.003,0.0,0.033,23.040
2026-03-03T11:50:24.481,483.225,1029.070,23.446,-130.809,0.003,0.0,-0.040,23.056
2026-03-03T11:50:24.980,483.725,1029.069,23.442,-130.805,0.003,0.0,-0.001,23.043
2026-03-03T11:50:25.480,484.225,1029.069,23.442,-130.805,0.003,0.0,0.009,23.065
2026-03-03T11:50:25.982,484.725,1029.067,23.429,-130.787,0.003,0.0,0.024,23.040
2026-03-03T11:50:26.480,485.225,1029.070,23.449,-130.810,0.003,0.0,-0.014,23.040
2026-03-03T11:50:26.980,485.725,1029.073,23.456,-130.832,0.003,0.0,0.025,23.056
2026-03-03T11:50:27.488,486.225,1029.072,23.452,-130.828,0.003,0.0,0.030,23.052
2026-03-03T11:50:27.981,486.725,1029.069,23.429,-130.802,0.003,0.0,-0.003,23.061
2026-03-03T11:50:28.481,487.225,1029.072,23.447,-130.825,0.003,0.0,-0.035,23.072
2026-03-03T11:50:28.980,487.725,1029.071,23.438,-130.817,0.003,0.0,0.005,23.059
2026-03-03T11:50:29.482,488.225,1029.072,23.436,-130.830,0.003,0.0,-0.007,23.054
2026-03-03T11:50:29.980,488.725,1029.076,23.436,-130.861,0.003,0.0,-0.014,23.059
2026-03-03T11:50:30.482,489.225,1029.076,23.443,-130.860,0.003,0.0,0.005,23.065
2026-03-03T11:50:30.984,489.725,1029.072,23.441,-130.827,0.003,0.0,0.005,23.065
2026-03-03T11:50:31.482,490.225,1029.073,23.445,-130.831,0.003,0.0,0.006,23.063
2026-03-03T11:50:31.984,490.725,1029.070,23.436,-130.808,0.003,0.0,0.002,23.065
2026-03-03T11:50:32.486,491.230,1029.072,23.445,-130.823,0.003,0.0,0.015,23.059
2026-03-03T11:50:32.982,491.725,1029.070,23.436,-130.808,0.003,0.0,0.001,23.056
2026-03-03T11:50:33.481,492.225,1029.072,23.443,-130.829,0.003,0.0,-0.021,23.049
2026-03-03T11:50:33.982,492.725,1029.072,23.444,-130.830,0.003,0.0,-0.031,23.038
2026-03-03T11:50:34.484,493.225,1029.074,23.449,-130.841,0.003,0.0,-0.031,23.049
2026-03-03T11:50:34.982,493.725,1029.071,23.440,-130.819,0.003,0.0,-0.016,23.070
2026-03-03T11:50:35.492,494.225,1029.075,23.450,-130.850,0.003,0.0,0.025,23.047
2026-03-03T11:50:35.981,494.725,1029.074,23.450,-130.842,0.003,0.0,0.016,23.036
2026-03-03T11:50:36.480,495.225,1029.073,23.441,-130.835,0.003,0.0,0.028,23.081
2026-03-03T11:50:36.980,495.725,1029.075,23.447,-130.855,0.003,0.0,0.005,23.070
2026-03-03T11:50:37.480,496.225,1029.075,23.446,-130.854,0.003,0.0,-0.009,23.054
2026-03-03T11:50:37.980,496.725,1029.074,23.452,-130.844,0.003,0.0,-0.029,23.038
2026-03-03T11:50:38.482,497.225,1029.074,23.441,-130.842,0.003,0.0,-0.002,23.043
2026-03-03T11:50:38.988,497.725,1029.074,23.453,-130.844,0.003,0.0,-0.015,23.065
2026-03-03T11:50:39.480,498.225,1029.074,23.445,-130.846,0.003,0.0,0.015,23.063
2026-03-03T11:50:39.988,498.725,1029.075,23.456,-130.848,0.003,0.0,0.042,23.054
2026-03-03T11:50:40.481,499.225,1029.074,23.450,-130.842,0.003,0.0,0.044,23.054
2026-03-03T11:50:40.983,499.725,1029.073,23.451,-130.835,0.003,0.0,0.014,23.056
2026-03-03T11:50:41.480,500.225,1029.076,23.462,-130.860,0.003,0.0,0.023,23.070
2026-03-03T11:50:41.980,500.725,1029.070,23.442,-130.813,0.003,0.0,0.031,23.045
2026-03-03T11:50:42.480,501.225,1029.074,23.451,-130.843,0.003,0.0,-0.002,23.054
2026-03-03T11:50:42.986,501.730,1029.075,23.448,-130.848,0.003,0.0,0.005,23.068
2026-03-03T11:50:43.480,502.225,1029.076,23.449,-130.857,0.003,0.0,0.033,23.056
2026-03-03T11:50:43.982,502.725,1029.077,23.452,-130.867,0.003,0.0,0.023,23.074
2026-03-03T11:50:44.487,503.225,1029.076,23.458,-130.857,0.003,0.0,-0.003,23.059
2026-03-03T11:50:44.981,503.725,1029.076,23.451,-130.858,0.003,0.0,0.001,23.045
2026-03-03T11:50:45.486,504.225,1029.076,23.445,-130.861,0.003,0.0,-0.004,23.027
2026-03-03T11:50:45.980,504.725,1029.075,23.450,-130.850,0.003,0.0,0.000,23.052
2026-03-03T11:50:46.481,505.225,1029.076,23.452,-130.859,0.003,0.0,0.002,23.063
2026-03-03T11:50:46.981,505.725,1029.075,23.447,-130.855,0.003,0.0,0.001,23.061
2026-03-03T11:50:47.481,506.225,1029.078,23.452,-130.874,0.003,0.0,-0.024,23.052
2026-03-03T11:50:47.980,506.725,1029.077,23.453,-130.867,0.003,0.0,0.045,23.056
2026-03-03T11:50:48.480,507.225,1029.082,23.452,-130.905,0.003,0.0,0.026,23.054
2026-03-03T11:50:48.980,507.725,1029.081,23.452,-130.897,0.003,0.0,-0.026,23.068
2026-03-03T11:50:49.480,508.225,1029.078,23.451,-130.874,0.003,0.0,0.004,23.047
2026-03-03T11:50:49.988,508.725,1029.080,23.441,-130.896,0.003,0.0,-0.004,23.049
2026-03-03T11:50:50.480,509.225,1029.080,23.442,-130.889,0.003,0.0,0.048,23.040
2026-03-03T11:50:50.981,509.725,1029.082,23.447,-130.909,0.003,0.0,0.032,23.054
2026-03-03T11:50:51.479,510.225,1029.080,23.447,-130.893,0.003,0.0,-0.037,23.054
2026-03-03T11:50:51.982,510.725,1029.083,23.448,-130.918,0.003,0.0,-0.003,23.056
2026-03-03T11:50:52.484,511.225,1029.080,23.437,-130.893,0.003,0.0,-0.007,23.052
2026-03-03T11:50:52.981,511.725,1029.078,23.440,-130.880,0.003,0.0,-0.000,23.052
2026-03-03T11:50:53.494,512.229,1029.081,23.447,-130.901,0.003,0.0,0.004,23.052
2026-03-03T11:50:53.990,512.734,1029.083,23.443,-130.914,0.003,0.0,0.000,23.045
2026-03-03T11:50:54.485,513.229,1029.081,23.441,-130.904,0.003,0.0,-0.025,23.049
2026-03-03T11:50:54.984,513.729,1029.079,23.436,-130.885,0.003,0.0,0.007,23.072
2026-03-03T11:50:55.485,514.229,1029.082,23.442,-130.905,0.003,0.0,0.033,23.052
2026-03-03T11:50:55.984,514.729,1029.076,23.419,-130.863,0.003,0.0,0.017,23.033
2026-03-03T11:50:56.485,515.229,1029.080,23.437,-130.893,0.003,0.0,0.027,23.063
2026-03-03T11:50:56.987,515.729,1029.082,23.448,-130.910,0.003,0.0,0.014,23.052
2026-03-03T11:50:57.483,516.229,1029.081,23.440,-130.903,0.003,0.0,0.028,23.052
2026-03-03T11:50:57.985,516.729,1029.085,23.447,-130.933,0.003,0.0,-0.003,23.063
2026-03-03T11:50:58.484,517.229,1029.084,23.436,-130.923,0.003,0.0,-0.021,23.036
2026-03-03T11:50:58.984,517.729,1029.081,23.441,-130.904,0.003,0.0,-0.024,23.054
2026-03-03T11:50:59.483,518.229,1029.083,23.434,-130.914,0.003,0.0,0.003,23.038
2026-03-03T11:50:59.984,518.729,1029.084,23.462,-130.930,0.003,0.0,0.018,23.036
2026-03-03T11:51:00.484,519.229,1029.084,23.446,-130.924,0.003,0.0,-0.011,23.049
2026-03-03T11:51:00.984,519.729,1029.084,23.447,-130.925,0.003,0.0,0.003,23.040
2026-03-03T11:51:01.484,520.229,1029.085,23.442,-130.936,0.003,0.0,0.017,23.047
2026-03-03T11:51:01.984,520.729,1029.087,23.445,-130.954,0.003,0.0,-0.016,23.059
2026-03-03T11:51:02.493,521.229,1029.087,23.436,-130.954,0.003,0.0,0.002,23.059
2026-03-03T11:51:02.984,521.729,1029.085,23.442,-130.936,0.003,0.0,-0.006,23.045
2026-03-03T11:51:03.509,522.229,1029.085,23.438,-130.932,0.003,0.0,-0.002,23.061
2026-03-03T11:51:03.985,522.729,1029.083,23.441,-130.920,0.003,0.0,-0.002,23.070
2026-03-03T11:51:04.490,523.234,1029.083,23.435,-130.915,0.003,0.0,0.019,23.059
2026-03-03T11:51:04.984,523.729,1029.084,23.431,-130.927,0.003,0.0,0.043,23.049
2026-03-03T11:51:05.484,524.229,1029.087,23.438,-130.948,0.003,0.0,0.041,23.040
2026-03-03T11:51:05.987,524.729,1029.084,23.427,-130.924,0.003,0.0,-0.019,23.029
2026-03-03T11:51:06.484,525.229,1029.086,23.433,-130.944,0.003,0.0,-0.031,23.054
2026-03-03T11:51:06.984,525.729,1029.085,23.434,-130.938,0.003,0.0,-0.019,23.061
2026-03-03T11:51:07.485,526.229,1029.088,23.438,-130.955,0.003,0.0,-0.025,23.052
2026-03-03T11:51:07.989,526.729,1029.089,23.432,-130.966,0.003,0.0,0.032,23.063
2026-03-03T11:51:08.484,527.229,1029.088,23.430,-130.957,0.003,0.0,0.010,23.054
2026-03-03T11:51:09.010,527.729,1029.086,23.430,-130.941,0.003,0.0,-0.004,23.038
2026-03-03T11:51:09.486,528.229,1029.087,23.424,-130.952,0.003,0.0,-0.006,23.056
2026-03-03T11:51:09.985,528.729,1029.089,23.430,-130.964,0.003,0.0,0.003,23.040
2026-03-03T11:51:10.484,529.229,1029.090,23.436,-130.977,0.003,0.0,0.043,23.063
2026-03-03T11:51:10.984,529.729,1029.090,23.439,-130.979,0.003,0.0,-0.011,23.056
2026-03-03T11:51:11.484,530.229,1029.089,23.427,-130.969,0.003,0.0,-0.012,23.072
2026-03-03T11:51:11.983,530.729,1029.091,23.431,-130.980,0.003,0.0,-0.035,23.049
2026-03-03T11:51:12.485,531.229,1029.092,23.433,-130.990,0.003,0.0,0.022,23.045
2026-03-03T11:51:12.984,531.729,1029.089,23.437,-130.970,0.003,0.0,0.014,23.043
2026-03-03T11:51:13.502,532.229,1029.087,23.418,-130.954,0.003,0.0,-0.010,23.063
2026-03-03T11:51:13.984,532.729,1029.093,23.430,-131.002,0.003,0.0,-0.026,23.033
2026-03-03T11:51:14.485,533.229,1029.094,23.432,-131.012,0.003,0.0,0.008,23.068
2026-03-03T11:51:14.989,533.734,1029.093,23.431,-130.996,0.003,0.0,0.012,23.040
2026-03-03T11:51:15.484,534.229,1029.094,23.438,-131.009,0.003,0.0,0.012,23.072
2026-03-03T11:51:16.006,534.729,1029.093,23.428,-131.001,0.003,0.0,0.011,23.033
2026-03-03T11:51:16.485,535.229,1029.096,23.437,-131.023,0.003,0.0,-0.020,23.049
2026-03-03T11:51:16.990,535.729,1029.096,23.434,-131.021,0.003,0.0,0.018,23.052
2026-03-03T11:51:17.483,536.229,1029.090,23.408,-130.977,0.003,0.0,0.026,23.068
2026-03-03T11:51:17.985,536.729,1029.094,23.439,-131.010,0.003,0.0,0.009,23.054
2026-03-03T11:51:18.484,537.229,1029.097,23.441,-131.034,0.003,0.0,-0.018,23.052
2026-03-03T11:51:18.984,537.729,1029.094,23.428,-131.009,0.003,0.0,-0.014,23.070
2026-03-03T11:51:19.483,538.229,1029.095,23.424,-131.013,0.003,0.0,-0.002,23.047
2026-03-03T11:51:19.985,538.729,1029.095,23.425,-131.014,0.003,0.0,0.026,23.054
2026-03-03T11:51:20.483,539.229,1029.093,23.419,-131.002,0.003,0.0,0.037,23.065
2026-03-03T11:51:20.984,539.729,1029.094,23.422,-131.012,0.003,0.0,-0.042,23.043
2026-03-03T11:51:21.498,540.229,1029.094,23.421,-131.010,0.003,0.0,-0.017,23.063
2026-03-03T11:51:21.985,540.729,1029.096,23.428,-131.024,0.003,0.0,-0.016,23.052
2026-03-03T11:51:22.504,541.229,1029.098,23.428,-131.039,0.003,0.0,0.002,23.038
2026-03-03T11:51:22.985,541.729,1029.098,23.435,-131.037,0.003,0.0,-0.013,23.038
2026-03-03T11:51:23.484,542.229,1029.098,23.413,-131.042,0.003,0.0,-0.023,23.056
2026-03-03T11:51:23.984,542.729,1029.098,23.424,-131.044,0.003,0.0,0.018,23.052
2026-03-03T11:51:24.485,543.229,1029.096,23.410,-131.025,0.003,0.0,-0.014,23.052
2026-03-03T11:51:24.988,543.729,1029.100,23.435,-131.060,0.003,0.0,0.040,23.065
2026-03-03T11:51:25.489,544.234,1029.098,23.425,-131.044,0.003,0.0,0.019,23.056
2026-03-03T11:51:25.992,544.729,1029.098,23.424,-131.044,0.003,0.0,0.039,23.056
2026-03-03T11:51:26.484,545.229,1029.096,23.412,-131.026,0.003,0.0,0.010,23.052
2026-03-03T11:51:26.985,545.729,1029.097,23.413,-131.034,0.003,0.0,-0.033,23.036
2026-03-03T11:51:27.484,546.229,1029.097,23.414,-131.035,0.003,0.0,0.024,23.052
2026-03-03T11:51:27.984,546.729,1029.099,23.409,-131.046,0.003,0.0,-0.010,23.052
2026-03-03T11:51:28.489,547.229,1029.101,23.428,-131.062,0.003,0.0,-0.005,23.047
2026-03-03T11:51:28.983,547.729,1029.101,23.419,-131.062,0.003,0.0,-0.018,23.077
2026-03-03T11:51:29.502,548.229,1029.104,23.433,-131.089,0.003,0.0,0.019,23.059
2026-03-03T11:51:29.983,548.729,1029.099,23.422,-131.049,0.003,0.0,-0.043,23.056
2026-03-03T11:51:30.485,549.229,1029.100,23.424,-131.059,0.003,0.0,0.019,23.049
2026-03-03T11:51:30.983,549.729,1029.102,23.421,-131.071,0.003,0.0,-0.004,23.056
2026-03-03T11:51:31.484,550.229,1029.100,23.418,-131.054,0.003,0.0,0.017,23.047
2026-03-03T11:51:31.996,550.729,1029.103,23.417,-131.083,0.003,0.0,-0.021,23.059
2026-03-03T11:51:32.485,551.229,1029.101,23.409,-131.062,0.003,0.0,-0.004,23.031
2026-03-03T11:51:33.008,551.729,1029.102,23.401,-131.071,0.003,0.0,0.009,23.043
2026-03-03T11:51:33.484,552.229,1029.102,23.423,-131.073,0.003,0.0,0.030,23.061
2026-03-03T11:51:33.984,552.729,1029.103,23.410,-131.085,0.003,0.0,-0.007,23.059
2026-03-03T11:51:34.484,553.229,1029.103,23.408,-131.083,0.003,0.0,0.004,23.052
2026-03-03T11:51:34.984,553.729,1029.104,23.412,-131.087,0.003,0.0,0.039,23.068
2026-03-03T11:51:35.484,554.229,1029.105,23.410,-131.101,0.003,0.0,-0.011,23.056
2026-03-03T11:51:35.989,554.734,1029.103,23.402,-131.079,0.003,0.0,-0.020,23.045
2026-03-03T11:51:36.503,555.229,1029.105,23.403,-131.095,0.003,0.0,0.018,23.054
2026-03-03T11:51:36.984,555.729,1029.104,23.401,-131.094,0.003,0.0,-0.028,23.054
2026-03-03T11:51:37.484,556.229,1029.104,23.406,-131.089,0.003,0.0,-0.025,23.061
2026-03-03T11:51:37.984,556.729,1029.104,23.411,-131.094,0.003,0.0,-0.014,23.065
2026-03-03T11:51:38.485,557.229,1029.108,23.418,-131.122,0.003,0.0,0.008,23.056
2026-03-03T11:51:38.983,557.729,1029.107,23.418,-131.115,0.003,0.0,-0.054,23.059
2026-03-03T11:51:39.488,558.229,1029.106,23.420,-131.108,0.003,0.0,-0.012,23.063
2026-03-03T11:51:39.989,558.729,1029.106,23.413,-131.103,0.003,0.0,0.006,23.056
2026-03-03T11:51:40.485,559.229,1029.109,23.415,-131.135,0.003,0.0,0.044,23.056
2026-03-03T11:51:40.991,559.729,1029.107,23.415,-131.112,0.003,0.0,0.025,23.040
2026-03-03T11:51:41.484,560.229,1029.110,23.420,-131.138,0.003,0.0,0.021,23.059
2026-03-03T11:51:42.011,560.729,1029.111,23.408,-131.151,0.003,0.0,0.022,23.059
2026-03-03T11:51:42.483,561.229,1029.110,23.415,-131.142,0.003,0.0,-0.061,23.045
2026-03-03T11:51:42.985,561.729,1029.110,23.416,-131.143,0.003,0.0,-0.034,23.049
2026-03-03T11:51:43.483,562.229,1029.113,23.408,-131.160,0.003,0.0,0.011,23.063
2026-03-03T11:51:43.984,562.729,1029.108,23.415,-131.119,0.003,0.0,-0.028,23.052
2026-03-03T11:51:44.483,563.229,1029.108,23.421,-131.124,0.003,0.0,-0.010,23.043
2026-03-03T11:51:44.986,563.729,1029.109,23.412,-131.132,0.003,0.0,0.018,23.036
2026-03-03T11:51:45.484,564.229,1029.103,23.401,-131.078,0.003,0.0,-0.026,23.063
2026-03-03T11:51:45.986,564.729,1029.105,23.404,-131.096,0.003,0.0,-0.029,23.049
2026-03-03T11:51:46.488,565.234,1029.110,23.427,-131.137,0.003,0.0,-0.009,23.047
2026-03-03T11:51:46.986,565.729,1029.109,23.419,-131.131,0.003,0.0,0.010,23.052
2026-03-03T11:51:47.491,566.229,1029.108,23.417,-131.121,0.003,0.0,0.037,23.040
2026-03-03T11:51:47.984,566.729,1029.111,23.411,-131.146,0.003,0.0,-0.036,23.045
2026-03-03T11:51:48.484,567.229,1029.110,23.414,-131.141,0.003,0.0,0.018,23.063
2026-03-03T11:51:48.984,567.729,1029.110,23.404,-131.141,0.003,0.0,0.007,23.049
2026-03-03T11:51:49.484,568.229,1029.113,23.413,-131.163,0.003,0.0,-0.010,23.056
2026-03-03T11:51:49.983,568.729,1029.110,23.406,-131.143,0.003,0.0,0.005,23.045
2026-03-03T11:51:50.485,569.229,1029.112,23.416,-131.158,0.003,0.0,0.023,23.047
2026-03-03T11:51:50.989,569.729,1029.113,23.414,-131.164,0.003,0.0,-0.005,23.052
2026-03-03T11:51:51.485,570.229,1029.113,23.413,-131.163,0.003,0.0,-0.003,23.065
2026-03-03T11:51:52.000,570.729,1029.113,23.417,-131.167,0.003,0.0,0.011,23.054
2026-03-03T11:51:52.483,571.229,1029.113,23.394,-131.163,0.003,0.0,-0.020,23.049
2026-03-03T11:51:52.984,571.729,1029.113,23.402,-131.162,0.003,0.0,0.008,23.029
2026-03-03T11:51:53.483,572.229,1029.114,23.402,-131.170,0.003,0.0,0.011,23.047
2026-03-03T11:51:53.985,572.729,1029.115,23.414,-131.179,0.003,0.0,-0.002,23.043
2026-03-03T11:51:54.483,573.229,1029.115,23.410,-131.176,0.003,0.0,-0.016,23.043
2026-03-03T11:51:54.984,573.729,1029.113,23.414,-131.164,0.003,0.0,0.000,23.063
2026-03-03T11:51:55.491,574.229,1029.116,23.412,-131.185,0.003,0.0,0.003,23.045
2026-03-03T11:51:55.984,574.729,1029.116,23.411,-131.185,0.003,0.0,0.009,23.040
2026-03-03T11:51:56.502,575.229,1029.112,23.408,-131.152,0.003,0.0,-0.048,23.054
2026-03-03T11:51:56.990,575.734,1029.114,23.398,-131.174,0.003,0.0,0.014,23.059
2026-03-03T11:51:57.484,576.229,1029.116,23.410,-131.192,0.003,0.0,-0.013,23.065
2026-03-03T11:51:57.983,576.729,1029.117,23.409,-131.198,0.003,0.0,-0.007,23.049
2026-03-03T11:51:58.485,577.229,1029.117,23.409,-131.198,0.003,0.0,-0.000,23.056
2026-03-03T11:51:58.983,577.729,1029.120,23.414,-131.218,0.003,0.0,0.009,23.056
2026-03-03T11:51:59.484,578.229,1029.115,23.393,-131.178,0.003,0.0,-0.013,23.054
2026-03-03T11:51:59.992,578.729,1029.115,23.400,-131.183,0.003,0.0,-0.011,23.074
2026-03-03T11:52:00.484,579.229,1029.114,23.398,-131.174,0.003,0.0,-0.022,23.054
2026-03-03T11:52:00.984,579.729,1029.116,23.407,-131.189,0.003,0.0,0.004,23.049
2026-03-03T11:52:01.484,580.229,1029.121,23.401,-131.230,0.003,0.0,-0.010,23.070
2026-03-03T11:52:01.983,580.729,1029.119,23.395,-131.210,0.003,0.0,0.016,23.054
2026-03-03T11:52:02.483,581.229,1029.116,23.386,-131.187,0.003,0.0,0.012,23.081
2026-03-03T11:52:02.985,581.729,1029.118,23.395,-131.202,0.003,0.0,0.019,23.043
2026-03-03T11:52:03.491,582.229,1029.116,23.400,-131.190,0.003,0.0,0.042,23.049
2026-03-03T11:52:03.984,582.729,1029.119,23.407,-131.212,0.003,0.0,0.000,23.054
2026-03-03T11:52:04.498,583.229,1029.118,23.404,-131.202,0.003,0.0,-0.028,23.059
2026-03-03T11:52:04.983,583.729,1029.116,23.401,-131.192,0.003,0.0,-0.006,23.063
2026-03-03T11:52:05.483,584.229,1029.119,23.409,-131.213,0.003,0.0,-0.045,23.049
2026-03-03T11:52:05.983,584.729,1029.122,23.423,-131.240,0.003,0.0,-0.009,23.038
2026-03-03T11:52:06.484,585.229,1029.120,23.407,-131.219,0.003,0.0,0.001,23.070
2026-03-03T11:52:06.983,585.729,1029.119,23.412,-131.216,0.003,0.0,-0.013,23.047
2026-03-03T11:52:07.490,586.234,1029.122,23.405,-131.242,0.003,0.0,0.033,23.059
2026-03-03T11:52:07.986,586.729,1029.120,23.403,-131.217,0.003,0.0,0.042,23.054
2026-03-03T11:52:08.484,587.229,1029.120,23.400,-131.222,0.003,0.0,0.015,23.059
2026-03-03T11:52:09.005,587.729,1029.121,23.405,-131.233,0.003,0.0,0.031,23.049
2026-03-03T11:52:09.483,588.229,1029.120,23.395,-131.217,0.003,0.0,0.021,23.045
2026-03-03T11:52:09.984,588.729,1029.122,23.410,-131.237,0.003,0.0,0.035,23.029
2026-03-03T11:52:10.483,589.229,1029.122,23.422,-131.240,0.003,0.0,0.009,23.056
2026-03-03T11:52:10.985,589.729,1029.121,23.410,-131.230,0.003,0.0,-0.004,23.047
2026-03-03T11:52:11.483,590.229,1029.121,23.407,-131.227,0.003,0.0,0.009,23.049
2026-03-03T11:52:11.984,590.729,1029.123,23.411,-131.246,0.003,0.0,-0.019,23.074
2026-03-03T11:52:12.489,591.229,1029.122,23.408,-131.236,0.003,0.0,0.004,23.059
2026-03-03T11:52:12.985,591.729,1029.121,23.404,-131.233,0.003,0.0,-0.004,23.054
2026-03-03T11:52:13.483,592.229,1029.122,23.401,-131.238,0.003,0.0,0.048,23.077
2026-03-03T11:52:13.983,592.729,1029.123,23.399,-131.245,0.003,0.0,-0.002,23.045
2026-03-03T11:52:14.484,593.229,1029.123,23.403,-131.248,0.003,0.0,0.004,23.059
2026-03-03T11:52:14.982,593.729,1029.120,23.392,-131.222,0.003,0.0,-0.012,23.059
2026-03-03T11:52:15.484,594.229,1029.123,23.407,-131.243,0.003,0.0,-0.019,23.052
2026-03-03T11:52:15.983,594.729,1029.123,23.388,-131.243,0.003,0.0,-0.025,23.056
2026-03-03T11:52:16.483,595.229,1029.125,23.401,-131.262,0.003,0.0,0.014,23.056
2026-03-03T11:52:16.992,595.729,1029.125,23.392,-131.262,0.003,0.0,0.011,23.049
2026-03-03T11:52:17.483,596.229,1029.123,23.401,-131.246,0.003,0.0,0.031,23.052
2026-03-03T11:52:17.988,596.734,1029.123,23.389,-131.244,0.003,0.0,0.025,23.068
2026-03-03T11:52:18.483,597.229,1029.123,23.390,-131.245,0.003,0.0,-0.030,23.056
2026-03-03T11:52:18.984,597.729,1029.125,23.402,-131.262,0.003,0.0,0.016,23.040
2026-03-03T11:52:19.483,598.229,1029.125,23.389,-131.267,0.003,0.0,-0.006,23.061
2026-03-03T11:52:19.984,598.729,1029.125,23.382,-131.261,0.003,0.0,-0.006,23.033
2026-03-03T11:52:20.482,599.229,1029.125,23.391,-131.261,0.003,0.0,-0.010,23.049
2026-03-03T11:52:20.984,599.729,1029.125,23.389,-131.259,0.003,0.0,-0.014,23.059
2026-03-03T11:52:21.502,600.229,1029.126,23.399,-131.275,0.003,0.0,0.049,23.040
2026-03-03T11:52:21.982,600.729,1029.126,23.395,-131.272,0.003,0.0,-0.004,23.061
2026-03-03T11:52:22.484,601.229,1029.127,23.396,-131.281,0.003,0.0,0.010,23.049
2026-03-03T11:52:22.983,601.729,1029.127,23.384,-131.278,0.003,0.0,-0.022,23.029
2026-03-03T11:52:23.484,602.229,1029.126,23.397,-131.273,0.003,0.0,0.013,23.063
2026-03-03T11:52:23.983,602.729,1029.125,23.395,-131.264,0.003,0.0,-0.009,23.040
2026-03-03T11:52:24.484,603.229,1029.125,23.401,-131.261,0.003,0.0,-0.004,23.056
2026-03-03T11:52:24.983,603.729,1029.125,23.386,-131.264,0.003,0.0,-0.006,23.056
2026-03-03T11:52:25.484,604.229,1029.127,23.389,-131.282,0.003,0.0,0.024,23.038
2026-03-03T11:52:25.998,604.729,1029.129,23.399,-131.298,0.003,0.0,-0.030,23.040
2026-03-03T11:52:26.483,605.229,1029.127,23.382,-131.277,0.003,0.0,-0.031,23.040
2026-03-03T11:52:26.984,605.729,1029.128,23.399,-131.290,0.003,0.0,-0.008,23.052
2026-03-03T11:52:27.483,606.229,1029.131,23.409,-131.314,0.003,0.0,-0.007,23.056
2026-03-03T11:52:27.984,606.729,1029.129,23.402,-131.293,0.003,0.0,-0.000,23.056
2026-03-03T11:52:28.488,607.234,1029.129,23.394,-131.294,0.003,0.0,-0.008,23.045
2026-03-03T11:52:28.984,607.729,1029.128,23.376,-131.287,0.003,0.0,-0.013,23.056
2026-03-03T11:52:29.495,608.229,1029.130,23.402,-131.300,0.003,0.0,0.008,23.047
2026-03-03T11:52:29.983,608.729,1029.129,23.398,-131.297,0.003,0.0,-0.015,23.059
2026-03-03T11:52:30.482,609.229,1029.130,23.392,-131.308,0.003,0.0,-0.024,23.052
2026-03-03T11:52:30.982,609.729,1029.131,23.399,-131.313,0.003,0.0,-0.015,23.056
2026-03-03T11:52:31.484,610.229,1029.130,23.401,-131.308,0.003,0.0,-0.001,23.043
2026-03-03T11:52:31.982,610.729,1029.133,23.399,-131.328,0.003,0.0,0.007,23.036
2026-03-03T11:52:32.483,611.229,1029.130,23.384,-131.308,0.003,0.0,-0.015,23.054
2026-03-03T11:52:32.984,611.729,1029.133,23.402,-131.331,0.003,0.0,0.006,23.054
2026-03-03T11:52:33.484,612.229,1029.134,23.392,-131.338,0.003,0.0,-0.035,23.052
2026-03-03T11:52:33.995,612.729,1029.130,23.385,-131.302,0.003,0.0,0.021,23.040
2026-03-03T11:52:34.483,613.229,1029.131,23.391,-131.314,0.003,0.0,-0.021,23.049
2026-03-03T11:52:34.984,613.729,1029.127,23.379,-131.282,0.003,0.0,-0.013,23.059
2026-03-03T11:52:35.483,614.229,1029.133,23.390,-131.329,0.003,0.0,0.032,23.056
2026-03-03T11:52:35.984,614.729,1029.132,23.385,-131.324,0.003,0.0,-0.026,23.054
2026-03-03T11:52:36.482,615.229,1029.131,23.400,-131.314,0.003,0.0,0.038,23.054
2026-03-03T11:52:36.983,615.729,1029.134,23.395,-131.333,0.003,0.0,0.009,23.059
2026-03-03T11:52:37.484,616.229,1029.133,23.390,-131.329,0.003,0.0,-0.034,23.065
2026-03-03T11:52:37.984,616.729,1029.134,23.389,-131.335,0.003,0.0,-0.015,23.047
2026-03-03T11:52:38.498,617.229,1029.130,23.387,-131.303,0.003,0.0,-0.020,23.074
2026-03-03T11:52:38.987,617.734,1029.134,23.390,-131.336,0.003,0.0,0.007,23.040
2026-03-03T11:52:39.504,618.229,1029.133,23.392,-131.330,0.003,0.0,-0.010,23.049
2026-03-03T11:52:39.983,618.729,1029.134,23.400,-131.337,0.003,0.0,-0.027,23.065
2026-03-03T11:52:40.484,619.229,1029.132,23.378,-131.319,0.003,0.0,0.003,23.043
2026-03-03T11:52:40.982,619.729,1029.136,23.392,-131.353,0.003,0.0,0.018,23.045
2026-03-03T11:52:41.483,620.229,1029.136,23.391,-131.352,0.003,0.0,-0.028,23.031
2026-03-03T11:52:41.990,620.729,1029.135,23.387,-131.342,0.003,0.0,0.035,23.031
2026-03-03T11:52:42.484,621.229,1029.133,23.385,-131.325,0.003,0.0,0.017,23.061
2026-03-03T11:52:42.995,621.729,1029.133,23.389,-131.328,0.003,0.0,-0.031,23.061
2026-03-03T11:52:43.483,622.229,1029.133,23.382,-131.330,0.003,0.0,0.005,23.029
2026-03-03T11:52:43.983,622.729,1029.136,23.392,-131.353,0.003,0.0,-0.022,23.047
2026-03-03T11:52:44.484,623.229,1029.137,23.390,-131.360,0.003,0.0,-0.003,23.049
2026-03-03T11:52:44.984,623.729,1029.135,23.381,-131.344,0.003,0.0,0.003,23.045
2026-03-03T11:52:45.483,624.229,1029.139,23.391,-131.376,0.003,0.0,0.006,23.045
2026-03-03T11:52:45.984,624.729,1029.136,23.381,-131.352,0.003,0.0,0.004,23.049
2026-03-03T11:52:46.482,625.229,1029.135,23.378,-131.349,0.003,0.0,-0.021,23.063
2026-03-03T11:52:46.983,625.729,1029.134,23.386,-131.333,0.003,0.0,0.018,23.052
2026-03-03T11:52:47.484,626.229,1029.136,23.384,-131.355,0.003,0.0,0.013,23.031
2026-03-03T11:52:47.983,626.729,1029.133,23.378,-131.326,0.003,0.0,-0.006,23.040
2026-03-03T11:52:48.483,627.229,1029.133,23.377,-131.326,0.003,0.0,-0.013,23.045
2026-03-03T11:52:48.982,627.729,1029.137,23.397,-131.365,0.003,0.0,0.029,23.056
2026-03-03T11:52:49.488,628.234,1029.137,23.385,-131.362,0.003,0.0,0.009,23.049
2026-03-03T11:52:49.987,628.729,1029.139,23.378,-131.379,0.003,0.0,0.054,23.038
2026-03-03T11:52:50.484,629.229,1029.138,23.386,-131.371,0.003,0.0,0.006,23.056
2026-03-03T11:52:50.983,629.729,1029.139,23.386,-131.379,0.003,0.0,0.028,23.043
2026-03-03T11:52:51.483,630.229,1029.138,23.394,-131.371,0.003,0.0,0.000,23.052
2026-03-03T11:52:51.983,630.729,1029.140,23.393,-131.385,0.003,0.0,-0.020,23.065
2026-03-03T11:52:52.483,631.229,1029.141,23.396,-131.394,0.003,0.0,0.007,23.045
2026-03-03T11:52:52.983,631.729,1029.141,23.390,-131.390,0.003,0.0,0.001,23.079
2026-03-03T11:52:53.483,632.229,1029.140,23.385,-131.385,0.003,0.0,0.004,23.043
2026-03-03T11:52:53.984,632.729,1029.138,23.380,-131.367,0.003,0.0,0.024,23.040
2026-03-03T11:52:54.490,633.229,1029.139,23.379,-131.381,0.003,0.0,0.023,23.049
2026-03-03T11:52:54.984,633.729,1029.139,23.384,-131.378,0.003,0.0,-0.002,23.047
2026-03-03T11:52:55.495,634.229,1029.139,23.380,-131.374,0.003,0.0,-0.022,23.054
2026-03-03T11:52:55.983,634.729,1029.141,23.390,-131.390,0.003,0.0,-0.007,23.070
2026-03-03T11:52:56.483,635.229,1029.142,23.394,-131.401,0.003,0.0,-0.021,23.056
2026-03-03T11:52:56.982,635.729,1029.142,23.392,-131.399,0.003,0.0,0.011,23.059
2026-03-03T11:52:57.483,636.229,1029.140,23.385,-131.386,0.003,0.0,-0.030,23.061
2026-03-03T11:52:57.982,636.729,1029.140,23.384,-131.385,0.003,0.0,-0.006,23.052
2026-03-03T11:52:58.483,637.229,1029.141,23.387,-131.395,0.003,0.0,0.035,23.043
2026-03-03T11:52:58.982,637.729,1029.138,23.382,-131.368,0.003,0.0,0.014,23.038
2026-03-03T11:52:59.483,638.229,1029.143,23.381,-131.413,0.003,0.0,0.014,23.045
2026-03-03T11:52:59.995,638.734,1029.142,23.383,-131.406,0.003,0.0,-0.001,23.065
2026-03-03T11:53:00.483,639.229,1029.143,23.385,-131.408,0.003,0.0,-0.008,23.043
2026-03-03T11:53:01.003,639.729,1029.141,23.376,-131.394,0.003,0.0,-0.016,23.031
2026-03-03T11:53:01.483,640.229,1029.142,23.391,-131.406,0.003,0.0,-0.007,23.059
2026-03-03T11:53:01.983,640.729,1029.146,23.388,-131.434,0.003,0.0,-0.011,23.052
2026-03-03T11:53:02.483,641.229,1029.145,23.390,-131.428,0.003,0.0,-0.003,23.049
2026-03-03T11:53:02.983,641.729,1029.146,23.382,-131.436,0.003,0.0,-0.038,23.054
2026-03-03T11:53:03.483,642.229,1029.148,23.382,-131.452,0.003,0.0,0.002,23.070
2026-03-03T11:53:03.982,642.729,1029.143,23.388,-131.411,0.003,0.0,-0.012,23.054
2026-03-03T11:53:04.486,643.229,1029.144,23.382,-131.422,0.003,0.0,-0.005,23.045
2026-03-03T11:53:04.983,643.729,1029.144,23.386,-131.417,0.003,0.0,-0.031,23.043
2026-03-03T11:53:05.501,644.229,1029.140,23.389,-131.389,0.003,0.0,-0.010,23.065
2026-03-03T11:53:05.982,644.729,1029.144,23.387,-131.418,0.003,0.0,0.001,23.049
2026-03-03T11:53:06.483,645.229,1029.142,23.386,-131.401,0.003,0.0,0.008,23.056
2026-03-03T11:53:06.981,645.729,1029.143,23.384,-131.408,0.003,0.0,0.002,23.056
2026-03-03T11:53:07.483,646.229,1029.144,23.394,-131.416,0.003,0.0,0.011,23.049
2026-03-03T11:53:07.991,646.729,1029.145,23.382,-131.429,0.003,0.0,-0.015,23.045
2026-03-03T11:53:08.483,647.229,1029.146,23.385,-131.439,0.003,0.0,-0.017,23.052
2026-03-03T11:53:08.991,647.729,1029.146,23.383,-131.438,0.003,0.0,-0.002,23.059
2026-03-03T11:53:09.483,648.229,1029.145,23.381,-131.428,0.003,0.0,0.003,23.054
2026-03-03T11:53:10.010,648.729,1029.145,23.369,-131.426,0.003,0.0,0.007,23.061
2026-03-03T11:53:10.488,649.234,1029.147,23.379,-131.442,0.003,0.0,0.011,23.045
2026-03-03T11:53:10.983,649.729,1029.144,23.367,-131.417,0.003,0.0,0.017,23.059
2026-03-03T11:53:11.482,650.229,1029.146,23.376,-131.432,0.003,0.0,-0.021,23.052
2026-03-03T11:53:11.982,650.729,1029.144,23.380,-131.420,0.003,0.0,-0.009,23.029
2026-03-03T11:53:12.487,651.229,1029.142,23.378,-131.403,0.003,0.0,0.014,23.077
2026-03-03T11:53:12.983,651.729,1029.146,23.385,-131.432,0.003,0.0,0.009,23.045
2026-03-03T11:53:13.508,652.229,1029.145,23.383,-131.430,0.003,0.0,0.019,23.054
2026-03-03T11:53:13.983,652.729,1029.149,23.388,-131.457,0.003,0.0,-0.014,23.047
2026-03-03T11:53:14.483,653.229,1029.148,23.387,-131.448,0.003,0.0,0.058,23.049
2026-03-03T11:53:14.982,653.729,1029.145,23.381,-131.428,0.003,0.0,0.018,23.047
2026-03-03T11:53:15.483,654.229,1029.148,23.384,-131.454,0.003,0.0,0.003,23.059
2026-03-03T11:53:15.982,654.729,1029.146,23.379,-131.434,0.003,0.0,-0.023,23.070
2026-03-03T11:53:16.482,655.229,1029.148,23.383,-131.453,0.003,0.0,-0.004,23.043
2026-03-03T11:53:16.987,655.729,1029.144,23.372,-131.421,0.003,0.0,0.015,23.049
2026-03-03T11:53:17.482,656.229,1029.148,23.366,-131.454,0.003,0.0,-0.007,23.040
2026-03-03T11:53:17.983,656.729,1029.148,23.364,-131.452,0.003,0.0,0.027,23.059
2026-03-03T11:53:18.482,657.229,1029.148,23.374,-131.452,0.003,0.0,0.018,23.063
2026-03-03T11:53:18.983,657.729,1029.148,23.378,-131.449,0.003,0.0,0.026,23.047
2026-03-03T11:53:19.481,658.229,1029.148,23.361,-131.451,0.003,0.0,0.001,23.070
2026-03-03T11:53:19.983,658.729,1029.148,23.375,-131.454,0.003,0.0,0.008,23.063
2026-03-03T11:53:20.483,659.229,1029.151,23.389,-131.473,0.003,0.0,-0.006,23.059
2026-03-03T11:53:20.989,659.734,1029.150,23.394,-131.469,0.003,0.0,-0.007,23.052
2026-03-03T11:53:21.483,660.229,1029.150,23.381,-131.466,0.003,0.0,0.038,23.036
2026-03-03T11:53:21.982,660.729,1029.153,23.390,-131.490,0.003,0.0,0.007,23.061
2026-03-03T11:53:22.483,661.229,1029.148,23.381,-131.451,0.003,0.0,0.003,23.047
2026-03-03T11:53:22.982,661.729,1029.149,23.373,-131.460,0.003,0.0,-0.014,23.056
2026-03-03T11:53:23.483,662.229,1029.150,23.383,-131.468,0.003,0.0,0.006,23.047
2026-03-03T11:53:23.987,662.729,1029.149,23.371,-131.458,0.003,0.0,-0.013,23.059
2026-03-03T11:53:24.481,663.229,1029.152,23.380,-131.481,0.003,0.0,0.014,23.054
2026-03-03T11:53:24.994,663.729,1029.149,23.362,-131.458,0.003,0.0,-0.014,23.059
2026-03-03T11:53:25.482,664.229,1029.150,23.378,-131.465,0.003,0.0,0.032,23.077
2026-03-03T11:53:25.983,664.729,1029.151,23.378,-131.472,0.003,0.0,0.046,23.033
2026-03-03T11:53:26.482,665.229,1029.151,23.380,-131.473,0.003,0.0,0.000,23.049
2026-03-03T11:53:26.982,665.729,1029.150,23.375,-131.469,0.003,0.0,-0.024,23.024
2026-03-03T11:53:27.482,666.229,1029.152,23.385,-131.485,0.003,0.0,0.019,23.061
2026-03-03T11:53:27.983,666.729,1029.150,23.385,-131.470,0.003,0.0,0.009,23.040
2026-03-03T11:53:28.481,667.229,1029.153,23.385,-131.491,0.003,0.0,0.043,23.054
2026-03-03T11:53:28.982,667.729,1029.154,23.389,-131.503,0.003,0.0,0.006,23.038
2026-03-03T11:53:29.490,668.229,1029.149,23.367,-131.462,0.003,0.0,0.006,23.040
2026-03-03T11:53:29.982,668.729,1029.152,23.375,-131.484,0.003,0.0,-0.029,23.052
2026-03-03T11:53:30.501,669.229,1029.151,23.374,-131.475,0.003,0.0,-0.018,23.059
2026-03-03T11:53:30.982,669.729,1029.152,23.383,-131.484,0.003,0.0,-0.035,23.054
2026-03-03T11:53:31.487,670.234,1029.150,23.367,-131.470,0.003,0.0,0.011,23.038
2026-03-03T11:53:31.983,670.729,1029.151,23.370,-131.480,0.003,0.0,0.014,23.056
2026-03-03T11:53:32.483,671.229,1029.154,23.375,-131.499,0.003,0.0,0.026,23.043
2026-03-03T11:53:32.981,671.729,1029.149,23.361,-131.457,0.003,0.0,0.006,23.049
2026-03-03T11:53:33.482,672.229,1029.151,23.371,-131.474,0.003,0.0,-0.021,23.036
2026-03-03T11:53:33.990,672.729,1029.150,23.364,-131.468,0.003,0.0,0.004,23.040
2026-03-03T11:53:34.483,673.229,1029.147,23.358,-131.447,0.003,0.0,0.001,23.047
2026-03-03T11:53:34.996,673.729,1029.152,23.368,-131.486,0.003,0.0,-0.017,23.049
2026-03-03T11:53:35.483,674.229,1029.153,23.363,-131.490,0.003,0.0,0.013,23.061
2026-03-03T11:53:35.983,674.729,1029.154,23.369,-131.502,0.003,0.0,0.023,23.036
2026-03-03T11:53:36.482,675.229,1029.150,23.363,-131.467,0.003,0.0,-0.024,23.043
2026-03-03T11:53:36.983,675.729,1029.153,23.375,-131.491,0.003,0.0,0.022,23.061
2026-03-03T11:53:37.488,676.229,1029.155,23.384,-131.506,0.003,0.0,0.024,23.052
2026-03-03T11:53:37.982,676.729,1029.151,23.376,-131.477,0.003,0.0,-0.006,23.031
2026-03-03T11:53:38.482,677.229,1029.152,23.369,-131.486,0.003,0.0,-0.013,23.054
2026-03-03T11:53:38.982,677.729,1029.153,23.374,-131.490,0.003,0.0,-0.034,23.043
2026-03-03T11:53:39.482,678.229,1029.151,23.361,-131.472,0.003,0.0,-0.019,23.047
2026-03-03T11:53:39.982,678.729,1029.150,23.356,-131.468,0.003,0.0,-0.033,23.043
2026-03-03T11:53:40.482,679.229,1029.148,23.358,-131.455,0.003,0.0,-0.010,23.061
2026-03-03T11:53:41.001,679.729,1029.153,23.364,-131.490,0.003,0.0,0.048,23.047
2026-03-03T11:53:41.484,680.229,1029.151,23.366,-131.477,0.003,0.0,-0.004,23.056
2026-03-03T11:53:41.988,680.734,1029.151,23.368,-131.477,0.003,0.0,0.001,23.061
2026-03-03T11:53:42.482,681.229,1029.154,23.372,-131.504,0.003,0.0,0.002,23.065
2026-03-03T11:53:42.983,681.729,1029.151,23.360,-131.472,0.003,0.0,-0.036,23.052
2026-03-03T11:53:43.481,682.229,1029.151,23.358,-131.477,0.003,0.0,0.018,23.043
2026-03-03T11:53:43.983,682.729,1029.150,23.364,-131.468,0.003,0.0,-0.041,23.056
2026-03-03T11:53:44.491,683.229,1029.152,23.364,-131.483,0.003,0.0,0.027,23.049
2026-03-03T11:53:44.983,683.729,1029.152,23.364,-131.482,0.003,0.0,0.020,23.033
2026-03-03T11:53:45.503,684.229,1029.151,23.369,-131.479,0.003,0.0,-0.008,23.059
2026-03-03T11:53:45.983,684.729,1029.154,23.373,-131.497,0.003,0.0,-0.015,23.052
2026-03-03T11:53:46.483,685.229,1029.152,23.369,-131.486,0.003,0.0,0.004,23.049
2026-03-03T11:53:46.982,685.729,1029.151,23.369,-131.479,0.003,0.0,-0.004,23.061
2026-03-03T11:53:47.483,686.229,1029.152,23.380,-131.488,0.003,0.0,-0.015,23.059
2026-03-03T11:53:47.981,686.729,1029.151,23.360,-131.479,0.003,0.0,-0.009,23.052
2026-03-03T11:53:48.483,687.229,1029.155,23.380,-131.511,0.003,0.0,0.002,23.070
2026-03-03T11:53:48.981,687.729,1029.154,23.370,-131.503,0.003,0.0,-0.006,23.054
2026-03-03T11:53:49.483,688.229,1029.154,23.368,-131.501,0.003,0.0,0.014,23.038
2026-03-03T11:53:49.984,688.729,1029.151,23.368,-131.478,0.003,0.0,-0.001,23.043
2026-03-03T11:53:50.482,689.229,1029.154,23.359,-131.501,0.003,0.0,0.022,23.031
2026-03-03T11:53:50.995,689.729,1029.154,23.356,-131.499,0.003,0.0,-0.004,23.054
2026-03-03T11:53:51.483,690.229,1029.151,23.359,-131.478,0.003,0.0,0.015,23.065
2026-03-03T11:53:51.981,690.729,1029.150,23.354,-131.467,0.003,0.0,0.023,23.047
2026-03-03T11:53:52.488,691.234,1029.155,23.366,-131.507,0.003,0.0,-0.006,23.077
2026-03-03T11:53:52.981,691.729,1029.150,23.356,-131.468,0.003,0.0,0.014,23.047
2026-03-03T11:53:53.483,692.229,1029.154,23.364,-131.497,0.003,0.0,-0.008,23.043
2026-03-03T11:53:53.983,692.729,1029.153,23.356,-131.491,0.003,0.0,-0.022,23.054
2026-03-03T11:53:54.490,693.229,1029.154,23.361,-131.502,0.003,0.0,0.014,23.040
2026-03-03T11:53:54.983,693.729,1029.153,23.358,-131.493,0.003,0.0,0.035,23.045
2026-03-03T11:53:55.498,694.229,1029.154,23.369,-131.502,0.003,0.0,0.004,23.024
2026-03-03T11:53:55.982,694.729,1029.156,23.365,-131.514,0.003,0.0,-0.023,23.052
2026-03-03T11:53:56.482,695.229,1029.151,23.367,-131.477,0.003,0.0,-0.002,23.056
2026-03-03T11:53:56.981,695.729,1029.152,23.347,-131.484,0.003,0.0,0.003,23.072
2026-03-03T11:53:57.483,696.229,1029.153,23.356,-131.491,0.003,0.0,0.021,23.047
2026-03-03T11:53:57.981,696.729,1029.155,23.357,-131.507,0.003,0.0,-0.003,23.038
2026-03-03T11:53:58.482,697.229,1029.156,23.363,-131.520,0.003,0.0,0.005,23.052
2026-03-03T11:53:58.981,697.729,1029.154,23.360,-131.502,0.003,0.0,-0.022,23.056
2026-03-03T11:53:59.483,698.229,1029.156,23.365,-131.513,0.003,0.0,-0.020,23.043
2026-03-03T11:53:59.994,698.729,1029.154,23.356,-131.499,0.003,0.0,0.011,23.056
2026-03-03T11:54:00.482,699.229,1029.153,23.361,-131.495,0.003,0.0,0.012,23.061
2026-03-03T11:54:00.982,699.729,1029.155,23.367,-131.508,0.003,0.0,0.012,23.036
2026-03-03T11:54:01.481,700.229,1029.157,23.372,-131.527,0.003,0.0,-0.017,23.054
2026-03-03T11:54:01.981,700.729,1029.156,23.366,-131.515,0.003,0.0,0.006,23.056
2026-03-03T11:54:02.482,701.229,1029.153,23.349,-131.493,0.003,0.0,-0.012,23.045
2026-03-03T11:54:02.987,701.734,1029.155,23.361,-131.510,0.003,0.0,0.030,23.047
2026-03-03T11:54:03.481,702.229,1029.154,23.351,-131.502,0.003,0.0,0.010,23.063
2026-03-03T11:54:03.982,702.729,1029.154,23.353,-131.504,0.003,0.0,-0.032,23.052
2026-03-03T11:54:04.490,703.229,1029.156,23.355,-131.513,0.003,0.0,0.020,23.033
2026-03-03T11:54:04.982,703.729,1029.154,23.355,-131.498,0.003,0.0,0.019,23.038
2026-03-03T11:54:05.502,704.229,1029.154,23.345,-131.497,0.003,0.0,0.026,23.047
2026-03-03T11:54:05.981,704.729,1029.157,23.361,-131.526,0.003,0.0,-0.002,23.049
2026-03-03T11:54:06.481,705.229,1029.156,23.351,-131.518,0.003,0.0,0.004,23.040
2026-03-03T11:54:06.981,705.729,1029.157,23.350,-131.524,0.003,0.0,0.001,23.038
2026-03-03T11:54:07.482,706.229,1029.158,23.364,-131.536,0.003,0.0,0.010,23.036
2026-03-03T11:54:07.986,706.729,1029.159,23.371,-131.541,0.003,0.0,-0.031,23.054
2026-03-03T11:54:08.482,707.229,1029.158,23.366,-131.537,0.003,0.0,-0.005,23.049
2026-03-03T11:54:08.982,707.729,1029.157,23.364,-131.529,0.003,0.0,0.001,23.047
2026-03-03T11:54:09.481,708.229,1029.158,23.357,-131.530,0.003,0.0,0.023,23.063
2026-03-03T11:54:09.983,708.729,1029.158,23.361,-131.534,0.003,0.0,0.041,23.027
2026-03-03T11:54:10.481,709.229,1029.156,23.359,-131.517,0.003,0.0,-0.030,23.049
2026-03-03T11:54:10.981,709.729,1029.159,23.361,-131.541,0.003,0.0,-0.011,23.040
2026-03-03T11:54:11.481,710.229,1029.157,23.354,-131.528,0.003,0.0,-0.018,23.043
2026-03-03T11:54:11.982,710.729,1029.159,23.348,-131.538,0.003,0.0,0.025,23.049
2026-03-03T11:54:12.487,711.229,1029.158,23.353,-131.534,0.003,0.0,0.012,23.045
2026-03-03T11:54:12.982,711.729,1029.163,23.363,-131.573,0.003,0.0,0.017,23.040
2026-03-03T11:54:13.496,712.234,1029.161,23.352,-131.557,0.003,0.0,-0.010,23.045
2026-03-03T11:54:13.981,712.729,1029.163,23.361,-131.572,0.003,0.0,0.007,23.045
2026-03-03T11:54:14.483,713.229,1029.161,23.362,-131.557,0.003,0.0,-0.009,23.056
2026-03-03T11:54:14.981,713.729,1029.158,23.343,-131.534,0.003,0.0,-0.018,23.040
2026-03-03T11:54:15.483,714.229,1029.159,23.356,-131.544,0.003,0.0,0.018,23.056
2026-03-03T11:54:15.981,714.729,1029.166,23.367,-131.601,0.003,0.0,-0.004,23.054
2026-03-03T11:54:16.481,715.229,1029.164,23.348,-131.585,0.003,0.0,-0.009,23.063
2026-03-03T11:54:16.990,715.729,1029.158,23.340,-131.531,0.003,0.0,-0.036,23.056
2026-03-03T11:54:17.482,716.229,1029.162,23.360,-131.563,0.003,0.0,0.003,23.038
2026-03-03T11:54:18.004,716.729,1029.161,23.350,-131.555,0.003,0.0,0.042,23.047
2026-03-03T11:54:18.484,717.229,1029.162,23.350,-131.570,0.003,0.0,0.043,23.047
2026-03-03T11:54:19.000,717.729,1029.161,23.349,-131.554,0.003,0.0,-0.005,23.049
2026-03-03T11:54:19.481,718.229,1029.159,23.347,-131.545,0.003,0.0,-0.004,23.054
2026-03-03T11:54:19.982,718.729,1029.160,23.350,-131.547,0.003,0.0,-0.024,23.065
2026-03-03T11:54:20.481,719.229,1029.160,23.347,-131.552,0.003,0.0,-0.016,23.047
2026-03-03T11:54:20.982,719.729,1029.158,23.342,-131.533,0.003,0.0,-0.010,23.033
2026-03-03T11:54:21.481,720.229,1029.160,23.354,-131.551,0.003,0.0,-0.004,23.063
2026-03-03T11:54:21.981,720.729,1029.161,23.340,-131.555,0.003,0.0,0.009,23.052
2026-03-03T11:54:22.482,721.229,1029.160,23.352,-131.549,0.003,0.0,-0.026,23.043
2026-03-03T11:54:22.981,721.729,1029.161,23.352,-131.557,0.003,0.0,0.012,23.049
2026-03-03T11:54:23.497,722.229,1029.161,23.347,-131.560,0.003,0.0,-0.013,23.045
2026-03-03T11:54:23.988,722.734,1029.158,23.341,-131.532,0.003,0.0,-0.007,23.052
2026-03-03T11:54:24.481,723.229,1029.161,23.349,-131.561,0.003,0.0,-0.021,23.063
2026-03-03T11:54:24.981,723.729,1029.161,23.358,-131.554,0.003,0.0,0.008,23.045
2026-03-03T11:54:25.482,724.229,1029.162,23.349,-131.569,0.003,0.0,-0.032,23.031
2026-03-03T11:54:25.981,724.729,1029.163,23.346,-131.574,0.003,0.0,-0.005,23.038
2026-03-03T11:54:26.482,725.229,1029.164,23.349,-131.586,0.003,0.0,0.017,23.045
2026-03-03T11:54:26.990,725.729,1029.166,23.350,-131.601,0.003,0.0,0.041,23.056
2026-03-03T11:54:27.481,726.229,1029.163,23.351,-131.571,0.003,0.0,-0.036,23.056
2026-03-03T11:54:27.987,726.729,1029.161,23.352,-131.556,0.003,0.0,0.007,23.038
2026-03-03T11:54:28.483,727.229,1029.164,23.343,-131.580,0.003,0.0,-0.019,23.059
2026-03-03T11:54:29.003,727.729,1029.165,23.353,-131.589,0.003,0.0,0.025,23.052
2026-03-03T11:54:29.481,728.229,1029.164,23.347,-131.584,0.003,0.0,-0.016,23.033
2026-03-03T11:54:29.982,728.729,1029.163,23.352,-131.572,0.003,0.0,-0.023,23.049
2026-03-03T11:54:30.480,729.229,1029.164,23.347,-131.584,0.003,0.0,0.013,23.059
2026-03-03T11:54:30.981,729.729,1029.163,23.337,-131.576,0.003,0.0,0.010,23.070
2026-03-03T11:54:31.485,730.229,1029.162,23.341,-131.570,0.003,0.0,-0.027,23.038
2026-03-03T11:54:31.982,730.729,1029.166,23.354,-131.597,0.003,0.0,-0.016,23.038
2026-03-03T11:54:32.486,731.229,1029.163,23.345,-131.574,0.003,0.0,-0.013,23.054
2026-03-03T11:54:32.982,731.729,1029.167,23.339,-131.608,0.003,0.0,0.009,23.038
2026-03-03T11:54:33.482,732.229,1029.164,23.339,-131.585,0.003,0.0,0.010,23.043
2026-03-03T11:54:33.981,732.729,1029.168,23.351,-131.617,0.003,0.0,0.013,23.059
2026-03-03T11:54:34.487,733.234,1029.165,23.341,-131.594,0.003,0.0,0.014,23.049
2026-03-03T11:54:34.981,733.729,1029.164,23.333,-131.580,0.003,0.0,0.004,23.059
2026-03-03T11:54:35.482,734.229,1029.163,23.345,-131.573,0.003,0.0,-0.005,23.031
2026-03-03T11:54:35.982,734.729,1029.165,23.332,-131.595,0.003,0.0,-0.006,23.027
2026-03-03T11:54:36.481,735.229,1029.166,23.343,-131.603,0.003,0.0,-0.003,23.047
2026-03-03T11:54:36.981,735.729,1029.167,23.348,-131.608,0.003,0.0,0.012,23.045
2026-03-03T11:54:37.482,736.229,1029.167,23.354,-131.604,0.003,0.0,-0.015,23.049
2026-03-03T11:54:38.012,736.729,1029.165,23.347,-131.592,0.003,0.0,0.022,23.047
2026-03-03T11:54:38.481,737.229,1029.169,23.362,-131.626,0.003,0.0,0.007,23.038
2026-03-03T11:54:38.982,737.729,1029.169,23.348,-131.622,0.003,0.0,-0.009,23.045
2026-03-03T11:54:39.481,738.229,1029.168,23.354,-131.620,0.003,0.0,-0.001,23.063
2026-03-03T11:54:39.982,738.729,1029.166,23.358,-131.601,0.003,0.0,-0.009,23.052
2026-03-03T11:54:40.480,739.229,1029.169,23.352,-131.626,0.003,0.0,-0.008,23.056
2026-03-03T11:54:40.982,739.729,1029.170,23.355,-131.629,0.003,0.0,-0.019,23.040
2026-03-03T11:54:41.481,740.229,1029.168,23.349,-131.616,0.003,0.0,0.013,23.049
2026-03-03T11:54:41.981,740.729,1029.168,23.352,-131.619,0.003,0.0,0.019,23.049
2026-03-03T11:54:42.493,741.229,1029.165,23.352,-131.588,0.003,0.0,-0.011,23.036
2026-03-03T11:54:42.982,741.729,1029.168,23.353,-131.620,0.003,0.0,0.007,23.036
2026-03-03T11:54:43.500,742.229,1029.172,23.366,-131.652,0.003,0.0,0.012,23.038
2026-03-03T11:54:43.981,742.729,1029.171,23.356,-131.644,0.003,0.0,-0.009,23.052
2026-03-03T11:54:44.480,743.229,1029.171,23.361,-131.641,0.003,0.0,0.019,23.061
2026-03-03T11:54:44.986,743.734,1029.169,23.352,-131.626,0.003,0.0,0.002,23.029
2026-03-03T11:54:45.482,744.229,1029.169,23.339,-131.624,0.003,0.0,0.011,23.054
2026-03-03T11:54:45.981,744.729,1029.167,23.336,-131.606,0.003,0.0,-0.019,23.040
2026-03-03T11:54:46.482,745.229,1029.173,23.352,-131.657,0.003,0.0,0.004,23.047
2026-03-03T11:54:46.981,745.729,1029.172,23.356,-131.652,0.003,0.0,-0.010,23.043
2026-03-03T11:54:47.482,746.229,1029.169,23.345,-131.628,0.003,0.0,-0.006,23.047
2026-03-03T11:54:47.990,746.729,1029.171,23.350,-131.640,0.003,0.0,-0.016,23.040
2026-03-03T11:54:48.482,747.229,1029.171,23.352,-131.642,0.003,0.0,0.018,23.049
2026-03-03T11:54:48.981,747.729,1029.166,23.343,-131.596,0.003,0.0,-0.052,23.033
2026-03-03T11:54:49.480,748.229,1029.167,23.351,-131.610,0.003,0.0,0.011,23.045
2026-03-03T11:54:49.981,748.729,1029.172,23.343,-131.650,0.003,0.0,0.027,23.052
2026-03-03T11:54:50.489,749.229,1029.174,23.350,-131.663,0.003,0.0,0.031,23.038
2026-03-03T11:54:50.982,749.729,1029.175,23.344,-131.673,0.003,0.0,-0.031,23.054
2026-03-03T11:54:51.490,750.229,1029.171,23.352,-131.642,0.003,0.0,0.029,23.036
2026-03-03T11:54:51.981,750.729,1029.171,23.348,-131.638,0.003,0.0,0.015,23.059
2026-03-03T11:54:52.481,751.229,1029.173,23.357,-131.661,0.003,0.0,0.005,23.045
2026-03-03T11:54:52.988,751.729,1029.174,23.355,-131.667,0.003,0.0,-0.041,23.052
2026-03-03T11:54:53.482,752.229,1029.171,23.352,-131.642,0.003,0.0,-0.006,23.059
2026-03-03T11:54:53.987,752.729,1029.174,23.359,-131.663,0.003,0.0,0.006,23.059
2026-03-03T11:54:54.480,753.229,1029.174,23.343,-131.665,0.003,0.0,-0.015,23.047
2026-03-03T11:54:54.981,753.729,1029.174,23.346,-131.667,0.003,0.0,-0.043,23.040
2026-03-03T11:54:55.487,754.234,1029.179,23.355,-131.706,0.003,0.0,0.000,23.045
2026-03-03T11:54:55.982,754.729,1029.175,23.339,-131.677,0.003,0.0,0.035,23.043
2026-03-03T11:54:56.480,755.229,1029.172,23.348,-131.646,0.003,0.0,-0.004,23.047
2026-03-03T11:54:56.982,755.729,1029.175,23.336,-131.674,0.003,0.0,-0.008,23.038
2026-03-03T11:54:57.490,756.229,1029.176,23.353,-131.680,0.003,0.0,0.004,23.049
2026-03-03T11:54:57.981,756.729,1029.176,23.344,-131.681,0.003,0.0,0.022,23.049
2026-03-03T11:54:58.491,757.229,1029.173,23.348,-131.661,0.003,0.0,-0.022,23.052
2026-03-03T11:54:58.981,757.729,1029.177,23.343,-131.688,0.003,0.0,0.004,23.027
2026-03-03T11:54:59.483,758.229,1029.175,23.335,-131.674,0.003,0.0,0.018,23.027
2026-03-03T11:54:59.981,758.729,1029.172,23.340,-131.647,0.003,0.0,0.007,23.043
2026-03-03T11:55:00.482,759.229,1029.176,23.334,-131.681,0.003,0.0,0.028,23.043
2026-03-03T11:55:00.981,759.729,1029.172,23.337,-131.652,0.003,0.0,0.012,23.063
2026-03-03T11:55:01.481,760.229,1029.177,23.336,-131.689,0.003,0.0,-0.020,23.049
2026-03-03T11:55:01.980,760.729,1029.183,23.357,-131.737,0.003,0.0,0.039,23.049
2026-03-03T11:55:02.480,761.229,1029.176,23.339,-131.684,0.003,0.0,0.024,23.047
2026-03-03T11:55:03.000,761.729,1029.171,23.346,-131.644,0.003,0.0,0.023,23.038
2026-03-03T11:55:03.481,762.229,1029.177,23.345,-131.689,0.003,0.0,0.023,23.054
2026-03-03T11:55:03.982,762.729,1029.178,23.347,-131.699,0.003,0.0,-0.054,23.049
2026-03-03T11:55:04.481,763.229,1029.175,23.341,-131.670,0.003,0.0,0.030,23.045
2026-03-03T11:55:04.980,763.729,1029.180,23.352,-131.718,0.003,0.0,-0.036,23.045
2026-03-03T11:55:05.481,764.229,1029.180,23.350,-131.716,0.003,0.0,0.011,23.043
2026-03-03T11:55:05.987,764.734,1029.177,23.343,-131.687,0.003,0.0,-0.024,23.036
2026-03-03T11:55:06.480,765.229,1029.175,23.337,-131.675,0.003,0.0,0.020,23.052
2026-03-03T11:55:06.981,765.729,1029.177,23.344,-131.688,0.003,0.0,0.026,23.047
2026-03-03T11:55:07.484,766.229,1029.179,23.343,-131.710,0.003,0.0,0.003,23.049
2026-03-03T11:55:07.982,766.729,1029.179,23.345,-131.704,0.003,0.0,-0.015,23.052
2026-03-03T11:55:08.511,767.229,1029.180,23.350,-131.716,0.003,0.0,0.001,23.054
2026-03-03T11:55:08.981,767.729,1029.177,23.335,-131.689,0.003,0.0,0.025,23.052
2026-03-03T11:55:09.482,768.229,1029.178,23.339,-131.699,0.003,0.0,0.003,23.061
2026-03-03T11:55:09.980,768.729,1029.180,23.341,-131.716,0.003,0.0,0.017,23.036
2026-03-03T11:55:10.481,769.229,1029.181,23.346,-131.721,0.003,0.0,-0.008,23.052
2026-03-03T11:55:10.985,769.729,1029.176,23.334,-131.681,0.003,0.0,-0.021,23.049
2026-03-03T11:55:11.480,770.229,1029.179,23.335,-131.704,0.003,0.0,0.050,23.045
2026-03-03T11:55:11.981,770.729,1029.179,23.346,-131.705,0.003,0.0,-0.007,23.061
2026-03-03T11:55:12.480,771.229,1029.177,23.334,-131.688,0.003,0.0,-0.033,23.043
2026-03-03T11:55:12.981,771.729,1029.182,23.344,-131.734,0.003,0.0,0.014,23.052
2026-03-03T11:55:13.480,772.229,1029.184,23.348,-131.745,0.003,0.0,0.019,23.040
2026-03-03T11:55:13.981,772.729,1029.184,23.349,-131.747,0.003,0.0,0.006,23.045
2026-03-03T11:55:14.480,773.229,1029.183,23.345,-131.743,0.003,0.0,0.004,23.043
2026-03-03T11:55:14.981,773.729,1029.180,23.333,-131.718,0.003,0.0,0.011,23.033
2026-03-03T11:55:15.486,774.229,1029.181,23.334,-131.726,0.003,0.0,-0.011,23.049
2026-03-03T11:55:15.982,774.729,1029.184,23.343,-131.748,0.003,0.0,0.002,23.065
2026-03-03T11:55:16.487,775.234,1029.182,23.343,-131.733,0.003,0.0,-0.022,23.049
2026-03-03T11:55:16.981,775.729,1029.181,23.338,-131.722,0.003,0.0,-0.010,23.047
2026-03-03T11:55:17.481,776.229,1029.183,23.344,-131.741,0.003,0.0,-0.004,23.043
2026-03-03T11:55:17.980,776.729,1029.181,23.343,-131.725,0.003,0.0,-0.020,23.045
2026-03-03T11:55:18.480,777.229,1029.174,23.335,-131.666,0.003,0.0,0.021,23.047
2026-03-03T11:55:18.980,777.729,1029.184,23.340,-131.746,0.003,0.0,-0.007,23.059
2026-03-03T11:55:19.481,778.229,1029.185,23.335,-131.757,0.003,0.0,0.028,23.049
2026-03-03T11:55:19.989,778.729,1029.179,23.330,-131.708,0.003,0.0,-0.023,23.040
2026-03-03T11:55:20.480,779.229,1029.186,23.338,-131.760,0.003,0.0,0.023,23.054
2026-03-03T11:55:20.981,779.729,1029.188,23.331,-131.777,0.003,0.0,0.010,23.047
2026-03-03T11:55:21.480,780.229,1029.186,23.334,-131.764,0.003,0.0,0.017,23.045
2026-03-03T11:55:21.980,780.729,1029.185,23.333,-131.756,0.003,0.0,0.021,23.061
2026-03-03T11:55:22.480,781.229,1029.182,23.340,-131.731,0.003,0.0,-0.000,23.040
2026-03-03T11:55:22.981,781.729,1029.180,23.333,-131.718,0.003,0.0,-0.007,23.047
2026-03-03T11:55:23.480,782.229,1029.184,23.336,-131.751,0.003,0.0,-0.004,23.049
2026-03-03T11:55:23.980,782.729,1029.185,23.333,-131.756,0.003,0.0,-0.044,23.061
2026-03-03T11:55:24.481,783.229,1029.189,23.336,-131.788,0.003,0.0,0.021,23.049
2026-03-03T11:55:24.981,783.729,1029.187,23.330,-131.775,0.003,0.0,-0.012,23.054
2026-03-03T11:55:25.481,784.229,1029.189,23.334,-131.786,0.003,0.0,-0.010,23.056
2026-03-03T11:55:25.980,784.729,1029.189,23.338,-131.789,0.003,0.0,-0.024,23.038
2026-03-03T11:55:26.481,785.229,1029.187,23.327,-131.773,0.003,0.0,-0.017,23.031
2026-03-03T11:55:26.985,785.734,1029.185,23.332,-131.755,0.003,0.0,0.019,23.047
2026-03-03T11:55:27.481,786.229,1029.189,23.343,-131.786,0.003,0.0,-0.006,23.040
2026-03-03T11:55:27.985,786.729,1029.186,23.320,-131.760,0.003,0.0,0.015,23.063
2026-03-03T11:55:28.481,787.229,1029.188,23.334,-131.779,0.003,0.0,-0.009,23.049
2026-03-03T11:55:28.981,787.729,1029.186,23.324,-131.764,0.003,0.0,-0.029,23.036
2026-03-03T11:55:29.480,788.229,1029.190,23.324,-131.794,0.003,0.0,-0.008,23.054
2026-03-03T11:55:29.980,788.729,1029.189,23.336,-131.788,0.003,0.0,-0.034,23.047
2026-03-03T11:55:30.480,789.229,1029.185,23.333,-131.756,0.003,0.0,0.017,23.043
2026-03-03T11:55:30.982,789.729,1029.185,23.329,-131.759,0.003,0.0,-0.014,23.020
2026-03-03T11:55:31.489,790.229,1029.186,23.314,-131.762,0.003,0.0,0.018,23.043
2026-03-03T11:55:31.982,790.729,1029.187,23.329,-131.768,0.003,0.0,-0.023,23.038
2026-03-03T11:55:32.483,791.229,1029.188,23.326,-131.780,0.003,0.0,-0.000,23.031
2026-03-03T11:55:32.980,791.729,1029.188,23.335,-131.780,0.003,0.0,-0.009,23.052
2026-03-03T11:55:33.484,792.229,1029.186,23.333,-131.763,0.003,0.0,0.029,23.043
2026-03-03T11:55:33.980,792.729,1029.189,23.337,-131.789,0.003,0.0,-0.002,23.040
2026-03-03T11:55:34.499,793.229,1029.188,23.329,-131.782,0.003,0.0,-0.007,23.056
2026-03-03T11:55:34.980,793.729,1029.187,23.322,-131.769,0.003,0.0,-0.009,23.054
2026-03-03T11:55:35.480,794.229,1029.187,23.325,-131.772,0.003,0.0,0.016,23.049
2026-03-03T11:55:35.980,794.729,1029.188,23.328,-131.782,0.003,0.0,-0.017,23.045
2026-03-03T11:55:36.480,795.229,1029.191,23.324,-131.801,0.003,0.0,-0.001,23.043
2026-03-03T11:55:36.980,795.729,1029.189,23.329,-131.791,0.003,0.0,0.012,23.031
2026-03-03T11:55:37.486,796.234,1029.189,23.329,-131.791,0.003,0.0,-0.032,23.049
2026-03-03T11:55:37.979,796.729,1029.188,23.326,-131.780,0.003,0.0,-0.006,23.065
2026-03-03T11:55:38.481,797.229,1029.188,23.323,-131.777,0.003,0.0,0.011,23.045
2026-03-03T11:55:38.987,797.729,1029.191,23.330,-131.805,0.003,0.0,0.011,23.045
2026-03-03T11:55:39.480,798.229,1029.190,23.315,-131.794,0.003,0.0,0.015,23.033
2026-03-03T11:55:39.980,798.729,1029.190,23.329,-131.797,0.003,0.0,-0.015,23.036
2026-03-03T11:55:40.480,799.229,1029.192,23.329,-131.812,0.003,0.0,-0.028,23.068
2026-03-03T11:55:40.980,799.729,1029.193,23.333,-131.824,0.003,0.0,-0.010,23.036
2026-03-03T11:55:41.480,800.229,1029.191,23.330,-131.805,0.003,0.0,-0.039,23.036
2026-03-03T11:55:41.980,800.729,1029.193,23.333,-131.823,0.003,0.0,0.005,23.054
2026-03-03T11:55:42.492,801.229,1029.192,23.333,-131.816,0.003,0.0,-0.007,23.045
2026-03-03T11:55:42.980,801.729,1029.193,23.331,-131.821,0.003,0.0,-0.013,23.043
2026-03-03T11:55:43.480,802.229,1029.190,23.323,-131.800,0.003,0.0,-0.003,23.033
2026-03-03T11:55:43.981,802.729,1029.190,23.332,-131.800,0.003,0.0,-0.017,23.040
2026-03-03T11:55:44.480,803.229,1029.194,23.326,-131.826,0.003,0.0,0.050,23.043
2026-03-03T11:55:44.980,803.729,1029.197,23.327,-131.850,0.003,0.0,0.018,23.063
2026-03-03T11:55:45.480,804.229,1029.198,23.324,-131.862,0.003,0.0,0.001,23.059
2026-03-03T11:55:45.984,804.729,1029.195,23.337,-131.834,0.003,0.0,0.036,23.040
2026-03-03T11:55:46.481,805.229,1029.197,23.324,-131.854,0.003,0.0,0.037,23.047
2026-03-03T11:55:46.986,805.729,1029.196,23.327,-131.843,0.003,0.0,-0.016,23.043
2026-03-03T11:55:47.481,806.229,1029.198,23.325,-131.863,0.003,0.0,-0.019,23.054
2026-03-03T11:55:47.985,806.734,1029.196,23.322,-131.846,0.003,0.0,-0.015,23.052
2026-03-03T11:55:48.479,807.229,1029.197,23.323,-131.853,0.003,0.0,0.009,23.047
2026-03-03T11:55:48.981,807.729,1029.196,23.332,-131.846,0.003,0.0,-0.044,23.040
2026-03-03T11:55:49.481,808.229,1029.198,23.331,-131.860,0.003,0.0,-0.007,23.049
2026-03-03T11:55:49.979,808.729,1029.197,23.329,-131.851,0.003,0.0,-0.015,23.063
2026-03-03T11:55:50.486,809.229,1029.197,23.336,-131.857,0.003,0.0,0.038,23.045
2026-03-03T11:55:50.979,809.729,1029.197,23.331,-131.853,0.003,0.0,-0.038,23.022
2026-03-03T11:55:51.480,810.229,1029.201,23.331,-131.883,0.003,0.0,0.001,23.031
2026-03-03T11:55:51.979,810.729,1029.200,23.339,-131.882,0.003,0.0,0.019,23.068
2026-03-03T11:55:52.480,811.229,1029.198,23.331,-131.860,0.003,0.0,0.003,23.061
2026-03-03T11:55:52.980,811.729,1029.199,23.339,-131.867,0.003,0.0,0.022,23.045
2026-03-03T11:55:53.479,812.229,1029.194,23.329,-131.828,0.003,0.0,0.020,23.040
2026-03-03T11:55:53.981,812.729,1029.198,23.322,-131.860,0.003,0.0,-0.001,23.049
2026-03-03T11:55:54.480,813.229,1029.200,23.331,-131.876,0.003,0.0,0.000,23.043
2026-03-03T11:55:54.980,813.729,1029.199,23.322,-131.868,0.003,0.0,-0.012,23.043
2026-03-03T11:55:55.479,814.229,1029.203,23.325,-131.901,0.003,0.0,-0.029,23.054
2026-03-03T11:55:55.980,814.729,1029.204,23.329,-131.912,0.003,0.0,0.000,23.047
2026-03-03T11:55:56.480,815.229,1029.204,23.324,-131.908,0.003,0.0,-0.015,23.045
2026-03-03T11:55:56.980,815.729,1029.202,23.325,-131.894,0.003,0.0,-0.024,23.038
2026-03-03T11:55:57.479,816.229,1029.203,23.338,-131.904,0.003,0.0,-0.001,23.040
2026-03-03T11:55:57.979,816.729,1029.201,23.323,-131.884,0.003,0.0,0.023,23.065
2026-03-03T11:55:58.498,817.234,1029.203,23.316,-131.901,0.003,0.0,-0.013,23.040
2026-03-03T11:55:58.980,817.729,1029.201,23.327,-131.887,0.003,0.0,-0.003,23.036
2026-03-03T11:55:59.480,818.229,1029.200,23.326,-131.879,0.003,0.0,-0.018,23.033
2026-03-03T11:55:59.980,818.729,1029.203,23.319,-131.904,0.003,0.0,0.011,23.040
2026-03-03T11:56:00.480,819.229,1029.206,23.325,-131.925,0.003,0.0,0.006,23.056
2026-03-03T11:56:00.980,819.729,1029.202,23.321,-131.898,0.003,0.0,0.025,23.052
2026-03-03T11:56:01.480,820.229,1029.204,23.325,-131.909,0.003,0.0,0.012,23.045
2026-03-03T11:56:01.979,820.729,1029.205,23.339,-131.921,0.003,0.0,-0.005,23.043
2026-03-03T11:56:02.479,821.229,1029.205,23.336,-131.919,0.003,0.0,0.013,23.049
2026-03-03T11:56:02.991,821.729,1029.202,23.321,-131.898,0.004,0.0,-0.041,23.024
2026-03-03T11:56:03.480,822.229,1029.202,23.324,-131.892,0.003,0.0,0.043,23.056
2026-03-03T11:56:03.979,822.729,1029.203,23.322,-131.907,0.003,0.0,0.020,23.033
2026-03-03T11:56:04.480,823.229,1029.205,23.333,-131.924,0.003,0.0,-0.002,23.047
2026-03-03T11:56:04.980,823.729,1029.204,23.332,-131.916,0.003,0.0,0.041,23.040
2026-03-03T11:56:05.480,824.229,1029.204,23.321,-131.914,0.003,0.0,0.014,23.049
2026-03-03T11:56:05.980,824.729,1029.202,23.322,-131.898,0.003,0.0,0.028,23.052
2026-03-03T11:56:06.485,825.229,1029.204,23.333,-131.908,0.003,0.0,0.024,23.049
2026-03-03T11:56:06.980,825.729,1029.206,23.338,-131.928,0.003,0.0,0.003,23.054
2026-03-03T11:56:07.479,826.229,1029.209,23.339,-131.952,0.003,0.0,0.027,23.045
2026-03-03T11:56:07.980,826.729,1029.207,23.333,-131.939,0.003,0.0,-0.026,23.049
2026-03-03T11:56:08.480,827.229,1029.208,23.328,-131.942,0.004,0.0,-0.033,23.043
2026-03-03T11:56:08.984,827.734,1029.207,23.325,-131.940,0.003,0.0,0.001,23.052
2026-03-03T11:56:09.480,828.229,1029.212,23.329,-131.981,0.003,0.0,0.015,23.033
2026-03-03T11:56:09.980,828.729,1029.208,23.311,-131.944,0.003,0.0,-0.005,23.047
2026-03-03T11:56:10.479,829.229,1029.206,23.321,-131.929,0.003,0.0,0.001,23.052
2026-03-03T11:56:11.009,829.729,1029.208,23.317,-131.949,0.003,0.0,0.010,23.054
2026-03-03T11:56:11.480,830.229,1029.212,23.326,-131.979,0.003,0.0,0.007,23.040
2026-03-03T11:56:11.979,830.729,1029.211,23.317,-131.972,0.003,0.0,0.019,23.040
2026-03-03T11:56:12.479,831.229,1029.209,23.315,-131.954,0.003,0.0,-0.009,23.043
2026-03-03T11:56:12.980,831.729,1029.209,23.314,-131.954,0.003,0.0,0.016,23.059
2026-03-03T11:56:13.480,832.229,1029.210,23.319,-131.958,0.003,0.0,0.033,23.059
2026-03-03T11:56:13.979,832.729,1029.208,23.318,-131.949,0.003,0.0,0.031,23.045
2026-03-03T11:56:14.498,833.229,1029.212,23.321,-131.975,0.004,0.0,-0.019,23.049
2026-03-03T11:56:14.980,833.729,1029.213,23.337,-131.988,0.003,0.0,-0.000,23.047
2026-03-03T11:56:15.509,834.229,1029.212,23.327,-131.981,0.003,0.0,-0.011,23.043
2026-03-03T11:56:15.980,834.729,1029.214,23.330,-131.998,0.003,0.0,0.019,23.047
2026-03-03T11:56:16.479,835.229,1029.216,23.331,-132.014,0.003,0.0,0.020,23.038
2026-03-03T11:56:16.980,835.729,1029.214,23.324,-131.993,0.003,0.0,0.016,23.029
2026-03-03T11:56:17.479,836.229,1029.217,23.335,-132.017,0.003,0.0,0.013,23.047
2026-03-03T11:56:18.012,836.729,1029.215,23.328,-132.004,0.003,0.0,-0.003,23.054
2026-03-03T11:56:18.511,837.229,1029.214,23.327,-131.995,0.004,0.0,-0.049,23.047
2026-03-03T11:56:18.979,837.729,1029.217,23.337,-132.019,0.003,0.0,0.014,23.043
2026-03-03T11:56:19.498,838.234,1029.213,23.318,-131.988,0.003,0.0,0.009,23.047
2026-03-03T11:56:19.981,838.729,1029.216,23.322,-132.007,0.003,0.0,0.024,23.043
2026-03-03T11:56:20.504,839.229,1029.218,23.332,-132.030,0.003,0.0,-0.005,23.049
2026-03-03T11:56:20.979,839.729,1029.218,23.325,-132.024,0.003,0.0,0.012,23.047
2026-03-03T11:56:21.480,840.229,1029.214,23.319,-131.997,0.003,0.0,0.003,23.027
2026-03-03T11:56:21.979,840.729,1029.216,23.331,-132.014,0.003,0.0,0.001,23.040
2026-03-03T11:56:22.479,841.229,1029.215,23.316,-132.002,0.003,0.0,0.000,23.043
2026-03-03T11:56:22.980,841.729,1029.220,23.330,-132.043,0.003,0.0,-0.005,23.043
2026-03-03T11:56:23.479,842.229,1029.219,23.323,-132.038,0.004,0.0,-0.007,23.049
2026-03-03T11:56:23.986,842.729,1029.220,23.322,-132.045,0.003,0.0,0.021,23.072
2026-03-03T11:56:24.480,843.229,1029.219,23.331,-132.037,0.003,0.0,0.029,23.043
2026-03-03T11:56:25.000,843.729,1029.219,23.315,-132.039,0.003,0.0,-0.002,23.049
2026-03-03T11:56:25.480,844.229,1029.221,23.334,-132.055,0.004,0.0,-0.007,23.031
2026-03-03T11:56:25.979,844.729,1029.221,23.333,-132.053,0.004,0.0,0.006,23.049
2026-03-03T11:56:26.480,845.229,1029.221,23.330,-132.051,0.003,0.0,0.003,23.040
2026-03-03T11:56:26.979,845.729,1029.219,23.305,-132.039,0.003,0.0,0.012,23.038
2026-03-03T11:56:27.479,846.229,1029.221,23.321,-132.051,0.004,0.0,-0.028,23.052
2026-03-03T11:56:27.979,846.729,1029.224,23.329,-132.073,0.004,0.0,-0.012,23.045
2026-03-03T11:56:28.499,847.229,1029.222,23.326,-132.063,0.003,0.0,0.014,23.043
2026-03-03T11:56:28.979,847.729,1029.223,23.330,-132.066,0.004,0.0,0.008,23.049
2026-03-03T11:56:29.488,848.229,1029.223,23.330,-132.067,0.003,0.0,0.028,23.059
2026-03-03T11:56:29.984,848.734,1029.224,23.319,-132.073,0.003,0.0,-0.001,23.036
2026-03-03T11:56:30.479,849.229,1029.221,23.314,-132.053,0.003,0.0,0.020,23.047
2026-03-03T11:56:30.979,849.729,1029.223,23.317,-132.071,0.004,0.0,-0.018,23.049
2026-03-03T11:56:31.479,850.229,1029.219,23.307,-132.032,0.004,0.0,-0.001,23.049
2026-03-03T11:56:31.979,850.729,1029.221,23.305,-132.053,0.004,0.0,-0.009,23.054
2026-03-03T11:56:32.479,851.229,1029.225,23.310,-132.088,0.004,0.0,0.002,23.054
2026-03-03T11:56:32.979,851.729,1029.224,23.321,-132.074,0.004,0.0,-0.055,23.059
2026-03-03T11:56:33.480,852.229,1029.221,23.315,-132.054,0.004,0.0,-0.015,23.017
2026-03-03T11:56:33.985,852.729,1029.226,23.305,-132.092,0.003,0.0,0.037,23.047
2026-03-03T11:56:34.479,853.229,1029.224,23.306,-132.077,0.003,0.0,0.027,23.054
2026-03-03T11:56:34.979,853.729,1029.225,23.312,-132.082,0.004,0.0,-0.002,23.029
2026-03-03T11:56:35.479,854.229,1029.223,23.311,-132.066,0.004,0.0,-0.024,23.038
2026-03-03T11:56:35.979,854.729,1029.224,23.306,-132.077,0.004,0.0,-0.024,23.047
2026-03-03T11:56:36.478,855.229,1029.224,23.302,-132.074,0.003,0.0,0.014,23.045
2026-03-03T11:56:36.980,855.729,1029.227,23.307,-132.101,0.004,0.0,-0.052,23.056
2026-03-03T11:56:37.480,856.229,1029.225,23.306,-132.085,0.004,0.0,-0.037,23.031
2026-03-03T11:56:37.979,856.729,1029.228,23.303,-132.106,0.004,0.0,-0.061,23.047
2026-03-03T11:56:38.496,857.229,1029.227,23.310,-132.103,0.004,0.0,-0.005,23.054
2026-03-03T11:56:38.979,857.729,1029.228,23.312,-132.112,0.004,0.0,-0.030,23.045
2026-03-03T11:56:39.482,858.229,1029.228,23.300,-132.110,0.004,0.0,-0.023,23.045
2026-03-03T11:56:39.979,858.729,1029.233,23.315,-132.146,0.004,0.0,-0.031,23.047
2026-03-03T11:56:40.485,859.234,1029.227,23.305,-132.099,0.003,0.0,0.034,23.033
2026-03-03T11:56:40.979,859.729,1029.229,23.314,-132.114,0.004,0.0,-0.005,23.045
2026-03-03T11:56:41.481,860.229,1029.230,23.315,-132.123,0.004,0.0,-0.014,23.043
2026-03-03T11:56:41.979,860.729,1029.229,23.309,-132.118,0.004,0.0,-0.018,23.027
2026-03-03T11:56:42.480,861.229,1029.229,23.308,-132.117,0.003,0.0,0.016,23.047
2026-03-03T11:56:42.982,861.729,1029.232,23.328,-132.141,0.003,0.0,0.026,23.045
2026-03-03T11:56:43.479,862.229,1029.232,23.317,-132.140,0.004,0.0,0.001,23.043
2026-03-03T11:56:43.980,862.729,1029.232,23.318,-132.141,0.004,0.0,-0.031,23.052
2026-03-03T11:56:44.479,863.229,1029.232,23.313,-132.144,0.004,0.0,0.012,23.061
2026-03-03T11:56:44.980,863.729,1029.231,23.310,-132.134,0.003,0.0,0.032,23.047
2026-03-03T11:56:45.479,864.229,1029.232,23.312,-132.144,0.004,0.0,-0.028,23.052
2026-03-03T11:56:45.979,864.729,1029.230,23.311,-132.126,0.004,0.0,0.008,23.043
2026-03-03T11:56:46.482,865.229,1029.232,23.315,-132.138,0.004,0.0,0.004,23.063
2026-03-03T11:56:46.980,865.729,1029.233,23.307,-132.146,0.004,0.0,0.003,23.027
2026-03-03T11:56:47.480,866.229,1029.230,23.302,-132.128,0.004,0.0,-0.052,23.045
2026-03-03T11:56:47.979,866.729,1029.234,23.316,-132.162,0.004,0.0,-0.016,23.024
2026-03-03T11:56:48.480,867.229,1029.233,23.302,-132.150,0.003,0.0,0.016,23.061
2026-03-03T11:56:48.979,867.729,1029.234,23.312,-132.158,0.004,0.0,0.024,23.043
2026-03-03T11:56:49.479,868.229,1029.231,23.308,-132.132,0.004,0.0,0.003,23.033
2026-03-03T11:56:49.978,868.729,1029.235,23.306,-132.168,0.004,0.0,0.014,23.040
2026-03-03T11:56:50.480,869.229,1029.234,23.311,-132.158,0.004,0.0,-0.025,23.040
2026-03-03T11:56:50.985,869.734,1029.235,23.314,-132.167,0.003,0.0,0.002,23.033
2026-03-03T11:56:51.480,870.229,1029.234,23.308,-132.162,0.004,0.0,0.003,23.047
2026-03-03T11:56:51.995,870.729,1029.237,23.304,-132.181,0.004,0.0,0.005,23.065
2026-03-03T11:56:52.479,871.229,1029.235,23.302,-132.165,0.004,0.0,-0.003,23.049
2026-03-03T11:56:52.979,871.729,1029.236,23.307,-132.176,0.004,0.0,0.009,23.063
2026-03-03T11:56:53.478,872.229,1029.234,23.301,-132.157,0.004,0.0,-0.024,23.049
2026-03-03T11:56:53.980,872.729,1029.235,23.305,-132.167,0.004,0.0,0.003,23.061
2026-03-03T11:56:54.479,873.229,1029.237,23.309,-132.186,0.004,0.0,0.005,23.045
2026-03-03T11:56:54.980,873.729,1029.239,23.308,-132.201,0.003,0.0,0.010,23.029
2026-03-03T11:56:55.480,874.229,1029.235,23.291,-132.164,0.004,0.0,-0.021,23.054
2026-03-03T11:56:55.980,874.729,1029.235,23.296,-132.167,0.004,0.0,-0.006,23.038
2026-03-03T11:56:56.498,875.229,1029.235,23.292,-132.164,0.004,0.0,-0.013,23.040
2026-03-03T11:56:56.979,875.729,1029.238,23.307,-132.192,0.003,0.0,0.021,23.045
2026-03-03T11:56:57.480,876.229,1029.240,23.303,-132.205,0.004,0.0,-0.006,23.038
2026-03-03T11:56:57.979,876.729,1029.236,23.297,-132.176,0.004,0.0,0.019,23.054
2026-03-03T11:56:58.479,877.229,1029.240,23.311,-132.203,0.004,0.0,0.010,23.052
2026-03-03T11:56:58.979,877.729,1029.237,23.304,-132.182,0.004,0.0,0.017,23.049
2026-03-03T11:56:59.479,878.229,1029.241,23.308,-132.216,0.004,0.0,-0.007,23.047
2026-03-03T11:56:59.986,878.729,1029.239,23.300,-132.201,0.003,0.0,0.021,23.049
2026-03-03T11:57:00.480,879.229,1029.240,23.303,-132.204,0.003,0.0,0.023,23.040
2026-03-03T11:57:01.002,879.729,1029.241,23.304,-132.213,0.004,0.0,0.032,23.047
2026-03-03T11:57:01.484,880.234,1029.242,23.305,-132.221,0.004,0.0,-0.002,23.043
2026-03-03T11:57:01.980,880.729,1029.238,23.309,-132.194,0.004,0.0,0.010,23.047
2026-03-03T11:57:02.479,881.229,1029.242,23.307,-132.222,0.004,0.0,-0.016,23.068
2026-03-03T11:57:02.980,881.729,1029.242,23.311,-132.226,0.004,0.0,0.009,23.049
2026-03-03T11:57:03.480,882.229,1029.243,23.307,-132.230,0.004,0.0,-0.009,23.049
2026-03-03T11:57:03.979,882.729,1029.242,23.303,-132.227,0.004,0.0,-0.029,23.049
2026-03-03T11:57:04.494,883.229,1029.242,23.306,-132.222,0.004,0.0,-0.022,23.033
2026-03-03T11:57:04.979,883.729,1029.243,23.312,-132.234,0.004,0.0,-0.006,23.047
2026-03-03T11:57:05.480,884.229,1029.243,23.303,-132.235,0.004,0.0,0.000,23.038
2026-03-03T11:57:05.980,884.729,1029.247,23.319,-132.264,0.003,0.0,0.024,23.052
2026-03-03T11:57:06.479,885.229,1029.244,23.306,-132.237,0.004,0.0,0.003,23.043
2026-03-03T11:57:06.979,885.729,1029.243,23.299,-132.231,0.004,0.0,0.014,23.068
2026-03-03T11:57:07.479,886.229,1029.239,23.289,-132.200,0.004,0.0,-0.016,23.040
2026-03-03T11:57:07.980,886.729,1029.243,23.300,-132.232,0.003,0.0,0.030,23.036
2026-03-03T11:57:08.480,887.229,1029.242,23.303,-132.227,0.004,0.0,0.003,23.059
2026-03-03T11:57:08.980,887.729,1029.244,23.307,-132.238,0.004,0.0,-0.011,23.056
2026-03-03T11:57:09.478,888.229,1029.245,23.311,-132.249,0.004,0.0,-0.023,23.054
2026-03-03T11:57:09.980,888.729,1029.245,23.291,-132.247,0.004,0.0,-0.034,23.059
2026-03-03T11:57:10.479,889.229,1029.247,23.302,-132.265,0.003,0.0,0.047,23.045
2026-03-03T11:57:10.982,889.729,1029.247,23.294,-132.266,0.004,0.0,-0.009,23.061
2026-03-03T11:57:11.491,890.229,1029.245,23.300,-132.247,0.003,0.0,0.045,23.056
2026-03-03T11:57:11.984,890.734,1029.244,23.300,-132.240,0.004,0.0,-0.011,23.047
2026-03-03T11:57:12.487,891.229,1029.245,23.303,-132.250,0.004,0.0,-0.049,23.045
2026-03-03T11:57:12.979,891.729,1029.246,23.316,-132.261,0.004,0.0,0.004,23.068
2026-03-03T11:57:13.501,892.229,1029.246,23.306,-132.261,0.004,0.0,-0.005,23.049
2026-03-03T11:57:13.978,892.729,1029.248,23.307,-132.277,0.004,0.0,0.021,23.059
2026-03-03T11:57:14.479,893.229,1029.246,23.300,-132.254,0.004,0.0,0.008,23.052
2026-03-03T11:57:14.979,893.729,1029.248,23.302,-132.273,0.003,0.0,0.016,23.045
2026-03-03T11:57:15.479,894.229,1029.248,23.314,-132.275,0.004,0.0,-0.017,23.040
2026-03-03T11:57:15.978,894.729,1029.249,23.311,-132.280,0.004,0.0,-0.014,23.052
2026-03-03T11:57:16.479,895.229,1029.251,23.307,-132.300,0.004,0.0,-0.016,23.038
2026-03-03T11:57:16.996,895.729,1029.250,23.309,-132.287,0.004,0.0,-0.027,23.024
2026-03-03T11:57:17.478,896.229,1029.249,23.302,-132.280,0.003,0.0,0.044,23.049
2026-03-03T11:57:17.979,896.729,1029.249,23.312,-132.281,0.004,0.0,-0.015,23.038
2026-03-03T11:57:18.478,897.229,1029.250,23.297,-132.292,0.004,0.0,0.018,23.045
2026-03-03T11:57:18.979,897.729,1029.247,23.286,-132.268,0.004,0.0,0.009,23.031
2026-03-03T11:57:19.478,898.229,1029.247,23.302,-132.266,0.004,0.0,0.019,23.036
2026-03-03T11:57:19.978,898.729,1029.246,23.297,-132.261,0.003,0.0,0.003,23.043
2026-03-03T11:57:20.480,899.229,1029.250,23.300,-132.294,0.004,0.0,-0.012,23.052
2026-03-03T11:57:20.979,899.729,1029.250,23.307,-132.292,0.004,0.0,-0.011,23.033
2026-03-03T11:57:21.479,900.229,1029.251,23.309,-132.302,0.004,0.0,0.005,23.038
2026-03-03T11:57:21.980,900.729,1029.251,23.297,-132.300,0.004,0.0,-0.009,23.043
2026-03-03T11:57:22.487,901.234,1029.250,23.303,-132.289,0.004,0.0,0.002,23.065
2026-03-03T11:57:22.978,901.729,1029.253,23.301,-132.318,0.004,0.0,-0.010,23.052
2026-03-03T11:57:23.480,902.229,1029.251,23.299,-132.301,0.004,0.0,-0.032,23.059
2026-03-03T11:57:23.979,902.729,1029.253,23.304,-132.312,0.004,0.0,-0.004,23.029
2026-03-03T11:57:24.479,903.229,1029.255,23.312,-132.327,0.004,0.0,0.006,23.040
2026-03-03T11:57:24.978,903.729,1029.251,23.311,-132.295,0.004,0.0,-0.038,23.049
2026-03-03T11:57:25.479,904.229,1029.251,23.287,-132.299,0.003,0.0,0.012,23.033
2026-03-03T11:57:25.985,904.729,1029.255,23.302,-132.334,0.004,0.0,-0.019,23.029
2026-03-03T11:57:26.480,905.229,1029.254,23.303,-132.319,0.004,0.0,-0.022,23.056
2026-03-03T11:57:26.980,905.729,1029.255,23.318,-132.332,0.004,0.0,0.006,23.059
2026-03-03T11:57:27.479,906.229,1029.255,23.312,-132.335,0.003,0.0,-0.007,23.040
2026-03-03T11:57:27.978,906.729,1029.255,23.304,-132.328,0.003,0.0,0.031,23.024
2026-03-03T11:57:28.483,907.229,1029.255,23.303,-132.335,0.004,0.0,0.023,23.033
2026-03-03T11:57:28.978,907.729,1029.253,23.293,-132.311,0.004,0.0,-0.047,23.029
2026-03-03T11:57:29.480,908.229,1029.258,23.307,-132.353,0.004,0.0,-0.035,23.054
2026-03-03T11:57:29.978,908.729,1029.255,23.294,-132.328,0.004,0.0,-0.041,23.047
2026-03-03T11:57:30.480,909.229,1029.259,23.299,-132.362,0.003,0.0,0.015,23.047
2026-03-03T11:57:30.979,909.729,1029.255,23.297,-132.330,0.004,0.0,0.016,23.056
2026-03-03T11:57:31.481,910.229,1029.257,23.289,-132.346,0.003,0.0,0.019,23.043
2026-03-03T11:57:31.991,910.729,1029.261,23.296,-132.383,0.004,0.0,-0.002,23.061
2026-03-03T11:57:32.479,911.229,1029.258,23.299,-132.355,0.004,0.0,-0.018,23.047
2026-03-03T11:57:32.983,911.734,1029.258,23.304,-132.358,0.004,0.0,0.015,23.049
2026-03-03T11:57:33.479,912.229,1029.257,23.292,-132.349,0.004,0.0,-0.001,23.054
2026-03-03T11:57:33.978,912.729,1029.255,23.292,-132.333,0.004,0.0,0.017,23.049
2026-03-03T11:57:34.479,913.229,1029.258,23.289,-132.354,0.004,0.0,0.001,23.054
2026-03-03T11:57:34.978,913.729,1029.254,23.299,-132.324,0.004,0.0,-0.013,23.068
2026-03-03T11:57:35.483,914.229,1029.255,23.294,-132.335,0.004,0.0,0.005,23.038
2026-03-03T11:57:35.977,914.729,1029.256,23.280,-132.339,0.004,0.0,0.009,23.059
2026-03-03T11:57:36.486,915.229,1029.256,23.280,-132.339,0.004,0.0,0.003,23.045
2026-03-03T11:57:36.979,915.729,1029.259,23.292,-132.364,0.004,0.0,-0.002,23.054
2026-03-03T11:57:37.478,916.229,1029.260,23.304,-132.373,0.004,0.0,-0.010,23.040
2026-03-03T11:57:37.979,916.729,1029.262,23.292,-132.387,0.003,0.0,0.026,23.045
2026-03-03T11:57:38.478,917.229,1029.261,23.300,-132.378,0.004,0.0,-0.002,23.063
2026-03-03T11:57:38.978,917.729,1029.258,23.292,-132.356,0.004,0.0,-0.046,23.022
2026-03-03T11:57:39.479,918.229,1029.259,23.300,-132.362,0.004,0.0,0.003,23.045
2026-03-03T11:57:39.978,918.729,1029.259,23.306,-132.367,0.004,0.0,-0.009,23.045
2026-03-03T11:57:40.478,919.229,1029.260,23.298,-132.376,0.004,0.0,-0.007,23.049
2026-03-03T11:57:40.985,919.729,1029.262,23.297,-132.391,0.004,0.0,0.016,23.033
2026-03-03T11:57:41.479,920.229,1029.262,23.299,-132.385,0.004,0.0,-0.011,23.043
2026-03-03T11:57:42.006,920.729,1029.260,23.293,-132.373,0.004,0.0,-0.002,23.059
2026-03-03T11:57:42.478,921.229,1029.264,23.311,-132.402,0.004,0.0,-0.039,23.045
2026-03-03T11:57:42.979,921.729,1029.261,23.308,-132.384,0.003,0.0,0.043,23.033
2026-03-03T11:57:43.483,922.234,1029.260,23.292,-132.372,0.004,0.0,0.001,23.059
2026-03-03T11:57:43.979,922.729,1029.259,23.284,-132.365,0.004,0.0,-0.026,23.038
2026-03-03T11:57:44.478,923.229,1029.263,23.295,-132.397,0.004,0.0,0.026,23.059
2026-03-03T11:57:44.979,923.729,1029.261,23.289,-132.384,0.004,0.0,0.019,23.033
2026-03-03T11:57:45.478,924.229,1029.260,23.292,-132.372,0.003,0.0,0.031,23.049
2026-03-03T11:57:45.979,924.729,1029.260,23.280,-132.369,0.004,0.0,-0.000,23.052
2026-03-03T11:57:46.484,925.229,1029.261,23.283,-132.379,0.003,0.0,0.020,23.029
2026-03-03T11:57:46.978,925.729,1029.261,23.284,-132.380,0.004,0.0,-0.024,23.049
2026-03-03T11:57:47.479,926.229,1029.261,23.296,-132.382,0.003,0.0,0.023,23.029
2026-03-03T11:57:47.979,926.729,1029.266,23.301,-132.417,0.004,0.0,-0.001,23.043
2026-03-03T11:57:48.478,927.229,1029.261,23.293,-132.380,0.004,0.0,-0.021,23.045
2026-03-03T11:57:48.978,927.729,1029.264,23.292,-132.402,0.004,0.0,-0.001,23.043
2026-03-03T11:57:49.479,928.229,1029.266,23.302,-132.418,0.004,0.0,-0.013,23.040
2026-03-03T11:57:49.988,928.729,1029.265,23.305,-132.412,0.004,0.0,0.008,23.049
2026-03-03T11:57:50.479,929.229,1029.264,23.288,-132.407,0.004,0.0,-0.030,23.027
2026-03-03T11:57:50.978,929.729,1029.268,23.304,-132.435,0.004,0.0,0.021,23.040
2026-03-03T11:57:51.478,930.229,1029.264,23.288,-132.406,0.004,0.0,-0.024,23.043
2026-03-03T11:57:51.979,930.729,1029.265,23.301,-132.409,0.004,0.0,-0.021,23.061
2026-03-03T11:57:52.478,931.229,1029.264,23.299,-132.408,0.003,0.0,0.044,23.047
2026-03-03T11:57:52.978,931.729,1029.266,23.305,-132.421,0.004,0.0,-0.005,23.017
2026-03-03T11:57:53.479,932.229,1029.266,23.293,-132.419,0.004,0.0,0.018,23.043
2026-03-03T11:57:53.983,932.734,1029.267,23.308,-132.431,0.003,0.0,0.032,23.074
2026-03-03T11:57:54.478,933.229,1029.266,23.289,-132.422,0.004,0.0,0.029,23.040
2026-03-03T11:57:54.978,933.729,1029.264,23.293,-132.403,0.004,0.0,-0.005,23.049
2026-03-03T11:57:55.479,934.229,1029.265,23.284,-132.411,0.004,0.0,-0.020,23.056
2026-03-03T11:57:55.978,934.729,1029.266,23.289,-132.422,0.004,0.0,-0.035,23.054
2026-03-03T11:57:56.479,935.229,1029.264,23.291,-132.408,0.004,0.0,-0.024,23.045
2026-03-03T11:57:56.986,935.729,1029.266,23.282,-132.424,0.004,0.0,0.007,23.045
2026-03-03T11:57:57.478,936.229,1029.265,23.280,-132.415,0.003,0.0,0.025,23.036
2026-03-03T11:57:57.978,936.729,1029.265,23.280,-132.415,0.004,0.0,-0.012,23.043
2026-03-03T11:57:58.478,937.229,1029.264,23.277,-132.405,0.004,0.0,0.022,23.040
2026-03-03T11:57:58.980,937.729,1029.264,23.277,-132.405,0.004,0.0,0.016,23.029
2026-03-03T11:57:59.478,938.229,1029.264,23.289,-132.407,0.004,0.0,0.010,23.043
2026-03-03T11:57:59.979,938.729,1029.261,23.287,-132.383,0.004,0.0,-0.028,23.052
2026-03-03T11:58:00.478,939.229,1029.264,23.288,-132.407,0.003,0.0,0.025,23.052
2026-03-03T11:58:00.979,939.729,1029.266,23.277,-132.420,0.004,0.0,-0.015,23.036
2026-03-03T11:58:01.498,940.229,1029.268,23.290,-132.438,0.004,0.0,-0.024,23.040
2026-03-03T11:58:01.978,940.729,1029.268,23.276,-132.435,0.003,0.0,0.022,23.043
2026-03-03T11:58:02.479,941.229,1029.266,23.283,-132.425,0.003,0.0,0.016,23.079
2026-03-03T11:58:02.978,941.729,1029.266,23.284,-132.418,0.003,0.0,0.028,23.054
2026-03-03T11:58:03.480,942.229,1029.265,23.291,-132.409,0.004,0.0,-0.015,23.038
2026-03-03T11:58:03.982,942.729,1029.264,23.276,-132.404,0.004,0.0,-0.008,23.047
2026-03-03T11:58:04.485,943.234,1029.265,23.284,-132.411,0.004,0.0,-0.007,23.040
2026-03-03T11:58:04.979,943.729,1029.269,23.290,-132.446,0.003,0.0,0.018,23.031
2026-03-03T11:58:05.478,944.229,1029.270,23.289,-132.453,0.004,0.0,0.003,23.038
2026-03-03T11:58:05.979,944.729,1029.265,23.271,-132.415,0.004,0.0,0.007,23.036
2026-03-03T11:58:06.478,945.229,1029.267,23.287,-132.428,0.003,0.0,0.011,23.047
2026-03-03T11:58:06.978,945.729,1029.265,23.281,-132.416,0.004,0.0,-0.030,23.040
2026-03-03T11:58:07.478,946.229,1029.267,23.272,-132.432,0.003,0.0,0.036,23.061
2026-03-03T11:58:07.979,946.729,1029.266,23.273,-132.417,0.004,0.0,-0.003,23.038
2026-03-03T11:58:08.487,947.229,1029.267,23.275,-132.433,0.004,0.0,-0.005,23.068
2026-03-03T11:58:08.979,947.729,1029.267,23.276,-132.428,0.004,0.0,0.007,23.056
2026-03-03T11:58:09.482,948.229,1029.266,23.274,-132.417,0.004,0.0,-0.004,23.054
2026-03-03T11:58:09.978,948.729,1029.266,23.273,-132.424,0.004,0.0,0.001,23.043
2026-03-03T11:58:10.479,949.229,1029.267,23.276,-132.428,0.004,0.0,-0.013,23.031
2026-03-03T11:58:10.978,949.729,1029.268,23.275,-132.434,0.004,0.0,-0.003,23.043
2026-03-03T11:58:11.479,950.229,1029.267,23.291,-132.432,0.004,0.0,-0.025,23.038
2026-03-03T11:58:11.981,950.729,1029.269,23.293,-132.442,0.004,0.0,-0.000,23.047
2026-03-03T11:58:12.479,951.229,1029.267,23.275,-132.426,0.004,0.0,-0.014,23.040
2026-03-03T11:58:12.998,951.729,1029.267,23.278,-132.429,0.004,0.0,-0.004,23.045
2026-03-03T11:58:13.479,952.229,1029.267,23.269,-132.429,0.004,0.0,0.001,23.033
2026-03-03T11:58:13.979,952.729,1029.264,23.258,-132.405,0.004,0.0,-0.011,23.043
2026-03-03T11:58:14.484,953.234,1029.265,23.258,-132.412,0.004,0.0,0.022,23.036
2026-03-03T11:58:14.979,953.729,1029.266,23.275,-132.419,0.004,0.0,-0.002,23.033
2026-03-03T11:58:15.477,954.229,1029.265,23.268,-132.412,0.004,0.0,0.014,23.047
2026-03-03T11:58:15.979,954.729,1029.270,23.280,-132.453,0.004,0.0,0.002,23.056
2026-03-03T11:58:16.479,955.229,1029.265,23.264,-132.410,0.004,0.0,0.001,23.031
2026-03-03T11:58:16.978,955.729,1029.266,23.266,-132.419,0.003,0.0,0.018,23.054
2026-03-03T11:58:17.478,956.229,1029.270,23.272,-132.454,0.003,0.0,0.050,23.049
2026-03-03T11:58:17.977,956.729,1029.265,23.257,-132.412,0.004,0.0,0.008,23.047
2026-03-03T11:58:18.478,957.229,1029.266,23.282,-132.424,0.004,0.0,0.006,23.040
2026-03-03T11:58:18.977,957.729,1029.265,23.266,-132.412,0.004,0.0,0.011,23.036
2026-03-03T11:58:19.479,958.229,1029.267,23.269,-132.429,0.004,0.0,0.011,23.040
2026-03-03T11:58:19.977,958.729,1029.264,23.270,-132.407,0.003,0.0,0.027,23.052
2026-03-03T11:58:20.477,959.229,1029.265,23.258,-132.412,0.003,0.0,0.014,23.024
2026-03-03T11:58:20.988,959.729,1029.265,23.258,-132.413,0.004,0.0,0.002,23.047
2026-03-03T11:58:21.477,960.229,1029.264,23.265,-132.403,0.004,0.0,-0.011,23.052
2026-03-03T11:58:21.981,960.729,1029.264,23.259,-132.406,0.004,0.0,-0.004,23.040
2026-03-03T11:58:22.478,961.229,1029.264,23.260,-132.406,0.004,0.0,-0.030,23.045
2026-03-03T11:58:22.979,961.729,1029.263,23.253,-132.400,0.004,0.0,0.004,23.049
2026-03-03T11:58:23.478,962.229,1029.268,23.264,-132.440,0.004,0.0,-0.041,23.047
2026-03-03T11:58:23.979,962.729,1029.266,23.261,-132.422,0.003,0.0,0.044,23.049
2026-03-03T11:58:24.481,963.229,1029.267,23.258,-132.428,0.003,0.0,0.018,23.031
2026-03-03T11:58:24.984,963.734,1029.264,23.262,-132.408,0.004,0.0,-0.002,23.047
2026-03-03T11:58:25.478,964.229,1029.265,23.254,-132.409,0.004,0.0,-0.010,23.036
2026-03-03T11:58:25.978,964.729,1029.264,23.262,-132.401,0.004,0.0,-0.026,23.020
2026-03-03T11:58:26.483,965.229,1029.263,23.267,-132.397,0.003,0.0,0.048,23.061
2026-03-03T11:58:26.978,965.729,1029.266,23.254,-132.417,0.004,0.0,-0.013,23.049
2026-03-03T11:58:27.478,966.229,1029.264,23.261,-132.407,0.004,0.0,-0.003,23.049
2026-03-03T11:58:27.977,966.729,1029.265,23.268,-132.413,0.003,0.0,0.012,23.052
2026-03-03T11:58:28.478,967.229,1029.262,23.269,-132.390,0.004,0.0,0.032,23.036
2026-03-03T11:58:28.977,967.729,1029.265,23.251,-132.414,0.004,0.0,0.011,23.038
2026-03-03T11:58:29.478,968.229,1029.264,23.262,-132.408,0.004,0.0,0.002,23.049
2026-03-03T11:58:29.983,968.729,1029.267,23.265,-132.426,0.004,0.0,-0.022,23.061
2026-03-03T11:58:30.479,969.229,1029.266,23.254,-132.417,0.004,0.0,-0.012,23.047
2026-03-03T11:58:30.999,969.729,1029.266,23.252,-132.423,0.003,0.0,0.011,23.063
2026-03-03T11:58:31.478,970.229,1029.264,23.261,-132.407,0.004,0.0,-0.007,23.047
2026-03-03T11:58:31.978,970.729,1029.262,23.262,-132.392,0.004,0.0,0.011,23.047
2026-03-03T11:58:32.478,971.229,1029.264,23.260,-132.406,0.004,0.0,-0.045,23.054
2026-03-03T11:58:32.978,971.729,1029.265,23.280,-132.415,0.004,0.0,0.028,23.047
2026-03-03T11:58:33.477,972.229,1029.264,23.272,-132.401,0.004,0.0,-0.006,23.049
2026-03-03T11:58:33.977,972.729,1029.263,23.277,-132.398,0.003,0.0,0.035,23.029
2026-03-03T11:58:34.477,973.229,1029.262,23.262,-132.385,0.003,0.0,0.025,23.047
2026-03-03T11:58:34.979,973.729,1029.261,23.258,-132.382,0.004,0.0,-0.020,23.063
2026-03-03T11:58:35.483,974.234,1029.261,23.260,-132.383,0.004,0.0,-0.013,23.072
2026-03-03T11:58:35.977,974.729,1029.262,23.247,-132.388,0.004,0.0,0.013,23.056
2026-03-03T11:58:36.478,975.229,1029.262,23.258,-132.389,0.004,0.0,0.009,23.036
2026-03-03T11:58:36.978,975.729,1029.263,23.264,-132.394,0.004,0.0,-0.004,23.049
2026-03-03T11:58:37.479,976.229,1029.259,23.258,-132.367,0.004,0.0,-0.018,23.045
2026-03-03T11:58:37.980,976.729,1029.263,23.266,-132.396,0.004,0.0,-0.012,23.040
2026-03-03T11:58:38.479,977.229,1029.263,23.266,-132.396,0.004,0.0,0.015,23.040
2026-03-03T11:58:38.984,977.729,1029.264,23.285,-132.404,0.004,0.0,0.009,23.043
2026-03-03T11:58:39.479,978.229,1029.262,23.281,-132.385,0.003,0.0,0.033,23.043
2026-03-03T11:58:39.979,978.729,1029.261,23.278,-132.383,0.004,0.0,-0.015,23.047
2026-03-03T11:58:40.477,979.229,1029.263,23.273,-132.394,0.004,0.0,-0.017,23.049
2026-03-03T11:58:40.978,979.729,1029.260,23.267,-132.374,0.003,0.0,0.005,23.065
2026-03-03T11:58:41.478,980.229,1029.259,23.264,-132.364,0.004,0.0,0.022,23.045
2026-03-03T11:58:41.979,980.729,1029.260,23.280,-132.369,0.003,0.0,0.025,23.054
2026-03-03T11:58:42.486,981.229,1029.257,23.275,-132.350,0.004,0.0,0.005,23.049
2026-03-03T11:58:42.978,981.729,1029.261,23.280,-132.377,0.004,0.0,-0.004,23.043
2026-03-03T11:58:43.481,982.229,1029.261,23.271,-132.378,0.004,0.0,-0.005,23.038
2026-03-03T11:58:43.977,982.729,1029.262,23.272,-132.386,0.004,0.0,-0.027,23.052
2026-03-03T11:58:44.478,983.229,1029.260,23.271,-132.369,0.004,0.0,0.012,23.054
2026-03-03T11:58:44.977,983.729,1029.257,23.266,-132.350,0.004,0.0,0.017,23.047
2026-03-03T11:58:45.478,984.229,1029.258,23.262,-132.355,0.004,0.0,0.000,23.045
2026-03-03T11:58:45.982,984.734,1029.259,23.267,-132.366,0.004,0.0,-0.025,23.052
2026-03-03T11:58:46.478,985.229,1029.257,23.260,-132.346,0.004,0.0,0.003,23.038
2026-03-03T11:58:46.996,985.729,1029.258,23.272,-132.355,0.003,0.0,0.018,23.052
2026-03-03T11:58:47.477,986.229,1029.260,23.275,-132.373,0.004,0.0,0.012,23.054
2026-03-03T11:58:47.978,986.729,1029.256,23.265,-132.341,0.004,0.0,-0.001,23.047
2026-03-03T11:58:48.477,987.229,1029.259,23.270,-132.361,0.004,0.0,0.017,23.040
2026-03-03T11:58:48.978,987.729,1029.257,23.256,-132.350,0.004,0.0,-0.003,23.047
2026-03-03T11:58:49.477,988.229,1029.254,23.262,-132.324,0.004,0.0,-0.021,23.049
2026-03-03T11:58:49.978,988.729,1029.259,23.263,-132.363,0.004,0.0,0.011,23.033
2026-03-03T11:58:50.479,989.229,1029.257,23.258,-132.344,0.004,0.0,-0.038,23.049
2026-03-03T11:58:50.977,989.729,1029.257,23.258,-132.344,0.003,0.0,0.006,23.054
2026-03-03T11:58:51.477,990.229,1029.254,23.270,-132.323,0.004,0.0,0.000,23.040
2026-03-03T11:58:51.977,990.729,1029.256,23.267,-132.343,0.004,0.0,-0.016,23.038
2026-03-03T11:58:52.479,991.229,1029.255,23.260,-132.330,0.004,0.0,0.007,23.040
2026-03-03T11:58:52.978,991.729,1029.257,23.275,-132.350,0.004,0.0,-0.020,23.045
2026-03-03T11:58:53.478,992.229,1029.256,23.266,-132.342,0.004,0.0,-0.012,23.063
2026-03-03T11:58:53.984,992.729,1029.256,23.268,-132.337,0.004,0.0,0.003,23.052
2026-03-03T11:58:54.478,993.229,1029.254,23.259,-132.321,0.004,0.0,0.008,23.040
2026-03-03T11:58:54.981,993.729,1029.256,23.270,-132.338,0.004,0.0,0.011,23.015
2026-03-03T11:58:55.477,994.229,1029.257,23.269,-132.345,0.004,0.0,-0.041,23.045
2026-03-03T11:58:55.979,994.729,1029.255,23.276,-132.328,0.004,0.0,0.001,23.043
2026-03-03T11:58:56.482,995.234,1029.253,23.266,-132.312,0.003,0.0,0.053,23.033
2026-03-03T11:58:56.979,995.729,1029.254,23.264,-132.326,0.003,0.0,0.042,23.068
2026-03-03T11:58:57.478,996.229,1029.251,23.274,-132.296,0.004,0.0,-0.009,23.043
2026-03-03T11:58:57.978,996.729,1029.252,23.263,-132.310,0.004,0.0,-0.007,23.043
2026-03-03T11:58:58.486,997.229,1029.254,23.275,-132.319,0.004,0.0,-0.011,23.031
2026-03-03T11:58:58.977,997.729,1029.256,23.280,-132.339,0.004,0.0,-0.064,23.040
2026-03-03T11:58:59.478,998.229,1029.250,23.266,-132.289,0.004,0.0,-0.000,23.036
2026-03-03T11:58:59.977,998.729,1029.249,23.248,-132.282,0.004,0.0,0.018,23.031
2026-03-03T11:59:00.477,999.229,1029.252,23.256,-132.304,0.004,0.0,-0.011,23.036
2026-03-03T11:59:00.977,999.729,1029.250,23.252,-132.293,0.004,0.0,0.014,23.033
2026-03-03T11:59:01.478,1000.229,1029.250,23.261,-132.286,0.003,0.0,0.010,23.040
2026-03-03T11:59:01.976,1000.729,1029.251,23.269,-132.300,0.003,0.0,0.035,23.040
2026-03-03T11:59:02.478,1001.229,1029.253,23.275,-132.312,0.004,0.0,-0.019,23.036
2026-03-03T11:59:02.990,1001.729,1029.250,23.260,-132.292,0.004,0.0,-0.011,23.033
2026-03-03T11:59:03.478,1002.229,1029.250,23.269,-132.292,0.004,0.0,-0.016,23.040
2026-03-03T11:59:03.978,1002.729,1029.249,23.279,-132.284,0.003,0.0,0.026,23.043
2026-03-03T11:59:04.477,1003.229,1029.250,23.283,-132.288,0.004,0.0,0.001,23.038
2026-03-03T11:59:04.977,1003.729,1029.247,23.293,-132.266,0.004,0.0,0.004,23.033
2026-03-03T11:59:05.477,1004.229,1029.248,23.288,-132.277,0.004,0.0,-0.010,23.059
2026-03-03T11:59:05.977,1004.729,1029.249,23.274,-132.280,0.004,0.0,0.012,23.020
2026-03-03T11:59:06.482,1005.229,1029.249,23.272,-132.279,0.004,0.0,0.009,23.054
2026-03-03T11:59:06.983,1005.734,1029.247,23.278,-132.269,0.004,0.0,0.014,23.047
2026-03-03T11:59:07.486,1006.229,1029.247,23.263,-132.264,0.004,0.0,0.011,23.036
2026-03-03T11:59:07.977,1006.729,1029.250,23.277,-132.291,0.004,0.0,0.002,23.038
2026-03-03T11:59:08.478,1007.229,1029.248,23.266,-132.274,0.004,0.0,-0.021,23.047
2026-03-03T11:59:08.978,1007.729,1029.245,23.269,-132.245,0.004,0.0,0.003,23.031
2026-03-03T11:59:09.477,1008.229,1029.246,23.269,-132.261,0.004,0.0,-0.033,23.027
2026-03-03T11:59:09.977,1008.729,1029.245,23.264,-132.249,0.004,0.0,0.022,23.040
2026-03-03T11:59:10.476,1009.229,1029.243,23.267,-132.235,0.004,0.0,0.037,23.038
2026-03-03T11:59:10.980,1009.729,1029.246,23.279,-132.253,0.004,0.0,-0.026,23.049
2026-03-03T11:59:11.478,1010.229,1029.242,23.270,-132.223,0.004,0.0,-0.012,23.040
2026-03-03T11:59:11.991,1010.729,1029.244,23.277,-132.237,0.004,0.0,0.017,23.063
2026-03-03T11:59:12.477,1011.229,1029.247,23.279,-132.262,0.004,0.0,-0.014,23.049
2026-03-03T11:59:12.978,1011.729,1029.246,23.290,-132.256,0.004,0.0,-0.000,23.020
2026-03-03T11:59:13.477,1012.229,1029.243,23.271,-132.231,0.004,0.0,-0.032,23.045
2026-03-03T11:59:13.977,1012.729,1029.245,23.278,-132.245,0.004,0.0,0.040,23.054
2026-03-03T11:59:14.477,1013.229,1029.244,23.277,-132.237,0.004,0.0,0.021,23.040
2026-03-03T11:59:14.979,1013.729,1029.241,23.280,-132.215,0.004,0.0,0.021,23.047
2026-03-03T11:59:15.478,1014.229,1029.244,23.273,-132.240,0.004,0.0,0.020,23.040
2026-03-03T11:59:15.978,1014.729,1029.246,23.277,-132.260,0.004,0.0,0.023,23.043
2026-03-03T11:59:16.478,1015.229,1029.240,23.273,-132.210,0.004,0.0,0.033,23.049
2026-03-03T11:59:16.977,1015.729,1029.242,23.285,-132.220,0.004,0.0,-0.004,23.061
2026-03-03T11:59:17.482,1016.234,1029.241,23.272,-132.217,0.004,0.0,0.007,23.063
2026-03-03T11:59:17.977,1016.729,1029.238,23.269,-132.192,0.004,0.0,-0.015,23.043
2026-03-03T11:59:18.477,1017.229,1029.238,23.282,-132.194,0.004,0.0,0.012,23.049
2026-03-03T11:59:18.981,1017.729,1029.240,23.286,-132.205,0.004,0.0,-0.014,23.040
2026-03-03T11:59:19.477,1018.229,1029.239,23.283,-132.196,0.004,0.0,-0.013,23.049
2026-03-03T11:59:20.003,1018.729,1029.237,23.279,-132.184,0.004,0.0,0.013,23.040
2026-03-03T11:59:20.477,1019.229,1029.236,23.272,-132.178,0.004,0.0,-0.015,23.036
2026-03-03T11:59:20.978,1019.729,1029.236,23.278,-132.176,0.004,0.0,0.020,23.049
2026-03-03T11:59:21.477,1020.229,1029.238,23.292,-132.187,0.004,0.0,0.030,23.056
2026-03-03T11:59:21.977,1020.729,1029.237,23.290,-132.185,0.004,0.0,0.012,23.038
2026-03-03T11:59:22.484,1021.229,1029.239,23.284,-132.196,0.004,0.0,-0.031,23.038
2026-03-03T11:59:22.978,1021.729,1029.235,23.276,-132.166,0.004,0.0,-0.031,23.022
2026-03-03T11:59:23.500,1022.229,1029.238,23.291,-132.194,0.004,0.0,0.009,23.043
2026-03-03T11:59:23.976,1022.729,1029.237,23.286,-132.183,0.004,0.0,0.016,23.040
2026-03-03T11:59:24.478,1023.229,1029.237,23.273,-132.180,0.004,0.0,-0.023,23.045
2026-03-03T11:59:24.976,1023.729,1029.235,23.287,-132.167,0.004,0.0,0.022,23.038
2026-03-03T11:59:25.477,1024.229,1029.230,23.266,-132.128,0.004,0.0,0.003,23.056
2026-03-03T11:59:25.976,1024.729,1029.232,23.262,-132.140,0.004,0.0,-0.001,23.033
2026-03-03T11:59:26.478,1025.229,1029.235,23.282,-132.164,0.004,0.0,-0.007,23.038
2026-03-03T11:59:26.986,1025.729,1029.231,23.275,-132.135,0.004,0.0,-0.001,23.043
2026-03-03T11:59:27.477,1026.229,1029.232,23.276,-132.144,0.004,0.0,0.010,23.045
2026-03-03T11:59:27.994,1026.731,1029.234,23.282,-132.156,0.004,0.0,0.028,23.038
2026-03-03T11:59:28.485,1027.236,1029.232,23.282,-132.141,0.004,0.0,-0.012,23.056
2026-03-03T11:59:28.980,1027.731,1029.233,23.292,-132.149,0.004,0.0,0.009,23.038
2026-03-03T11:59:29.479,1028.231,1029.229,23.279,-132.116,0.004,0.0,-0.004,23.040
2026-03-03T11:59:29.980,1028.731,1029.230,23.290,-132.125,0.004,0.0,0.006,23.045
2026-03-03T11:59:30.479,1029.231,1029.229,23.275,-132.113,0.004,0.0,0.001,23.036
2026-03-03T11:59:30.978,1029.731,1029.229,23.289,-132.117,0.004,0.0,-0.011,23.049
2026-03-03T11:59:31.484,1030.231,1029.227,23.283,-132.104,0.004,0.0,0.020,23.045
2026-03-03T11:59:31.980,1030.731,1029.228,23.280,-132.110,0.004,0.0,-0.001,23.056
2026-03-03T11:59:32.494,1031.231,1029.230,23.289,-132.125,0.004,0.0,0.028,23.033
2026-03-03T11:59:32.979,1031.731,1029.224,23.277,-132.076,0.004,0.0,0.017,23.054
2026-03-03T11:59:33.482,1032.231,1029.229,23.293,-132.120,0.004,0.0,-0.007,23.047
2026-03-03T11:59:33.979,1032.731,1029.229,23.284,-132.113,0.004,0.0,-0.031,23.038
2026-03-03T11:59:34.478,1033.231,1029.224,23.282,-132.080,0.004,0.0,0.012,23.043
2026-03-03T11:59:34.979,1033.731,1029.223,23.279,-132.071,0.004,0.0,-0.023,23.045
2026-03-03T11:59:35.479,1034.231,1029.228,23.281,-132.110,0.004,0.0,-0.024,23.029
2026-03-03T11:59:35.983,1034.731,1029.226,23.284,-132.090,0.004,0.0,0.009,23.031
2026-03-03T11:59:36.479,1035.231,1029.223,23.283,-132.066,0.004,0.0,-0.014,23.043
2026-03-03T11:59:36.997,1035.731,1029.224,23.280,-132.079,0.004,0.0,-0.006,23.047
2026-03-03T11:59:37.478,1036.231,1029.226,23.293,-132.089,0.004,0.0,0.027,23.011
2026-03-03T11:59:38.003,1036.731,1029.225,23.283,-132.081,0.004,0.0,-0.025,23.045
2026-03-03T11:59:38.479,1037.231,1029.225,23.289,-132.086,0.004,0.0,0.020,23.043
2026-03-03T11:59:38.985,1037.736,1029.227,23.296,-132.100,0.004,0.0,-0.024,23.036
2026-03-03T11:59:39.478,1038.231,1029.223,23.286,-132.068,0.004,0.0,0.008,23.043
2026-03-03T11:59:39.979,1038.731,1029.221,23.289,-132.055,0.004,0.0,-0.033,23.045
2026-03-03T11:59:40.479,1039.231,1029.221,23.285,-132.052,0.004,0.0,0.018,23.072
2026-03-03T11:59:40.980,1039.731,1029.223,23.283,-132.066,0.004,0.0,-0.008,23.040
2026-03-03T11:59:41.480,1040.231,1029.220,23.288,-132.047,0.004,0.0,-0.001,23.059
2026-03-03T11:59:41.978,1040.731,1029.221,23.284,-132.052,0.004,0.0,0.001,23.038
2026-03-03T11:59:42.480,1041.231,1029.218,23.286,-132.030,0.004,0.0,-0.001,23.052
2026-03-03T11:59:42.979,1041.731,1029.218,23.281,-132.027,0.004,0.0,0.019,23.043
2026-03-03T11:59:43.480,1042.231,1029.219,23.282,-132.035,0.004,0.0,0.012,23.033
2026-03-03T11:59:43.978,1042.731,1029.217,23.275,-132.021,0.004,0.0,-0.040,23.049
2026-03-03T11:59:44.479,1043.231,1029.218,23.270,-132.025,0.004,0.0,0.022,23.049
2026-03-03T11:59:44.978,1043.731,1029.213,23.264,-131.989,0.004,0.0,-0.045,23.045
2026-03-03T11:59:45.479,1044.231,1029.214,23.266,-131.991,0.004,0.0,-0.012,23.033
2026-03-03T11:59:45.978,1044.731,1029.213,23.276,-131.984,0.004,0.0,-0.022,23.038
2026-03-03T11:59:46.478,1045.231,1029.212,23.267,-131.977,0.004,0.0,-0.014,23.043
2026-03-03T11:59:46.982,1045.731,1029.214,23.273,-131.997,0.004,0.0,-0.008,23.047
2026-03-03T11:59:47.479,1046.231,1029.209,23.272,-131.957,0.004,0.0,-0.003,23.054
2026-03-03T11:59:47.980,1046.731,1029.208,23.266,-131.945,0.004,0.0,0.013,23.031
2026-03-03T11:59:48.478,1047.231,1029.211,23.268,-131.970,0.004,0.0,-0.027,23.038
2026-03-03T11:59:48.981,1047.731,1029.212,23.279,-131.979,0.004,0.0,-0.007,23.052
2026-03-03T11:59:49.485,1048.236,1029.215,23.282,-132.004,0.004,0.0,-0.009,23.045
2026-03-03T11:59:49.979,1048.731,1029.212,23.271,-131.980,0.004,0.0,0.012,23.056
2026-03-03T11:59:50.487,1049.231,1029.211,23.277,-131.970,0.004,0.0,0.010,23.059
2026-03-03T11:59:50.978,1049.731,1029.210,23.277,-131.962,0.004,0.0,0.008,23.045
2026-03-03T11:59:51.479,1050.231,1029.208,23.274,-131.944,0.004,0.0,0.019,23.040
2026-03-03T11:59:51.979,1050.731,1029.208,23.277,-131.947,0.004,0.0,0.003,23.045
2026-03-03T11:59:52.480,1051.231,1029.210,23.269,-131.963,0.004,0.0,0.018,23.043
2026-03-03T11:59:52.978,1051.731,1029.210,23.274,-131.959,0.004,0.0,-0.012,23.047
2026-03-03T11:59:53.480,1052.231,1029.208,23.283,-131.944,0.004,0.0,0.025,23.056
2026-03-03T11:59:53.989,1052.731,1029.208,23.277,-131.947,0.004,0.0,-0.002,23.036
2026-03-03T11:59:54.478,1053.231,1029.208,23.277,-131.947,0.004,0.0,-0.015,23.024
2026-03-03T11:59:54.980,1053.731,1029.209,23.285,-131.953,0.004,0.0,0.037,23.045
2026-03-03T11:59:55.479,1054.231,1029.208,23.284,-131.945,0.004,0.0,-0.030,23.027
2026-03-03T11:59:55.980,1054.731,1029.209,23.279,-131.956,0.004,0.0,-0.020,23.043
2026-03-03T11:59:56.478,1055.231,1029.204,23.278,-131.908,0.004,0.0,-0.011,23.049
2026-03-03T11:59:56.981,1055.731,1029.204,23.283,-131.914,0.004,0.0,-0.013,23.052
2026-03-03T11:59:57.483,1056.231,1029.205,23.276,-131.922,0.004,0.0,-0.009,23.029
2026-03-03T11:59:57.980,1056.731,1029.204,23.269,-131.908,0.004,0.0,0.027,23.061
2026-03-03T11:59:58.478,1057.231,1029.206,23.281,-131.927,0.004,0.0,0.039,23.049
2026-03-03T11:59:58.978,1057.731,1029.204,23.278,-131.908,0.004,0.0,-0.012,23.047
2026-03-03T11:59:59.480,1058.231,1029.208,23.277,-131.947,0.004,0.0,-0.002,23.043
2026-03-03T11:59:59.984,1058.736,1029.205,23.278,-131.917,0.004,0.0,-0.022,23.040
2026-03-03T12:00:00.479,1059.231,1029.205,23.281,-131.920,0.004,0.0,0.019,23.031
2026-03-03T12:00:00.980,1059.731,1029.204,23.288,-131.908,0.004,0.0,-0.029,23.049
2026-03-03T12:00:01.480,1060.231,1029.201,23.273,-131.889,0.004,0.0,-0.038,23.043
2026-03-03T12:00:01.992,1060.731,1029.199,23.281,-131.873,0.004,0.0,0.017,23.033
2026-03-03T12:00:02.478,1061.231,1029.203,23.293,-131.905,0.004,0.0,0.005,23.033
2026-03-03T12:00:02.979,1061.731,1029.204,23.286,-131.916,0.004,0.0,-0.012,23.059
2026-03-03T12:00:03.478,1062.231,1029.201,23.274,-131.889,0.004,0.0,0.018,23.029
2026-03-03T12:00:03.979,1062.731,1029.203,23.281,-131.903,0.004,0.0,-0.012,23.036
2026-03-03T12:00:04.478,1063.231,1029.200,23.279,-131.879,0.004,0.0,0.011,23.045
2026-03-03T12:00:04.978,1063.731,1029.200,23.281,-131.880,0.004,0.0,-0.017,23.031
2026-03-03T12:00:05.478,1064.231,1029.201,23.282,-131.889,0.004,0.0,0.010,23.031
2026-03-03T12:00:05.979,1064.731,1029.200,23.283,-131.875,0.004,0.0,0.030,23.029
2026-03-03T12:00:06.478,1065.231,1029.200,23.292,-131.882,0.004,0.0,0.002,23.049
2026-03-03T12:00:06.979,1065.731,1029.199,23.282,-131.874,0.004,0.0,-0.000,23.031
2026-03-03T12:00:07.479,1066.231,1029.203,23.288,-131.901,0.004,0.0,-0.028,23.036
2026-03-03T12:00:07.978,1066.731,1029.200,23.293,-131.875,0.004,0.0,0.013,23.056
2026-03-03T12:00:08.479,1067.231,1029.201,23.292,-131.889,0.004,0.0,-0.017,23.040
2026-03-03T12:00:08.978,1067.731,1029.198,23.287,-131.862,0.004,0.0,-0.035,23.045
2026-03-03T12:00:09.479,1068.231,1029.199,23.289,-131.871,0.004,0.0,-0.004,23.054
2026-03-03T12:00:09.978,1068.731,1029.197,23.273,-131.851,0.004,0.0,0.002,23.033
2026-03-03T12:00:10.486,1069.236,1029.196,23.288,-131.848,0.004,0.0,-0.013,23.040
2026-03-03T12:00:10.999,1069.731,1029.199,23.293,-131.868,0.004,0.0,0.043,23.033
2026-03-03T12:00:11.479,1070.231,1029.197,23.294,-131.853,0.004,0.0,0.019,23.065
2026-03-03T12:00:11.980,1070.731,1029.199,23.291,-131.873,0.004,0.0,0.013,23.033
2026-03-03T12:00:12.478,1071.231,1029.196,23.297,-131.848,0.004,0.0,0.018,23.033
2026-03-03T12:00:12.978,1071.731,1029.197,23.306,-131.855,0.004,0.0,0.001,23.045
2026-03-03T12:00:13.479,1072.231,1029.196,23.297,-131.847,0.004,0.0,0.011,23.049
2026-03-03T12:00:13.979,1072.731,1029.199,23.300,-131.873,0.004,0.0,-0.024,23.052
2026-03-03T12:00:14.487,1073.231,1029.196,23.294,-131.846,0.004,0.0,0.034,23.047
2026-03-03T12:00:14.978,1073.731,1029.200,23.297,-131.878,0.004,0.0,-0.012,23.045
2026-03-03T12:00:15.479,1074.231,1029.197,23.297,-131.855,0.004,0.0,-0.012,23.040
2026-03-03T12:00:15.978,1074.731,1029.199,23.294,-131.868,0.004,0.0,0.004,23.040
2026-03-03T12:00:16.480,1075.231,1029.197,23.292,-131.852,0.004,0.0,-0.019,23.036
2026-03-03T12:00:16.978,1075.731,1029.197,23.294,-131.853,0.004,0.0,0.014,23.059
2026-03-03T12:00:17.479,1076.231,1029.197,23.293,-131.852,0.004,0.0,0.013,23.047
2026-03-03T12:00:17.979,1076.731,1029.195,23.284,-131.837,0.004,0.0,-0.028,23.024
2026-03-03T12:00:18.478,1077.231,1029.193,23.284,-131.821,0.004,0.0,0.030,23.040
2026-03-03T12:00:18.985,1077.731,1029.199,23.297,-131.871,0.004,0.0,-0.023,23.038
2026-03-03T12:00:19.479,1078.231,1029.196,23.297,-131.848,0.004,0.0,-0.033,23.054
2026-03-03T12:00:19.978,1078.731,1029.195,23.299,-131.834,0.004,0.0,0.026,23.056
2026-03-03T12:00:20.479,1079.231,1029.192,23.292,-131.813,0.004,0.0,0.025,23.049
2026-03-03T12:00:20.983,1079.736,1029.193,23.298,-131.819,0.004,0.0,-0.006,23.033
2026-03-03T12:00:21.478,1080.231,1029.194,23.300,-131.827,0.004,0.0,0.035,23.022
2026-03-03T12:00:21.979,1080.731,1029.190,23.291,-131.796,0.004,0.0,0.032,23.054
2026-03-03T12:00:22.487,1081.231,1029.193,23.292,-131.820,0.004,0.0,0.011,23.033
2026-03-03T12:00:22.979,1081.731,1029.192,23.291,-131.812,0.004,0.0,0.050,23.020
2026-03-03T12:00:23.479,1082.231,1029.193,23.299,-131.819,0.004,0.0,-0.011,23.045
2026-03-03T12:00:23.978,1082.731,1029.191,23.292,-131.805,0.004,0.0,-0.015,23.038
2026-03-03T12:00:24.478,1083.231,1029.191,23.294,-131.807,0.004,0.0,0.005,23.040
2026-03-03T12:00:24.979,1083.731,1029.192,23.297,-131.809,0.004,0.0,-0.021,23.038
2026-03-03T12:00:25.478,1084.231,1029.190,23.297,-131.794,0.004,0.0,0.006,23.045
2026-03-03T12:00:25.983,1084.731,1029.188,23.286,-131.777,0.004,0.0,0.002,23.036
2026-03-03T12:00:26.479,1085.231,1029.191,23.290,-131.804,0.004,0.0,0.021,23.036
2026-03-03T12:00:26.979,1085.731,1029.190,23.288,-131.795,0.004,0.0,0.028,23.047
2026-03-03T12:00:27.478,1086.231,1029.189,23.297,-131.786,0.004,0.0,-0.007,23.033
2026-03-03T12:00:27.978,1086.731,1029.194,23.307,-131.826,0.004,0.0,0.028,23.047
2026-03-03T12:00:28.477,1087.231,1029.192,23.296,-131.809,0.004,0.0,-0.021,23.031
2026-03-03T12:00:28.978,1087.731,1029.191,23.302,-131.806,0.004,0.0,0.010,23.043
2026-03-03T12:00:29.485,1088.231,1029.192,23.297,-131.809,0.004,0.0,0.022,23.040
2026-03-03T12:00:29.979,1088.731,1029.188,23.306,-131.779,0.004,0.0,0.012,23.065
2026-03-03T12:00:30.501,1089.231,1029.185,23.297,-131.756,0.004,0.0,-0.011,23.043
2026-03-03T12:00:30.978,1089.731,1029.187,23.302,-131.775,0.004,0.0,0.000,23.036
2026-03-03T12:00:31.484,1090.236,1029.191,23.297,-131.802,0.004,0.0,0.015,23.036
2026-03-03T12:00:31.978,1090.731,1029.190,23.290,-131.796,0.004,0.0,-0.001,23.038
2026-03-03T12:00:32.481,1091.231,1029.184,23.289,-131.749,0.004,0.0,0.006,23.029
2026-03-03T12:00:32.978,1091.731,1029.187,23.289,-131.772,0.004,0.0,0.018,23.031
2026-03-03T12:00:33.479,1092.231,1029.187,23.279,-131.772,0.004,0.0,-0.006,23.040
2026-03-03T12:00:33.978,1092.731,1029.189,23.292,-131.790,0.004,0.0,-0.012,23.040
2026-03-03T12:00:34.479,1093.231,1029.187,23.288,-131.772,0.004,0.0,0.020,23.045
2026-03-03T12:00:34.977,1093.731,1029.186,23.280,-131.764,0.004,0.0,0.029,23.022
2026-03-03T12:00:35.479,1094.231,1029.187,23.290,-131.773,0.004,0.0,-0.005,23.031
2026-03-03T12:00:35.985,1094.731,1029.186,23.284,-131.761,0.004,0.0,-0.013,23.045
2026-03-03T12:00:36.479,1095.231,1029.188,23.293,-131.776,0.004,0.0,0.006,23.049
2026-03-03T12:00:36.979,1095.731,1029.185,23.278,-131.756,0.004,0.0,0.004,23.045
2026-03-03T12:00:37.479,1096.231,1029.187,23.299,-131.773,0.004,0.0,-0.003,23.036
2026-03-03T12:00:37.977,1096.731,1029.187,23.293,-131.768,0.004,0.0,0.059,23.027
2026-03-03T12:00:38.477,1097.231,1029.185,23.280,-131.757,0.004,0.0,-0.009,23.036
2026-03-03T12:00:38.978,1097.731,1029.186,23.266,-131.761,0.004,0.0,-0.025,23.036
2026-03-03T12:00:39.478,1098.231,1029.184,23.265,-131.745,0.004,0.0,-0.052,23.038
2026-03-03T12:00:39.979,1098.731,1029.185,23.288,-131.757,0.004,0.0,-0.008,23.036
2026-03-03T12:00:40.484,1099.231,1029.183,23.281,-131.743,0.004,0.0,0.002,23.031
2026-03-03T12:00:40.979,1099.731,1029.182,23.274,-131.729,0.004,0.0,0.007,23.040
2026-03-03T12:00:41.480,1100.231,1029.180,23.260,-131.711,0.004,0.0,0.020,23.043
2026-03-03T12:00:41.982,1100.736,1029.181,23.266,-131.723,0.004,0.0,0.001,23.036
2026-03-03T12:00:42.479,1101.231,1029.182,23.270,-131.734,0.004,0.0,-0.002,23.038
2026-03-03T12:00:42.977,1101.731,1029.180,23.269,-131.718,0.004,0.0,0.029,23.040
2026-03-03T12:00:43.480,1102.231,1029.183,23.273,-131.736,0.004,0.0,0.024,23.043
2026-03-03T12:00:43.997,1102.731,1029.181,23.275,-131.723,0.004,0.0,-0.003,23.040
2026-03-03T12:00:44.479,1103.231,1029.182,23.277,-131.732,0.004,0.0,0.004,23.036
2026-03-03T12:00:44.978,1103.731,1029.181,23.267,-131.724,0.004,0.0,0.032,23.040
2026-03-03T12:00:45.477,1104.231,1029.183,23.282,-131.736,0.004,0.0,0.007,23.045
2026-03-03T12:00:45.979,1104.731,1029.179,23.263,-131.706,0.004,0.0,-0.022,23.036
2026-03-03T12:00:46.477,1105.231,1029.180,23.262,-131.713,0.004,0.0,0.007,23.022
2026-03-03T12:00:46.978,1105.731,1029.180,23.258,-131.716,0.004,0.0,0.010,23.052
2026-03-03T12:00:47.494,1106.231,1029.180,23.268,-131.718,0.004,0.0,0.019,23.038
2026-03-03T12:00:47.978,1106.731,1029.177,23.259,-131.687,0.004,0.0,-0.001,23.043
2026-03-03T12:00:48.477,1107.231,1029.179,23.263,-131.705,0.004,0.0,-0.046,23.031
2026-03-03T12:00:48.978,1107.731,1029.179,23.269,-131.703,0.003,0.0,0.049,23.040
2026-03-03T12:00:49.477,1108.231,1029.179,23.261,-131.703,0.004,0.0,0.003,23.033
2026-03-03T12:00:49.977,1108.731,1029.179,23.268,-131.709,0.004,0.0,0.011,23.052
2026-03-03T12:00:50.479,1109.231,1029.180,23.261,-131.712,0.004,0.0,0.015,23.036
2026-03-03T12:00:50.978,1109.731,1029.180,23.274,-131.714,0.004,0.0,0.023,23.027
2026-03-03T12:00:51.479,1110.231,1029.179,23.267,-131.709,0.004,0.0,0.030,23.054
2026-03-03T12:00:51.981,1110.731,1029.175,23.262,-131.674,0.004,0.0,-0.006,23.054
2026-03-03T12:00:52.484,1111.236,1029.178,23.274,-131.699,0.004,0.0,-0.031,23.054
2026-03-03T12:00:52.979,1111.731,1029.181,23.278,-131.726,0.004,0.0,0.024,23.049
2026-03-03T12:00:53.477,1112.231,1029.179,23.277,-131.710,0.004,0.0,0.009,23.031
2026-03-03T12:00:53.979,1112.731,1029.179,23.271,-131.705,0.004,0.0,-0.003,23.045
2026-03-03T12:00:54.478,1113.231,1029.178,23.282,-131.699,0.004,0.0,-0.048,23.033
2026-03-03T12:00:54.978,1113.731,1029.170,23.277,-131.634,0.004,0.0,0.023,23.043
2026-03-03T12:00:55.482,1114.231,1029.179,23.274,-131.707,0.004,0.0,0.001,23.038
2026-03-03T12:00:55.978,1114.731,1029.181,23.276,-131.724,0.004,0.0,0.015,23.036
2026-03-03T12:00:56.489,1115.231,1029.179,23.272,-131.706,0.004,0.0,0.023,23.054
2026-03-03T12:00:56.979,1115.731,1029.179,23.277,-131.710,0.004,0.0,-0.011,23.040
2026-03-03T12:00:57.478,1116.231,1029.178,23.268,-131.702,0.004,0.0,-0.006,23.029
2026-03-03T12:00:57.978,1116.731,1029.177,23.272,-131.691,0.004,0.0,0.022,23.029
2026-03-03T12:00:58.478,1117.231,1029.175,23.275,-131.677,0.004,0.0,-0.006,23.038
2026-03-03T12:00:58.978,1117.731,1029.176,23.273,-131.683,0.004,0.0,0.023,23.045
2026-03-03T12:00:59.478,1118.231,1029.176,23.277,-131.679,0.004,0.0,-0.010,23.038
2026-03-03T12:00:59.989,1118.731,1029.178,23.290,-131.698,0.004,0.0,0.001,23.040
2026-03-03T12:01:00.478,1119.231,1029.176,23.280,-131.681,0.004,0.0,0.022,23.036
2026-03-03T12:01:00.977,1119.731,1029.177,23.277,-131.687,0.004,0.0,-0.022,23.052
2026-03-03T12:01:01.477,1120.231,1029.175,23.275,-131.677,0.004,0.0,0.005,23.017
2026-03-03T12:01:01.979,1120.731,1029.177,23.274,-131.692,0.004,0.0,-0.026,23.031
2026-03-03T12:01:02.478,1121.231,1029.175,23.257,-131.671,0.004,0.0,-0.012,23.049
2026-03-03T12:01:02.983,1121.736,1029.178,23.270,-131.697,0.004,0.0,0.024,23.040
2026-03-03T12:01:03.479,1122.231,1029.177,23.275,-131.692,0.004,0.0,0.020,23.038
2026-03-03T12:01:03.978,1122.731,1029.175,23.284,-131.670,0.004,0.0,-0.012,23.027
2026-03-03T12:01:04.478,1123.231,1029.175,23.276,-131.670,0.004,0.0,0.031,23.036
2026-03-03T12:01:04.977,1123.731,1029.176,23.281,-131.683,0.004,0.0,-0.032,23.047
2026-03-03T12:01:05.478,1124.231,1029.174,23.278,-131.665,0.004,0.0,0.005,23.040
2026-03-03T12:01:05.977,1124.731,1029.174,23.282,-131.668,0.004,0.0,-0.025,23.054
2026-03-03T12:01:06.479,1125.231,1029.175,23.287,-131.672,0.004,0.0,-0.003,23.038
2026-03-03T12:01:06.978,1125.731,1029.177,23.287,-131.687,0.004,0.0,-0.003,23.036
2026-03-03T12:01:07.478,1126.231,1029.178,23.282,-131.699,0.004,0.0,0.005,23.040
2026-03-03T12:01:07.986,1126.731,1029.177,23.280,-131.690,0.004,0.0,0.039,23.065
2026-03-03T12:01:08.477,1127.231,1029.174,23.292,-131.668,0.004,0.0,0.023,23.036
2026-03-03T12:01:08.979,1127.731,1029.178,23.300,-131.698,0.004,0.0,0.043,23.033
2026-03-03T12:01:09.477,1128.231,1029.176,23.285,-131.678,0.004,0.0,-0.040,23.031
2026-03-03T12:01:09.978,1128.731,1029.174,23.280,-131.667,0.004,0.0,0.015,23.038
2026-03-03T12:01:10.480,1129.231,1029.178,23.290,-131.697,0.004,0.0,0.004,23.033
2026-03-03T12:01:10.978,1129.731,1029.176,23.283,-131.684,0.004,0.0,0.037,23.024
2026-03-03T12:01:11.488,1130.231,1029.175,23.281,-131.675,0.004,0.0,-0.005,23.033
2026-03-03T12:01:11.978,1130.731,1029.175,23.279,-131.673,0.004,0.0,0.002,23.033
2026-03-03T12:01:12.478,1131.231,1029.175,23.281,-131.675,0.004,0.0,0.017,23.043
2026-03-03T12:01:12.977,1131.731,1029.176,23.278,-131.680,0.004,0.0,0.033,23.031
2026-03-03T12:01:13.484,1132.236,1029.177,23.276,-131.686,0.004,0.0,-0.038,23.049
2026-03-03T12:01:13.977,1132.731,1029.175,23.283,-131.676,0.004,0.0,0.018,23.036
2026-03-03T12:01:14.479,1133.231,1029.174,23.274,-131.669,0.004,0.0,-0.011,23.047
2026-03-03T12:01:14.978,1133.731,1029.176,23.278,-131.680,0.004,0.0,-0.032,23.043
2026-03-03T12:01:15.478,1134.231,1029.175,23.275,-131.670,0.004,0.0,-0.001,23.063
2026-03-03T12:01:16.000,1134.731,1029.174,23.270,-131.666,0.004,0.0,-0.001,23.045
2026-03-03T12:01:16.477,1135.231,1029.175,23.275,-131.670,0.004,0.0,-0.021,23.045
2026-03-03T12:01:16.978,1135.731,1029.175,23.277,-131.672,0.004,0.0,0.019,23.031
2026-03-03T12:01:17.477,1136.231,1029.177,23.286,-131.694,0.004,0.0,0.031,23.040
2026-03-03T12:01:17.977,1136.731,1029.172,23.281,-131.652,0.004,0.0,-0.029,23.033
2026-03-03T12:01:18.477,1137.231,1029.175,23.282,-131.676,0.004,0.0,0.037,23.045
2026-03-03T12:01:18.977,1137.731,1029.175,23.278,-131.672,0.004,0.0,0.030,23.040
2026-03-03T12:01:19.484,1138.231,1029.173,23.282,-131.660,0.004,0.0,-0.005,23.052
2026-03-03T12:01:19.977,1138.731,1029.175,23.282,-131.676,0.004,0.0,0.008,23.024
2026-03-03T12:01:20.478,1139.231,1029.174,23.273,-131.668,0.004,0.0,0.010,23.052
2026-03-03T12:01:20.977,1139.731,1029.175,23.268,-131.672,0.004,0.0,-0.023,23.052
2026-03-03T12:01:21.478,1140.231,1029.172,23.267,-131.649,0.004,0.0,-0.019,23.059
2026-03-03T12:01:21.977,1140.731,1029.176,23.278,-131.680,0.004,0.0,-0.033,23.029
2026-03-03T12:01:22.478,1141.231,1029.174,23.277,-131.664,0.004,0.0,-0.048,23.043
2026-03-03T12:01:22.985,1141.731,1029.173,23.267,-131.656,0.004,0.0,0.024,23.027
2026-03-03T12:01:23.478,1142.231,1029.172,23.269,-131.649,0.004,0.0,-0.005,23.043
2026-03-03T12:01:23.991,1142.736,1029.173,23.273,-131.660,0.004,0.0,0.005,23.040
2026-03-03T12:01:24.477,1143.231,1029.174,23.277,-131.664,0.004,0.0,-0.011,23.047
2026-03-03T12:01:24.980,1143.731,1029.172,23.282,-131.645,0.004,0.0,-0.010,23.040
2026-03-03T12:01:25.477,1144.231,1029.174,23.278,-131.665,0.004,0.0,0.014,23.036
2026-03-03T12:01:25.977,1144.731,1029.174,23.262,-131.667,0.004,0.0,-0.027,23.038
2026-03-03T12:01:26.477,1145.231,1029.176,23.279,-131.681,0.004,0.0,-0.026,23.036
2026-03-03T12:01:26.978,1145.731,1029.178,23.288,-131.695,0.004,0.0,0.006,23.047
2026-03-03T12:01:27.477,1146.231,1029.175,23.282,-131.676,0.004,0.0,0.004,23.038
2026-03-03T12:01:27.978,1146.731,1029.176,23.284,-131.685,0.004,0.0,0.022,23.036
2026-03-03T12:01:28.479,1147.231,1029.173,23.276,-131.655,0.004,0.0,-0.025,23.038
2026-03-03T12:01:28.977,1147.731,1029.173,23.277,-131.656,0.004,0.0,0.006,23.061
2026-03-03T12:01:29.477,1148.231,1029.174,23.273,-131.668,0.004,0.0,0.016,23.036
2026-03-03T12:01:29.977,1148.731,1029.172,23.269,-131.650,0.004,0.0,-0.013,23.033
2026-03-03T12:01:30.478,1149.231,1029.173,23.264,-131.661,0.004,0.0,0.016,23.043
2026-03-03T12:01:30.982,1149.731,1029.171,23.275,-131.639,0.004,0.0,0.028,23.052
2026-03-03T12:01:31.478,1150.231,1029.173,23.265,-131.661,0.004,0.0,-0.002,23.031
2026-03-03T12:01:31.986,1150.731,1029.176,23.272,-131.683,0.004,0.0,-0.013,23.054
2026-03-03T12:01:32.477,1151.231,1029.170,23.261,-131.635,0.004,0.0,-0.008,23.047
2026-03-03T12:01:32.978,1151.731,1029.172,23.258,-131.649,0.004,0.0,0.025,23.054
2026-03-03T12:01:33.477,1152.231,1029.171,23.263,-131.644,0.004,0.0,-0.006,23.033
2026-03-03T12:01:33.977,1152.731,1029.172,23.269,-131.650,0.004,0.0,-0.003,23.031
2026-03-03T12:01:34.482,1153.236,1029.175,23.260,-131.672,0.004,0.0,-0.025,23.031
2026-03-03T12:01:34.977,1153.731,1029.175,23.263,-131.675,0.004,0.0,0.020,23.049
2026-03-03T12:01:35.477,1154.231,1029.174,23.259,-131.664,0.004,0.0,0.023,23.040
2026-03-03T12:01:35.978,1154.731,1029.177,23.277,-131.686,0.004,0.0,-0.012,23.052
2026-03-03T12:01:36.478,1155.231,1029.176,23.273,-131.683,0.004,0.0,0.000,23.043
2026-03-03T12:01:36.978,1155.731,1029.172,23.265,-131.647,0.004,0.0,-0.003,23.020
2026-03-03T12:01:37.484,1156.231,1029.173,23.269,-131.657,0.004,0.0,-0.002,23.036
2026-03-03T12:01:37.977,1156.731,1029.176,23.276,-131.678,0.004,0.0,-0.007,23.049
2026-03-03T12:01:38.477,1157.231,1029.173,23.269,-131.658,0.004,0.0,0.004,23.027
2026-03-03T12:01:38.977,1157.731,1029.172,23.270,-131.651,0.004,0.0,0.014,23.054
2026-03-03T12:01:39.478,1158.231,1029.171,23.266,-131.640,0.004,0.0,-0.037,23.040
2026-03-03T12:01:39.977,1158.731,1029.173,23.255,-131.661,0.004,0.0,-0.003,23.047
2026-03-03T12:01:40.477,1159.231,1029.172,23.263,-131.645,0.004,0.0,-0.013,23.043
2026-03-03T12:01:41.002,1159.731,1029.173,23.259,-131.657,0.004,0.0,-0.035,23.038
2026-03-03T12:01:41.477,1160.231,1029.173,23.258,-131.656,0.004,0.0,0.008,23.045
2026-03-03T12:01:41.979,1160.731,1029.172,23.253,-131.652,0.004,0.0,-0.021,23.036
2026-03-03T12:01:42.478,1161.231,1029.173,23.251,-131.658,0.004,0.0,-0.024,23.052
2026-03-03T12:01:42.977,1161.731,1029.174,23.260,-131.665,0.004,0.0,0.011,23.047
2026-03-03T12:01:43.476,1162.231,1029.173,23.262,-131.660,0.004,0.0,0.012,23.040
2026-03-03T12:01:43.977,1162.731,1029.172,23.264,-131.653,0.004,0.0,0.013,23.040
2026-03-03T12:01:44.478,1163.231,1029.177,23.281,-131.690,0.004,0.0,0.003,23.045
2026-03-03T12:01:44.984,1163.736,1029.173,23.271,-131.659,0.004,0.0,-0.011,23.027
2026-03-03T12:01:45.478,1164.231,1029.173,23.267,-131.656,0.004,0.0,0.012,23.063
2026-03-03T12:01:45.976,1164.731,1029.173,23.258,-131.656,0.004,0.0,-0.025,23.043
2026-03-03T12:01:46.478,1165.231,1029.173,23.260,-131.658,0.004,0.0,-0.010,23.029
2026-03-03T12:01:46.977,1165.731,1029.174,23.263,-131.668,0.004,0.0,-0.019,23.049
2026-03-03T12:01:47.478,1166.231,1029.174,23.258,-131.664,0.004,0.0,0.017,23.031
2026-03-03T12:01:47.980,1166.731,1029.174,23.260,-131.665,0.004,0.0,0.016,23.054
2026-03-03T12:01:48.477,1167.231,1029.174,23.257,-131.663,0.004,0.0,0.001,23.036
2026-03-03T12:01:48.977,1167.731,1029.174,23.266,-131.663,0.004,0.0,-0.008,23.045
2026-03-03T12:01:49.477,1168.231,1029.174,23.272,-131.668,0.004,0.0,0.032,23.031
2026-03-03T12:01:50.000,1168.731,1029.174,23.275,-131.662,0.004,0.0,0.028,23.040
2026-03-03T12:01:50.476,1169.231,1029.174,23.259,-131.664,0.004,0.0,-0.018,23.031
2026-03-03T12:01:50.978,1169.731,1029.174,23.266,-131.663,0.004,0.0,0.005,23.011
2026-03-03T12:01:51.476,1170.231,1029.172,23.258,-131.649,0.004,0.0,-0.022,23.052
2026-03-03T12:01:51.978,1170.731,1029.176,23.274,-131.684,0.004,0.0,0.033,23.047
2026-03-03T12:01:52.484,1171.231,1029.171,23.246,-131.639,0.004,0.0,0.016,23.049
2026-03-03T12:01:52.978,1171.731,1029.173,23.259,-131.657,0.004,0.0,0.009,23.049
2026-03-03T12:01:53.479,1172.231,1029.174,23.259,-131.664,0.004,0.0,-0.029,23.038
2026-03-03T12:01:53.977,1172.731,1029.173,23.259,-131.657,0.004,0.0,-0.010,23.029
2026-03-03T12:01:54.477,1173.231,1029.175,23.262,-131.674,0.004,0.0,-0.019,23.038
2026-03-03T12:01:54.978,1173.731,1029.175,23.278,-131.672,0.004,0.0,-0.012,23.040
2026-03-03T12:01:55.483,1174.236,1029.172,23.263,-131.652,0.004,0.0,-0.007,23.047
2026-03-03T12:01:55.977,1174.731,1029.176,23.278,-131.680,0.004,0.0,0.008,23.040
2026-03-03T12:01:56.478,1175.231,1029.175,23.266,-131.670,0.004,0.0,-0.019,23.072
2026-03-03T12:01:56.981,1175.731,1029.175,23.262,-131.674,0.004,0.0,0.011,23.045
2026-03-03T12:01:57.477,1176.231,1029.176,23.261,-131.681,0.004,0.0,-0.011,23.040
2026-03-03T12:01:57.991,1176.731,1029.173,23.255,-131.654,0.004,0.0,-0.007,23.024
2026-03-03T12:01:58.477,1177.231,1029.176,23.268,-131.679,0.004,0.0,-0.027,23.024
2026-03-03T12:01:58.978,1177.731,1029.172,23.264,-131.653,0.004,0.0,0.009,23.029
2026-03-03T12:01:59.477,1178.231,1029.172,23.254,-131.645,0.004,0.0,0.023,23.040
2026-03-03T12:01:59.977,1178.731,1029.173,23.259,-131.656,0.004,0.0,0.007,23.059
2026-03-03T12:02:00.476,1179.231,1029.172,23.257,-131.648,0.004,0.0,0.014,23.043
2026-03-03T12:02:00.977,1179.731,1029.171,23.263,-131.644,0.004,0.0,-0.025,23.043
2026-03-03T12:02:01.476,1180.231,1029.167,23.262,-131.606,0.004,0.0,-0.042,23.029
2026-03-03T12:02:01.977,1180.731,1029.171,23.259,-131.642,0.004,0.0,0.003,23.054
2026-03-03T12:02:02.482,1181.231,1029.174,23.257,-131.663,0.004,0.0,0.031,23.038
2026-03-03T12:02:02.977,1181.731,1029.174,23.273,-131.668,0.004,0.0,-0.000,23.036
2026-03-03T12:02:03.498,1182.231,1029.172,23.263,-131.653,0.004,0.0,0.001,23.063
2026-03-03T12:02:03.977,1182.731,1029.173,23.263,-131.660,0.004,0.0,0.006,23.040
2026-03-03T12:02:04.477,1183.231,1029.173,23.256,-131.654,0.004,0.0,0.004,23.040
2026-03-03T12:02:04.977,1183.731,1029.173,23.267,-131.656,0.004,0.0,0.004,23.052
2026-03-03T12:02:05.477,1184.231,1029.175,23.265,-131.677,0.004,0.0,0.009,23.047
2026-03-03T12:02:05.981,1184.736,1029.174,23.269,-131.665,0.004,0.0,0.006,23.038
2026-03-03T12:02:06.478,1185.231,1029.173,23.271,-131.659,0.004,0.0,-0.011,23.045
2026-03-03T12:02:06.976,1185.731,1029.170,23.268,-131.634,0.004,0.0,-0.000,23.040
2026-03-03T12:02:07.478,1186.231,1029.172,23.255,-131.646,0.004,0.0,0.024,23.033
2026-03-03T12:02:07.981,1186.731,1029.173,23.258,-131.656,0.004,0.0,0.007,23.027
2026-03-03T12:02:08.478,1187.231,1029.170,23.262,-131.636,0.004,0.0,-0.001,23.040
2026-03-03T12:02:08.978,1187.731,1029.172,23.253,-131.652,0.004,0.0,-0.017,23.036
2026-03-03T12:02:09.476,1188.231,1029.174,23.267,-131.663,0.004,0.0,-0.006,23.033
2026-03-03T12:02:09.976,1188.731,1029.173,23.268,-131.657,0.004,0.0,0.032,23.040
2026-03-03T12:02:10.477,1189.231,1029.173,23.260,-131.658,0.004,0.0,0.049,23.017
2026-03-03T12:02:10.978,1189.731,1029.173,23.269,-131.657,0.004,0.0,-0.032,23.045
2026-03-03T12:02:11.476,1190.231,1029.171,23.269,-131.642,0.004,0.0,0.014,23.056
2026-03-03T12:02:11.976,1190.731,1029.170,23.252,-131.636,0.004,0.0,-0.008,23.059
2026-03-03T12:02:12.489,1191.231,1029.173,23.269,-131.658,0.004,0.0,0.006,23.047
2026-03-03T12:02:12.978,1191.731,1029.172,23.262,-131.651,0.004,0.0,0.012,23.040
2026-03-03T12:02:13.488,1192.231,1029.169,23.266,-131.624,0.004,0.0,0.004,23.045
2026-03-03T12:02:13.978,1192.731,1029.169,23.258,-131.625,0.004,0.0,-0.015,23.040
2026-03-03T12:02:14.478,1193.231,1029.170,23.266,-131.632,0.004,0.0,0.003,23.031
2026-03-03T12:02:14.976,1193.731,1029.172,23.261,-131.651,0.004,0.0,0.006,23.031
2026-03-03T12:02:15.477,1194.231,1029.170,23.256,-131.632,0.004,0.0,0.005,23.043
2026-03-03T12:02:15.978,1194.731,1029.171,23.266,-131.640,0.004,0.0,0.012,23.047
2026-03-03T12:02:16.483,1195.236,1029.172,23.269,-131.650,0.004,0.0,0.001,23.047
2026-03-03T12:02:16.979,1195.731,1029.169,23.265,-131.624,0.004,0.0,-0.030,23.031
2026-03-03T12:02:17.476,1196.231,1029.171,23.265,-131.639,0.004,0.0,0.016,23.045
2026-03-03T12:02:17.985,1196.731,1029.167,23.258,-131.610,0.004,0.0,-0.049,23.036
2026-03-03T12:02:18.476,1197.231,1029.165,23.255,-131.593,0.004,0.0,-0.002,23.063
2026-03-03T12:02:18.976,1197.731,1029.166,23.254,-131.599,0.004,0.0,0.017,23.031
2026-03-03T12:02:19.476,1198.231,1029.168,23.254,-131.614,0.004,0.0,0.020,23.029
2026-03-03T12:02:19.977,1198.731,1029.167,23.260,-131.612,0.004,0.0,-0.002,23.047
2026-03-03T12:02:20.476,1199.231,1029.167,23.265,-131.608,0.004,0.0,0.029,23.038
2026-03-03T12:02:20.978,1199.731,1029.166,23.258,-131.603,0.004,0.0,0.011,23.040
2026-03-03T12:02:21.480,1200.231,1029.167,23.253,-131.606,0.004,0.0,-0.016,23.047
2026-03-03T12:02:21.976,1200.731,1029.168,23.265,-131.616,0.004,0.0,-0.000,23.045
2026-03-03T12:02:22.477,1201.231,1029.168,23.262,-131.613,0.004,0.0,-0.036,23.038
2026-03-03T12:02:22.976,1201.731,1029.166,23.258,-131.603,0.004,0.0,-0.011,23.047
2026-03-03T12:02:23.477,1202.231,1029.168,23.258,-131.618,0.004,0.0,-0.001,23.036
2026-03-03T12:02:23.976,1202.731,1029.164,23.253,-131.583,0.004,0.0,0.022,23.049
2026-03-03T12:02:24.477,1203.231,1029.164,23.255,-131.585,0.004,0.0,0.066,23.049
2026-03-03T12:02:24.985,1203.731,1029.166,23.259,-131.603,0.004,0.0,-0.035,23.040
2026-03-03T12:02:25.478,1204.231,1029.162,23.256,-131.570,0.004,0.0,-0.010,23.040
2026-03-03T12:02:25.978,1204.731,1029.168,23.254,-131.615,0.004,0.0,0.005,23.040
2026-03-03T12:02:26.477,1205.231,1029.165,23.264,-131.592,0.004,0.0,0.002,23.049
2026-03-03T12:02:26.982,1205.736,1029.168,23.262,-131.613,0.004,0.0,0.000,23.040
2026-03-03T12:02:27.476,1206.231,1029.165,23.255,-131.593,0.004,0.0,-0.003,23.040
2026-03-03T12:02:27.977,1206.731,1029.163,23.257,-131.578,0.004,0.0,-0.029,23.038
2026-03-03T12:02:28.478,1207.231,1029.166,23.265,-131.601,0.004,0.0,0.035,23.036
2026-03-03T12:02:28.977,1207.731,1029.161,23.254,-131.561,0.004,0.0,-0.011,23.013
2026-03-03T12:02:29.499,1208.231,1029.165,23.264,-131.592,0.004,0.0,-0.022,23.043
2026-03-03T12:02:29.976,1208.731,1029.165,23.252,-131.590,0.004,0.0,0.005,23.045
2026-03-03T12:02:30.477,1209.231,1029.162,23.250,-131.564,0.004,0.0,-0.031,23.036
2026-03-03T12:02:30.976,1209.731,1029.162,23.253,-131.567,0.003,0.0,0.041,23.029
2026-03-03T12:02:31.477,1210.231,1029.162,23.259,-131.564,0.004,0.0,-0.024,23.049
2026-03-03T12:02:31.978,1210.731,1029.164,23.268,-131.580,0.004,0.0,-0.018,23.033
2026-03-03T12:02:32.477,1211.231,1029.164,23.267,-131.580,0.004,0.0,0.022,23.036
2026-03-03T12:02:32.983,1211.731,1029.163,23.261,-131.573,0.004,0.0,0.016,23.029
2026-03-03T12:02:33.476,1212.231,1029.164,23.265,-131.585,0.004,0.0,-0.042,23.022
2026-03-03T12:02:33.988,1212.731,1029.165,23.280,-131.590,0.004,0.0,-0.004,23.040
2026-03-03T12:02:34.476,1213.231,1029.161,23.263,-131.559,0.004,0.0,0.026,23.043
2026-03-03T12:02:34.977,1213.731,1029.162,23.274,-131.568,0.004,0.0,0.026,23.043
2026-03-03T12:02:35.476,1214.231,1029.164,23.267,-131.580,0.004,0.0,0.003,23.031
2026-03-03T12:02:35.977,1214.731,1029.160,23.259,-131.549,0.004,0.0,-0.004,23.027
2026-03-03T12:02:36.475,1215.231,1029.162,23.272,-131.568,0.004,0.0,-0.016,23.033
2026-03-03T12:02:36.977,1215.731,1029.161,23.268,-131.556,0.004,0.0,0.001,23.052
2026-03-03T12:02:37.486,1216.236,1029.161,23.262,-131.559,0.004,0.0,-0.003,23.047
2026-03-03T12:02:37.977,1216.731,1029.162,23.262,-131.566,0.004,0.0,0.031,23.031
2026-03-03T12:02:38.489,1217.231,1029.160,23.265,-131.547,0.004,0.0,-0.031,23.027
2026-03-03T12:02:38.977,1217.731,1029.160,23.267,-131.548,0.004,0.0,-0.025,23.036
2026-03-03T12:02:39.477,1218.231,1029.161,23.275,-131.555,0.004,0.0,0.021,23.029
2026-03-03T12:02:39.976,1218.731,1029.162,23.270,-131.566,0.004,0.0,-0.007,23.033
2026-03-03T12:02:40.477,1219.231,1029.160,23.267,-131.548,0.004,0.0,-0.033,23.029
2026-03-03T12:02:40.976,1219.731,1029.160,23.269,-131.550,0.004,0.0,0.024,23.049
2026-03-03T12:02:41.478,1220.231,1029.158,23.262,-131.536,0.004,0.0,-0.014,23.059
2026-03-03T12:02:41.976,1220.731,1029.159,23.264,-131.545,0.004,0.0,-0.043,23.043
2026-03-03T12:02:42.477,1221.231,1029.156,23.249,-131.518,0.004,0.0,0.042,23.027
2026-03-03T12:02:42.977,1221.731,1029.157,23.257,-131.524,0.004,0.0,-0.007,23.027
2026-03-03T12:02:43.477,1222.231,1029.154,23.250,-131.503,0.004,0.0,0.020,23.054
2026-03-03T12:02:43.977,1222.731,1029.156,23.249,-131.518,0.004,0.0,-0.020,23.029
2026-03-03T12:02:44.477,1223.231,1029.157,23.258,-131.525,0.004,0.0,-0.037,23.040
2026-03-03T12:02:44.977,1223.731,1029.155,23.248,-131.509,0.004,0.0,-0.032,23.043
2026-03-03T12:02:45.476,1224.231,1029.155,23.257,-131.509,0.004,0.0,0.020,23.022
2026-03-03T12:02:45.977,1224.731,1029.159,23.255,-131.538,0.004,0.0,-0.034,23.036
2026-03-03T12:02:46.475,1225.231,1029.157,23.266,-131.524,0.004,0.0,0.006,23.036
2026-03-03T12:02:46.977,1225.731,1029.155,23.256,-131.508,0.004,0.0,0.007,23.017
2026-03-03T12:02:47.479,1226.231,1029.154,23.258,-131.502,0.004,0.0,0.010,23.022
2026-03-03T12:02:47.982,1226.736,1029.151,23.247,-131.478,0.004,0.0,0.007,23.036
2026-03-03T12:02:48.476,1227.231,1029.154,23.260,-131.497,0.004,0.0,-0.006,23.043
2026-03-03T12:02:48.976,1227.731,1029.154,23.252,-131.497,0.004,0.0,0.004,23.017
2026-03-03T12:02:49.494,1228.231,1029.152,23.245,-131.484,0.004,0.0,-0.010,23.040
2026-03-03T12:02:49.977,1228.731,1029.151,23.241,-131.474,0.004,0.0,0.038,23.031
2026-03-03T12:02:50.477,1229.231,1029.151,23.252,-131.474,0.004,0.0,-0.008,23.036
2026-03-03T12:02:50.976,1229.731,1029.154,23.249,-131.503,0.004,0.0,-0.011,23.038
2026-03-03T12:02:51.476,1230.231,1029.148,23.243,-131.452,0.004,0.0,0.021,23.049
2026-03-03T12:02:51.976,1230.731,1029.149,23.246,-131.461,0.004,0.0,-0.022,23.036
2026-03-03T12:02:52.477,1231.231,1029.152,23.249,-131.488,0.004,0.0,0.022,23.020
2026-03-03T12:02:52.977,1231.731,1029.151,23.247,-131.478,0.004,0.0,-0.009,23.040
2026-03-03T12:02:53.475,1232.231,1029.148,23.254,-131.454,0.003,0.0,0.050,23.045
2026-03-03T12:02:53.975,1232.731,1029.148,23.245,-131.454,0.004,0.0,-0.034,23.038
2026-03-03T12:02:54.476,1233.231,1029.151,23.247,-131.478,0.004,0.0,-0.002,23.043
2026-03-03T12:02:54.977,1233.731,1029.149,23.253,-131.460,0.004,0.0,-0.035,23.043
2026-03-03T12:02:55.481,1234.231,1029.152,23.250,-131.481,0.004,0.0,-0.008,23.047
2026-03-03T12:02:55.976,1234.731,1029.150,23.253,-131.467,0.004,0.0,-0.008,23.027
2026-03-03T12:02:56.477,1235.231,1029.147,23.246,-131.447,0.004,0.0,-0.006,23.036
2026-03-03T12:02:56.976,1235.731,1029.149,23.254,-131.461,0.004,0.0,0.025,23.040
2026-03-03T12:02:57.476,1236.231,1029.150,23.251,-131.466,0.004,0.0,0.015,23.043
2026-03-03T12:02:57.976,1236.731,1029.145,23.251,-131.428,0.004,0.0,-0.017,23.036
2026-03-03T12:02:58.482,1237.236,1029.147,23.249,-131.441,0.004,0.0,0.023,23.038
2026-03-03T12:02:58.981,1237.731,1029.148,23.252,-131.451,0.004,0.0,0.018,23.049
2026-03-03T12:02:59.477,1238.231,1029.147,23.247,-131.440,0.004,0.0,-0.002,23.045
2026-03-03T12:02:59.977,1238.731,1029.144,23.241,-131.420,0.004,0.0,0.020,23.049
2026-03-03T12:03:00.475,1239.231,1029.147,23.255,-131.447,0.004,0.0,0.000,23.040
2026-03-03T12:03:00.978,1239.731,1029.147,23.247,-131.447,0.004,0.0,0.013,23.033
2026-03-03T12:03:01.475,1240.231,1029.148,23.266,-131.455,0.004,0.0,-0.002,23.049
2026-03-03T12:03:01.976,1240.731,1029.146,23.253,-131.438,0.004,0.0,-0.031,23.033
2026-03-03T12:03:02.477,1241.231,1029.145,23.253,-131.429,0.004,0.0,0.004,23.038
2026-03-03T12:03:02.975,1241.731,1029.145,23.250,-131.427,0.004,0.0,0.034,23.013
2026-03-03T12:03:03.490,1242.231,1029.143,23.259,-131.411,0.004,0.0,0.004,23.045
2026-03-03T12:03:03.975,1242.731,1029.144,23.255,-131.415,0.004,0.0,0.017,23.045
2026-03-03T12:03:04.475,1243.231,1029.142,23.254,-131.399,0.004,0.0,-0.014,23.036
2026-03-03T12:03:04.975,1243.731,1029.143,23.251,-131.413,0.004,0.0,-0.004,23.043
2026-03-03T12:03:05.477,1244.231,1029.143,23.255,-131.408,0.004,0.0,0.037,23.038
2026-03-03T12:03:05.975,1244.731,1029.142,23.253,-131.399,0.004,0.0,-0.002,23.052
2026-03-03T12:03:06.477,1245.231,1029.141,23.240,-131.396,0.004,0.0,0.013,23.043
2026-03-03T12:03:06.978,1245.731,1029.140,23.249,-131.388,0.004,0.0,-0.033,23.049
2026-03-03T12:03:07.477,1246.231,1029.141,23.251,-131.397,0.004,0.0,0.018,23.043
2026-03-03T12:03:07.998,1246.731,1029.139,23.233,-131.375,0.004,0.0,-0.009,23.036
2026-03-03T12:03:08.476,1247.231,1029.141,23.243,-131.391,0.004,0.0,0.006,23.040
2026-03-03T12:03:08.982,1247.736,1029.141,23.239,-131.395,0.004,0.0,0.007,23.049
2026-03-03T12:03:09.476,1248.231,1029.138,23.238,-131.372,0.004,0.0,-0.015,23.049
2026-03-03T12:03:09.976,1248.731,1029.137,23.243,-131.360,0.004,0.0,-0.040,23.047
2026-03-03T12:03:10.475,1249.231,1029.136,23.244,-131.354,0.004,0.0,-0.001,23.047
2026-03-03T12:03:10.976,1249.731,1029.140,23.245,-131.385,0.004,0.0,-0.028,23.045
2026-03-03T12:03:11.483,1250.231,1029.139,23.263,-131.377,0.004,0.0,0.011,23.036
2026-03-03T12:03:11.977,1250.731,1029.139,23.259,-131.381,0.004,0.0,-0.009,23.049
2026-03-03T12:03:12.476,1251.231,1029.142,23.257,-131.403,0.004,0.0,0.023,23.036
2026-03-03T12:03:12.975,1251.731,1029.141,23.264,-131.393,0.004,0.0,0.013,23.029
2026-03-03T12:03:13.477,1252.231,1029.140,23.257,-131.387,0.004,0.0,0.004,23.036
2026-03-03T12:03:13.975,1252.731,1029.137,23.253,-131.362,0.004,0.0,-0.055,23.022
2026-03-03T12:03:14.477,1253.231,1029.137,23.257,-131.364,0.004,0.0,0.028,23.029
2026-03-03T12:03:14.979,1253.731,1029.134,23.234,-131.339,0.004,0.0,-0.006,23.036
2026-03-03T12:03:15.477,1254.231,1029.135,23.234,-131.346,0.004,0.0,0.020,23.029
2026-03-03T12:03:15.996,1254.731,1029.134,23.243,-131.338,0.004,0.0,-0.002,23.031
2026-03-03T12:03:16.475,1255.231,1029.134,23.238,-131.334,0.004,0.0,-0.005,23.056
2026-03-03T12:03:16.975,1255.731,1029.133,23.242,-131.330,0.004,0.0,0.005,23.038
2026-03-03T12:03:17.475,1256.231,1029.136,23.245,-131.355,0.004,0.0,0.007,23.031
2026-03-03T12:03:17.977,1256.731,1029.132,23.245,-131.317,0.004,0.0,0.011,23.013
2026-03-03T12:03:18.476,1257.231,1029.132,23.236,-131.317,0.004,0.0,-0.018,23.033
2026-03-03T12:03:18.977,1257.731,1029.129,23.240,-131.297,0.004,0.0,0.019,23.031
2026-03-03T12:03:19.492,1258.236,1029.130,23.238,-131.304,0.004,0.0,0.030,23.054
2026-03-03T12:03:19.976,1258.731,1029.134,23.241,-131.337,0.004,0.0,0.012,23.036
2026-03-03T12:03:20.477,1259.231,1029.132,23.232,-131.321,0.004,0.0,-0.005,23.040
2026-03-03T12:03:20.976,1259.731,1029.130,23.235,-131.308,0.004,0.0,-0.033,23.049
2026-03-03T12:03:21.476,1260.231,1029.131,23.238,-131.311,0.004,0.0,0.017,23.052
2026-03-03T12:03:21.977,1260.731,1029.130,23.237,-131.302,0.004,0.0,-0.005,23.015
2026-03-03T12:03:22.476,1261.231,1029.129,23.230,-131.297,0.004,0.0,0.006,23.054
2026-03-03T12:03:22.977,1261.731,1029.128,23.222,-131.291,0.004,0.0,-0.023,23.027
2026-03-03T12:03:23.475,1262.231,1029.131,23.231,-131.313,0.004,0.0,-0.019,23.040
2026-03-03T12:03:23.975,1262.731,1029.127,23.222,-131.283,0.004,0.0,0.014,23.045
2026-03-03T12:03:24.478,1263.231,1029.123,23.220,-131.250,0.004,0.0,-0.012,23.027
2026-03-03T12:03:24.976,1263.731,1029.127,23.227,-131.279,0.004,0.0,-0.011,23.038
2026-03-03T12:03:25.476,1264.231,1029.128,23.230,-131.289,0.004,0.0,0.010,23.049
2026-03-03T12:03:25.977,1264.731,1029.127,23.237,-131.280,0.004,0.0,-0.013,23.024
2026-03-03T12:03:26.476,1265.231,1029.126,23.234,-131.270,0.004,0.0,-0.009,23.040
2026-03-03T12:03:26.976,1265.731,1029.125,23.230,-131.259,0.004,0.0,0.014,23.038
2026-03-03T12:03:27.476,1266.231,1029.123,23.236,-131.248,0.004,0.0,0.016,23.020
2026-03-03T12:03:27.975,1266.731,1029.125,23.229,-131.266,0.004,0.0,0.013,23.045
2026-03-03T12:03:28.475,1267.231,1029.125,23.235,-131.263,0.004,0.0,0.016,23.043
2026-03-03T12:03:28.977,1267.731,1029.121,23.232,-131.229,0.004,0.0,-0.016,23.038
2026-03-03T12:03:29.475,1268.231,1029.124,23.231,-131.251,0.004,0.0,-0.007,23.040
2026-03-03T12:03:29.980,1268.736,1029.122,23.236,-131.240,0.004,0.0,0.004,23.045
2026-03-03T12:03:30.475,1269.231,1029.121,23.242,-131.229,0.004,0.0,0.019,23.033
2026-03-03T12:03:30.976,1269.731,1029.121,23.237,-131.233,0.004,0.0,-0.025,23.038
2026-03-03T12:03:31.478,1270.231,1029.121,23.218,-131.232,0.004,0.0,-0.005,23.033
2026-03-03T12:03:31.976,1270.731,1029.116,23.213,-131.190,0.004,0.0,-0.016,23.024
2026-03-03T12:03:32.495,1271.231,1029.120,23.227,-131.217,0.004,0.0,0.004,23.047
2026-03-03T12:03:32.975,1271.731,1029.119,23.221,-131.212,0.004,0.0,0.009,23.056
2026-03-03T12:03:33.477,1272.231,1029.118,23.223,-131.206,0.004,0.0,0.011,23.047
2026-03-03T12:03:33.975,1272.731,1029.118,23.233,-131.206,0.004,0.0,0.016,23.029
2026-03-03T12:03:34.477,1273.231,1029.119,23.237,-131.210,0.004,0.0,-0.023,23.040
2026-03-03T12:03:34.975,1273.731,1029.120,23.230,-131.220,0.004,0.0,-0.034,23.047
2026-03-03T12:03:35.475,1274.231,1029.117,23.226,-131.193,0.004,0.0,-0.026,23.040
2026-03-03T12:03:35.994,1274.731,1029.115,23.228,-131.179,0.004,0.0,0.008,23.036
2026-03-03T12:03:36.476,1275.231,1029.116,23.228,-131.187,0.004,0.0,0.045,23.027
2026-03-03T12:03:36.976,1275.731,1029.115,23.226,-131.178,0.004,0.0,0.013,23.052
2026-03-03T12:03:37.475,1276.231,1029.117,23.237,-131.194,0.004,0.0,0.005,23.036
2026-03-03T12:03:37.975,1276.731,1029.117,23.240,-131.197,0.004,0.0,0.015,23.036
2026-03-03T12:03:38.475,1277.231,1029.117,23.221,-131.197,0.004,0.0,-0.006,23.049
2026-03-03T12:03:38.976,1277.731,1029.119,23.223,-131.214,0.004,0.0,0.007,23.043
2026-03-03T12:03:39.481,1278.231,1029.121,23.238,-131.233,0.004,0.0,0.005,23.036
2026-03-03T12:03:39.975,1278.731,1029.117,23.228,-131.195,0.004,0.0,0.031,23.049
2026-03-03T12:03:40.511,1279.236,1029.116,23.244,-131.185,0.004,0.0,-0.031,23.036
2026-03-03T12:03:40.974,1279.731,1029.116,23.236,-131.186,0.004,0.0,-0.043,23.043
2026-03-03T12:03:41.477,1280.231,1029.110,23.229,-131.142,0.004,0.0,-0.008,23.045
2026-03-03T12:03:41.975,1280.731,1029.111,23.230,-131.151,0.004,0.0,-0.042,23.033
2026-03-03T12:03:42.476,1281.231,1029.109,23.225,-131.131,0.004,0.0,0.020,23.043
2026-03-03T12:03:42.974,1281.731,1029.111,23.216,-131.147,0.004,0.0,0.001,23.036
2026-03-03T12:03:43.477,1282.231,1029.112,23.232,-131.152,0.004,0.0,0.002,23.027
2026-03-03T12:03:43.998,1282.731,1029.112,23.214,-131.153,0.004,0.0,-0.005,23.043
2026-03-03T12:03:44.476,1283.231,1029.108,23.227,-131.126,0.004,0.0,-0.019,23.047
2026-03-03T12:03:44.976,1283.731,1029.110,23.224,-131.138,0.004,0.0,0.012,23.043
2026-03-03T12:03:45.475,1284.231,1029.111,23.228,-131.149,0.004,0.0,0.003,23.031
2026-03-03T12:03:45.976,1284.731,1029.107,23.234,-131.116,0.004,0.0,0.034,23.043
2026-03-03T12:03:46.475,1285.231,1029.108,23.214,-131.122,0.004,0.0,0.001,23.031
2026-03-03T12:03:46.977,1285.731,1029.110,23.224,-131.138,0.004,0.0,-0.017,23.033
2026-03-03T12:03:47.475,1286.231,1029.111,23.230,-131.151,0.004,0.0,0.002,23.022
2026-03-03T12:03:47.976,1286.731,1029.110,23.218,-131.140,0.004,0.0,-0.027,23.059
2026-03-03T12:03:48.476,1287.231,1029.107,23.219,-131.112,0.004,0.0,0.001,23.045
2026-03-03T12:03:48.976,1287.731,1029.107,23.222,-131.114,0.004,0.0,-0.030,23.045
2026-03-03T12:03:49.476,1288.231,1029.110,23.226,-131.140,0.004,0.0,0.009,23.040
2026-03-03T12:03:49.975,1288.731,1029.106,23.216,-131.108,0.004,0.0,0.016,23.047
2026-03-03T12:03:50.476,1289.231,1029.107,23.220,-131.112,0.004,0.0,-0.001,23.043
2026-03-03T12:03:50.981,1289.736,1029.106,23.218,-131.103,0.004,0.0,-0.003,23.047
2026-03-03T12:03:51.476,1290.231,1029.106,23.231,-131.106,0.004,0.0,0.008,23.036
2026-03-03T12:03:51.975,1290.731,1029.105,23.217,-131.101,0.004,0.0,0.003,23.045
2026-03-03T12:03:52.475,1291.231,1029.106,23.220,-131.105,0.004,0.0,-0.009,23.038
2026-03-03T12:03:52.987,1291.731,1029.102,23.219,-131.073,0.004,0.0,0.007,23.047
2026-03-03T12:03:53.476,1292.231,1029.103,23.221,-131.083,0.004,0.0,0.009,23.033
2026-03-03T12:03:53.994,1292.731,1029.106,23.229,-131.104,0.004,0.0,-0.045,23.036
2026-03-03T12:03:54.475,1293.231,1029.103,23.210,-131.081,0.004,0.0,-0.001,23.047
2026-03-03T12:03:54.975,1293.731,1029.103,23.221,-131.082,0.004,0.0,-0.003,23.052
2026-03-03T12:03:55.474,1294.231,1029.106,23.223,-131.106,0.004,0.0,0.002,23.043
2026-03-03T12:03:55.976,1294.731,1029.105,23.237,-131.096,0.004,0.0,-0.009,23.033
2026-03-03T12:03:56.478,1295.231,1029.104,23.222,-131.091,0.004,0.0,-0.006,23.047
2026-03-03T12:03:56.976,1295.731,1029.102,23.216,-131.071,0.004,0.0,-0.000,23.072
2026-03-03T12:03:57.484,1296.231,1029.101,23.206,-131.062,0.004,0.0,0.007,23.038
2026-03-03T12:03:57.976,1296.731,1029.103,23.222,-131.083,0.004,0.0,-0.001,23.047
2026-03-03T12:03:58.476,1297.231,1029.103,23.220,-131.082,0.004,0.0,0.004,23.038
2026-03-03T12:03:58.975,1297.731,1029.101,23.221,-131.067,0.004,0.0,0.013,23.045
2026-03-03T12:03:59.477,1298.231,1029.103,23.219,-131.081,0.004,0.0,0.017,23.038
2026-03-03T12:03:59.975,1298.731,1029.099,23.222,-131.045,0.004,0.0,-0.005,23.043
2026-03-03T12:04:00.475,1299.231,1029.102,23.215,-131.070,0.004,0.0,-0.013,23.043
2026-03-03T12:04:00.980,1299.731,1029.100,23.222,-131.060,0.004,0.0,0.002,23.027
2026-03-03T12:04:01.481,1300.236,1029.102,23.217,-131.072,0.004,0.0,0.023,23.043
2026-03-03T12:04:01.976,1300.731,1029.099,23.209,-131.050,0.004,0.0,0.001,23.047
2026-03-03T12:04:02.475,1301.231,1029.102,23.218,-131.072,0.004,0.0,0.004,23.068
2026-03-03T12:04:02.975,1301.731,1029.097,23.211,-131.036,0.004,0.0,-0.020,23.049
2026-03-03T12:04:03.475,1302.231,1029.096,23.216,-131.025,0.004,0.0,0.012,23.068
2026-03-03T12:04:03.974,1302.731,1029.095,23.206,-131.016,0.004,0.0,0.019,23.031
2026-03-03T12:04:04.474,1303.231,1029.097,23.212,-131.029,0.004,0.0,0.007,23.029
2026-03-03T12:04:04.975,1303.731,1029.096,23.206,-131.024,0.004,0.0,0.002,23.033
2026-03-03T12:04:05.480,1304.231,1029.096,23.205,-131.023,0.004,0.0,-0.000,23.031
2026-03-03T12:04:05.974,1304.731,1029.095,23.209,-131.019,0.004,0.0,-0.015,23.029
2026-03-03T12:04:06.496,1305.231,1029.096,23.212,-131.022,0.004,0.0,-0.002,23.043
2026-03-03T12:04:06.974,1305.731,1029.098,23.215,-131.039,0.004,0.0,0.018,23.033
2026-03-03T12:04:07.475,1306.231,1029.095,23.206,-131.016,0.004,0.0,-0.018,23.031
2026-03-03T12:04:07.975,1306.731,1029.094,23.203,-131.007,0.004,0.0,-0.023,23.040
2026-03-03T12:04:08.475,1307.231,1029.097,23.221,-131.029,0.004,0.0,0.017,23.043
2026-03-03T12:04:08.975,1307.731,1029.092,23.207,-130.994,0.004,0.0,-0.026,23.022
2026-03-03T12:04:09.476,1308.231,1029.095,23.224,-131.016,0.004,0.0,0.035,23.047
2026-03-03T12:04:09.977,1308.731,1029.094,23.214,-131.008,0.004,0.0,-0.007,23.013
2026-03-03T12:04:10.475,1309.231,1029.090,23.202,-130.975,0.004,0.0,0.015,23.047
2026-03-03T12:04:10.979,1309.731,1029.092,23.195,-130.992,0.004,0.0,-0.040,23.045
2026-03-03T12:04:11.475,1310.231,1029.094,23.216,-131.009,0.004,0.0,0.008,23.047
2026-03-03T12:04:11.993,1310.736,1029.094,23.223,-131.007,0.004,0.0,-0.003,23.033
2026-03-03T12:04:12.475,1311.231,1029.093,23.203,-130.998,0.004,0.0,-0.018,23.027
2026-03-03T12:04:12.975,1311.731,1029.091,23.206,-130.986,0.004,0.0,-0.009,23.027
2026-03-03T12:04:13.475,1312.231,1029.092,23.214,-130.993,0.004,0.0,-0.029,23.036
2026-03-03T12:04:13.975,1312.731,1029.090,23.211,-130.975,0.004,0.0,-0.015,23.033
2026-03-03T12:04:14.475,1313.231,1029.094,23.202,-131.006,0.004,0.0,0.005,23.036
2026-03-03T12:04:14.975,1313.731,1029.093,23.215,-131.002,0.004,0.0,0.008,23.040
2026-03-03T12:04:15.481,1314.231,1029.090,23.206,-130.978,0.004,0.0,-0.004,23.040
2026-03-03T12:04:15.974,1314.731,1029.090,23.206,-130.978,0.004,0.0,-0.025,23.017
2026-03-03T12:04:16.498,1315.231,1029.091,23.203,-130.983,0.004,0.0,-0.004,23.040
2026-03-03T12:04:16.975,1315.731,1029.093,23.210,-130.996,0.004,0.0,-0.009,23.036
2026-03-03T12:04:17.474,1316.231,1029.089,23.201,-130.966,0.004,0.0,-0.011,23.043
2026-03-03T12:04:17.975,1316.731,1029.091,23.220,-130.982,0.004,0.0,0.011,23.027
2026-03-03T12:04:18.475,1317.231,1029.090,23.216,-130.978,0.004,0.0,-0.020,23.036
2026-03-03T12:04:18.975,1317.731,1029.089,23.212,-130.968,0.004,0.0,-0.004,23.033
2026-03-03T12:04:19.475,1318.231,1029.089,23.206,-130.971,0.004,0.0,-0.012,23.038
2026-03-03T12:04:19.974,1318.731,1029.091,23.208,-130.980,0.004,0.0,0.031,23.036
2026-03-03T12:04:20.476,1319.231,1029.088,23.202,-130.960,0.004,0.0,0.006,23.049
2026-03-03T12:04:20.994,1319.731,1029.088,23.198,-130.956,0.004,0.0,0.004,23.020
2026-03-03T12:04:21.474,1320.231,1029.090,23.205,-130.978,0.004,0.0,-0.012,23.040
2026-03-03T12:04:21.978,1320.731,1029.087,23.198,-130.950,0.004,0.0,-0.000,23.054
2026-03-03T12:04:22.480,1321.236,1029.088,23.203,-130.961,0.004,0.0,0.002,23.047
rx_time_iso,Time - Seconds,DPS368 - Pres (hPa),DPS368 - Temp (C),DPS368 - Alt ASL (m),MotorDriver - Motor Position,MotorDriver - Motor Angle,MotorDriver - Motor Velocity,MotorDriver - Battery Voltage
2026-03-03T12:28:57.996,11.613,1028.698,19.818,-127.754,0.000,0.0,0.000,0.000
2026-03-03T12:28:58.493,12.111,1028.697,19.806,-127.744,0.000,0.0,0.000,0.000
2026-03-03T12:28:58.993,12.611,1028.696,19.818,-127.739,0.000,0.0,0.000,0.000
2026-03-03T12:28:59.493,13.111,1028.698,19.827,-127.755,0.000,0.0,0.000,0.000
2026-03-03T12:28:59.993,13.611,1028.698,19.839,-127.755,0.000,0.0,0.000,0.000
2026-03-03T12:29:00.494,14.111,1028.697,19.844,-127.746,0.000,0.0,0.000,0.000
2026-03-03T12:29:00.997,14.611,1028.696,19.847,-127.733,0.000,0.0,0.000,0.000
2026-03-03T12:29:01.494,15.111,1028.699,19.866,-127.764,0.000,0.0,0.000,0.000
2026-03-03T12:29:01.998,15.611,1028.699,19.861,-127.760,0.000,0.0,0.000,0.000
2026-03-03T12:29:02.494,16.111,1028.698,19.867,-127.749,0.000,0.0,0.000,0.000
2026-03-03T12:29:03.020,16.611,1028.698,19.875,-127.755,0.000,0.0,0.000,0.000
2026-03-03T12:29:03.493,17.111,1028.698,19.896,-127.757,0.000,0.0,0.000,0.000
2026-03-03T12:29:03.993,17.611,1028.699,19.911,-127.762,0.000,0.0,0.000,0.000
2026-03-03T12:29:04.493,18.111,1028.699,19.903,-127.764,0.000,0.0,0.000,0.000
2026-03-03T12:29:04.993,18.611,1028.702,19.908,-127.784,0.000,0.0,0.000,0.000
2026-03-03T12:29:05.494,19.111,1028.701,19.909,-127.777,0.000,0.0,0.000,0.000
2026-03-03T12:29:05.994,19.611,1028.698,19.909,-127.753,0.000,0.0,0.000,0.000
2026-03-03T12:29:06.494,20.111,1028.699,19.941,-127.764,0.000,0.0,0.000,0.000
2026-03-03T12:29:06.994,20.611,1028.695,19.939,-127.732,0.000,0.0,0.000,0.000
2026-03-03T12:29:07.499,21.111,1028.698,19.949,-127.755,0.000,0.0,0.000,0.000
2026-03-03T12:29:07.993,21.611,1028.700,19.959,-127.771,0.000,0.0,0.000,0.000
2026-03-03T12:29:08.499,22.111,1028.697,19.953,-127.743,0.000,0.0,0.000,0.000
2026-03-03T12:29:08.993,22.611,1028.698,19.962,-127.751,0.000,0.0,0.000,0.000
2026-03-03T12:29:09.511,23.111,1028.699,19.985,-127.762,0.000,0.0,0.000,0.000
2026-03-03T12:29:09.993,23.611,1028.696,19.974,-127.738,0.000,0.0,0.000,0.000
2026-03-03T12:29:10.494,24.111,1028.697,19.985,-127.747,0.000,0.0,0.000,0.000
2026-03-03T12:29:10.993,24.611,1028.699,19.975,-127.762,0.000,0.0,0.000,0.000
2026-03-03T12:29:11.493,25.111,1028.700,20.000,-127.767,0.000,0.0,0.000,0.000
2026-03-03T12:29:11.994,25.611,1028.698,19.997,-127.757,0.000,0.0,0.000,0.000
2026-03-03T12:29:12.493,26.111,1028.696,20.012,-127.738,0.000,0.0,0.000,0.000
2026-03-03T12:29:12.999,26.611,1028.701,20.025,-127.781,0.000,0.0,0.000,0.000
2026-03-03T12:29:13.494,27.111,1028.697,20.019,-127.744,0.000,0.0,0.000,0.000
2026-03-03T12:29:13.995,27.611,1028.695,20.022,-127.731,0.000,0.0,0.000,0.000
2026-03-03T12:29:14.493,28.111,1028.696,20.024,-127.733,0.000,0.0,0.000,0.000
2026-03-03T12:29:14.993,28.611,1028.696,20.033,-127.733,0.000,0.0,0.000,0.000
2026-03-03T12:29:15.493,29.111,1028.695,20.041,-127.732,0.000,0.0,0.000,0.000
2026-03-03T12:29:15.993,29.611,1028.696,20.061,-127.733,0.000,0.0,0.000,0.000
2026-03-03T12:29:16.503,30.111,1028.695,20.060,-127.732,0.000,0.0,0.000,0.000
2026-03-03T12:29:16.993,30.611,1028.695,20.070,-127.732,0.000,0.0,0.000,0.000
2026-03-03T12:29:17.495,31.111,1028.693,20.067,-127.715,0.000,0.0,0.000,0.000
2026-03-03T12:29:17.993,31.611,1028.695,20.087,-127.731,0.000,0.0,0.000,0.000
2026-03-03T12:29:18.495,32.112,1028.696,20.088,-127.739,0.000,0.0,0.000,0.000
2026-03-03T12:29:18.996,32.612,1028.694,20.082,-127.719,0.000,0.0,0.000,0.000
2026-03-03T12:29:19.495,33.112,1028.693,20.088,-127.709,0.000,0.0,0.000,0.000
2026-03-03T12:29:20.001,33.612,1028.690,20.083,-127.690,0.000,0.0,0.000,0.000
2026-03-03T12:29:20.496,34.112,1028.692,20.095,-127.707,0.000,0.0,0.000,0.000
2026-03-03T12:29:20.997,34.612,1028.692,20.104,-127.707,0.000,0.0,0.000,0.000
2026-03-03T12:29:21.494,35.112,1028.693,20.118,-127.711,0.000,0.0,0.000,0.000
2026-03-03T12:29:21.995,35.612,1028.690,20.110,-127.688,0.000,0.0,0.000,0.000
2026-03-03T12:29:22.494,36.112,1028.690,20.121,-127.691,0.000,0.0,0.000,0.000
2026-03-03T12:29:22.995,36.612,1028.692,20.129,-127.705,0.000,0.0,0.000,0.000
2026-03-03T12:29:23.494,37.112,1028.692,20.140,-127.706,0.000,0.0,0.000,0.000
2026-03-03T12:29:23.995,37.612,1028.694,20.146,-127.718,0.000,0.0,0.000,0.000
2026-03-03T12:29:24.509,38.112,1028.694,20.155,-127.718,0.000,0.0,0.000,0.000
2026-03-03T12:29:24.995,38.612,1028.691,20.154,-127.694,0.000,0.0,0.000,0.000
2026-03-03T12:29:25.495,39.112,1028.690,20.161,-127.684,0.000,0.0,0.000,0.000
2026-03-03T12:29:25.994,39.612,1028.689,20.178,-127.676,0.000,0.0,0.000,0.000
2026-03-03T12:29:26.495,40.112,1028.691,20.174,-127.695,0.000,0.0,0.000,0.000
2026-03-03T12:29:26.997,40.612,1028.689,20.174,-127.680,0.000,0.0,0.000,0.000
2026-03-03T12:29:27.493,41.112,1028.689,20.184,-127.680,0.000,0.0,0.000,0.000
2026-03-03T12:29:27.995,41.612,1028.690,20.191,-127.687,0.000,0.0,0.000,0.000
2026-03-03T12:29:28.495,42.112,1028.688,20.190,-127.670,0.000,0.0,0.000,0.000
2026-03-03T12:29:28.994,42.612,1028.692,20.196,-127.706,0.000,0.0,0.000,0.000
2026-03-03T12:29:29.494,43.112,1028.690,20.207,-127.684,0.000,0.0,0.000,0.000
2026-03-03T12:29:29.995,43.612,1028.687,20.193,-127.666,0.000,0.0,0.000,0.000
2026-03-03T12:29:30.494,44.112,1028.687,20.212,-127.659,0.000,0.0,0.000,0.000
2026-03-03T12:29:30.994,44.612,1028.687,20.219,-127.664,0.000,0.0,0.000,0.000
2026-03-03T12:29:31.494,45.112,1028.688,20.216,-127.669,0.000,0.0,0.000,0.000
2026-03-03T12:29:31.995,45.612,1028.687,20.229,-127.665,0.000,0.0,0.000,0.000
2026-03-03T12:29:32.493,46.112,1028.688,20.229,-127.673,0.000,0.0,0.000,0.000
2026-03-03T12:29:32.995,46.612,1028.687,20.227,-127.663,0.000,0.0,0.000,0.000
2026-03-03T12:29:33.496,47.112,1028.688,20.234,-127.669,0.000,0.0,0.000,0.000
2026-03-03T12:29:33.994,47.612,1028.686,20.232,-127.652,0.000,0.0,0.000,0.000
2026-03-03T12:29:34.495,48.112,1028.685,20.246,-127.648,0.000,0.0,0.000,0.000
2026-03-03T12:29:34.994,48.612,1028.686,20.248,-127.658,0.000,0.0,0.000,0.000
2026-03-03T12:29:35.493,49.112,1028.685,20.258,-127.650,0.000,0.0,0.000,0.000
2026-03-03T12:29:35.994,49.612,1028.683,20.247,-127.627,0.000,0.0,0.000,0.000
2026-03-03T12:29:36.494,50.112,1028.684,20.265,-127.641,0.000,0.0,0.000,0.000
2026-03-03T12:29:37.002,50.612,1028.684,20.265,-127.641,0.000,0.0,0.000,0.000
2026-03-03T12:29:37.495,51.112,1028.683,20.274,-127.633,0.000,0.0,0.000,0.000
2026-03-03T12:29:37.995,51.612,1028.681,20.286,-127.612,0.000,0.0,0.000,0.000
2026-03-03T12:29:38.494,52.112,1028.684,20.280,-127.638,0.000,0.0,0.000,0.000
2026-03-03T12:29:38.995,52.612,1028.682,20.284,-127.626,0.000,0.0,0.000,0.000
2026-03-03T12:29:39.505,53.112,1028.682,20.292,-127.625,0.000,0.0,0.000,0.000
2026-03-03T12:29:39.994,53.612,1028.682,20.293,-127.618,0.000,0.0,0.000,0.000
2026-03-03T12:29:40.494,54.112,1028.681,20.296,-127.613,0.000,0.0,0.000,0.000
2026-03-03T12:29:40.994,54.612,1028.681,20.292,-127.617,0.000,0.0,0.000,0.000
