rx_time_iso,Time - Seconds,DPS368 - Pres (hPa),DPS368 - Temp (C),DPS368 - Alt ASL (m),MotorDriver - Motor Position,MotorDriver - Motor Angle,MotorDriver - Motor Velocity,MotorDriver - Battery Voltage
2026-03-03T14:57:47.353,11.476,1020.695,25.756,-61.764,-0.000,0.0,0.018,22.672
2026-03-03T14:57:47.845,11.968,1021.107,25.762,-65.176,0.003,0.0,-0.018,22.682
2026-03-03T14:57:48.345,12.468,1020.926,25.766,-63.677,0.003,0.0,-0.013,22.675
2026-03-03T14:57:48.845,12.968,1020.896,25.759,-63.431,0.003,0.0,-0.017,22.677
2026-03-03T14:57:49.345,13.468,1020.831,25.760,-62.891,0.003,0.0,-0.041,22.677
2026-03-03T14:57:49.845,13.968,1020.791,25.760,-62.558,0.003,0.0,0.016,22.698
2026-03-03T14:57:50.346,14.468,1020.945,25.771,-63.829,0.003,0.0,0.006,22.670
2026-03-03T14:57:50.845,14.968,1021.031,25.771,-64.548,0.003,0.0,-0.006,22.693
2026-03-03T14:57:51.361,15.468,1021.006,25.782,-64.340,0.003,0.0,0.021,22.670
2026-03-03T14:57:51.846,15.968,1020.792,25.775,-62.570,0.003,0.0,0.009,22.661
2026-03-03T14:57:52.346,16.468,1020.702,25.774,-61.825,0.003,0.0,0.016,22.659
2026-03-03T14:57:52.844,16.968,1020.770,25.767,-62.385,0.003,0.0,0.006,22.682
2026-03-03T14:57:53.347,17.468,1020.973,25.780,-64.068,0.003,0.0,-0.006,22.656
2026-03-03T14:57:53.845,17.968,1020.639,25.778,-61.302,0.003,0.0,0.005,22.656
2026-03-03T14:57:54.345,18.468,992.600,25.772,173.257,16.153,44.3,-2.136,22.583
2026-03-03T14:57:54.844,18.968,992.194,25.763,176.694,16.347,44.9,-0.129,22.656
2026-03-03T14:57:55.345,19.468,992.089,25.763,177.583,16.380,45.0,0.004,22.650
2026-03-03T14:57:55.856,19.968,991.969,25.773,178.602,16.386,45.0,-0.025,22.647
2026-03-03T14:57:56.346,20.468,991.872,25.775,179.417,16.387,45.0,0.002,22.659
2026-03-03T14:57:56.862,20.968,992.190,25.778,176.729,16.388,45.0,-0.002,22.650
2026-03-03T14:57:57.345,21.468,992.437,25.790,174.641,16.388,45.0,0.017,22.663
2026-03-03T14:57:57.846,21.968,992.328,25.794,175.559,16.388,45.0,-0.004,22.682
2026-03-03T14:57:58.345,22.468,988.923,25.792,204.415,19.361,53.9,-39.173,22.147
2026-03-03T14:57:58.845,22.968,986.583,25.793,224.292,26.655,69.9,-0.421,22.638
2026-03-03T14:57:59.345,23.468,986.271,25.803,226.944,26.690,70.0,-0.094,22.654
2026-03-03T14:57:59.846,23.968,987.151,25.800,219.467,26.699,70.0,-0.051,22.643
2026-03-03T14:58:00.345,24.468,986.549,25.785,224.584,26.710,70.0,0.041,22.631
2026-03-03T14:58:00.848,24.971,986.407,25.802,225.793,32.913,79.8,-1.990,22.636
2026-03-03T14:58:01.357,25.474,985.920,25.803,229.931,33.032,80.0,-0.034,22.663
2026-03-03T14:58:01.854,25.977,986.815,25.812,222.318,33.043,80.0,-0.014,22.661
2026-03-03T14:58:02.358,26.480,986.242,25.814,227.195,33.048,80.0,0.079,22.659
2026-03-03T14:58:02.859,26.983,986.811,25.814,222.357,33.048,80.0,0.063,22.647
2026-03-03T14:58:03.365,27.486,986.253,25.798,227.102,33.048,80.0,0.029,22.663
2026-03-03T14:58:03.865,27.989,986.467,25.830,225.282,33.048,80.0,-0.028,22.652
2026-03-03T14:58:04.370,28.493,986.967,25.832,221.030,33.048,80.0,-0.007,22.656
2026-03-03T14:58:04.873,28.996,986.420,25.844,225.677,33.048,80.0,-0.023,22.668
2026-03-03T14:58:05.376,29.499,986.871,25.839,221.847,33.048,80.0,0.010,22.661
2026-03-03T14:58:05.878,30.002,986.457,25.842,225.361,33.048,80.0,0.019,22.675
2026-03-03T14:58:06.382,30.505,987.527,25.854,216.269,33.048,80.0,-0.069,22.670
2026-03-03T14:58:06.898,31.008,989.086,25.862,203.032,23.279,63.2,41.407,22.357
2026-03-03T14:58:07.389,31.511,1021.309,25.875,-66.840,9.960,22.4,-0.010,22.650
2026-03-03T14:58:07.891,32.013,1020.839,25.890,-62.958,9.960,22.4,0.001,22.652
2026-03-03T14:58:08.395,32.516,1020.531,25.874,-60.406,9.960,22.4,-0.016,22.640
2026-03-03T14:58:08.897,33.019,1021.171,25.893,-65.702,9.960,22.4,-0.022,22.650
2026-03-03T14:58:09.399,33.522,1020.451,25.881,-59.745,9.960,22.4,0.020,22.634
2026-03-03T14:58:09.904,34.025,1020.715,25.889,-61.927,9.960,22.4,-0.007,22.656
2026-03-03T14:58:10.404,34.528,1020.722,25.892,-61.985,9.960,22.4,-0.019,22.640
2026-03-03T14:58:10.908,35.031,1020.799,25.899,-62.626,9.960,22.4,0.009,22.663
2026-03-03T14:58:11.410,35.534,1020.883,25.908,-63.322,9.960,22.4,-0.004,22.670
2026-03-03T14:58:11.916,36.038,1020.780,25.898,-62.470,9.960,22.4,-0.011,22.650
2026-03-03T14:58:12.418,36.541,1020.760,25.898,-62.307,9.960,22.4,0.003,22.650
2026-03-03T14:58:12.921,37.044,1020.922,25.906,-63.645,9.960,22.4,-0.019,22.663
2026-03-03T14:58:13.429,37.547,1020.901,25.893,-63.472,9.960,22.4,0.016,22.677
2026-03-03T14:58:13.927,38.050,1020.876,25.892,-63.263,9.960,22.4,-0.006,22.668
2026-03-03T14:58:14.444,38.553,1020.851,25.894,-63.055,9.960,22.4,0.016,22.663
2026-03-03T14:58:14.932,39.056,1020.493,25.892,-60.094,9.960,22.4,0.017,22.675
2026-03-03T14:58:15.438,39.559,1020.843,25.896,-62.987,9.960,22.4,-0.019,22.650
2026-03-03T14:58:15.939,40.062,1020.893,25.894,-63.403,9.960,22.4,0.003,22.661
2026-03-03T14:58:16.442,40.565,1020.879,25.904,-63.287,9.960,22.4,0.009,22.668
2026-03-03T14:58:16.944,41.068,1020.742,25.918,-62.153,9.960,22.4,0.014,22.670
2026-03-03T14:58:17.449,41.571,1020.490,25.905,-60.066,9.960,22.4,0.002,22.663
2026-03-03T14:58:17.950,42.074,1020.960,25.908,-63.957,9.960,22.4,-0.004,22.666
2026-03-03T14:58:18.454,42.577,1020.685,25.927,-61.680,9.960,22.4,0.007,22.668
2026-03-03T14:58:18.956,43.080,1020.574,25.909,-60.767,9.960,22.4,0.010,22.668
2026-03-03T14:58:19.460,43.583,1020.795,25.924,-62.591,9.960,22.4,0.016,22.663
2026-03-03T14:58:19.961,44.086,1020.701,25.919,-61.813,9.960,22.4,0.024,22.661
2026-03-03T14:58:20.467,44.589,1021.207,25.912,-65.995,9.960,22.4,-0.004,22.643
2026-03-03T14:58:20.995,45.092,1021.139,25.925,-65.434,9.960,22.4,0.021,22.663
2026-03-03T14:58:21.474,45.595,1021.380,25.937,-67.432,9.960,22.4,-0.002,22.679
2026-03-03T14:58:21.991,46.098,1021.836,25.944,-71.195,9.960,22.4,0.001,22.663
2026-03-03T14:58:22.478,46.602,1021.989,25.930,-72.460,9.960,22.4,-0.014,22.666
2026-03-03T14:58:22.985,47.105,1022.194,25.942,-74.154,9.960,22.4,0.034,22.675
2026-03-03T14:58:23.485,47.608,1022.796,25.933,-79.129,9.960,22.4,-0.002,22.659
2026-03-03T14:58:23.989,48.111,1022.748,25.934,-78.736,9.960,22.4,0.015,22.666
2026-03-03T14:58:24.500,48.614,1022.934,25.939,-80.268,9.960,22.4,-0.021,22.659
2026-03-03T14:58:24.995,49.117,1022.980,25.933,-80.650,9.960,22.4,-0.006,22.654
2026-03-03T14:58:25.528,49.620,1023.289,25.937,-83.199,9.960,22.4,0.021,22.688
2026-03-03T14:58:26.000,50.123,1023.361,25.945,-83.792,9.960,22.4,0.009,22.675
2026-03-03T14:58:26.502,50.626,1023.739,25.944,-86.914,9.960,22.4,0.007,22.684
2026-03-03T14:58:27.007,51.129,1023.678,25.943,-86.412,9.960,22.4,0.013,22.686
2026-03-03T14:58:27.511,51.632,1023.827,25.941,-87.636,9.960,22.4,-0.010,22.670
2026-03-03T14:58:28.010,52.135,1024.229,25.945,-90.960,9.960,22.4,0.008,22.677
2026-03-03T14:58:28.515,52.638,1023.853,25.953,-87.854,9.960,22.4,0.018,22.668
2026-03-03T14:58:29.017,53.141,1024.058,25.948,-89.546,9.960,22.4,-0.014,22.670
2026-03-03T14:58:29.522,53.644,1024.130,25.953,-90.135,9.960,22.4,-0.005,22.672
2026-03-03T14:58:30.024,54.147,1024.035,25.956,-89.352,9.960,22.4,0.002,22.682
2026-03-03T14:58:30.527,54.650,1024.302,25.954,-91.561,9.960,22.4,0.001,22.668
2026-03-03T14:58:31.037,55.153,1024.193,25.966,-90.662,9.960,22.4,-0.012,22.663
2026-03-03T14:58:31.534,55.656,1024.332,25.962,-91.807,9.960,22.4,-0.000,22.666
2026-03-03T14:58:32.043,56.159,1024.506,25.961,-93.237,9.960,22.4,0.002,22.672
2026-03-03T14:58:32.540,56.663,1024.575,25.962,-93.808,9.960,22.4,-0.006,22.650
2026-03-03T14:58:33.067,57.166,1024.392,25.957,-92.303,9.960,22.4,0.005,22.666
2026-03-03T14:58:33.546,57.669,1024.509,25.961,-93.268,9.960,22.4,0.014,22.668
2026-03-03T14:58:34.049,58.172,1024.397,25.971,-92.345,9.960,22.4,0.020,22.670
2026-03-03T14:58:34.551,58.675,1024.643,25.976,-94.367,9.960,22.4,0.030,22.670
2026-03-03T14:58:35.055,59.178,1024.627,25.974,-94.235,9.960,22.4,0.005,22.670
2026-03-03T14:58:35.557,59.681,1024.745,25.993,-95.212,9.960,22.4,-0.012,22.659
2026-03-03T14:58:36.061,60.184,1024.718,25.973,-94.988,9.960,22.4,-0.013,22.672
2026-03-03T14:58:36.563,60.687,1024.672,25.977,-94.605,9.960,22.4,-0.022,22.668
2026-03-03T14:58:37.066,61.190,1024.865,25.989,-96.201,9.960,22.4,0.022,22.675
2026-03-03T14:58:37.569,61.693,1025.061,25.985,-97.814,9.960,22.4,0.004,22.675
2026-03-03T14:58:38.075,62.196,1024.877,25.989,-96.302,9.960,22.4,0.002,22.672
2026-03-03T14:58:38.596,62.699,1024.870,25.991,-96.241,9.960,22.4,-0.008,22.661
2026-03-03T14:58:39.078,63.202,1025.184,25.995,-98.830,9.960,22.4,-0.026,22.679
2026-03-03T14:58:39.582,63.705,1025.196,25.994,-98.929,9.960,22.4,0.019,22.677
2026-03-03T14:58:40.083,64.208,1025.035,25.990,-97.602,9.960,22.4,-0.010,22.672
2026-03-03T14:58:40.589,64.713,1025.186,25.994,-98.844,9.960,22.4,-0.014,22.670
2026-03-03T14:58:41.086,65.208,1025.215,25.991,-99.088,9.960,22.4,0.028,22.663
2026-03-03T14:58:41.585,65.708,1025.288,25.996,-99.684,9.960,22.4,0.007,22.682
2026-03-03T14:58:42.119,66.208,1025.219,26.010,-99.120,9.960,22.4,0.008,22.670
2026-03-03T14:58:42.583,66.708,1025.251,26.010,-99.381,9.960,22.4,0.001,22.675
2026-03-03T14:58:43.087,67.208,1025.016,26.017,-97.448,9.960,22.4,-0.012,22.668
2026-03-03T14:58:43.586,67.708,1025.094,26.029,-98.089,9.960,22.4,-0.018,22.684
2026-03-03T14:58:44.085,68.208,1025.299,26.019,-99.781,9.960,22.4,0.032,22.640
2026-03-03T14:58:44.583,68.708,1025.283,26.026,-99.647,9.960,22.4,0.008,22.670
2026-03-03T14:58:45.086,69.208,1025.136,26.018,-98.433,9.960,22.4,0.014,22.679
2026-03-03T14:58:45.587,69.708,1025.177,26.026,-98.772,9.960,22.4,0.014,22.656
2026-03-03T14:58:46.083,70.208,1025.183,26.020,-98.820,9.960,22.4,-0.015,22.654
2026-03-03T14:58:46.604,70.708,1025.312,26.016,-99.885,9.960,22.4,-0.004,22.688
2026-03-03T14:58:47.085,71.208,1025.302,26.020,-99.804,9.960,22.4,0.016,22.663
2026-03-03T14:58:47.589,71.708,1025.311,26.023,-99.876,9.960,22.4,-0.000,22.679
2026-03-03T14:58:48.084,72.208,1025.305,26.028,-99.826,9.960,22.4,-0.017,22.686
2026-03-03T14:58:48.585,72.708,1025.323,26.031,-99.974,9.960,22.4,0.007,22.668
2026-03-03T14:58:49.083,73.208,1025.415,26.033,-100.730,9.960,22.4,-0.013,22.684
2026-03-03T14:58:49.583,73.708,1025.409,26.031,-100.682,9.960,22.4,0.017,22.659
2026-03-03T14:58:50.083,74.208,1025.393,26.034,-100.553,9.960,22.4,0.041,22.654
2026-03-03T14:58:50.584,74.708,1025.486,26.040,-101.320,9.960,22.4,-0.011,22.677
2026-03-03T14:58:51.085,75.208,1025.458,26.038,-101.088,9.960,22.4,-0.004,22.670
2026-03-03T14:58:51.587,75.711,1025.458,26.039,-101.088,9.960,22.4,0.011,22.666
2026-03-03T14:58:52.092,76.216,1025.556,26.043,-101.898,9.960,22.4,0.002,22.666
2026-03-03T14:58:52.586,76.711,1025.537,26.050,-101.736,9.960,22.4,-0.006,22.670
2026-03-03T14:58:53.087,77.211,1025.519,26.046,-101.594,9.960,22.4,0.006,22.675
2026-03-03T14:58:53.586,77.711,1025.544,26.060,-101.799,9.960,22.4,0.000,22.659
2026-03-03T14:58:54.086,78.211,1025.491,26.065,-101.364,9.960,22.4,0.004,22.677
2026-03-03T14:58:54.596,78.711,1025.630,26.065,-102.502,9.960,22.4,-0.013,22.659
2026-03-03T14:58:55.087,79.211,1025.588,26.072,-102.162,9.960,22.4,0.008,22.668
2026-03-03T14:58:55.602,79.711,1025.504,26.070,-101.468,9.960,22.4,-0.020,22.672
2026-03-03T14:58:56.086,80.211,1025.639,26.069,-102.581,9.960,22.4,0.013,22.672
2026-03-03T14:58:56.587,80.711,1025.603,26.086,-102.280,9.960,22.4,-0.008,22.675
2026-03-03T14:58:57.086,81.211,1025.545,26.091,-101.809,9.960,22.4,-0.043,22.693
2026-03-03T14:58:57.587,81.711,1025.629,26.085,-102.496,9.960,22.4,-0.010,22.670
2026-03-03T14:58:58.087,82.211,1025.637,26.084,-102.563,9.960,22.4,0.001,22.675
2026-03-03T14:58:58.590,82.711,1025.652,26.077,-102.689,9.960,22.4,0.028,22.677
2026-03-03T14:58:59.107,83.211,1025.648,26.074,-102.654,9.960,22.4,0.004,22.677
2026-03-03T14:58:59.588,83.711,1025.669,26.084,-102.824,9.960,22.4,-0.016,22.686
2026-03-03T14:59:00.088,84.211,1025.659,26.077,-102.742,9.960,22.4,0.017,22.661
2026-03-03T14:59:00.588,84.711,1025.636,26.091,-102.554,9.960,22.4,0.007,22.670
2026-03-03T14:59:01.089,85.211,1025.648,26.088,-102.651,9.960,22.4,-0.003,22.656
2026-03-03T14:59:01.586,85.711,1025.703,26.089,-103.106,9.960,22.4,0.001,22.679
2026-03-03T14:59:02.090,86.211,1025.676,26.101,-102.885,9.960,22.4,-0.009,22.656
2026-03-03T14:59:02.589,86.713,1025.723,26.098,-103.274,9.960,22.4,0.025,22.672
2026-03-03T14:59:03.093,87.217,1025.732,26.108,-103.343,9.960,22.4,0.002,22.675
2026-03-03T14:59:03.602,87.722,1025.713,26.117,-103.191,9.960,22.4,-0.022,22.659
2026-03-03T14:59:04.093,88.217,1025.709,26.110,-103.153,9.960,22.4,-0.006,22.675
2026-03-03T14:59:04.620,88.717,1025.733,26.134,-103.358,9.960,22.4,-0.002,22.679
2026-03-03T14:59:05.095,89.217,1025.713,26.136,-103.191,9.960,22.4,-0.015,22.670
2026-03-03T14:59:05.592,89.717,1025.713,26.134,-103.190,9.960,22.4,0.008,22.675
2026-03-03T14:59:06.092,90.217,1025.736,26.143,-103.381,9.960,22.4,0.000,22.670
2026-03-03T14:59:06.592,90.717,1025.715,26.140,-103.209,9.960,22.4,0.010,22.670
2026-03-03T14:59:07.092,91.217,1025.698,26.144,-103.067,9.960,22.4,-0.002,22.668
2026-03-03T14:59:07.593,91.717,1025.703,26.146,-103.106,9.960,22.4,-0.004,22.688
2026-03-03T14:59:08.092,92.217,1025.723,26.156,-103.268,9.960,22.4,0.023,22.677
2026-03-03T14:59:08.592,92.717,1025.699,26.156,-103.076,9.960,22.4,0.009,22.682
2026-03-03T14:59:09.100,93.217,1025.695,26.152,-103.043,9.960,22.4,-0.022,22.686
2026-03-03T14:59:09.592,93.717,1025.707,26.150,-103.140,9.960,22.4,-0.003,22.684
2026-03-03T14:59:10.093,94.217,1025.710,26.158,-103.162,9.960,22.4,0.016,22.668
2026-03-03T14:59:10.592,94.717,1025.699,26.162,-103.073,9.960,22.4,-0.006,22.682
2026-03-03T14:59:11.093,95.217,1025.703,26.163,-103.105,9.960,22.4,0.025,22.661
2026-03-03T14:59:11.591,95.717,1025.688,26.159,-102.979,9.960,22.4,0.009,22.659
2026-03-03T14:59:12.092,96.217,1025.687,26.160,-102.971,9.960,22.4,0.011,22.682
2026-03-03T14:59:12.602,96.717,1025.661,26.160,-102.764,9.960,22.4,0.005,22.666
2026-03-03T14:59:13.093,97.217,1025.677,26.167,-102.893,9.960,22.4,0.013,22.672
2026-03-03T14:59:13.611,97.717,1025.681,26.191,-102.927,9.960,22.4,-0.001,22.670
2026-03-03T14:59:14.095,98.219,1025.677,26.186,-102.893,9.960,22.4,-0.020,22.661
2026-03-03T14:59:14.601,98.723,1025.671,26.188,-102.841,9.960,22.4,0.010,22.672
2026-03-03T14:59:15.104,99.228,1025.672,26.198,-102.850,9.960,22.4,0.010,22.672
2026-03-03T14:59:15.599,99.723,1025.649,26.182,-102.660,9.960,22.4,-0.020,22.668
2026-03-03T14:59:16.098,100.223,1025.655,26.184,-102.715,9.960,22.4,-0.026,22.661
2026-03-03T14:59:16.597,100.723,1025.645,26.189,-102.626,9.960,22.4,-0.021,22.668
2026-03-03T14:59:17.110,101.223,1025.654,26.188,-102.703,9.960,22.4,0.013,22.670
2026-03-03T14:59:17.599,101.723,1025.637,26.184,-102.561,9.960,22.4,-0.023,22.670
2026-03-03T14:59:18.122,102.223,1025.636,26.202,-102.553,9.960,22.4,-0.042,22.677
2026-03-03T14:59:18.597,102.723,1025.629,26.200,-102.498,9.960,22.4,0.011,22.677
2026-03-03T14:59:19.098,103.223,1025.619,26.194,-102.415,9.960,22.4,0.000,22.659
2026-03-03T14:59:19.599,103.723,1025.616,26.193,-102.392,9.960,22.4,0.016,22.666
2026-03-03T14:59:20.099,104.223,1025.622,26.205,-102.439,9.960,22.4,0.005,22.654
2026-03-03T14:59:20.617,104.723,1025.616,26.210,-102.390,9.960,22.4,-0.006,22.666
2026-03-03T14:59:21.098,105.223,1025.614,26.213,-102.377,9.960,22.4,0.002,22.670
2026-03-03T14:59:21.598,105.723,1025.609,26.213,-102.332,9.960,22.4,0.029,22.675
2026-03-03T14:59:22.098,106.223,1025.618,26.237,-102.404,9.960,22.4,-0.008,22.666
2026-03-03T14:59:22.598,106.723,1025.604,26.222,-102.291,9.960,22.4,-0.018,22.672
2026-03-03T14:59:23.098,107.223,1025.608,26.229,-102.321,9.960,22.4,-0.013,22.672
2026-03-03T14:59:23.598,107.723,1025.605,26.249,-102.299,9.960,22.4,-0.027,22.672
2026-03-03T14:59:24.098,108.223,1025.605,26.252,-102.301,9.960,22.4,0.014,22.670
2026-03-03T14:59:24.597,108.723,1025.608,26.240,-102.323,9.960,22.4,0.008,22.679
2026-03-03T14:59:25.098,109.223,1025.602,26.228,-102.274,9.960,22.4,0.024,22.668
2026-03-03T14:59:25.599,109.723,1025.598,26.237,-102.243,9.960,22.4,-0.001,22.663
2026-03-03T14:59:26.116,110.226,1025.604,26.247,-102.290,9.960,22.4,0.003,22.675
2026-03-03T14:59:26.607,110.731,1025.602,26.240,-102.276,9.960,22.4,0.006,22.675
2026-03-03T14:59:27.102,111.226,1025.602,26.238,-102.275,9.960,22.4,-0.020,22.647
2026-03-03T14:59:27.601,111.726,1025.604,26.245,-102.288,9.960,22.4,-0.010,22.677
2026-03-03T14:59:28.102,112.226,1025.601,26.238,-102.267,9.960,22.4,0.005,22.663
2026-03-03T14:59:28.600,112.726,1025.605,26.245,-102.296,9.960,22.4,0.001,22.663
2026-03-03T14:59:29.102,113.226,1025.604,26.242,-102.293,9.960,22.4,0.005,22.682
2026-03-03T14:59:29.604,113.726,1025.603,26.258,-102.283,9.960,22.4,0.028,22.659
2026-03-03T14:59:30.102,114.226,1025.600,26.254,-102.258,9.960,22.4,0.016,22.684
2026-03-03T14:59:30.602,114.726,1025.601,26.260,-102.270,9.960,22.4,0.021,22.668
2026-03-03T14:59:31.101,115.226,1025.605,26.262,-102.302,9.960,22.4,-0.017,22.663
2026-03-03T14:59:31.601,115.726,1025.602,26.266,-102.275,9.960,22.4,0.014,22.663
2026-03-03T14:59:32.101,116.226,1025.594,26.275,-102.213,9.960,22.4,-0.005,22.654
2026-03-03T14:59:32.601,116.726,1025.597,26.277,-102.230,9.960,22.4,-0.025,22.698
2026-03-03T14:59:33.101,117.226,1025.593,26.269,-102.201,9.960,22.4,-0.007,22.679
2026-03-03T14:59:33.602,117.726,1025.598,26.268,-102.238,9.960,22.4,-0.010,22.645
2026-03-03T14:59:34.112,118.226,1025.599,26.277,-102.253,9.960,22.4,0.019,22.643
2026-03-03T14:59:34.602,118.726,1025.600,26.290,-102.256,9.960,22.4,-0.007,22.682
2026-03-03T14:59:35.101,119.226,1025.604,26.298,-102.293,9.960,22.4,0.000,22.659
2026-03-03T14:59:35.601,119.726,1025.600,26.290,-102.256,9.960,22.4,-0.027,22.686
2026-03-03T14:59:36.103,120.226,1025.597,26.286,-102.237,9.960,22.4,0.015,22.663
2026-03-03T14:59:36.601,120.726,1025.600,26.299,-102.255,9.960,22.4,0.014,22.668
2026-03-03T14:59:37.102,121.226,1025.599,26.296,-102.253,9.960,22.4,-0.030,22.672
2026-03-03T14:59:37.605,121.729,1025.601,26.307,-102.270,9.960,22.4,0.020,22.670
2026-03-03T14:59:38.110,122.234,1025.599,26.298,-102.247,9.960,22.4,0.006,22.670
2026-03-03T14:59:38.622,122.729,1025.602,26.308,-102.278,9.960,22.4,0.015,22.675
2026-03-03T14:59:39.103,123.229,1025.604,26.310,-102.287,9.960,22.4,-0.012,22.666
2026-03-03T14:59:39.603,123.729,1025.600,26.314,-102.260,9.960,22.4,0.014,22.668
2026-03-03T14:59:40.103,124.229,1025.601,26.309,-102.264,9.960,22.4,0.009,22.672
2026-03-03T14:59:40.603,124.729,1025.596,26.322,-102.229,9.960,22.4,0.032,22.668
2026-03-03T14:59:41.103,125.229,1025.592,26.322,-102.190,9.960,22.4,0.007,22.675
2026-03-03T14:59:41.604,125.729,1025.588,26.317,-102.156,9.960,22.4,-0.012,22.677
2026-03-03T14:59:42.123,126.229,1025.590,26.320,-102.174,9.960,22.4,-0.030,22.677
2026-03-03T14:59:42.604,126.729,1025.596,26.327,-102.226,9.960,22.4,0.034,22.661
2026-03-03T14:59:43.105,127.229,1025.597,26.324,-102.230,9.960,22.4,0.039,22.670
2026-03-03T14:59:43.604,127.729,1025.599,26.313,-102.252,9.960,22.4,-0.004,22.670
2026-03-03T14:59:44.105,128.229,1025.600,26.314,-102.260,9.960,22.4,-0.000,22.663
2026-03-03T14:59:44.603,128.729,1025.599,26.341,-102.252,9.960,22.4,-0.026,22.684
2026-03-03T14:59:45.105,129.229,1025.597,26.325,-102.231,9.960,22.4,0.010,22.666
2026-03-03T14:59:45.604,129.729,1025.598,26.316,-102.239,9.960,22.4,0.009,22.670
2026-03-03T14:59:46.105,130.229,1025.595,26.322,-102.221,9.960,22.4,0.027,22.661
2026-03-03T14:59:46.624,130.729,1025.600,26.339,-102.258,9.960,22.4,-0.011,22.645
2026-03-03T14:59:47.104,131.229,1025.599,26.343,-102.253,9.960,22.4,-0.011,22.679
2026-03-03T14:59:47.605,131.729,1025.600,26.340,-102.258,9.960,22.4,0.013,22.686
2026-03-03T14:59:48.104,132.229,1025.595,26.343,-102.215,9.960,22.4,0.032,22.672
2026-03-03T14:59:48.606,132.730,1025.598,26.340,-102.243,9.960,22.4,-0.006,22.663
2026-03-03T14:59:49.109,133.234,1025.595,26.336,-102.217,9.960,22.4,0.018,22.675
2026-03-03T14:59:49.616,133.739,1025.599,26.342,-102.252,9.960,22.4,-0.019,22.663
2026-03-03T14:59:50.110,134.234,1025.598,26.352,-102.238,9.960,22.4,0.036,22.679
2026-03-03T14:59:50.609,134.734,1025.598,26.350,-102.243,9.960,22.4,-0.007,22.677
2026-03-03T14:59:51.138,135.234,1025.595,26.353,-102.216,9.960,22.4,-0.014,22.666
2026-03-03T14:59:51.609,135.734,1025.599,26.356,-102.249,9.960,22.4,0.005,22.677
2026-03-03T14:59:52.109,136.234,1025.594,26.357,-102.211,9.960,22.4,0.035,22.670
2026-03-03T14:59:52.608,136.734,1025.595,26.360,-102.214,9.960,22.4,-0.012,22.666
2026-03-03T14:59:53.110,137.234,1025.588,26.364,-102.156,9.960,22.4,-0.002,22.670
2026-03-03T14:59:53.609,137.734,1025.594,26.368,-102.205,9.960,22.4,0.007,22.672
2026-03-03T14:59:54.110,138.234,1025.585,26.352,-102.139,9.960,22.4,-0.011,22.661
2026-03-03T14:59:54.614,138.734,1025.594,26.360,-102.206,9.960,22.4,-0.019,22.659
2026-03-03T14:59:55.109,139.234,1025.590,26.371,-102.177,9.960,22.4,-0.020,22.661
2026-03-03T14:59:55.609,139.734,1025.595,26.374,-102.218,9.960,22.4,0.004,22.675
2026-03-03T14:59:56.108,140.234,1025.591,26.366,-102.188,9.960,22.4,-0.023,22.666
2026-03-03T14:59:56.609,140.734,1025.594,26.375,-102.211,9.960,22.4,0.029,22.672
2026-03-03T14:59:57.108,141.234,1025.594,26.377,-102.205,9.960,22.4,-0.004,22.677
2026-03-03T14:59:57.609,141.734,1025.589,26.384,-102.172,9.960,22.4,0.017,22.663
2026-03-03T14:59:58.113,142.234,1025.596,26.403,-102.226,9.960,22.4,-0.005,22.672
2026-03-03T14:59:58.609,142.734,1025.596,26.401,-102.224,9.960,22.4,0.015,22.672
2026-03-03T14:59:59.123,143.234,1025.596,26.393,-102.226,9.960,22.4,0.006,22.668
2026-03-03T14:59:59.610,143.734,1025.594,26.397,-102.206,9.960,22.4,0.015,22.643
2026-03-03T15:00:00.114,144.239,1025.593,26.397,-102.199,9.960,22.4,-0.031,22.668
2026-03-03T15:00:00.609,144.734,1025.598,26.407,-102.245,9.960,22.4,-0.034,22.661
2026-03-03T15:00:01.109,145.234,1025.596,26.421,-102.226,9.960,22.4,-0.007,22.677
2026-03-03T15:00:01.608,145.734,1025.597,26.400,-102.231,9.960,22.4,0.005,22.668
2026-03-03T15:00:02.112,146.234,1025.594,26.407,-102.206,9.960,22.4,-0.002,22.684
2026-03-03T15:00:02.608,146.734,1025.593,26.413,-102.204,9.960,22.4,-0.041,22.677
2026-03-03T15:00:03.111,147.234,1025.594,26.409,-102.208,9.960,22.4,-0.013,22.656
2026-03-03T15:00:03.609,147.734,1025.589,26.402,-102.164,9.960,22.4,0.020,22.647
2026-03-03T15:00:04.108,148.234,1025.594,26.408,-102.208,9.960,22.4,-0.001,22.661
2026-03-03T15:00:04.609,148.734,1025.593,26.407,-102.199,9.960,22.4,0.011,22.661
2026-03-03T15:00:05.108,149.234,1025.597,26.419,-102.231,9.960,22.4,-0.008,22.666
2026-03-03T15:00:05.609,149.734,1025.595,26.434,-102.221,9.960,22.4,-0.016,22.666
2026-03-03T15:00:06.108,150.234,1025.591,26.416,-102.183,9.960,22.4,0.019,22.675
2026-03-03T15:00:06.609,150.734,1025.596,26.417,-102.222,9.960,22.4,0.002,22.691
2026-03-03T15:00:07.116,151.234,1025.596,26.421,-102.226,9.960,22.4,-0.006,22.645
2026-03-03T15:00:07.610,151.734,1025.594,26.431,-102.211,9.960,22.4,0.008,22.661
2026-03-03T15:00:08.128,152.234,1025.593,26.413,-102.204,9.960,22.4,0.002,22.675
2026-03-03T15:00:08.610,152.734,1025.594,26.418,-102.208,9.960,22.4,-0.010,22.656
2026-03-03T15:00:09.111,153.234,1025.591,26.414,-102.181,9.960,22.4,-0.001,22.677
2026-03-03T15:00:09.608,153.734,1025.596,26.438,-102.224,9.960,22.4,0.038,22.656
2026-03-03T15:00:10.112,154.234,1025.588,26.429,-102.163,9.960,22.4,-0.005,22.663
2026-03-03T15:00:10.614,154.739,1025.595,26.445,-102.215,9.960,22.4,-0.015,22.675
2026-03-03T15:00:11.109,155.234,1025.594,26.429,-102.210,9.960,22.4,-0.036,22.645
2026-03-03T15:00:11.624,155.734,1025.589,26.433,-102.167,9.960,22.4,-0.012,22.659
2026-03-03T15:00:12.108,156.234,1025.595,26.439,-102.218,9.960,22.4,-0.018,22.656
2026-03-03T15:00:12.608,156.734,1025.596,26.450,-102.226,9.960,22.4,-0.001,22.675
2026-03-03T15:00:13.108,157.234,1025.590,26.443,-102.175,9.960,22.4,0.014,22.675
2026-03-03T15:00:13.610,157.734,1025.592,26.443,-102.190,9.960,22.4,0.003,22.659
2026-03-03T15:00:14.109,158.234,1025.593,26.445,-102.199,9.960,22.4,0.007,22.675
2026-03-03T15:00:14.608,158.734,1025.592,26.440,-102.195,9.960,22.4,-0.000,22.668
2026-03-03T15:00:15.117,159.234,1025.591,26.452,-102.183,9.960,22.4,0.006,22.652
2026-03-03T15:00:15.609,159.734,1025.592,26.455,-102.193,9.960,22.4,-0.039,22.672
2026-03-03T15:00:16.109,160.234,1025.596,26.465,-102.224,9.960,22.4,-0.018,22.654
2026-03-03T15:00:16.608,160.734,1025.590,26.454,-102.177,9.960,22.4,0.003,22.661
2026-03-03T15:00:17.108,161.234,1025.592,26.462,-102.191,9.960,22.4,-0.023,22.645
2026-03-03T15:00:17.608,161.734,1025.590,26.448,-102.179,9.960,22.4,-0.014,22.661
2026-03-03T15:00:18.110,162.234,1025.592,26.466,-102.194,9.960,22.4,0.007,22.640
2026-03-03T15:00:18.609,162.734,1025.590,26.470,-102.174,9.960,22.4,0.025,22.650
2026-03-03T15:00:19.110,163.234,1025.592,26.467,-102.194,9.960,22.4,-0.008,22.668
2026-03-03T15:00:19.609,163.734,1025.591,26.465,-102.185,9.960,22.4,-0.009,22.656
2026-03-03T15:00:20.108,164.234,1025.594,26.474,-102.208,9.960,22.4,-0.009,22.668
2026-03-03T15:00:20.610,164.734,1025.595,26.466,-102.217,9.960,22.4,0.005,22.663
2026-03-03T15:00:21.115,165.239,1025.592,26.487,-102.195,9.960,22.4,0.009,22.670
2026-03-03T15:00:21.608,165.734,1025.592,26.472,-102.192,9.960,22.4,-0.020,22.659
2026-03-03T15:00:22.113,166.234,1025.590,26.463,-102.176,9.960,22.4,-0.013,22.688
2026-03-03T15:00:22.608,166.734,1025.589,26.480,-102.167,9.960,22.4,-0.005,22.668
2026-03-03T15:00:23.110,167.234,1025.589,26.471,-102.167,9.960,22.4,-0.007,22.656
2026-03-03T15:00:23.608,167.734,1025.593,26.491,-102.199,9.960,22.4,-0.007,22.659
2026-03-03T15:00:24.109,168.234,1025.591,26.473,-102.185,9.960,22.4,0.006,22.661
2026-03-03T15:00:24.607,168.734,1025.594,26.486,-102.210,9.960,22.4,0.023,22.670
2026-03-03T15:00:25.109,169.234,1025.593,26.487,-102.203,9.960,22.4,-0.019,22.661
2026-03-03T15:00:25.608,169.734,1025.592,26.484,-102.193,9.960,22.4,0.013,22.659
2026-03-03T15:00:26.108,170.234,1025.591,26.501,-102.184,9.960,22.4,-0.003,22.670
2026-03-03T15:00:26.609,170.734,1025.592,26.495,-102.195,9.960,22.4,-0.001,22.679
2026-03-03T15:00:27.109,171.234,1025.587,26.490,-102.153,9.960,22.4,0.001,22.666
2026-03-03T15:00:27.608,171.734,1025.589,26.504,-102.172,9.960,22.4,0.022,22.647
2026-03-03T15:00:28.109,172.234,1025.587,26.500,-102.153,9.960,22.4,0.026,22.675
2026-03-03T15:00:28.611,172.734,1025.587,26.486,-102.149,9.960,22.4,-0.009,22.672
2026-03-03T15:00:29.107,173.234,1025.587,26.493,-102.155,9.960,22.4,-0.002,22.656
2026-03-03T15:00:29.608,173.734,1025.584,26.502,-102.123,9.960,22.4,-0.029,22.672
2026-03-03T15:00:30.108,174.234,1025.576,26.504,-102.063,9.960,22.4,0.018,22.645
2026-03-03T15:00:30.609,174.734,1025.557,26.505,-101.903,9.960,22.4,0.006,22.675
2026-03-03T15:00:31.108,175.234,1025.543,26.512,-101.785,9.960,22.4,-0.002,22.663
2026-03-03T15:00:31.614,175.739,1025.541,26.517,-101.774,9.960,22.4,0.025,22.650
2026-03-03T15:00:32.108,176.234,1025.553,26.516,-101.873,9.960,22.4,0.031,22.659
2026-03-03T15:00:32.609,176.734,1025.554,26.519,-101.883,9.960,22.4,0.003,22.661
2026-03-03T15:00:33.108,177.234,1025.554,26.511,-101.877,9.960,22.4,-0.014,22.661
2026-03-03T15:00:33.609,177.734,1025.556,26.510,-101.899,9.960,22.4,-0.007,22.668
2026-03-03T15:00:34.133,178.234,1025.559,26.516,-101.919,9.960,22.4,-0.014,22.668
2026-03-03T15:00:34.611,178.734,1025.560,26.532,-101.925,9.960,22.4,-0.015,22.666
2026-03-03T15:00:35.109,179.234,1025.557,26.531,-101.908,9.960,22.4,0.023,22.659
2026-03-03T15:00:35.607,179.734,1025.558,26.532,-101.909,9.960,22.4,-0.015,22.675
2026-03-03T15:00:36.108,180.234,1025.556,26.530,-101.893,9.960,22.4,0.016,22.659
2026-03-03T15:00:36.608,180.734,1025.555,26.540,-101.886,9.960,22.4,0.016,22.652
2026-03-03T15:00:37.109,181.234,1025.556,26.536,-101.897,9.960,22.4,-0.005,22.654
2026-03-03T15:00:37.609,181.734,1025.554,26.540,-101.877,9.960,22.4,0.016,22.659
2026-03-03T15:00:38.110,182.234,1025.558,26.538,-101.914,9.960,22.4,0.014,22.670
2026-03-03T15:00:38.609,182.734,1025.560,26.551,-101.932,9.960,22.4,-0.026,22.663
2026-03-03T15:00:39.108,183.234,1025.557,26.539,-101.907,9.960,22.4,-0.006,22.663
2026-03-03T15:00:39.608,183.734,1025.563,26.536,-101.951,9.960,22.4,-0.001,22.677
2026-03-03T15:00:40.108,184.234,1025.572,26.535,-102.027,9.960,22.4,-0.004,22.668
2026-03-03T15:00:40.609,184.734,1025.571,26.548,-102.023,9.960,22.4,0.013,22.661
2026-03-03T15:00:41.109,185.234,1025.558,26.544,-101.911,9.960,22.4,-0.011,22.666
2026-03-03T15:00:41.608,185.734,1025.555,26.547,-101.891,9.960,22.4,0.023,22.661
2026-03-03T15:00:42.114,186.239,1025.558,26.561,-101.910,9.960,22.4,0.001,22.668
2026-03-03T15:00:42.608,186.734,1025.559,26.551,-101.917,9.960,22.4,0.013,22.677
2026-03-03T15:00:43.114,187.234,1025.559,26.570,-101.917,9.960,22.4,-0.002,22.661
2026-03-03T15:00:43.608,187.734,1025.557,26.562,-101.903,9.960,22.4,0.020,22.670
2026-03-03T15:00:44.109,188.234,1025.563,26.566,-101.952,9.960,22.4,0.047,22.661
2026-03-03T15:00:44.607,188.734,1025.561,26.569,-101.939,9.960,22.4,0.009,22.661
2026-03-03T15:00:45.108,189.234,1025.563,26.569,-101.955,9.960,22.4,0.010,22.645
2026-03-03T15:00:45.608,189.734,1025.564,26.558,-101.961,9.960,22.4,0.004,22.659
2026-03-03T15:00:46.109,190.234,1025.562,26.567,-101.945,9.960,22.4,0.016,22.679
2026-03-03T15:00:46.624,190.734,1025.561,26.569,-101.939,9.960,22.4,-0.014,22.647
2026-03-03T15:00:47.109,191.234,1025.563,26.564,-101.951,9.960,22.4,-0.025,22.668
2026-03-03T15:00:47.628,191.734,1025.566,26.558,-101.978,9.960,22.4,-0.022,22.666
2026-03-03T15:00:48.108,192.234,1025.569,26.564,-102.005,9.960,22.4,-0.003,22.659
2026-03-03T15:00:48.607,192.734,1025.562,26.567,-101.946,9.960,22.4,-0.003,22.663
2026-03-03T15:00:49.108,193.234,1025.560,26.579,-101.925,9.960,22.4,-0.010,22.677
2026-03-03T15:00:49.608,193.734,1025.559,26.573,-101.920,9.960,22.4,-0.025,22.686
2026-03-03T15:00:50.123,194.234,1025.560,26.570,-101.925,9.960,22.4,-0.019,22.663
2026-03-03T15:00:50.608,194.734,1025.566,26.581,-101.981,9.960,22.4,0.012,22.670
2026-03-03T15:00:51.126,195.234,1025.571,26.576,-102.022,9.960,22.4,0.001,22.670
2026-03-03T15:00:51.607,195.734,1025.574,26.575,-102.044,9.960,22.4,-0.023,22.684
2026-03-03T15:00:52.113,196.234,1025.571,26.584,-102.022,9.960,22.4,0.041,22.634
2026-03-03T15:00:52.612,196.739,1025.565,26.597,-101.971,9.960,22.4,-0.013,22.656
2026-03-03T15:00:53.109,197.234,1025.537,26.587,-101.739,18.427,51.2,-43.710,22.389
2026-03-03T15:00:53.628,197.734,1025.540,26.580,-101.764,33.000,80.0,-0.495,22.677
2026-03-03T15:00:54.107,198.234,1025.541,26.578,-101.771,33.036,80.0,-0.029,22.656
2026-03-03T15:00:54.608,198.734,1025.537,26.583,-101.736,33.044,80.0,-0.010,22.652
2026-03-03T15:00:55.107,199.234,1025.537,26.583,-101.736,33.045,80.0,-0.034,22.652
2026-03-03T15:00:55.609,199.734,1025.536,26.585,-101.730,33.047,80.0,0.021,22.663
2026-03-03T15:00:56.108,200.234,1025.533,26.584,-101.706,33.047,80.0,-0.014,22.645
2026-03-03T15:00:56.608,200.734,1025.533,26.593,-101.706,33.047,80.0,0.002,22.663
2026-03-03T15:00:57.108,201.234,1025.531,26.586,-101.693,33.047,80.0,0.023,22.661
2026-03-03T15:00:57.609,201.734,1025.537,26.587,-101.739,33.047,80.0,-0.010,22.670
2026-03-03T15:00:58.109,202.234,1025.537,26.597,-101.740,33.047,80.0,0.012,22.666
2026-03-03T15:00:58.608,202.734,1025.535,26.581,-101.719,33.047,80.0,-0.033,22.691
2026-03-03T15:00:59.109,203.234,1025.537,26.589,-101.741,33.048,80.0,-0.059,22.668
2026-03-03T15:00:59.608,203.734,1025.539,26.592,-101.759,33.055,80.0,0.033,22.659
2026-03-03T15:01:00.109,204.234,1025.542,26.593,-101.782,33.047,80.0,0.035,22.661
2026-03-03T15:01:00.620,204.734,1025.542,26.599,-101.779,33.039,80.0,0.018,22.654
2026-03-03T15:01:01.108,205.234,1025.544,26.602,-101.799,33.044,80.0,0.019,22.659
2026-03-03T15:01:01.608,205.734,1025.547,26.604,-101.823,33.045,80.0,-0.020,22.652
2026-03-03T15:01:02.108,206.234,1025.545,26.599,-101.803,33.036,80.0,0.043,22.682
2026-03-03T15:01:02.608,206.734,1025.542,26.595,-101.784,33.038,80.0,-0.020,22.661
2026-03-03T15:01:03.113,207.239,1025.545,26.614,-101.809,33.036,80.0,0.034,22.666
2026-03-03T15:01:03.608,207.734,1025.543,26.620,-101.789,33.037,80.0,-0.040,22.666
2026-03-03T15:01:04.108,208.234,1025.545,26.613,-101.808,33.068,80.0,-0.011,22.663
2026-03-03T15:01:04.609,208.734,1025.545,26.615,-101.809,33.073,80.0,-0.025,22.663
2026-03-03T15:01:05.133,209.234,1025.545,26.614,-101.808,33.046,80.0,-0.013,22.675
2026-03-03T15:01:05.607,209.734,1025.541,26.613,-101.769,33.045,80.0,-0.007,22.663
2026-03-03T15:01:06.110,210.234,1025.534,26.606,-101.717,33.045,80.0,-0.051,22.645
2026-03-03T15:01:06.607,210.734,1025.534,26.617,-101.718,33.045,80.0,-0.031,22.666
2026-03-03T15:01:07.107,211.234,1025.542,26.614,-101.777,33.045,80.0,0.042,22.670
2026-03-03T15:01:07.613,211.734,1025.540,26.619,-101.766,33.045,80.0,-0.009,22.656
2026-03-03T15:01:08.107,212.234,1025.539,26.624,-101.755,33.045,80.0,-0.013,22.672
2026-03-03T15:01:08.632,212.734,1025.537,26.625,-101.740,33.045,80.0,0.025,22.668
2026-03-03T15:01:09.108,213.234,1025.535,26.620,-101.720,33.045,80.0,0.008,22.656
2026-03-03T15:01:09.608,213.734,1025.535,26.623,-101.723,33.045,80.0,0.028,22.656
2026-03-03T15:01:10.107,214.234,1025.537,26.628,-101.743,33.045,80.0,0.039,22.640
2026-03-03T15:01:10.610,214.734,1025.540,26.621,-101.760,33.045,80.0,-0.012,22.670
2026-03-03T15:01:11.122,215.234,1025.536,26.626,-101.733,33.044,80.0,-0.008,22.656
2026-03-03T15:01:11.609,215.734,1025.537,26.636,-101.741,33.044,80.0,0.019,22.656
2026-03-03T15:01:12.125,216.234,1025.536,26.631,-101.729,33.044,80.0,0.023,22.663
2026-03-03T15:01:12.609,216.734,1025.535,26.632,-101.723,33.044,80.0,-0.019,22.650
2026-03-03T15:01:13.111,217.237,1025.536,26.624,-101.732,33.045,80.0,-0.026,22.638
2026-03-03T15:01:13.616,217.742,1025.536,26.628,-101.727,33.044,80.0,0.028,22.647
2026-03-03T15:01:14.112,218.237,1025.537,26.635,-101.740,33.032,80.0,-0.016,22.666
2026-03-03T15:01:14.610,218.737,1025.535,26.638,-101.720,33.049,80.0,0.030,22.654
2026-03-03T15:01:15.113,219.237,1025.534,26.644,-101.718,33.050,80.0,0.025,22.675
2026-03-03T15:01:15.617,219.737,1025.534,26.644,-101.718,33.049,80.0,0.009,22.672
2026-03-03T15:01:16.111,220.237,1025.542,26.651,-101.784,33.049,80.0,-0.019,22.663
2026-03-03T15:01:16.624,220.737,1025.547,26.638,-101.820,33.049,80.0,-0.006,22.668
2026-03-03T15:01:17.111,221.237,1025.552,26.638,-101.866,33.048,80.0,-0.009,22.659
2026-03-03T15:01:17.612,221.737,1025.549,26.640,-101.838,33.011,80.0,0.065,22.654
2026-03-03T15:01:18.111,222.237,1025.553,26.630,-101.875,33.000,80.0,-0.002,22.647
2026-03-03T15:01:18.611,222.737,1025.552,26.635,-101.864,33.090,80.0,0.022,22.677
2026-03-03T15:01:19.110,223.237,1025.553,26.633,-101.870,33.068,80.0,0.383,22.652
2026-03-03T15:01:19.611,223.737,1025.555,26.633,-101.885,32.998,80.0,-0.022,22.659
2026-03-03T15:01:20.123,224.237,1025.551,26.634,-101.856,33.021,80.0,-0.200,22.659
2026-03-03T15:01:20.611,224.737,1025.544,26.628,-101.797,33.097,80.0,0.039,22.661
2026-03-03T15:01:21.118,225.237,1025.532,26.639,-101.698,33.070,80.0,0.076,22.659
2026-03-03T15:01:21.611,225.737,1025.534,26.634,-101.717,33.057,80.0,-0.049,22.650
2026-03-03T15:01:22.112,226.237,1025.535,26.642,-101.723,33.046,80.0,0.037,22.663
2026-03-03T15:01:22.610,226.737,1025.535,26.651,-101.723,33.045,80.0,-0.006,22.661
2026-03-03T15:01:23.111,227.237,1025.535,26.645,-101.725,33.045,80.0,-0.018,22.656
2026-03-03T15:01:23.611,227.737,1025.533,26.646,-101.704,33.045,80.0,-0.005,22.672
2026-03-03T15:01:24.116,228.242,1025.534,26.643,-101.716,33.045,80.0,-0.001,22.659
2026-03-03T15:01:24.625,228.737,1025.534,26.646,-101.711,33.045,80.0,0.028,22.666
2026-03-03T15:01:25.110,229.237,1025.531,26.644,-101.687,33.045,80.0,0.020,22.659
2026-03-03T15:01:25.612,229.737,1025.532,26.653,-101.701,33.045,80.0,0.014,22.666
2026-03-03T15:01:26.110,230.237,1025.534,26.658,-101.713,33.045,80.0,-0.012,22.647
2026-03-03T15:01:26.611,230.737,1025.536,26.668,-101.728,33.045,80.0,0.027,22.661
2026-03-03T15:01:27.113,231.237,1025.535,26.659,-101.721,33.045,80.0,0.018,22.652
2026-03-03T15:01:27.610,231.737,1025.535,26.647,-101.720,33.045,80.0,-0.015,22.663
2026-03-03T15:01:28.112,232.237,1025.533,26.642,-101.707,33.045,80.0,-0.015,22.643
2026-03-03T15:01:28.610,232.737,1025.533,26.647,-101.704,33.045,80.0,-0.015,22.666
2026-03-03T15:01:29.112,233.237,1025.533,26.663,-101.710,33.045,80.0,-0.016,22.659
2026-03-03T15:01:29.610,233.737,1025.538,26.667,-101.744,33.036,80.0,-0.025,22.647
2026-03-03T15:01:30.110,234.237,1025.534,26.650,-101.714,33.036,80.0,-0.001,22.645
2026-03-03T15:01:30.612,234.737,1025.531,26.663,-101.694,33.034,80.0,-0.084,22.659
2026-03-03T15:01:31.110,235.237,1025.533,26.670,-101.708,33.061,80.0,0.023,22.652
2026-03-03T15:01:31.632,235.737,1025.534,26.662,-101.717,33.047,80.0,0.010,22.663
2026-03-03T15:01:32.112,236.237,1025.533,26.669,-101.707,33.047,80.0,-0.018,22.643
2026-03-03T15:01:32.612,236.737,1025.526,26.667,-101.652,33.047,80.0,0.006,22.668
2026-03-03T15:01:33.110,237.237,1025.528,26.674,-101.664,33.047,80.0,0.018,22.659
2026-03-03T15:01:33.611,237.737,1025.533,26.663,-101.710,33.047,80.0,-0.013,22.666
2026-03-03T15:01:34.113,238.239,1025.535,26.672,-101.725,33.047,80.0,0.015,22.661
2026-03-03T15:01:34.621,238.744,1025.535,26.669,-101.723,33.047,80.0,-0.009,22.663
2026-03-03T15:01:35.119,239.239,1025.535,26.677,-101.721,33.046,80.0,-0.007,22.650
2026-03-03T15:01:35.611,239.739,1025.533,26.676,-101.704,33.046,80.0,0.020,22.659
2026-03-03T15:01:36.147,240.239,1025.527,26.674,-101.657,33.046,80.0,-0.046,22.663
2026-03-03T15:01:36.612,240.739,1025.527,26.669,-101.661,33.046,80.0,-0.021,22.670
2026-03-03T15:01:37.114,241.239,1025.538,26.674,-101.750,33.046,80.0,-0.035,22.659
2026-03-03T15:01:37.613,241.739,1025.542,26.679,-101.776,33.046,80.0,0.010,22.654
2026-03-03T15:01:38.113,242.239,1025.537,26.677,-101.736,33.046,80.0,-0.002,22.670
2026-03-03T15:01:38.612,242.739,1025.536,26.673,-101.733,33.046,80.0,-0.003,22.675
2026-03-03T15:01:39.113,243.239,1025.531,26.671,-101.694,33.046,80.0,-0.029,22.659
2026-03-03T15:01:39.621,243.739,1025.532,26.683,-101.695,33.046,80.0,-0.026,22.675
2026-03-03T15:01:40.112,244.239,1025.531,26.679,-101.692,33.046,80.0,-0.009,22.670
2026-03-03T15:01:40.613,244.739,1025.530,26.689,-101.684,33.046,80.0,0.017,22.661
2026-03-03T15:01:41.112,245.239,1025.529,26.680,-101.670,33.045,80.0,0.003,22.672
2026-03-03T15:01:41.612,245.739,1025.532,26.680,-101.700,33.046,80.0,0.016,22.654
2026-03-03T15:01:42.121,246.239,1025.529,26.671,-101.670,33.046,80.0,0.008,22.666
2026-03-03T15:01:42.614,246.739,1025.525,26.682,-101.640,33.046,80.0,0.014,22.652
2026-03-03T15:01:43.113,247.239,1025.522,26.679,-101.615,33.046,80.0,-0.003,22.661
2026-03-03T15:01:43.613,247.739,1025.525,26.689,-101.640,33.046,80.0,-0.006,22.643
2026-03-03T15:01:44.113,248.239,1025.524,26.691,-101.633,33.046,80.0,0.005,22.679
2026-03-03T15:01:44.613,248.739,1025.523,26.694,-101.627,33.046,80.0,-0.008,22.668
2026-03-03T15:01:45.118,249.244,1025.521,26.692,-101.603,33.045,80.0,0.017,22.672
2026-03-03T15:01:45.620,249.739,1025.518,26.693,-101.580,33.046,80.0,-0.002,22.661
2026-03-03T15:01:46.112,250.239,1025.519,26.702,-101.588,33.046,80.0,-0.020,22.675
2026-03-03T15:01:46.631,250.739,1025.519,26.702,-101.588,33.046,80.0,-0.004,22.670
2026-03-03T15:01:47.113,251.239,1025.517,26.703,-101.573,33.046,80.0,-0.009,22.656
2026-03-03T15:01:47.612,251.739,1025.517,26.693,-101.573,33.045,80.0,0.012,22.663
2026-03-03T15:01:48.113,252.239,1025.522,26.708,-101.615,-13.599,0.0,0.000,0.000
2026-03-03T15:01:48.612,252.739,1025.517,26.701,-101.572,-13.599,0.0,0.000,0.000
2026-03-03T15:01:49.112,253.239,1025.517,26.702,-101.572,-13.599,0.0,0.000,0.000
2026-03-03T15:01:49.614,253.739,1025.519,26.701,-101.587,-13.599,0.0,0.000,0.000
2026-03-03T15:01:50.123,254.239,1025.523,26.708,-101.624,-13.599,0.0,0.000,0.000
2026-03-03T15:01:50.613,254.739,1025.521,26.702,-101.603,-13.599,0.0,0.000,0.000
2026-03-03T15:01:51.125,255.239,1025.521,26.704,-101.604,-13.599,0.0,0.000,0.000
2026-03-03T15:01:51.612,255.739,1025.523,26.705,-101.621,-13.599,0.0,0.000,0.000
2026-03-03T15:01:52.113,256.240,1025.520,26.710,-101.602,-13.599,0.0,0.000,0.000
2026-03-03T15:01:52.613,256.740,1025.529,26.708,-101.670,-13.599,0.0,0.000,0.000
2026-03-03T15:01:53.114,257.240,1025.534,26.712,-101.718,-13.599,0.0,0.000,0.000
2026-03-03T15:01:53.612,257.740,1025.535,26.720,-101.725,-13.599,0.0,0.000,0.000
2026-03-03T15:01:54.118,258.245,1025.534,26.716,-101.715,-13.599,0.0,0.000,0.000
2026-03-03T15:01:54.638,258.750,1025.528,26.703,-101.666,-13.599,0.0,0.000,0.000
2026-03-03T15:01:55.129,259.255,1025.529,26.707,-101.677,-13.599,0.0,0.000,0.000
2026-03-03T15:01:55.663,259.760,1025.531,26.716,-101.692,-13.599,0.0,0.000,0.000
2026-03-03T15:01:56.137,260.264,1025.528,26.715,-101.668,-13.599,0.0,0.000,0.000
2026-03-03T15:01:56.642,260.769,1025.535,26.712,-101.719,-13.599,0.0,0.000,0.000
2026-03-03T15:01:57.147,261.274,1025.535,26.715,-101.721,-13.599,0.0,0.000,0.000
2026-03-03T15:01:57.653,261.779,1025.528,26.710,-101.663,-13.599,0.0,0.000,0.000
2026-03-03T15:01:58.157,262.284,1025.516,26.710,-101.564,-13.599,0.0,0.000,0.000
2026-03-03T15:01:58.663,262.789,1025.514,26.702,-101.549,-13.599,0.0,0.000,0.000
2026-03-03T15:01:59.165,263.293,1025.517,26.712,-101.573,-13.599,0.0,0.000,0.000
2026-03-03T15:01:59.671,263.798,1025.518,26.706,-101.583,-13.599,0.0,0.000,0.000
2026-03-03T15:02:00.192,264.303,1025.510,26.702,-101.519,-13.599,0.0,0.000,0.000
2026-03-03T15:02:00.683,264.808,1025.510,26.716,-101.515,-13.599,0.0,0.000,0.000
2026-03-03T15:02:01.197,265.313,1025.512,26.727,-101.532,-13.599,0.0,0.000,0.000
2026-03-03T15:02:01.693,265.817,1025.512,26.718,-101.532,-13.599,0.0,0.000,0.000
2026-03-03T15:02:02.195,266.322,1025.509,26.711,-101.511,-13.599,0.0,0.000,0.000
2026-03-03T15:02:02.700,266.827,1025.514,26.712,-101.550,-13.599,0.0,0.000,0.000
2026-03-03T15:02:03.205,267.332,1025.512,26.714,-101.536,-13.599,0.0,0.000,0.000
2026-03-03T15:02:03.710,267.837,1025.511,26.709,-101.524,-13.599,0.0,0.000,0.000
2026-03-03T15:02:04.215,268.341,1025.513,26.711,-101.542,-13.599,0.0,0.000,0.000
2026-03-03T15:02:04.718,268.846,1025.514,26.720,-101.549,-13.599,0.0,0.000,0.000
2026-03-03T15:02:05.224,269.351,1025.512,26.728,-101.533,-13.599,0.0,0.000,0.000
2026-03-03T15:02:05.728,269.856,1025.518,26.732,-101.582,-13.599,0.0,0.000,0.000
2026-03-03T15:02:06.236,270.361,1025.510,26.705,-101.514,-13.599,0.0,0.000,0.000
2026-03-03T15:02:06.737,270.865,1025.510,26.726,-101.515,-13.599,0.0,0.000,0.000
2026-03-03T15:02:07.242,271.370,1025.510,26.713,-101.520,-13.599,0.0,0.000,0.000
2026-03-03T15:02:07.748,271.875,1025.511,26.726,-101.523,-13.599,0.0,0.000,0.000
2026-03-03T15:02:08.256,272.380,1025.513,26.735,-101.538,-13.599,0.0,0.000,0.000
2026-03-03T15:02:08.784,272.885,1025.510,26.724,-101.514,-13.599,0.0,0.000,0.000
2026-03-03T15:02:09.263,273.389,1025.515,26.738,-101.556,-13.599,0.0,0.000,0.000
2026-03-03T15:02:09.781,273.894,1025.514,26.731,-101.550,-13.599,0.0,0.000,0.000
2026-03-03T15:02:10.272,274.399,1025.517,26.724,-101.575,-13.599,0.0,0.000,0.000
2026-03-03T15:02:10.778,274.904,1025.517,26.732,-101.574,-13.599,0.0,0.000,0.000
2026-03-03T15:02:11.281,275.409,1025.524,26.726,-101.631,-13.599,0.0,0.000,0.000
2026-03-03T15:02:11.788,275.914,1025.527,26.736,-101.655,-13.599,0.0,0.000,0.000
2026-03-03T15:02:12.291,276.418,1025.515,26.726,-101.561,-13.599,0.0,0.000,0.000
2026-03-03T15:02:12.796,276.923,1025.519,26.732,-101.589,-13.599,0.0,0.000,0.000
2026-03-03T15:02:13.306,277.428,1025.515,26.732,-101.559,-13.599,0.0,0.000,0.000
2026-03-03T15:02:13.807,277.933,1025.521,26.734,-101.606,-13.599,0.0,0.000,0.000
2026-03-03T15:02:14.336,278.438,1025.514,26.732,-101.551,-13.599,0.0,0.000,0.000
2026-03-03T15:02:14.817,278.942,1025.507,26.726,-101.493,-13.599,0.0,0.000,0.000
2026-03-03T15:02:15.322,279.447,1025.507,26.736,-101.493,-13.599,0.0,0.000,0.000
2026-03-03T15:02:15.825,279.952,1025.510,26.748,-101.519,-13.599,0.0,0.000,0.000
2026-03-03T15:02:16.330,280.457,1025.513,26.738,-101.541,-13.599,0.0,0.000,0.000
2026-03-03T15:02:16.835,280.962,1025.517,26.745,-101.577,-13.599,0.0,0.000,0.000
2026-03-03T15:02:17.339,281.466,1025.512,26.745,-101.530,-13.599,0.0,0.000,0.000
2026-03-03T15:02:17.845,281.971,1025.511,26.756,-101.525,-13.599,0.0,0.000,0.000
2026-03-03T15:02:18.351,282.476,1025.506,26.737,-101.486,-13.599,0.0,0.000,0.000
2026-03-03T15:02:18.853,282.981,1025.512,26.755,-101.531,-13.599,0.0,0.000,0.000
2026-03-03T15:02:19.360,283.486,1025.508,26.756,-101.502,-13.599,0.0,0.000,0.000
2026-03-03T15:02:19.862,283.990,1025.509,26.744,-101.507,-13.599,0.0,0.000,0.000
2026-03-03T15:02:20.368,284.495,1025.509,26.732,-101.505,-13.599,0.0,0.000,0.000
2026-03-03T15:02:20.876,285.000,1025.508,26.731,-101.504,-13.599,0.0,0.000,0.000
2026-03-03T15:02:21.381,285.505,1025.508,26.737,-101.502,-13.599,0.0,0.000,0.000
2026-03-03T15:02:21.883,286.010,1025.509,26.751,-101.505,-13.599,0.0,0.000,0.000
2026-03-03T15:02:22.386,286.514,1025.510,26.744,-101.514,-13.599,0.0,0.000,0.000
2026-03-03T15:02:22.893,287.019,1025.505,26.745,-101.478,-13.599,0.0,0.000,0.000
2026-03-03T15:02:23.396,287.524,1025.508,26.755,-101.501,-13.599,0.0,0.000,0.000
2026-03-03T15:02:23.903,288.029,1025.512,26.762,-101.537,-13.599,0.0,0.000,0.000
2026-03-03T15:02:24.406,288.534,1025.507,26.758,-101.496,-13.599,0.0,0.000,0.000
2026-03-03T15:02:24.912,289.039,1025.506,26.749,-101.481,-13.599,0.0,0.000,0.000
2026-03-03T15:02:25.415,289.543,1025.508,26.749,-101.504,-13.599,0.0,0.000,0.000
2026-03-03T15:02:25.922,290.048,1025.504,26.743,-101.468,-13.599,0.0,0.000,0.000
2026-03-03T15:02:26.425,290.553,1025.503,26.747,-101.456,-13.599,0.0,0.000,0.000
2026-03-03T15:02:26.932,291.058,1025.505,26.748,-101.472,-13.599,0.0,0.000,0.000
2026-03-03T15:02:27.436,291.563,1025.505,26.752,-101.476,-13.599,0.0,0.000,0.000
2026-03-03T15:02:27.940,292.067,1025.504,26.752,-101.468,-13.599,0.0,0.000,0.000
2026-03-03T15:02:28.447,292.572,1025.505,26.736,-101.479,-13.599,0.0,0.000,0.000
2026-03-03T15:02:28.951,293.077,1025.505,26.748,-101.473,-13.599,0.0,0.000,0.000
2026-03-03T15:02:29.468,293.582,1025.508,26.743,-101.498,-13.599,0.0,0.000,0.000
2026-03-03T15:02:29.959,294.087,1025.510,26.751,-101.521,-13.599,0.0,0.000,0.000
2026-03-03T15:02:30.464,294.591,1025.512,26.757,-101.533,-13.599,0.0,0.000,0.000
2026-03-03T15:02:30.969,295.096,1025.508,26.755,-101.502,-13.599,0.0,0.000,0.000
2026-03-03T15:02:31.474,295.601,1025.504,26.762,-101.469,-13.599,0.0,0.000,0.000
2026-03-03T15:02:31.979,296.106,1025.503,26.751,-101.459,-13.599,0.0,0.000,0.000
2026-03-03T15:02:32.485,296.611,1025.507,26.769,-101.490,-13.599,0.0,0.000,0.000
2026-03-03T15:02:32.987,297.115,1025.502,26.760,-101.451,-13.599,0.0,0.000,0.000
2026-03-03T15:02:33.494,297.620,1025.506,26.767,-101.488,-13.599,0.0,0.000,0.000
2026-03-03T15:02:33.998,298.125,1025.513,26.769,-101.543,-13.599,0.0,0.000,0.000
2026-03-03T15:02:34.505,298.630,1025.514,26.769,-101.551,-13.599,0.0,0.000,0.000
2026-03-03T15:02:35.021,299.135,1025.514,26.771,-101.553,-13.599,0.0,0.000,0.000
2026-03-03T15:02:35.512,299.639,1025.503,26.754,-101.463,-13.599,0.0,0.000,0.000
2026-03-03T15:02:36.035,300.144,1025.498,26.758,-101.419,-13.599,0.0,0.000,0.000
2026-03-03T15:02:36.523,300.649,1025.494,26.750,-101.382,-13.599,0.0,0.000,0.000
2026-03-03T15:02:37.028,301.154,1025.485,26.751,-101.314,-13.599,0.0,0.000,0.000
2026-03-03T15:02:37.531,301.659,1025.490,26.763,-101.354,-13.599,0.0,0.000,0.000
2026-03-03T15:02:38.037,302.164,1025.492,26.764,-101.370,-13.599,0.0,0.000,0.000
2026-03-03T15:02:38.541,302.668,1025.495,26.760,-101.397,-13.599,0.0,0.000,0.000
2026-03-03T15:02:39.046,303.173,1025.491,26.765,-101.363,-13.599,0.0,0.000,0.000
2026-03-03T15:02:39.550,303.678,1025.493,26.774,-101.378,-13.599,0.0,0.000,0.000
2026-03-03T15:02:40.057,304.183,1025.499,26.770,-101.429,-13.599,0.0,0.000,0.000
2026-03-03T15:02:40.560,304.688,1025.499,26.774,-101.424,-13.599,0.0,0.000,0.000
2026-03-03T15:02:41.066,305.192,1025.494,26.770,-101.383,-13.599,0.0,0.000,0.000
2026-03-03T15:02:41.571,305.697,1025.495,26.772,-101.391,-13.599,0.0,0.000,0.000
2026-03-03T15:02:42.074,306.202,1025.497,26.786,-101.410,-13.599,0.0,0.000,0.000
2026-03-03T15:02:42.581,306.707,1025.494,26.765,-101.387,-13.599,0.0,0.000,0.000
2026-03-03T15:02:43.084,307.212,1025.498,26.783,-101.416,-13.599,0.0,0.000,0.000
2026-03-03T15:02:43.589,307.716,1025.491,26.769,-101.359,-13.599,0.0,0.000,0.000
2026-03-03T15:02:44.095,308.221,1025.493,26.768,-101.373,-13.599,0.0,0.000,0.000
2026-03-03T15:02:44.597,308.726,1025.489,26.755,-101.340,-13.599,0.0,0.000,0.000
2026-03-03T15:02:45.110,309.231,1025.489,26.752,-101.344,-13.599,0.0,0.000,0.000
2026-03-03T15:02:45.610,309.736,1025.490,26.769,-101.351,-13.599,0.0,0.000,0.000
2026-03-03T15:02:46.125,310.240,1025.491,26.774,-101.363,-13.599,0.0,0.000,0.000
2026-03-03T15:02:46.617,310.745,1025.490,26.771,-101.353,-13.599,0.0,0.000,0.000
2026-03-03T15:02:47.124,311.250,1025.490,26.775,-101.349,-13.599,0.0,0.000,0.000
2026-03-03T15:02:47.628,311.755,1025.486,26.781,-101.323,-13.599,0.0,0.000,0.000
2026-03-03T15:02:48.134,312.260,1025.486,26.764,-101.316,-13.599,0.0,0.000,0.000
2026-03-03T15:02:48.635,312.764,1025.490,26.774,-101.348,-13.599,0.0,0.000,0.000
2026-03-03T15:02:49.142,313.269,1025.491,26.772,-101.361,-13.599,0.0,0.000,0.000
2026-03-03T15:02:49.647,313.774,1025.490,26.775,-101.349,-13.599,0.0,0.000,0.000
2026-03-03T15:02:50.147,314.274,1025.486,26.774,-101.317,-13.599,0.0,-0.029,22.684
2026-03-03T15:02:50.650,314.774,1025.486,26.764,-101.316,-13.599,0.0,-0.022,22.670
2026-03-03T15:02:51.146,315.274,1025.486,26.772,-101.323,-13.599,0.0,-0.016,22.679
2026-03-03T15:02:51.650,315.778,1025.487,26.786,-101.327,-13.599,0.0,0.021,22.682
2026-03-03T15:02:52.155,316.283,1025.490,26.781,-101.353,-13.599,0.0,0.052,22.670
2026-03-03T15:02:52.652,316.778,1025.489,26.779,-101.344,-13.599,0.0,-0.011,22.668
2026-03-03T15:02:53.150,317.278,1025.490,26.787,-101.351,-13.599,0.0,-0.010,22.668
2026-03-03T15:02:53.652,317.778,1025.487,26.782,-101.331,-13.599,0.0,0.024,22.675
2026-03-03T15:02:54.151,318.278,1025.488,26.791,-101.339,-13.599,0.0,-0.011,22.666
2026-03-03T15:02:54.652,318.778,1025.489,26.786,-101.342,-13.599,0.0,-0.016,22.688
2026-03-03T15:02:55.150,319.278,1025.489,26.784,-101.341,-13.599,0.0,-0.017,22.666
2026-03-03T15:02:55.651,319.778,1025.487,26.777,-101.328,-13.599,0.0,-0.010,22.656
2026-03-03T15:02:56.158,320.278,1025.488,26.774,-101.332,-13.599,0.0,0.020,22.686
2026-03-03T15:02:56.649,320.778,1025.488,26.776,-101.334,-13.599,0.0,-0.011,22.670
2026-03-03T15:02:57.152,321.278,1025.491,26.785,-101.357,-13.599,0.0,0.001,22.675
2026-03-03T15:02:57.650,321.778,1025.489,26.777,-101.342,-13.599,0.0,-0.015,22.682
2026-03-03T15:02:58.150,322.278,1025.486,26.773,-101.316,-13.599,0.0,-0.002,22.663
2026-03-03T15:02:58.650,322.778,1025.489,26.786,-101.342,-13.599,0.0,-0.009,22.656
2026-03-03T15:02:59.151,323.278,1025.486,26.776,-101.319,-13.599,0.0,0.001,22.666
2026-03-03T15:02:59.665,323.778,1025.487,26.788,-101.328,-13.599,0.0,-0.010,22.670
2026-03-03T15:03:00.154,324.278,1025.485,26.781,-101.308,-13.599,0.0,0.008,22.668
2026-03-03T15:03:00.677,324.778,1025.486,26.785,-101.319,-13.599,0.0,0.002,22.675
2026-03-03T15:03:01.150,325.278,1025.485,26.775,-101.310,-13.599,0.0,0.013,22.679
2026-03-03T15:03:01.652,325.778,1025.485,26.778,-101.312,-13.599,0.0,0.003,22.688
2026-03-03T15:03:02.150,326.278,1025.488,26.783,-101.332,-13.599,0.0,-0.013,22.661
2026-03-03T15:03:02.656,326.783,1025.485,26.780,-101.314,-13.599,0.0,-0.030,22.672
2026-03-03T15:03:03.150,327.278,1025.486,26.776,-101.319,-13.599,0.0,-0.010,22.647
2026-03-03T15:03:03.651,327.778,1025.488,26.787,-101.335,-13.599,0.0,-0.037,22.666
2026-03-03T15:03:04.160,328.278,1025.486,26.792,-101.316,-13.599,0.0,0.001,22.670
2026-03-03T15:03:04.651,328.778,1025.490,26.794,-101.348,-13.599,0.0,0.031,22.666
2026-03-03T15:03:05.151,329.278,1025.486,26.787,-101.320,-13.599,0.0,0.009,22.666
2026-03-03T15:03:05.649,329.778,1025.485,26.793,-101.310,-13.599,0.0,0.023,22.691
2026-03-03T15:03:06.152,330.278,1025.487,26.790,-101.330,-13.599,0.0,-0.002,22.652
2026-03-03T15:03:06.651,330.778,1025.488,26.794,-101.334,-13.599,0.0,0.002,22.672
2026-03-03T15:03:07.149,331.278,1025.486,26.804,-101.319,-13.599,0.0,-0.007,22.661
2026-03-03T15:03:07.669,331.778,1025.484,26.797,-101.305,-13.599,0.0,-0.014,22.652
2026-03-03T15:03:08.150,332.278,1025.480,26.791,-101.268,-13.599,0.0,-0.029,22.656
2026-03-03T15:03:08.650,332.778,1025.482,26.793,-101.286,-13.599,0.0,0.032,22.679
2026-03-03T15:03:09.150,333.278,1025.482,26.791,-101.284,-13.599,0.0,-0.007,22.656
2026-03-03T15:03:09.652,333.778,1025.482,26.795,-101.287,-13.599,0.0,0.008,22.679
2026-03-03T15:03:10.149,334.278,1025.484,26.796,-101.304,-13.599,0.0,0.000,22.666
2026-03-03T15:03:10.651,334.778,1025.482,26.801,-101.286,-13.599,0.0,-0.001,22.679
2026-03-03T15:03:11.175,335.278,1025.482,26.796,-101.288,-13.599,0.0,0.014,22.670
2026-03-03T15:03:11.649,335.778,1025.483,26.799,-101.291,-13.599,0.0,0.030,22.679
2026-03-03T15:03:12.151,336.278,1025.481,26.804,-101.280,-13.599,0.0,0.023,22.663
2026-03-03T15:03:12.650,336.778,1025.478,26.798,-101.252,-13.599,0.0,-0.017,22.672
2026-03-03T15:03:13.156,337.283,1025.475,26.806,-101.227,-13.599,0.0,-0.006,22.656
2026-03-03T15:03:13.656,337.778,1025.478,26.795,-101.249,-13.599,0.0,-0.018,22.668
2026-03-03T15:03:14.151,338.278,1025.478,26.795,-101.249,-13.599,0.0,-0.022,22.663
2026-03-03T15:03:14.681,338.778,1025.477,26.790,-101.245,-13.599,0.0,0.034,22.666
2026-03-03T15:03:15.150,339.278,1025.478,26.787,-101.249,-13.599,0.0,-0.003,22.663
2026-03-03T15:03:15.651,339.778,1025.478,26.793,-101.254,-13.599,0.0,-0.016,22.675
2026-03-03T15:03:16.150,340.278,1025.477,26.791,-101.246,-13.599,0.0,0.026,22.659
2026-03-03T15:03:16.651,340.778,1025.477,26.799,-101.244,-13.599,0.0,-0.001,22.672
2026-03-03T15:03:17.150,341.278,1025.481,26.811,-101.278,-13.599,0.0,-0.009,22.645
2026-03-03T15:03:17.651,341.778,1025.476,26.796,-101.235,-13.599,0.0,0.022,22.672
2026-03-03T15:03:18.159,342.278,1025.479,26.797,-101.258,-13.599,0.0,-0.017,22.666
2026-03-03T15:03:18.649,342.778,1025.478,26.812,-101.255,-13.599,0.0,-0.010,22.663
2026-03-03T15:03:19.151,343.278,1025.475,26.794,-101.232,-13.599,0.0,-0.003,22.652
2026-03-03T15:03:19.650,343.778,1025.478,26.801,-101.254,-13.599,0.0,0.013,22.670
2026-03-03T15:03:20.152,344.278,1025.475,26.806,-101.228,-13.599,0.0,-0.010,22.686
2026-03-03T15:03:20.650,344.778,1025.474,26.809,-101.222,-13.599,0.0,-0.035,22.679
2026-03-03T15:03:21.151,345.278,1025.477,26.827,-101.244,-13.599,0.0,0.034,22.668
2026-03-03T15:03:21.650,345.778,1025.474,26.807,-101.221,-13.599,0.0,-0.014,22.659
2026-03-03T15:03:22.149,346.278,1025.477,26.806,-101.243,-13.599,0.0,0.012,22.661
2026-03-03T15:03:22.650,346.778,1025.474,26.810,-101.223,-13.599,0.0,-0.027,22.666
2026-03-03T15:03:23.150,347.278,1025.469,26.801,-101.178,-13.599,0.0,0.000,22.663
2026-03-03T15:03:23.655,347.783,1025.473,26.813,-101.210,-13.599,0.0,0.020,22.670
2026-03-03T15:03:24.169,348.278,1025.472,26.803,-101.202,-13.599,0.0,0.014,22.672
2026-03-03T15:03:24.649,348.778,1025.471,26.811,-101.193,-13.599,0.0,0.011,22.677
2026-03-03T15:03:25.151,349.278,1025.473,26.814,-101.211,-13.599,0.0,0.010,22.675
2026-03-03T15:03:25.650,349.778,1025.472,26.811,-101.201,-13.599,0.0,-0.003,22.672
2026-03-03T15:03:26.151,350.278,1025.471,26.816,-101.197,-13.599,0.0,-0.016,22.682
2026-03-03T15:03:26.649,350.778,1025.469,26.816,-101.182,-13.599,0.0,-0.024,22.663
2026-03-03T15:03:27.153,351.278,1025.471,26.807,-101.197,-13.599,0.0,-0.027,22.661
2026-03-03T15:03:27.649,351.778,1025.468,26.813,-101.172,-13.599,0.0,-0.004,22.654
2026-03-03T15:03:28.151,352.278,1025.471,26.818,-101.198,-13.599,0.0,-0.011,22.693
2026-03-03T15:03:28.649,352.778,1025.464,26.802,-101.140,-13.599,0.0,-0.036,22.650
2026-03-03T15:03:29.151,353.278,1025.466,26.801,-101.155,-13.599,0.0,-0.057,22.663
2026-03-03T15:03:29.668,353.778,1025.466,26.809,-101.153,-13.599,0.0,-0.012,22.661
2026-03-03T15:03:30.148,354.278,1025.464,26.814,-101.135,-13.599,0.0,-0.036,22.668
2026-03-03T15:03:30.650,354.778,1025.468,26.818,-101.168,-13.599,0.0,-0.014,22.666
2026-03-03T15:03:31.149,355.278,1025.466,26.806,-101.151,-13.599,0.0,0.017,22.668
2026-03-03T15:03:31.649,355.778,1025.466,26.817,-101.152,-13.599,0.0,0.020,22.668
2026-03-03T15:03:32.151,356.278,1025.465,26.807,-101.144,-13.599,0.0,0.009,22.656
2026-03-03T15:03:32.650,356.778,1025.463,26.807,-101.128,-13.599,0.0,-0.021,22.679
2026-03-03T15:03:33.153,357.278,1025.464,26.822,-101.141,-13.599,0.0,-0.002,22.668
2026-03-03T15:03:33.651,357.778,1025.462,26.815,-101.120,-13.599,0.0,-0.006,22.670
2026-03-03T15:03:34.157,358.283,1025.464,26.813,-101.141,-13.599,0.0,-0.005,22.656
2026-03-03T15:03:34.649,358.778,1025.464,26.815,-101.135,-13.599,0.0,0.015,22.668
2026-03-03T15:03:35.150,359.278,1025.464,26.824,-101.142,-13.599,0.0,-0.004,22.661
2026-03-03T15:03:35.668,359.778,1025.463,26.810,-101.131,-13.599,0.0,-0.005,22.668
2026-03-03T15:03:36.151,360.278,1025.460,26.811,-101.109,-13.599,0.0,-0.019,22.663
2026-03-03T15:03:36.657,360.778,1025.461,26.818,-101.115,-13.599,0.0,-0.048,22.659
2026-03-03T15:03:37.150,361.278,1025.463,26.816,-101.128,-13.599,0.0,-0.000,22.670
2026-03-03T15:03:37.650,361.778,1025.464,26.818,-101.137,-13.599,0.0,0.016,22.672
2026-03-03T15:03:38.149,362.278,1025.462,26.822,-101.118,-13.599,0.0,-0.053,22.656
2026-03-03T15:03:38.651,362.778,1025.461,26.810,-101.116,-13.599,0.0,-0.005,22.670
2026-03-03T15:03:39.149,363.278,1025.462,26.829,-101.124,-13.599,0.0,-0.020,22.654
2026-03-03T15:03:39.650,363.778,1025.461,26.825,-101.113,-13.599,0.0,0.000,22.668
2026-03-03T15:03:40.165,364.278,1025.460,26.810,-101.109,-13.599,0.0,0.035,22.647
2026-03-03T15:03:40.651,364.778,1025.456,26.815,-101.073,-13.599,0.0,-0.005,22.675
2026-03-03T15:03:41.180,365.278,1025.455,26.821,-101.063,-13.599,0.0,-0.016,22.677
2026-03-03T15:03:41.649,365.778,1025.456,26.833,-101.072,-13.599,0.0,0.011,22.661
2026-03-03T15:03:42.151,366.278,1025.458,26.832,-101.087,-13.599,0.0,0.010,22.670
2026-03-03T15:03:42.650,366.778,1025.457,26.822,-101.079,-13.599,0.0,-0.035,22.666
2026-03-03T15:03:43.150,367.278,1025.452,26.825,-101.036,-13.599,0.0,0.016,22.688
2026-03-03T15:03:43.649,367.778,1025.453,26.826,-101.044,-13.599,0.0,0.002,22.670
2026-03-03T15:03:44.151,368.278,1025.452,26.824,-101.042,-13.599,0.0,0.002,22.666
2026-03-03T15:03:44.656,368.783,1025.454,26.818,-101.052,-13.599,0.0,-0.031,22.682
2026-03-03T15:03:45.149,369.278,1025.455,26.821,-101.063,-13.599,0.0,0.011,22.686
2026-03-03T15:03:45.652,369.778,1025.449,26.820,-101.016,-13.599,0.0,-0.014,22.672
2026-03-03T15:03:46.149,370.278,1025.452,26.823,-101.042,-13.599,0.0,-0.026,22.670
2026-03-03T15:03:46.651,370.778,1025.457,26.842,-101.080,-13.599,0.0,0.003,22.668
2026-03-03T15:03:47.165,371.278,1025.455,26.829,-101.062,-13.599,0.0,0.007,22.668
2026-03-03T15:03:47.650,371.778,1025.453,26.835,-101.051,-13.599,0.0,-0.005,22.647
2026-03-03T15:03:48.174,372.278,1025.454,26.839,-101.055,-13.599,0.0,0.012,22.666
2026-03-03T15:03:48.650,372.778,1025.450,26.825,-101.020,-13.599,0.0,-0.023,22.679
2026-03-03T15:03:49.150,373.278,1025.450,26.840,-101.024,-13.599,0.0,-0.023,22.666
2026-03-03T15:03:49.650,373.778,1025.452,26.840,-101.040,-13.599,0.0,0.040,22.659
2026-03-03T15:03:50.150,374.278,1025.458,26.845,-101.090,-13.599,0.0,-0.025,22.661
2026-03-03T15:03:50.649,374.778,1025.456,26.844,-101.074,-13.599,0.0,-0.021,22.663
2026-03-03T15:03:51.152,375.278,1025.454,26.847,-101.054,-13.599,0.0,0.018,22.650
2026-03-03T15:03:51.674,375.778,1025.456,26.858,-101.070,-13.599,0.0,0.004,22.677
2026-03-03T15:03:52.150,376.278,1025.458,26.857,-101.084,-13.599,0.0,0.001,22.684
2026-03-03T15:03:52.650,376.778,1025.456,26.852,-101.073,-13.599,0.0,0.012,22.670
2026-03-03T15:03:53.149,377.278,1025.455,26.859,-101.063,-13.599,0.0,0.031,22.670
2026-03-03T15:03:53.652,377.778,1025.452,26.847,-101.038,-13.599,0.0,0.006,22.661
2026-03-03T15:03:54.150,378.278,1025.447,26.845,-100.999,-13.599,0.0,-0.020,22.668
2026-03-03T15:03:54.650,378.778,1025.443,26.847,-100.969,-13.599,0.0,0.009,22.684
2026-03-03T15:03:55.179,379.283,1025.443,26.842,-100.965,-13.599,0.0,-0.014,22.668
2026-03-03T15:03:55.649,379.778,1025.446,26.847,-100.992,-13.599,0.0,-0.031,22.666
2026-03-03T15:03:56.149,380.278,1025.444,26.844,-100.975,-13.599,0.0,-0.013,22.647
2026-03-03T15:03:56.649,380.778,1025.442,26.842,-100.958,-13.599,0.0,0.039,22.659
2026-03-03T15:03:57.150,381.278,1025.442,26.839,-100.955,-13.599,0.0,-0.011,22.656
2026-03-03T15:03:57.649,381.778,1025.443,26.838,-100.969,-13.599,0.0,0.001,22.663
2026-03-03T15:03:58.149,382.278,1025.443,26.838,-100.962,-13.599,0.0,-0.029,22.647
2026-03-03T15:03:58.650,382.778,1025.438,26.842,-100.927,-13.599,0.0,-0.004,22.659
2026-03-03T15:03:59.149,383.278,1025.439,26.846,-100.929,-13.599,0.0,-0.022,22.675
2026-03-03T15:03:59.650,383.778,1025.443,26.851,-100.965,-13.599,0.0,0.002,22.654
2026-03-03T15:04:00.156,384.278,1025.440,26.848,-100.940,-13.599,0.0,-0.003,22.654
2026-03-03T15:04:00.650,384.778,1025.441,26.847,-100.947,-13.599,0.0,0.001,22.688
2026-03-03T15:04:01.152,385.278,1025.442,26.851,-100.958,-13.599,0.0,0.010,22.650
2026-03-03T15:04:01.649,385.778,1025.442,26.855,-100.953,-13.599,0.0,0.008,22.675
2026-03-03T15:04:02.149,386.278,1025.442,26.840,-100.956,-13.599,0.0,0.007,22.684
2026-03-03T15:04:02.649,386.778,1025.438,26.847,-100.923,-13.599,0.0,-0.005,22.656
2026-03-03T15:04:03.150,387.278,1025.435,26.850,-100.902,-13.599,0.0,-0.011,22.670
2026-03-03T15:04:03.655,387.778,1025.436,26.848,-100.908,-13.599,0.0,0.016,22.668
2026-03-03T15:04:04.149,388.278,1025.438,26.847,-100.922,-13.599,0.0,0.005,22.686
2026-03-03T15:04:04.650,388.778,1025.437,26.851,-100.918,-13.599,0.0,-0.012,22.656
2026-03-03T15:04:05.149,389.278,1025.438,26.832,-100.925,-13.599,0.0,-0.006,22.661
2026-03-03T15:04:05.655,389.783,1025.442,26.854,-100.960,-13.599,0.0,0.009,22.677
2026-03-03T15:04:06.167,390.278,1025.439,26.847,-100.931,-13.599,0.0,0.002,22.666
2026-03-03T15:04:06.651,390.778,1025.434,26.848,-100.893,-13.599,0.0,-0.025,22.670
2026-03-03T15:04:07.167,391.278,1025.432,26.840,-100.872,-13.599,0.0,-0.018,22.663
2026-03-03T15:04:07.649,391.778,1025.437,26.843,-100.912,-13.599,0.0,0.016,22.656
2026-03-03T15:04:08.154,392.278,1025.434,26.841,-100.887,-13.599,0.0,-0.011,22.668
2026-03-03T15:04:08.663,392.778,1025.431,26.848,-100.863,-13.599,0.0,-0.022,22.666
2026-03-03T15:04:09.149,393.278,1025.428,26.854,-100.845,-13.599,0.0,-0.023,22.663
2026-03-03T15:04:09.663,393.778,1025.427,26.842,-100.835,-13.599,0.0,0.030,22.702
2026-03-03T15:04:10.151,394.278,1025.430,26.853,-100.859,-13.599,0.0,0.002,22.668
2026-03-03T15:04:10.651,394.778,1025.427,26.845,-100.837,-13.599,0.0,-0.007,22.672
2026-03-03T15:04:11.149,395.278,1025.430,26.864,-100.860,-13.599,0.0,0.037,22.650
2026-03-03T15:04:11.652,395.778,1025.427,26.851,-100.835,-13.599,0.0,-0.012,22.654
2026-03-03T15:04:12.149,396.278,1025.431,26.853,-100.867,-13.599,0.0,0.013,22.666
2026-03-03T15:04:12.649,396.778,1025.421,26.856,-100.785,-13.599,0.0,0.001,22.679
2026-03-03T15:04:13.149,397.278,1025.420,26.843,-100.774,-13.599,0.0,-0.045,22.666
2026-03-03T15:04:13.649,397.778,1025.421,26.848,-100.785,-13.599,0.0,0.006,22.663
2026-03-03T15:04:14.166,398.278,1025.420,26.843,-100.774,-13.599,0.0,0.003,22.668
2026-03-03T15:04:14.649,398.778,1025.422,26.864,-100.792,-13.599,0.0,0.011,22.672
2026-03-03T15:04:15.150,399.278,1025.420,26.862,-100.775,-13.599,0.0,-0.015,22.679
2026-03-03T15:04:15.649,399.778,1025.420,26.843,-100.774,-13.599,0.0,-0.018,22.666
2026-03-03T15:04:16.155,400.283,1025.418,26.838,-100.761,-13.599,0.0,-0.017,22.670
2026-03-03T15:04:16.649,400.778,1025.417,26.848,-100.746,-13.599,0.0,0.034,22.670
2026-03-03T15:04:17.152,401.278,1025.419,26.863,-100.766,-13.599,0.0,-0.006,22.654
2026-03-03T15:04:17.667,401.778,1025.413,26.844,-100.720,-13.599,0.0,-0.012,22.688
2026-03-03T15:04:18.148,402.278,1025.417,26.848,-100.754,-13.599,0.0,-0.009,22.672
2026-03-03T15:04:18.653,402.778,1025.419,26.857,-100.771,-13.599,0.0,-0.036,22.652
2026-03-03T15:04:19.148,403.278,1025.418,26.856,-100.761,-13.599,0.0,0.023,22.650
2026-03-03T15:04:19.650,403.778,1025.415,26.849,-100.732,-13.599,0.0,-0.002,22.668
2026-03-03T15:04:20.163,404.278,1025.418,26.864,-100.760,-13.599,0.0,-0.045,22.670
2026-03-03T15:04:20.652,404.778,1025.418,26.864,-100.760,-13.599,0.0,0.015,22.659
2026-03-03T15:04:21.151,405.278,1025.417,26.866,-100.746,-13.599,0.0,0.030,22.661
2026-03-03T15:04:21.649,405.778,1025.416,26.862,-100.743,-13.599,0.0,-0.006,22.677
2026-03-03T15:04:22.150,406.278,1025.416,26.875,-100.745,-13.599,0.0,-0.034,22.645
2026-03-03T15:04:22.650,406.778,1025.416,26.866,-100.738,-13.599,0.0,-0.016,22.652
2026-03-03T15:04:23.150,407.278,1025.414,26.860,-100.725,-13.599,0.0,0.015,22.679
2026-03-03T15:04:23.655,407.778,1025.417,26.866,-100.754,-13.599,0.0,0.023,22.668
2026-03-03T15:04:24.150,408.278,1025.416,26.862,-100.743,-13.599,0.0,0.027,22.661
2026-03-03T15:04:24.650,408.778,1025.411,26.853,-100.697,-13.599,0.0,-0.006,22.666
2026-03-03T15:04:25.148,409.278,1025.412,26.870,-100.711,-13.599,0.0,-0.021,22.638
2026-03-03T15:04:25.651,409.778,1025.409,26.856,-100.684,-13.599,0.0,-0.005,22.670
2026-03-03T15:04:26.156,410.278,1025.411,26.853,-100.697,-13.599,0.0,-0.008,22.675
2026-03-03T15:04:26.654,410.783,1025.408,26.860,-100.680,-13.599,0.0,0.005,22.670
2026-03-03T15:04:27.152,411.278,1025.409,26.856,-100.684,-13.599,0.0,-0.005,22.677
2026-03-03T15:04:27.650,411.778,1025.409,26.865,-100.684,-13.599,0.0,0.031,22.675
2026-03-03T15:04:28.150,412.278,1025.406,26.868,-100.656,-13.599,0.0,0.029,22.659
2026-03-03T15:04:28.648,412.778,1025.407,26.868,-100.670,-13.599,0.0,0.040,22.659
2026-03-03T15:04:29.149,413.278,1025.406,26.863,-100.659,-13.599,0.0,-0.030,22.656
2026-03-03T15:04:29.671,413.778,1025.406,26.853,-100.659,-13.599,0.0,-0.008,22.677
2026-03-03T15:04:30.149,414.278,1025.407,26.875,-100.669,-13.599,0.0,-0.008,22.670
2026-03-03T15:04:30.648,414.778,1025.405,26.853,-100.651,-13.599,0.0,-0.009,22.672
2026-03-03T15:04:31.148,415.278,1025.404,26.867,-100.640,-13.599,0.0,0.045,22.654
2026-03-03T15:04:31.652,415.778,1025.401,26.857,-100.617,-13.599,0.0,0.006,22.666
2026-03-03T15:04:32.148,416.278,1025.402,26.858,-100.624,-13.599,0.0,-0.008,22.656
2026-03-03T15:04:32.649,416.778,1025.402,26.867,-100.624,-13.599,0.0,-0.001,22.656
2026-03-03T15:04:33.153,417.278,1025.404,26.876,-100.640,-13.599,0.0,0.004,22.670
2026-03-03T15:04:33.650,417.778,1025.398,26.868,-100.593,-13.599,0.0,0.013,22.675
2026-03-03T15:04:34.150,418.278,1025.398,26.870,-100.596,-13.599,0.0,-0.016,22.645
2026-03-03T15:04:34.649,418.778,1025.398,26.864,-100.590,-13.599,0.0,0.004,22.661
2026-03-03T15:04:35.149,419.278,1025.401,26.865,-100.623,-13.599,0.0,0.022,22.672
2026-03-03T15:04:35.648,419.778,1025.398,26.859,-100.594,-13.599,0.0,-0.028,22.656
2026-03-03T15:04:36.149,420.278,1025.398,26.858,-100.593,-13.599,0.0,-0.022,22.650
2026-03-03T15:04:36.650,420.778,1025.397,26.874,-100.583,-13.599,0.0,0.039,22.652
2026-03-03T15:04:37.155,421.283,1025.393,26.870,-100.550,-13.599,0.0,0.021,22.663
2026-03-03T15:04:37.662,421.778,1025.394,26.871,-100.558,-13.599,0.0,0.004,22.698
2026-03-03T15:04:38.149,422.278,1025.394,26.869,-100.557,-13.599,0.0,0.002,22.661
2026-03-03T15:04:38.650,422.778,1025.393,26.876,-100.554,-13.599,0.0,0.011,22.661
2026-03-03T15:04:39.148,423.278,1025.394,26.868,-100.563,-13.599,0.0,-0.021,22.647
2026-03-03T15:04:39.650,423.778,1025.391,26.856,-100.538,-13.599,0.0,0.002,22.677
2026-03-03T15:04:40.148,424.278,1025.391,26.874,-100.537,-13.599,0.0,-0.005,22.663
2026-03-03T15:04:40.650,424.778,1025.393,26.868,-100.555,-13.599,0.0,0.002,22.670
2026-03-03T15:04:41.160,425.278,1025.390,26.866,-100.530,-13.599,0.0,0.006,22.650
2026-03-03T15:04:41.649,425.778,1025.392,26.874,-100.545,-13.599,0.0,0.001,22.675
2026-03-03T15:04:42.149,426.278,1025.389,26.866,-100.523,-13.599,0.0,0.022,22.663
2026-03-03T15:04:42.648,426.778,1025.393,26.868,-100.555,-13.599,0.0,-0.005,22.668
2026-03-03T15:04:43.150,427.278,1025.391,26.867,-100.539,-13.599,0.0,-0.006,22.661
2026-03-03T15:04:43.648,427.778,1025.391,26.880,-100.534,-13.599,0.0,-0.038,22.670
2026-03-03T15:04:44.149,428.278,1025.391,26.871,-100.535,-13.599,0.0,0.036,22.672
2026-03-03T15:04:44.651,428.778,1025.387,26.873,-100.506,-13.599,0.0,-0.015,22.666
2026-03-03T15:04:45.149,429.278,1025.389,26.875,-100.523,-13.599,0.0,-0.008,22.656
2026-03-03T15:04:45.664,429.778,1025.386,26.862,-100.498,-13.599,0.0,0.023,22.650
2026-03-03T15:04:46.149,430.278,1025.388,26.876,-100.509,-13.599,0.0,0.006,22.659
2026-03-03T15:04:46.650,430.778,1025.388,26.878,-100.511,-13.599,0.0,0.014,22.668
2026-03-03T15:04:47.148,431.278,1025.385,26.873,-100.484,-13.599,0.0,0.013,22.668
2026-03-03T15:04:47.655,431.783,1025.386,26.873,-100.498,-13.599,0.0,-0.016,22.640
2026-03-03T15:04:48.148,432.278,1025.388,26.877,-100.509,-13.599,0.0,-0.004,22.661
2026-03-03T15:04:48.650,432.778,1025.387,26.865,-100.507,-13.599,0.0,-0.002,22.679
2026-03-03T15:04:49.166,433.278,1025.387,26.873,-100.506,-13.599,0.0,0.012,22.677
2026-03-03T15:04:49.649,433.778,1025.385,26.868,-100.487,-13.599,0.0,0.011,22.661
2026-03-03T15:04:50.149,434.278,1025.386,26.862,-100.497,-13.599,0.0,-0.011,22.663
2026-03-03T15:04:50.648,434.778,1025.387,26.871,-100.505,-13.599,0.0,-0.008,22.668
2026-03-03T15:04:51.150,435.278,1025.385,26.869,-100.488,-13.599,0.0,-0.010,22.656
2026-03-03T15:04:51.649,435.778,1025.382,26.859,-100.464,-13.599,0.0,-0.021,22.659
2026-03-03T15:04:52.150,436.278,1025.385,26.864,-100.484,-13.599,0.0,-0.033,22.654
2026-03-03T15:04:52.648,436.778,1025.383,26.868,-100.472,-13.599,0.0,-0.002,22.661
2026-03-03T15:04:53.149,437.278,1025.385,26.868,-100.487,-13.599,0.0,0.019,22.677
2026-03-03T15:04:53.649,437.778,1025.382,26.871,-100.466,-13.599,0.0,0.016,22.668
2026-03-03T15:04:54.149,438.278,1025.382,26.870,-100.465,-13.599,0.0,0.005,22.675
2026-03-03T15:04:54.649,438.778,1025.382,26.866,-100.462,-13.599,0.0,0.017,22.663
2026-03-03T15:04:55.148,439.278,1025.381,26.870,-100.458,-13.599,0.0,-0.023,22.679
2026-03-03T15:04:55.648,439.778,1025.381,26.864,-100.453,-13.599,0.0,-0.003,22.666
2026-03-03T15:04:56.149,440.278,1025.379,26.862,-100.436,-13.599,0.0,-0.010,22.675
2026-03-03T15:04:56.648,440.778,1025.374,26.862,-100.397,-13.599,0.0,-0.010,22.659
2026-03-03T15:04:57.158,441.278,1025.369,26.875,-100.354,-13.599,0.0,0.007,22.670
2026-03-03T15:04:57.649,441.778,1025.363,26.869,-100.304,-13.599,0.0,-0.012,22.670
2026-03-03T15:04:58.165,442.283,1025.362,26.873,-100.298,-13.599,0.0,0.022,22.686
2026-03-03T15:04:58.648,442.778,1025.345,26.877,-100.155,-13.599,0.0,-0.004,22.668
2026-03-03T15:04:59.148,443.278,1025.333,26.882,-100.059,-13.599,0.0,0.024,22.647
2026-03-03T15:04:59.648,443.778,1025.326,26.884,-99.999,-13.599,0.0,-0.030,22.661
2026-03-03T15:05:00.149,444.278,1025.298,26.889,-99.774,-13.599,0.0,0.009,22.666
2026-03-03T15:05:00.663,444.778,1025.288,26.893,-99.684,-13.599,0.0,0.010,22.672
2026-03-03T15:05:01.149,445.278,1025.266,26.883,-99.507,-13.599,0.0,-0.027,22.682
2026-03-03T15:05:01.663,445.778,1025.245,26.903,-99.330,-13.599,0.0,0.011,22.688
2026-03-03T15:05:02.148,446.278,1025.216,26.901,-99.090,-13.599,0.0,0.027,22.659
2026-03-03T15:05:02.648,446.778,1025.191,26.890,-98.890,-13.599,0.0,-0.011,22.656
2026-03-03T15:05:03.148,447.278,1025.160,26.907,-98.634,-13.599,0.0,0.001,22.686
2026-03-03T15:05:03.649,447.778,1025.152,26.897,-98.564,-13.599,0.0,-0.017,22.652
2026-03-03T15:05:04.148,448.278,1025.129,26.905,-98.379,-13.599,0.0,0.002,22.666
2026-03-03T15:05:04.649,448.778,1025.121,26.890,-98.313,-13.599,0.0,0.020,22.652
2026-03-03T15:05:05.157,449.278,1025.117,26.884,-98.276,-13.599,0.0,-0.015,22.666
2026-03-03T15:05:05.649,449.778,1025.073,26.899,-97.912,-13.599,0.0,0.011,22.672
2026-03-03T15:05:06.148,450.278,1025.065,26.899,-97.850,-13.599,0.0,-0.017,22.647
2026-03-03T15:05:06.648,450.778,1025.047,26.896,-97.702,-13.599,0.0,-0.002,22.656
2026-03-03T15:05:07.149,451.278,1025.043,26.896,-97.671,-13.599,0.0,-0.017,22.663
2026-03-03T15:05:07.648,451.778,1025.011,26.896,-97.402,-13.599,0.0,-0.015,22.661
2026-03-03T15:05:08.148,452.278,1025.015,26.888,-97.434,-13.599,0.0,0.001,22.682
2026-03-03T15:05:08.653,452.783,1025.005,26.890,-97.351,-13.599,0.0,0.021,22.659
2026-03-03T15:05:09.148,453.278,1025.001,26.894,-97.324,-13.599,0.0,-0.004,22.670
2026-03-03T15:05:09.657,453.778,1024.999,26.893,-97.307,-13.599,0.0,0.051,22.659
2026-03-03T15:05:10.148,454.278,1024.978,26.894,-97.130,-13.599,0.0,-0.032,22.652
2026-03-03T15:05:10.649,454.778,1024.964,26.884,-97.015,-13.599,0.0,0.009,22.672
2026-03-03T15:05:11.148,455.278,1024.970,26.893,-97.068,-13.599,0.0,0.012,22.675
2026-03-03T15:05:11.649,455.778,1024.923,26.869,-96.680,-13.599,0.0,0.019,22.668
2026-03-03T15:05:12.149,456.278,1024.919,26.874,-96.644,-13.599,0.0,-0.008,22.652
2026-03-03T15:05:12.649,456.778,1024.865,26.873,-96.198,-13.599,0.0,-0.001,22.663
2026-03-03T15:05:13.151,457.278,1024.873,26.866,-96.268,-13.599,0.0,0.009,22.682
2026-03-03T15:05:13.648,457.778,1024.853,26.862,-96.105,-13.599,0.0,-0.015,22.654
2026-03-03T15:05:14.148,458.278,1024.828,26.859,-95.894,-13.599,0.0,0.039,22.654
2026-03-03T15:05:14.649,458.778,1024.856,26.860,-96.125,-13.599,0.0,-0.011,22.661
2026-03-03T15:05:15.149,459.278,1024.825,26.853,-95.872,-13.599,0.0,-0.014,22.670
2026-03-03T15:05:15.648,459.778,1024.826,26.860,-95.879,-13.599,0.0,-0.011,22.663
2026-03-03T15:05:16.149,460.278,1024.804,26.857,-95.700,-13.599,0.0,-0.004,22.661
2026-03-03T15:05:16.648,460.778,1024.807,26.859,-95.724,-13.599,0.0,-0.008,22.650
2026-03-03T15:05:17.149,461.278,1024.821,26.868,-95.840,-13.599,0.0,-0.007,22.686
2026-03-03T15:05:17.665,461.778,1024.801,26.864,-95.674,-13.599,0.0,0.011,22.684
2026-03-03T15:05:18.149,462.278,1024.812,26.859,-95.764,-13.599,0.0,0.019,22.666
2026-03-03T15:05:18.648,462.778,1024.816,26.855,-95.798,-13.599,0.0,-0.007,22.661
2026-03-03T15:05:19.152,463.283,1024.800,26.842,-95.665,-13.599,0.0,0.016,22.668
2026-03-03T15:05:19.648,463.778,1024.772,26.853,-95.434,-13.599,0.0,0.010,22.652
2026-03-03T15:05:20.148,464.278,1024.734,26.842,-95.118,-13.599,0.0,-0.008,22.672
2026-03-03T15:05:20.650,464.778,1024.781,26.847,-95.506,-13.599,0.0,-0.035,22.656
2026-03-03T15:05:21.151,465.278,1024.719,26.834,-94.996,-13.599,0.0,0.012,22.663
2026-03-03T15:05:21.649,465.778,1024.816,26.839,-95.800,-13.599,0.0,0.043,22.670
2026-03-03T15:05:22.163,466.278,1024.800,26.832,-95.664,-13.599,0.0,-0.010,22.656
2026-03-03T15:05:22.648,466.778,1024.750,26.832,-95.255,-13.599,0.0,0.016,22.670
2026-03-03T15:05:23.148,467.278,1024.771,26.835,-95.427,-13.599,0.0,0.044,22.668
2026-03-03T15:05:23.648,467.778,1024.755,26.825,-95.297,-13.599,0.0,0.020,22.652
2026-03-03T15:05:24.149,468.278,1024.818,26.817,-95.813,-13.599,0.0,0.027,22.672
2026-03-03T15:05:24.648,468.778,1024.808,26.822,-95.733,-13.599,0.0,-0.048,22.663
2026-03-03T15:05:25.149,469.278,1024.802,26.823,-95.679,-13.599,0.0,0.002,22.661
2026-03-03T15:05:25.664,469.778,1024.798,26.804,-95.649,-13.599,0.0,0.002,22.668
2026-03-03T15:05:26.149,470.278,1024.762,26.811,-95.354,-13.599,0.0,0.015,22.647
2026-03-03T15:05:26.649,470.778,1024.784,26.819,-95.529,-13.599,0.0,-0.002,22.654
2026-03-03T15:05:27.147,471.278,1024.775,26.811,-95.461,-13.599,0.0,-0.008,22.666
2026-03-03T15:05:27.648,471.778,1024.778,26.815,-95.481,-13.599,0.0,-0.016,22.663
2026-03-03T15:05:28.147,472.278,1024.793,26.808,-95.606,-13.599,0.0,-0.010,22.670
2026-03-03T15:05:28.649,472.778,1024.793,26.801,-95.608,-13.599,0.0,0.017,22.652
2026-03-03T15:05:29.150,473.278,1024.781,26.805,-95.511,-13.599,0.0,0.014,22.670
2026-03-03T15:05:29.653,473.783,1024.793,26.821,-95.608,-13.599,0.0,-0.034,22.656
2026-03-03T15:05:30.148,474.278,1024.801,26.807,-95.674,-13.599,0.0,-0.021,22.679
2026-03-03T15:05:30.647,474.778,1024.775,26.808,-95.459,-13.599,0.0,0.009,22.672
2026-03-03T15:05:31.148,475.278,1024.806,26.806,-95.711,-13.599,0.0,-0.007,22.670
2026-03-03T15:05:31.648,475.778,1024.810,26.800,-95.746,-13.599,0.0,-0.018,22.668
2026-03-03T15:05:32.147,476.278,1024.804,26.799,-95.697,-13.599,0.0,-0.011,22.656
2026-03-03T15:05:32.654,476.778,1024.774,26.798,-95.451,-13.599,0.0,-0.045,22.645
2026-03-03T15:05:33.148,477.278,1024.783,26.795,-95.525,-13.599,0.0,0.007,22.656
2026-03-03T15:05:33.649,477.778,1024.808,26.791,-95.729,-13.599,0.0,-0.005,22.675
2026-03-03T15:05:34.148,478.278,1024.833,26.789,-95.936,-13.599,0.0,0.024,22.677
2026-03-03T15:05:34.648,478.778,1024.808,26.793,-95.732,-13.599,0.0,0.007,22.670
2026-03-03T15:05:35.148,479.278,1024.818,26.790,-95.813,-13.599,0.0,0.010,22.684
2026-03-03T15:05:35.648,479.778,1024.821,26.790,-95.836,-13.599,0.0,-0.006,22.661
2026-03-03T15:05:36.148,480.278,1024.812,26.792,-95.762,-13.599,0.0,0.007,22.679
2026-03-03T15:05:36.649,480.778,1024.821,26.790,-95.836,-13.599,0.0,0.006,22.643
2026-03-03T15:05:37.155,481.278,1024.818,26.782,-95.815,-13.599,0.0,-0.026,22.668
2026-03-03T15:05:37.648,481.778,1024.801,26.785,-95.671,-13.599,0.0,0.022,22.663
2026-03-03T15:05:38.174,482.278,1024.807,26.777,-95.718,-13.599,0.0,-0.025,22.659
2026-03-03T15:05:38.647,482.778,1024.804,26.784,-95.701,-13.599,0.0,-0.031,22.672
2026-03-03T15:05:39.148,483.278,1024.824,26.780,-95.859,-13.599,0.0,0.004,22.656
2026-03-03T15:05:39.647,483.778,1024.791,26.781,-95.592,-13.599,0.0,0.017,22.661
2026-03-03T15:05:40.153,484.283,1024.784,26.780,-95.536,-13.599,0.0,-0.016,22.666
2026-03-03T15:05:40.648,484.778,1024.834,26.781,-95.944,-13.599,0.0,-0.000,22.659
2026-03-03T15:05:41.148,485.278,1024.788,26.779,-95.566,-13.599,0.0,0.002,22.670
2026-03-03T15:05:41.660,485.778,1024.798,26.761,-95.652,-13.599,0.0,-0.014,22.647
2026-03-03T15:05:42.148,486.278,1024.830,26.783,-95.916,-13.599,0.0,-0.007,22.654
2026-03-03T15:05:42.648,486.778,1024.816,26.763,-95.799,-13.599,0.0,-0.013,22.656
2026-03-03T15:05:43.147,487.278,1024.783,26.765,-95.524,-13.599,0.0,0.013,22.654
2026-03-03T15:05:43.648,487.778,1024.833,26.772,-95.937,-13.599,0.0,-0.000,22.666
2026-03-03T15:05:44.148,488.278,1024.825,26.753,-95.868,-13.599,0.0,0.012,22.654
2026-03-03T15:05:44.647,488.778,1024.811,26.755,-95.755,-13.599,0.0,-0.030,22.661
2026-03-03T15:05:45.147,489.278,1024.926,26.755,-96.702,-13.599,0.0,-0.007,22.645
2026-03-03T15:05:45.648,489.778,1024.854,26.743,-96.114,-13.599,0.0,-0.022,22.661
2026-03-03T15:05:46.160,490.278,1024.849,26.749,-96.073,-13.599,0.0,0.006,22.645
2026-03-03T15:05:46.649,490.778,1024.892,26.752,-96.422,-13.599,0.0,-0.030,22.652
2026-03-03T15:05:47.149,491.278,1024.855,26.758,-96.119,-13.599,0.0,0.015,22.666
2026-03-03T15:05:47.648,491.778,1024.844,26.758,-96.026,-13.599,0.0,-0.001,22.663
2026-03-03T15:05:48.148,492.278,1024.851,26.740,-96.089,-13.599,0.0,0.015,22.670
2026-03-03T15:05:48.648,492.778,1024.844,26.743,-96.028,-13.599,0.0,-0.002,22.666
2026-03-03T15:05:49.148,493.278,1024.853,26.750,-96.104,-13.599,0.0,-0.006,22.677
2026-03-03T15:05:49.656,493.778,1024.838,26.750,-95.981,-13.599,0.0,-0.003,22.682
2026-03-03T15:05:50.147,494.278,1024.854,26.749,-96.111,-13.599,0.0,0.022,22.668
2026-03-03T15:05:50.666,494.783,1024.856,26.740,-96.126,-13.599,0.0,0.015,22.682
2026-03-03T15:05:51.149,495.278,1024.867,26.739,-96.218,-13.599,0.0,-0.001,22.663
2026-03-03T15:05:51.648,495.778,1024.867,26.748,-96.218,-13.599,0.0,-0.020,22.659
2026-03-03T15:05:52.148,496.278,1024.884,26.744,-96.353,-13.599,0.0,-0.005,22.679
2026-03-03T15:05:52.647,496.778,1024.892,26.739,-96.426,-13.599,0.0,-0.002,22.670
2026-03-03T15:05:53.147,497.278,1024.868,26.737,-96.224,-13.599,0.0,-0.015,22.647
2026-03-03T15:05:53.648,497.778,1024.905,26.735,-96.531,-13.599,0.0,0.022,22.663
2026-03-03T15:05:54.161,498.278,1024.886,26.734,-96.377,-13.599,0.0,-0.029,22.668
2026-03-03T15:05:54.647,498.778,1024.876,26.725,-96.291,-13.599,0.0,-0.002,22.677
2026-03-03T15:05:55.148,499.278,1024.899,26.717,-96.484,-13.599,0.0,-0.019,22.672
2026-03-03T15:05:55.648,499.778,1024.869,26.732,-96.236,-13.599,0.0,-0.004,22.659
2026-03-03T15:05:56.147,500.278,1024.883,26.725,-96.345,-13.599,0.0,-0.012,22.661
2026-03-03T15:05:56.648,500.778,1024.886,26.717,-96.377,-13.599,0.0,0.007,22.663
2026-03-03T15:05:57.147,501.278,1024.875,26.713,-96.282,-13.599,0.0,0.011,22.663
2026-03-03T15:05:57.649,501.778,1024.880,26.718,-96.323,-13.599,0.0,-0.013,22.666
2026-03-03T15:05:58.148,502.278,1024.872,26.728,-96.255,-13.599,0.0,0.003,22.670
2026-03-03T15:05:58.648,502.778,1024.836,26.705,-95.959,-13.599,0.0,-0.015,22.661
2026-03-03T15:05:59.149,503.278,1024.880,26.705,-96.321,-13.599,0.0,-0.029,22.659
2026-03-03T15:05:59.668,503.778,1024.849,26.710,-96.071,-13.599,0.0,0.025,22.659
2026-03-03T15:06:00.147,504.278,1024.866,26.690,-96.209,-13.599,0.0,0.011,22.663
2026-03-03T15:06:00.648,504.778,1024.850,26.691,-96.078,-13.599,0.0,0.004,22.677
2026-03-03T15:06:01.152,505.282,1024.826,26.687,-95.875,-13.599,0.0,0.023,22.663
2026-03-03T15:06:01.647,505.778,1024.885,26.703,-96.366,-13.599,0.0,-0.002,22.666
2026-03-03T15:06:02.147,506.278,1024.880,26.683,-96.326,-13.599,0.0,-0.027,22.652
2026-03-03T15:06:02.647,506.778,1024.860,26.693,-96.157,-13.599,0.0,-0.026,22.636
2026-03-03T15:06:03.148,507.278,1024.878,26.689,-96.308,-13.599,0.0,0.020,22.652
2026-03-03T15:06:03.647,507.778,1024.852,26.695,-96.097,-13.599,0.0,0.002,22.661
2026-03-03T15:06:04.162,508.278,1024.849,26.688,-96.068,-13.599,0.0,-0.011,22.686
2026-03-03T15:06:04.647,508.778,1024.822,26.686,-95.844,-13.599,0.0,0.013,22.659
2026-03-03T15:06:05.148,509.278,1024.770,26.688,-95.414,-13.599,0.0,0.012,22.663
2026-03-03T15:06:05.648,509.778,1024.757,26.695,-95.313,-13.599,0.0,-0.001,22.645
2026-03-03T15:06:06.147,510.278,1024.771,26.705,-95.428,-13.599,0.0,0.015,22.652
2026-03-03T15:06:06.647,510.778,1024.739,26.695,-95.159,-13.599,0.0,0.006,22.659
2026-03-03T15:06:07.147,511.278,1024.766,26.689,-95.384,-13.599,0.0,0.010,22.666
2026-03-03T15:06:07.648,511.778,1024.761,26.679,-95.345,-13.599,0.0,-0.013,22.656
2026-03-03T15:06:08.148,512.278,1024.732,26.682,-95.101,-13.599,0.0,-0.024,22.666
2026-03-03T15:06:08.662,512.778,1024.750,26.674,-95.256,-13.599,0.0,0.026,22.670
2026-03-03T15:06:09.147,513.278,1024.740,26.676,-95.166,-13.599,0.0,-0.015,22.677
2026-03-03T15:06:09.647,513.778,1024.774,26.678,-95.452,-13.599,0.0,-0.015,22.666
2026-03-03T15:06:10.147,514.278,1024.740,26.666,-95.173,-13.599,0.0,0.003,22.679
2026-03-03T15:06:10.647,514.778,1024.748,26.676,-95.235,-13.599,0.0,0.004,22.672
2026-03-03T15:06:11.146,515.278,1024.741,26.674,-95.180,-13.599,0.0,0.029,22.654
2026-03-03T15:06:11.651,515.782,1024.721,26.669,-95.014,-13.599,0.0,0.010,22.672
2026-03-03T15:06:12.156,516.287,1024.747,26.676,-95.227,-13.599,0.0,-0.035,22.668
2026-03-03T15:06:12.651,516.782,1024.776,26.663,-95.463,-13.599,0.0,0.021,22.672
2026-03-03T15:06:13.178,517.282,1024.766,26.675,-95.380,-13.599,0.0,0.003,22.666
2026-03-03T15:06:13.653,517.782,1024.717,26.663,-94.978,-13.599,0.0,-0.006,22.668
2026-03-03T15:06:14.151,518.282,1024.768,26.667,-95.397,-13.599,0.0,0.033,22.672
2026-03-03T15:06:14.653,518.782,1024.757,26.659,-95.314,-13.599,0.0,0.007,22.670
2026-03-03T15:06:15.151,519.282,1024.765,26.665,-95.372,-13.599,0.0,-0.010,22.636
2026-03-03T15:06:15.651,519.782,1024.749,26.666,-95.242,-13.599,0.0,-0.025,22.679
2026-03-03T15:06:16.152,520.282,1024.741,26.657,-95.181,-13.599,0.0,-0.016,22.668
2026-03-03T15:06:16.651,520.782,1024.744,26.654,-95.201,-13.599,0.0,0.012,22.663
2026-03-03T15:06:17.151,521.282,1024.741,26.647,-95.181,-13.599,0.0,-0.020,22.668
2026-03-03T15:06:17.659,521.782,1024.733,26.634,-95.108,-13.599,0.0,0.005,22.661
2026-03-03T15:06:18.151,522.282,1024.735,26.633,-95.131,-13.599,0.0,-0.006,22.647
2026-03-03T15:06:18.675,522.782,1024.775,26.646,-95.458,-13.599,0.0,-0.033,22.654
2026-03-03T15:06:19.152,523.282,1024.749,26.635,-95.247,-13.599,0.0,-0.009,22.672
2026-03-03T15:06:19.651,523.782,1024.730,26.646,-95.087,-13.599,0.0,-0.005,22.652
2026-03-03T15:06:20.150,524.282,1024.758,26.638,-95.319,-13.599,0.0,-0.024,22.677
2026-03-03T15:06:20.651,524.782,1024.748,26.639,-95.235,-13.599,0.0,0.020,22.659
2026-03-03T15:06:21.151,525.282,1024.736,26.637,-95.134,-13.599,0.0,0.009,22.650
2026-03-03T15:06:21.654,525.782,1024.712,26.643,-94.938,-13.599,0.0,0.016,22.659
2026-03-03T15:06:22.156,526.282,1024.740,26.638,-95.166,-13.599,0.0,0.022,22.672
2026-03-03T15:06:22.656,526.787,1024.710,26.639,-94.919,-13.599,0.0,-0.006,22.684
2026-03-03T15:06:23.181,527.282,1024.724,26.623,-95.038,-13.599,0.0,-0.008,22.670
2026-03-03T15:06:23.650,527.782,1024.731,26.614,-95.099,-13.599,0.0,-0.001,22.670
2026-03-03T15:06:24.150,528.282,1024.732,26.618,-95.102,-13.599,0.0,0.012,22.638
2026-03-03T15:06:24.651,528.782,1024.695,26.622,-94.797,-13.599,0.0,0.031,22.677
2026-03-03T15:06:25.153,529.282,1024.708,26.615,-94.907,-13.599,0.0,0.000,22.661
2026-03-03T15:06:25.650,529.782,1024.746,26.623,-95.222,-13.599,0.0,0.024,22.666
2026-03-03T15:06:26.151,530.282,1024.715,26.621,-94.967,-13.599,0.0,0.004,22.656
2026-03-03T15:06:26.655,530.782,1024.678,26.617,-94.656,-13.599,0.0,0.011,22.647
2026-03-03T15:06:27.150,531.282,1024.720,26.595,-95.007,-13.599,0.0,0.029,22.654
2026-03-03T15:06:27.652,531.782,1024.654,26.614,-94.460,-13.599,0.0,-0.033,22.654
2026-03-03T15:06:28.151,532.282,1024.677,26.608,-94.648,-13.599,0.0,0.000,22.684
2026-03-03T15:06:28.651,532.782,1024.690,26.599,-94.756,-13.599,0.0,0.015,22.672
2026-03-03T15:06:29.151,533.282,1024.689,26.606,-94.746,-13.599,0.0,0.002,22.663
2026-03-03T15:06:29.651,533.782,1024.657,26.605,-94.483,-13.599,0.0,0.032,22.656
2026-03-03T15:06:30.151,534.282,1024.685,26.593,-94.713,-13.599,0.0,0.001,22.661
2026-03-03T15:06:30.651,534.782,1024.672,26.589,-94.609,-13.599,0.0,0.002,22.670
2026-03-03T15:06:31.162,535.282,1024.678,26.593,-94.660,-13.599,0.0,-0.027,22.672
2026-03-03T15:06:31.650,535.782,1024.680,26.602,-94.674,-13.599,0.0,0.008,22.659
2026-03-03T15:06:32.151,536.282,1024.655,26.587,-94.468,-13.599,0.0,0.008,22.659
2026-03-03T15:06:32.652,536.782,1024.700,26.601,-94.843,-13.599,0.0,0.012,22.656
2026-03-03T15:06:33.157,537.287,1024.668,26.602,-94.580,-13.599,0.0,-0.009,22.663
2026-03-03T15:06:33.651,537.782,1024.678,26.608,-94.656,-13.599,0.0,0.003,22.663
2026-03-03T15:06:34.151,538.282,1024.662,26.589,-94.525,-13.599,0.0,0.009,22.684
2026-03-03T15:06:34.651,538.782,1024.662,26.597,-94.531,-13.599,0.0,0.002,22.663
2026-03-03T15:06:35.151,539.282,1024.668,26.595,-94.575,-13.599,0.0,-0.001,22.670
2026-03-03T15:06:35.679,539.782,1024.661,26.583,-94.520,-13.599,0.0,0.010,22.661
2026-03-03T15:06:36.150,540.282,1024.650,26.581,-94.426,-13.599,0.0,-0.022,22.663
2026-03-03T15:06:36.651,540.782,1024.622,26.588,-94.200,-13.599,0.0,0.038,22.661
2026-03-03T15:06:37.150,541.282,1024.649,26.583,-94.419,-13.599,0.0,0.004,22.666
2026-03-03T15:06:37.651,541.782,1024.624,26.579,-94.216,-13.599,0.0,-0.006,22.659
2026-03-03T15:06:38.161,542.282,1024.628,26.586,-94.245,-13.599,0.0,0.004,22.668
2026-03-03T15:06:38.650,542.782,1024.595,26.584,-93.974,-13.599,0.0,-0.040,22.640
2026-03-03T15:06:39.160,543.282,1024.623,26.569,-94.208,-13.599,0.0,0.020,22.670
2026-03-03T15:06:39.651,543.782,1024.623,26.569,-94.208,-13.599,0.0,0.009,22.663
2026-03-03T15:06:40.182,544.282,1024.669,26.574,-94.588,-13.599,0.0,-0.034,22.661
2026-03-03T15:06:40.652,544.782,1024.659,26.560,-94.501,-13.599,0.0,-0.008,22.659
2026-03-03T15:06:41.150,545.282,1024.620,26.561,-94.177,-13.599,0.0,-0.023,22.647
2026-03-03T15:06:41.651,545.782,1024.595,26.567,-93.975,-13.599,0.0,0.009,22.666
2026-03-03T15:06:42.151,546.282,1024.644,26.575,-94.382,-13.599,0.0,-0.005,22.661
2026-03-03T15:06:42.652,546.782,1024.635,26.573,-94.303,-13.599,0.0,-0.013,22.670
2026-03-03T15:06:43.151,547.282,1024.628,26.579,-94.246,-13.599,0.0,0.000,22.663
2026-03-03T15:06:43.678,547.786,1024.627,26.573,-94.242,-13.599,0.0,0.001,22.656
2026-03-03T15:06:44.150,548.282,1024.647,26.580,-94.402,-13.599,0.0,-0.028,22.670
2026-03-03T15:06:44.652,548.782,1024.649,26.553,-94.418,-13.599,0.0,-0.011,22.643
2026-03-03T15:06:45.151,549.282,1024.683,26.572,-94.704,-13.599,0.0,-0.024,22.668
2026-03-03T15:06:45.651,549.782,1024.635,26.570,-94.301,-13.599,0.0,0.005,22.661
2026-03-03T15:06:46.150,550.282,1024.662,26.570,-94.524,-13.599,0.0,-0.011,22.666
2026-03-03T15:06:46.651,550.782,1024.641,26.560,-94.355,-13.599,0.0,0.018,22.670
2026-03-03T15:06:47.157,551.282,1024.631,26.560,-94.269,-13.599,0.0,-0.008,22.670
2026-03-03T15:06:47.650,551.782,1024.660,26.561,-94.509,-13.599,0.0,0.034,22.654
2026-03-03T15:06:48.182,552.282,1024.689,26.544,-94.749,-13.599,0.0,-0.004,22.652
2026-03-03T15:06:48.651,552.782,1024.660,26.544,-94.511,-13.599,0.0,0.001,22.677
2026-03-03T15:06:49.151,553.282,1024.641,26.554,-94.350,-13.599,0.0,0.021,22.672
2026-03-03T15:06:49.650,553.782,1024.667,26.539,-94.568,-13.599,0.0,0.009,22.666
2026-03-03T15:06:50.151,554.282,1024.611,26.539,-94.106,-13.599,0.0,-0.007,22.670
2026-03-03T15:06:50.651,554.782,1024.670,26.544,-94.595,-13.599,0.0,-0.006,22.661
2026-03-03T15:06:51.151,555.282,1024.619,26.531,-94.169,-13.599,0.0,-0.009,22.656
2026-03-03T15:06:51.658,555.782,1024.676,26.525,-94.641,-13.599,0.0,-0.014,22.679
2026-03-03T15:06:52.151,556.282,1024.647,26.534,-94.403,-13.599,0.0,0.028,22.668
2026-03-03T15:06:52.684,556.782,1024.652,26.525,-94.448,-13.599,0.0,0.012,22.670
2026-03-03T15:06:53.150,557.282,1024.616,26.532,-94.146,-13.599,0.0,0.020,22.650
2026-03-03T15:06:53.650,557.782,1024.637,26.525,-94.318,-13.599,0.0,0.003,22.666
2026-03-03T15:06:54.155,558.287,1024.659,26.541,-94.501,-13.599,0.0,0.036,22.659
2026-03-03T15:06:54.650,558.782,1024.655,26.519,-94.466,-13.599,0.0,0.025,22.656
2026-03-03T15:06:55.150,559.282,1024.630,26.540,-94.261,-13.599,0.0,-0.004,22.654
2026-03-03T15:06:55.650,559.782,1024.606,26.517,-94.065,-13.599,0.0,0.005,22.666
2026-03-03T15:06:56.151,560.282,1024.619,26.521,-94.175,-13.599,0.0,-0.037,22.659
2026-03-03T15:06:56.651,560.782,1024.603,26.523,-94.039,-13.599,0.0,-0.018,22.656
2026-03-03T15:06:57.161,561.282,1024.652,26.521,-94.446,-13.599,0.0,-0.010,22.663
2026-03-03T15:06:57.650,561.782,1024.607,26.519,-94.074,-13.599,0.0,0.017,22.668
2026-03-03T15:06:58.172,562.282,1024.573,26.515,-93.794,-13.599,0.0,-0.004,22.668
2026-03-03T15:06:58.651,562.782,1024.581,26.509,-93.859,-13.599,0.0,0.028,22.675
2026-03-03T15:06:59.150,563.282,1024.573,26.504,-93.792,-13.599,0.0,-0.013,22.661
2026-03-03T15:06:59.650,563.782,1024.550,26.507,-93.603,-13.599,0.0,0.001,22.654
2026-03-03T15:07:00.151,564.282,1024.536,26.489,-93.488,-13.599,0.0,0.020,22.672
2026-03-03T15:07:00.650,564.782,1024.567,26.490,-93.742,-13.599,0.0,-0.029,22.654
2026-03-03T15:07:01.151,565.282,1024.552,26.498,-93.618,-13.599,0.0,0.001,22.650
2026-03-03T15:07:01.649,565.782,1024.564,26.499,-93.719,-13.599,0.0,0.015,22.659
2026-03-03T15:07:02.151,566.282,1024.550,26.491,-93.605,-13.599,0.0,-0.002,22.656
2026-03-03T15:07:02.655,566.782,1024.572,26.491,-93.781,-13.599,0.0,0.007,22.652
2026-03-03T15:07:03.150,567.282,1024.541,26.482,-93.528,-13.599,0.0,-0.026,22.654
2026-03-03T15:07:03.651,567.782,1024.560,26.487,-93.686,-13.599,0.0,0.004,22.661
2026-03-03T15:07:04.152,568.282,1024.543,26.476,-93.546,-13.599,0.0,-0.037,22.663
2026-03-03T15:07:04.656,568.787,1024.526,26.472,-93.404,-13.599,0.0,-0.011,22.650
2026-03-03T15:07:05.150,569.282,1024.521,26.464,-93.367,-13.599,0.0,-0.024,22.675
2026-03-03T15:07:05.650,569.782,1024.560,26.458,-93.685,-13.599,0.0,-0.018,22.663
2026-03-03T15:07:06.150,570.282,1024.499,26.472,-93.181,-13.599,0.0,0.001,22.654
2026-03-03T15:07:06.651,570.782,1024.557,26.461,-93.665,-13.599,0.0,0.033,22.659
2026-03-03T15:07:07.163,571.282,1024.493,26.471,-93.133,-13.599,0.0,0.021,22.650
2026-03-03T15:07:07.651,571.782,1024.516,26.468,-93.324,-13.599,0.0,0.003,22.654
2026-03-03T15:07:08.150,572.282,1024.528,26.471,-93.419,-13.599,0.0,-0.018,22.666
2026-03-03T15:07:08.651,572.782,1024.509,26.464,-93.267,-13.599,0.0,-0.032,22.677
2026-03-03T15:07:09.151,573.282,1024.504,26.468,-93.224,-13.599,0.0,-0.027,22.647
2026-03-03T15:07:09.651,573.782,1024.501,26.472,-93.197,-13.599,0.0,0.007,22.656
2026-03-03T15:07:10.151,574.282,1024.539,26.454,-93.512,-13.599,0.0,-0.018,22.672
2026-03-03T15:07:10.668,574.782,1024.510,26.454,-93.275,-13.599,0.0,-0.007,22.647
2026-03-03T15:07:11.150,575.282,1024.455,26.444,-92.818,-13.599,0.0,0.014,22.659
2026-03-03T15:07:11.651,575.782,1024.450,26.433,-92.778,-13.599,0.0,0.029,22.661
2026-03-03T15:07:12.150,576.282,1024.457,26.444,-92.835,-13.599,0.0,0.011,22.654
2026-03-03T15:07:12.650,576.782,1024.459,26.431,-92.855,-13.599,0.0,0.011,22.679
2026-03-03T15:07:13.156,577.282,1024.474,26.429,-92.976,-13.599,0.0,-0.009,22.650
2026-03-03T15:07:13.651,577.782,1024.452,26.418,-92.797,-13.599,0.0,-0.006,22.666
2026-03-03T15:07:14.157,578.282,1024.457,26.432,-92.833,-13.599,0.0,-0.018,22.650
2026-03-03T15:07:14.656,578.782,1024.503,26.435,-93.219,-13.599,0.0,-0.027,22.647
2026-03-03T15:07:15.188,579.287,1024.508,26.421,-93.254,-13.599,0.0,-0.027,22.656
2026-03-03T15:07:15.652,579.782,1024.468,26.422,-92.924,-13.599,0.0,-0.019,22.663
2026-03-03T15:07:16.151,580.282,1024.444,26.411,-92.730,-13.599,0.0,-0.006,22.684
2026-03-03T15:07:16.650,580.782,1024.485,26.416,-93.065,-13.599,0.0,0.023,22.650
2026-03-03T15:07:17.151,581.282,1024.435,26.414,-92.656,-13.599,0.0,0.015,22.654
2026-03-03T15:07:17.651,581.782,1024.484,26.404,-93.063,-13.599,0.0,-0.021,22.652
2026-03-03T15:07:18.152,582.282,1024.492,26.404,-93.126,-13.599,0.0,-0.002,22.656
2026-03-03T15:07:18.651,582.782,1024.481,26.411,-93.031,-13.599,0.0,-0.011,22.666
2026-03-03T15:07:19.150,583.282,1024.457,26.404,-92.833,-13.599,0.0,0.000,22.682
2026-03-03T15:07:19.652,583.782,1024.437,26.406,-92.672,-13.599,0.0,0.027,22.661
2026-03-03T15:07:20.151,584.282,1024.472,26.399,-92.959,-13.599,0.0,0.016,22.656
2026-03-03T15:07:20.652,584.782,1024.487,26.378,-93.080,-13.599,0.0,-0.021,22.677
2026-03-03T15:07:21.149,585.282,1024.478,26.377,-93.011,-13.599,0.0,-0.029,22.659
2026-03-03T15:07:21.653,585.782,1024.485,26.371,-93.067,-13.599,0.0,-0.011,22.682
2026-03-03T15:07:22.161,586.282,1024.510,26.372,-93.276,-13.599,0.0,0.006,22.656
2026-03-03T15:07:22.652,586.782,1024.455,26.353,-92.821,-13.599,0.0,-0.007,22.682
2026-03-03T15:07:23.174,587.282,1024.509,26.360,-93.265,-13.599,0.0,0.023,22.654
2026-03-03T15:07:23.651,587.782,1024.488,26.370,-93.090,-13.599,0.0,0.007,22.656
2026-03-03T15:07:24.151,588.282,1024.464,26.352,-92.897,-13.599,0.0,0.023,22.677
2026-03-03T15:07:24.651,588.782,1024.451,26.367,-92.787,-13.599,0.0,0.002,22.663
2026-03-03T15:07:25.152,589.282,1024.426,26.370,-92.582,-13.599,0.0,0.027,22.672
2026-03-03T15:07:25.655,589.786,1024.437,26.374,-92.669,-13.599,0.0,0.011,22.654
2026-03-03T15:07:26.151,590.282,1024.438,26.361,-92.681,-13.599,0.0,-0.016,22.650
2026-03-03T15:07:26.659,590.782,1024.447,26.342,-92.750,-13.599,0.0,-0.001,22.661
2026-03-03T15:07:27.152,591.282,1024.445,26.354,-92.737,-13.599,0.0,-0.003,22.661
2026-03-03T15:07:27.651,591.782,1024.470,26.355,-92.945,-13.599,0.0,0.020,22.654
2026-03-03T15:07:28.150,592.282,1024.415,26.341,-92.488,-13.599,0.0,-0.020,22.654
2026-03-03T15:07:28.652,592.782,1024.491,26.341,-93.120,-13.599,0.0,-0.017,22.670
2026-03-03T15:07:29.158,593.282,1024.468,26.347,-92.924,-13.599,0.0,-0.048,22.656
2026-03-03T15:07:29.650,593.782,1024.504,26.338,-93.224,-13.599,0.0,0.014,22.656
2026-03-03T15:07:30.150,594.282,1024.490,26.319,-93.109,-13.599,0.0,0.014,22.677
2026-03-03T15:07:30.650,594.782,1024.496,26.336,-93.162,-13.599,0.0,-0.009,22.654
2026-03-03T15:07:31.154,595.282,1024.458,26.328,-92.847,-13.599,0.0,-0.009,22.656
2026-03-03T15:07:31.652,595.782,1024.433,26.313,-92.641,-13.599,0.0,-0.022,22.652
2026-03-03T15:07:32.150,596.282,1024.431,26.326,-92.621,-13.599,0.0,-0.018,22.668
2026-03-03T15:07:32.684,596.782,1024.433,26.325,-92.636,-13.599,0.0,-0.024,22.652
2026-03-03T15:07:33.150,597.282,1024.404,26.320,-92.401,-13.599,0.0,-0.016,22.656
2026-03-03T15:07:33.652,597.782,1024.441,26.317,-92.707,-13.599,0.0,0.009,22.640
2026-03-03T15:07:34.150,598.282,1024.445,26.324,-92.736,-13.599,0.0,-0.002,22.661
2026-03-03T15:07:34.651,598.782,1024.435,26.323,-92.658,-13.599,0.0,0.000,22.677
2026-03-03T15:07:35.170,599.282,1024.433,26.312,-92.641,-13.599,0.0,0.012,22.659
2026-03-03T15:07:35.651,599.782,1024.470,26.319,-92.946,-13.599,0.0,-0.026,22.654
2026-03-03T15:07:36.169,600.287,1024.475,26.324,-92.983,-13.599,0.0,-0.024,22.668
2026-03-03T15:07:36.650,600.782,1024.414,26.323,-92.480,-13.599,0.0,0.011,22.670
2026-03-03T15:07:37.151,601.282,1024.435,26.325,-92.658,-13.599,0.0,-0.029,22.668
2026-03-03T15:07:37.659,601.782,1024.427,26.325,-92.591,-13.599,0.0,-0.027,22.652
2026-03-03T15:07:38.150,602.282,1024.417,26.317,-92.506,-13.599,0.0,-0.004,22.656
2026-03-03T15:07:38.680,602.782,1024.411,26.309,-92.454,-13.599,0.0,0.003,22.652
2026-03-03T15:07:39.150,603.282,1024.449,26.310,-92.770,-13.599,0.0,-0.006,22.670
2026-03-03T15:07:39.650,603.782,1024.399,26.312,-92.356,-13.599,0.0,-0.014,22.659
2026-03-03T15:07:40.150,604.282,1024.414,26.305,-92.481,-13.599,0.0,-0.004,22.650
2026-03-03T15:07:40.651,604.782,1024.441,26.286,-92.705,-13.599,0.0,-0.019,22.668
2026-03-03T15:07:41.150,605.282,1024.425,26.290,-92.576,-13.599,0.0,-0.018,22.652
2026-03-03T15:07:41.651,605.782,1024.420,26.270,-92.530,-13.599,0.0,0.003,22.659
2026-03-03T15:07:42.167,606.282,1024.430,26.252,-92.615,-13.599,0.0,-0.052,22.682
2026-03-03T15:07:42.650,606.782,1024.420,26.258,-92.528,-13.599,0.0,0.007,22.654
2026-03-03T15:07:43.150,607.282,1024.441,26.270,-92.707,-13.599,0.0,0.015,22.672
2026-03-03T15:07:43.650,607.782,1024.415,26.262,-92.492,-13.599,0.0,0.008,22.672
2026-03-03T15:07:44.152,608.282,1024.371,26.257,-92.126,-13.599,0.0,-0.021,22.659
2026-03-03T15:07:44.650,608.782,1024.450,26.259,-92.782,-13.599,0.0,-0.000,22.663
2026-03-03T15:07:45.151,609.282,1024.432,26.267,-92.634,-13.599,0.0,0.011,22.659
2026-03-03T15:07:45.677,609.782,1024.436,26.260,-92.660,-13.599,0.0,-0.009,22.659
2026-03-03T15:07:46.150,610.282,1024.438,26.249,-92.682,-13.599,0.0,-0.011,22.672
2026-03-03T15:07:46.655,610.787,1024.441,26.249,-92.705,-13.599,0.0,-0.001,22.656
2026-03-03T15:07:47.150,611.282,1024.438,26.249,-92.682,-13.599,0.0,-0.006,22.666
2026-03-03T15:07:47.651,611.782,1024.424,26.243,-92.561,-13.599,0.0,0.024,22.656
2026-03-03T15:07:48.166,612.282,1024.468,26.231,-92.929,-13.599,0.0,0.017,22.652
2026-03-03T15:07:48.652,612.782,1024.454,26.232,-92.813,-13.599,0.0,0.040,22.647
2026-03-03T15:07:49.152,613.282,1024.423,26.222,-92.559,-13.599,0.0,0.006,22.670
2026-03-03T15:07:49.650,613.782,1024.401,26.220,-92.373,-13.599,0.0,-0.012,22.647
2026-03-03T15:07:50.152,614.282,1024.402,26.208,-92.387,-13.599,0.0,0.024,22.650
2026-03-03T15:07:50.651,614.782,1024.456,26.209,-92.826,-13.599,0.0,0.002,22.663
2026-03-03T15:07:51.150,615.282,1024.448,26.225,-92.762,-13.599,0.0,0.002,22.670
2026-03-03T15:07:51.650,615.782,1024.433,26.225,-92.638,-13.599,0.0,0.047,22.654
2026-03-03T15:07:52.149,616.282,1024.437,26.225,-92.669,-13.599,0.0,0.041,22.636
2026-03-03T15:07:52.651,616.782,1024.432,26.218,-92.632,-13.599,0.0,0.005,22.670
2026-03-03T15:07:53.149,617.282,1024.391,26.211,-92.288,-13.599,0.0,-0.005,22.675
2026-03-03T15:07:53.650,617.782,1024.385,26.211,-92.243,-13.599,0.0,0.013,22.670
2026-03-03T15:07:54.169,618.282,1024.404,26.202,-92.397,-13.599,0.0,-0.022,22.668
2026-03-03T15:07:54.651,618.782,1024.395,26.198,-92.324,-13.599,0.0,-0.007,22.661
2026-03-03T15:07:55.152,619.282,1024.363,26.206,-92.061,-13.599,0.0,-0.010,22.659
2026-03-03T15:07:55.650,619.782,1024.381,26.216,-92.207,-13.599,0.0,0.005,22.650
2026-03-03T15:07:56.151,620.282,1024.366,26.209,-92.086,-13.599,0.0,-0.017,22.636
2026-03-03T15:07:56.650,620.782,1024.374,26.202,-92.150,-13.599,0.0,0.024,22.659
2026-03-03T15:07:57.155,621.287,1024.392,26.209,-92.302,-13.599,0.0,0.044,22.647
2026-03-03T15:07:57.659,621.782,1024.333,26.197,-91.815,-13.599,0.0,-0.010,22.661
2026-03-03T15:07:58.151,622.282,1024.352,26.191,-91.972,-13.599,0.0,-0.008,22.663
2026-03-03T15:07:58.650,622.782,1024.363,26.194,-92.059,-13.599,0.0,0.013,22.656
2026-03-03T15:07:59.150,623.282,1024.352,26.184,-91.973,-13.599,0.0,-0.029,22.663
2026-03-03T15:07:59.651,623.782,1024.340,26.183,-91.873,-13.599,0.0,0.010,22.661
2026-03-03T15:08:00.154,624.282,1024.395,26.174,-92.327,-13.599,0.0,-0.005,22.659
2026-03-03T15:08:00.652,624.782,1024.386,26.165,-92.251,-13.599,0.0,-0.017,22.659
2026-03-03T15:08:01.152,625.282,1024.400,26.168,-92.368,-13.599,0.0,0.020,22.647
2026-03-03T15:08:01.650,625.782,1024.393,26.196,-92.307,-13.599,0.0,-0.029,22.670
2026-03-03T15:08:02.151,626.282,1024.359,26.183,-92.027,-13.599,0.0,0.017,22.668
2026-03-03T15:08:02.649,626.782,1024.410,26.182,-92.449,-13.599,0.0,-0.007,22.661
2026-03-03T15:08:03.152,627.282,1024.351,26.177,-91.961,-13.599,0.0,-0.004,22.668
2026-03-03T15:08:03.670,627.782,1024.371,26.144,-92.125,-13.599,0.0,0.011,22.668
2026-03-03T15:08:04.149,628.282,1024.361,26.138,-92.043,-13.599,0.0,-0.018,22.654
2026-03-03T15:08:04.649,628.782,1024.376,26.133,-92.170,-13.599,0.0,0.028,22.670
2026-03-03T15:08:05.149,629.282,1024.334,26.134,-91.825,-13.599,0.0,0.018,22.661
2026-03-03T15:08:05.652,629.782,1024.370,26.129,-92.121,-13.599,0.0,0.013,22.677
2026-03-03T15:08:06.156,630.282,1024.321,26.146,-91.712,-13.599,0.0,0.002,22.670
2026-03-03T15:08:06.650,630.782,1024.296,26.130,-91.505,-13.599,0.0,-0.022,22.666
2026-03-03T15:08:07.160,631.282,1024.343,26.134,-91.894,-13.599,0.0,-0.021,22.675
2026-03-03T15:08:07.655,631.787,1024.382,26.143,-92.217,-13.599,0.0,0.021,22.654
2026-03-03T15:08:08.179,632.282,1024.382,26.137,-92.220,-13.599,0.0,-0.002,22.656
2026-03-03T15:08:08.650,632.782,1024.381,26.137,-92.212,-13.599,0.0,-0.015,22.656
2026-03-03T15:08:09.153,633.282,1024.356,26.141,-92.000,-13.599,0.0,0.011,22.656
2026-03-03T15:08:09.667,633.782,1024.399,26.135,-92.356,-13.599,0.0,-0.015,22.645
2026-03-03T15:08:10.150,634.282,1024.330,26.133,-91.786,-13.599,0.0,-0.022,22.656
2026-03-03T15:08:10.678,634.782,1024.317,26.119,-91.681,-13.599,0.0,-0.026,22.659
2026-03-03T15:08:11.149,635.282,1024.342,26.118,-91.889,-13.599,0.0,0.030,22.647
2026-03-03T15:08:11.652,635.782,1024.381,26.120,-92.213,-13.599,0.0,0.016,22.647
2026-03-03T15:08:12.151,636.282,1024.370,26.120,-92.121,-13.599,0.0,-0.008,22.654
2026-03-03T15:08:12.651,636.782,1024.361,26.116,-92.041,-13.599,0.0,-0.021,22.670
2026-03-03T15:08:13.176,637.282,1024.431,26.098,-92.619,-13.599,0.0,0.008,22.654
2026-03-03T15:08:13.651,637.782,1024.391,26.088,-92.295,-13.599,0.0,0.018,22.659
2026-03-03T15:08:14.151,638.282,1024.348,26.086,-91.939,-13.599,0.0,-0.032,22.659
2026-03-03T15:08:14.649,638.782,1024.400,26.082,-92.366,-13.599,0.0,-0.014,22.656
2026-03-03T15:08:15.151,639.282,1024.430,26.065,-92.615,-13.599,0.0,0.033,22.654
2026-03-03T15:08:15.649,639.782,1024.395,26.061,-92.326,-13.599,0.0,0.012,22.661
2026-03-03T15:08:16.150,640.282,1024.380,26.076,-92.200,-13.599,0.0,0.003,22.679
2026-03-03T15:08:16.651,640.782,1024.437,26.076,-92.670,-13.599,0.0,0.029,22.650
2026-03-03T15:08:17.150,641.282,1024.402,26.064,-92.383,-13.599,0.0,-0.005,22.666
2026-03-03T15:08:17.650,641.782,1024.390,26.050,-92.287,-13.599,0.0,-0.038,22.682
2026-03-03T15:08:18.154,642.287,1024.383,26.044,-92.229,-13.599,0.0,0.019,22.661
2026-03-03T15:08:18.651,642.782,1024.385,26.053,-92.244,-13.599,0.0,0.006,22.656
2026-03-03T15:08:19.156,643.282,1024.365,26.043,-92.081,-13.599,0.0,-0.003,22.679
2026-03-03T15:08:19.649,643.782,1024.401,26.034,-92.373,-13.599,0.0,-0.037,22.661
2026-03-03T15:08:20.149,644.282,1024.335,26.033,-91.827,-13.599,0.0,-0.004,22.654
2026-03-03T15:08:20.649,644.782,1024.354,26.006,-91.989,-13.599,0.0,0.041,22.659
2026-03-03T15:08:21.150,645.282,1024.379,26.011,-92.193,-13.599,0.0,0.005,22.656
2026-03-03T15:08:21.649,645.782,1024.373,25.997,-92.143,-13.599,0.0,0.028,22.654
2026-03-03T15:08:22.152,646.282,1024.363,26.001,-92.061,-13.599,0.0,0.025,22.638
2026-03-03T15:08:22.650,646.782,1024.395,25.990,-92.322,-13.599,0.0,0.006,22.645
2026-03-03T15:08:23.149,647.282,1024.390,25.993,-92.286,-13.599,0.0,0.004,22.668
2026-03-03T15:08:23.655,647.782,1024.376,25.997,-92.166,-13.599,0.0,-0.026,22.647
2026-03-03T15:08:24.150,648.282,1024.375,25.999,-92.161,-13.599,0.0,0.014,22.650
2026-03-03T15:08:24.651,648.782,1024.485,26.000,-93.070,-13.599,0.0,-0.045,22.661
2026-03-03T15:08:25.150,649.282,1024.478,26.008,-93.007,-13.599,0.0,0.003,22.661
2026-03-03T15:08:25.650,649.782,1024.507,26.010,-93.247,-13.599,0.0,-0.021,22.652
2026-03-03T15:08:26.149,650.282,1024.515,26.019,-93.317,-13.599,0.0,-0.006,22.659
2026-03-03T15:08:26.650,650.782,1024.446,25.998,-92.744,-13.599,0.0,0.026,22.638
2026-03-03T15:08:27.158,651.282,1024.403,25.992,-92.394,-13.599,0.0,0.014,22.663
2026-03-03T15:08:27.650,651.782,1024.402,25.987,-92.382,-13.599,0.0,0.024,22.647
2026-03-03T15:08:28.167,652.287,1024.432,25.988,-92.628,-13.599,0.0,0.024,22.663
2026-03-03T15:08:28.649,652.782,1024.434,25.999,-92.645,-13.599,0.0,0.036,22.643
2026-03-03T15:08:29.151,653.282,1024.361,25.981,-92.044,-13.599,0.0,0.020,22.666
2026-03-03T15:08:29.649,653.782,1024.356,25.989,-92.005,-13.599,0.0,-0.003,22.643
2026-03-03T15:08:30.150,654.282,1024.324,25.988,-91.742,-13.599,0.0,-0.000,22.661
2026-03-03T15:08:30.649,654.782,1024.314,25.990,-91.660,-13.599,0.0,0.002,22.647
2026-03-03T15:08:31.150,655.282,1024.353,25.994,-91.979,-13.599,0.0,-0.025,22.668
2026-03-03T15:08:31.658,655.782,1024.433,25.990,-92.637,-13.599,0.0,-0.020,22.659
2026-03-03T15:08:32.149,656.282,1024.373,25.989,-92.145,-13.599,0.0,0.008,22.652
2026-03-03T15:08:32.648,656.782,1024.402,25.984,-92.387,-13.599,0.0,0.001,22.659
2026-03-03T15:08:33.149,657.282,1024.329,25.981,-91.784,-13.599,0.0,0.004,22.661
2026-03-03T15:08:33.650,657.782,1024.389,25.985,-92.272,-13.599,0.0,0.012,22.659
2026-03-03T15:08:34.148,658.282,1024.399,25.984,-92.355,-13.599,0.0,0.012,22.668
2026-03-03T15:08:34.649,658.782,1024.380,25.979,-92.205,-13.599,0.0,-0.004,22.661
2026-03-03T15:08:35.158,659.282,1024.373,25.986,-92.142,-13.599,0.0,0.024,22.668
2026-03-03T15:08:35.650,659.782,1024.397,25.989,-92.344,-13.599,0.0,0.004,22.652
2026-03-03T15:08:36.150,660.282,1024.373,25.988,-92.143,-13.599,0.0,0.005,22.654
2026-03-03T15:08:36.649,660.782,1024.314,25.974,-91.655,-13.599,0.0,-0.025,22.672
2026-03-03T15:08:37.150,661.282,1024.336,25.974,-91.839,-13.599,0.0,-0.002,22.659
2026-03-03T15:08:37.652,661.782,1024.365,25.964,-92.077,-13.599,0.0,-0.028,22.668
2026-03-03T15:08:38.150,662.282,1024.325,25.959,-91.750,-13.599,0.0,-0.017,22.654
2026-03-03T15:08:38.673,662.787,1024.370,25.978,-92.120,-13.599,0.0,0.021,22.666
2026-03-03T15:08:39.149,663.282,1024.387,25.959,-92.258,-13.599,0.0,-0.000,22.663
2026-03-03T15:08:39.650,663.782,1024.411,25.968,-92.458,-13.599,0.0,-0.031,22.656
2026-03-03T15:08:40.149,664.282,1024.383,25.955,-92.224,-13.599,0.0,-0.002,22.675
2026-03-03T15:08:40.649,664.782,1024.396,25.963,-92.330,-13.599,0.0,0.006,22.647
2026-03-03T15:08:41.154,665.282,1024.337,25.952,-91.844,-13.599,0.0,0.015,22.647
2026-03-03T15:08:41.650,665.782,1024.351,25.953,-91.961,-13.599,0.0,0.011,22.659
2026-03-03T15:08:42.167,666.282,1024.323,25.960,-91.727,-13.599,0.0,0.004,22.677
2026-03-03T15:08:42.650,666.782,1024.380,25.956,-92.202,-13.599,0.0,-0.001,22.652
2026-03-03T15:08:43.149,667.282,1024.437,25.957,-92.672,-13.599,0.0,0.032,22.670
2026-03-03T15:08:43.649,667.782,1024.514,25.968,-93.305,-13.599,0.0,-0.013,22.654
2026-03-03T15:08:44.153,668.282,1024.504,25.947,-93.226,-13.599,0.0,0.009,22.631
2026-03-03T15:08:44.648,668.782,1024.490,25.935,-93.109,-13.599,0.0,0.004,22.670
2026-03-03T15:08:45.150,669.282,1024.558,25.928,-93.672,-13.599,0.0,0.025,22.659
2026-03-03T15:08:45.649,669.782,1024.613,25.933,-94.122,-13.599,0.0,-0.016,22.659
2026-03-03T15:08:46.150,670.282,1024.668,25.939,-94.574,-13.599,0.0,-0.003,22.650
2026-03-03T15:08:46.650,670.782,1024.599,25.929,-94.004,-13.599,0.0,-0.022,22.652
2026-03-03T15:08:47.150,671.282,1024.574,25.917,-93.802,-13.599,0.0,0.021,22.677
2026-03-03T15:08:47.650,671.782,1024.656,25.924,-94.477,-13.599,0.0,-0.000,22.640
2026-03-03T15:08:48.149,672.282,1024.522,25.926,-93.370,-13.599,0.0,0.042,22.634
2026-03-03T15:08:48.649,672.782,1024.574,25.912,-93.798,-13.599,0.0,0.015,22.645
2026-03-03T15:08:49.155,673.287,1024.609,25.905,-94.093,-13.599,0.0,-0.011,22.666
2026-03-03T15:08:49.650,673.782,1024.602,25.902,-94.036,-13.599,0.0,-0.025,22.659
2026-03-03T15:08:50.152,674.282,1024.537,25.891,-93.496,-13.599,0.0,0.022,22.670
2026-03-03T15:08:50.649,674.782,1024.431,25.885,-92.620,-13.599,0.0,-0.008,22.659
2026-03-03T15:08:51.150,675.282,1024.453,25.882,-92.803,-13.599,0.0,0.012,22.661
2026-03-03T15:08:51.651,675.782,1024.348,25.857,-91.936,-13.599,0.0,-0.013,22.668
2026-03-03T15:08:52.150,676.282,1024.397,25.860,-92.338,-13.599,0.0,0.002,22.661
2026-03-03T15:08:52.651,676.782,1024.435,25.850,-92.654,-13.599,0.0,0.016,22.659
2026-03-03T15:08:53.152,677.282,1024.412,25.847,-92.466,-13.599,0.0,0.022,22.661
2026-03-03T15:08:53.651,677.782,1024.430,25.841,-92.615,-13.599,0.0,0.023,22.640
2026-03-03T15:08:54.148,678.282,1024.321,25.833,-91.715,-13.599,0.0,-0.021,22.659
2026-03-03T15:08:54.649,678.782,1024.509,25.813,-93.261,-13.599,0.0,-0.026,22.666
2026-03-03T15:08:55.172,679.282,1024.551,25.815,-93.611,-13.599,0.0,0.013,22.652
2026-03-03T15:08:55.649,679.782,1024.569,25.808,-93.759,-13.599,0.0,-0.028,22.668
2026-03-03T15:08:56.151,680.282,1024.567,25.800,-93.745,-13.599,0.0,-0.003,22.656
