Time (s),Pos X (m),Pos Y (m),Pos Z (m),Vel X (m/s),Vel Y (m/s),Vel Z (m/s),Acc X (m/s²),Acc Y (m/s²),Acc Z (m/s²)
0.1,0.0,0.0,0.0,0.0,0.0,0.0,0.0,0.0,-9.8
0.2,0.0,0.0,0.0,0.0,0.0,0.0,0.0,0.0,-9.8
0.30000000000000004,0.0,0.0,0.0,0.0,0.0,0.0,0.0,0.0,-9.8
0.4,0.0,0.0,0.0,0.0,0.0,0.0,0.0,0.0,-9.8
0.5,0.0,0.0,0.0,0.0,0.0,0.0,0.0,0.0,-9.8
0.6,0.0,0.0,0.0,0.0,0.0,0.0,0.0,0.0,-9.8
0.7,0.0,0.0,0.0,0.0,0.0,0.0,0.0,0.0,-9.8
0.7999999999999999,0.0,0.0,0.0,0.0,0.0,0.0,0.0,0.0,-9.8
0.8999999999999999,0.0,0.0,0.0,0.0,0.0,0.0,0.0,0.0,-9.8
0.9999999999999999,0.0,0.0,0.0,0.0,0.0,0.0,0.0,0.0,-9.8
1.0999999999999999,0.0,0.0,0.0,0.0,0.0,0.0,0.0,0.0,-9.8
1.2,0.0,0.0,0.0,0.0,0.0,0.0,0.0,0.0,-9.8
1.3,0.0,0.0,0.0,0.0,0.0,0.0,0.0,0.0,-9.8
1.4000000000000001,0.0,0.0,0.0,0.0,0.0,0.0,0.0,0.0,-9.8
1.5000000000000002,0.0,0.0,0.0,0.0,0.0,0.0,0.0,0.0,-9.8
1.6000000000000003,0.0,0.0,0.0,0.0,0.0,0.0,0.0,0.0,-9.8
1.7000000000000004,0.0,0.0,0.0,0.0,0.0,0.0,0.0,0.0,-9.8
1.8000000000000005,0.0,0.0,0.0,0.0,0.0,0.0,0.0,0.0,-9.8
1.9000000000000006,0.0,0.0,0.0,0.0,0.0,0.0,0.0,0.0,-9.8
2.0000000000000004,0.0,0.0,0.0,0.0,0.0,0.0,0.0,0.0,-9.8
2.1000000000000005,0.0,0.0,0.0,0.0,0.0,0.0,0.0,0.0,-9.8
2.2000000000000006,0.0,0.0,0.0,0.0,0.0,0.0,0.0,0.0,-9.8
2.3000000000000007,0.0,0.0,0.0,0.0,0.0,0.0,0.0,0.0,-9.8
2.400000000000001,0.0,0.0,0.0,0.0,0.0,0.0,0.0,0.0,-9.8
2.500000000000001,0.0,0.0,0.0,0.0,0.0,0.0,0.0,0.0,-9.8
2.600000000000001,0.0,0.0,0.0,0.0,0.0,0.0,0.0,0.0,-9.8
2.700000000000001,0.0,0.0,0.0,0.0,0.0,0.0,0.0,0.0,-9.8
2.800000000000001,0.0,0.0,0.0,0.0,0.0,0.0,0.0,0.0,-9.8
2.9000000000000012,0.0,0.0,0.0,0.0,0.0,0.0,0.0,0.0,-9.8
3.0000000000000013,0.0,0.0,0.0,0.0,0.0,0.0,0.0,0.0,-9.8
3.1000000000000014,0.0,0.0,0.0,0.0,0.0,0.0,0.0,0.0,-9.8
3.2000000000000015,0.0,0.0,0.0,0.0,0.0,0.0,0.0,0.0,-9.8
3.3000000000000016,0.0,0.0,0.0,0.0,0.0,0.0,0.0,0.0,-9.8
3.4000000000000017,0.0,0.0,0.0,0.0,0.0,0.0,0.0,0.0,-9.8
3.5000000000000018,0.0,0.0,0.0,0.0,0.0,0.0,0.0,0.0,-9.8
3.600000000000002,0.0,0.0,0.0,0.0,0.0,0.0,0.0,0.0,-9.8
3.700000000000002,0.0,0.0,0.0,0.0,0.0,0.0,0.0,0.0,-9.8
3.800000000000002,0.0,0.0,0.0,0.0,0.0,0.0,0.0,0.0,-9.8
3.900000000000002,0.0,0.0,0.0,0.0,0.0,0.0,0.0,0.0,-9.8
4.000000000000002,0.0,0.0,0.0,0.0,0.0,0.0,0.0,0.0,-9.8
4.100000000000001,0.0,0.0,0.0,0.0,0.0,0.0,0.0,0.0,-9.8
4.200000000000001,0.0,0.0,0.0,0.0,0.0,0.0,0.0,0.0,-9.8
4.300000000000001,0.0,0.0,0.0,0.0,0.0,0.0,0.0,0.0,-9.8
4.4,0.0,0.0,0.0,0.0,0.0,0.0,0.0,0.0,-9.8
4.5,0.0,0.0,0.0,0.0,0.0,0.0,0.0,0.0,-9.8
4.6,0.0,0.0,0.0,0.0,0.0,0.0,0.0,0.0,-9.8
4.699999999999999,0.0,0.0,0.0,0.0,0.0,0.0,0.0,0.0,-9.8
4.799999999999999,0.0,0.0,0.0,0.0,0.0,0.0,0.0,0.0,-9.8
4.899999999999999,0.0,0.0,0.0,0.0,0.0,0.0,0.0,0.0,-9.8
4.999999999999998,0.0,0.0,0.0,0.0,0.0,0.0,0.0,0.0,-9.8
5.099999999999998,0.0,0.0,0.7544943711430387,0.0,0.0,5.029962474286925,0.0,0.0,50.29962474286924
5.1999999999999975,0.0,0.0,2.0147962162433775,0.0,0.0,10.078666458764564,0.0,0.0,50.48703984477639
5.299999999999997,0.0,0.0,3.7827078936842,0.0,0.0,15.145633335860335,0.0,0.0,50.6696687709577
5.399999999999997,0.0,0.0,6.0599822908747285,0.0,0.0,20.2303737598903,0.0,0.0,50.847404240299625
5.4999999999999964,0.0,0.0,8.848321790257126,0.0,0.0,25.332387915846084,0.0,0.0,51.02014155955786
5.599999999999996,0.0,0.0,12.14937726364266,0.0,0.0,30.451165794518914,0.0,0.0,51.187778786728316
5.699999999999996,0.0,0.0,15.964747096490868,0.0,0.0,35.5861874838277,0.0,0.0,51.35021689308782
5.799999999999995,0.0,0.0,20.295976243726635,0.0,0.0,40.736923476181005,0.0,0.0,51.50735992353303
5.899999999999995,0.0,0.0,25.144555318667376,0.0,0.0,45.902834991665266,0.0,0.0,51.659115154842624
5.999999999999995,0.0,0.0,30.51191971660618,0.0,0.0,51.08337431681378,0.0,0.0,51.80539325148517
6.099999999999994,0.0,0.0,36.39944877456647,0.0,0.0,56.2779851586732,0.0,0.0,51.946108418594164
6.199999999999994,0.0,0.0,42.80846496870978,0.0,0.0,61.486103013846424,0.0,0.0,52.081178551732265
6.299999999999994,0.0,0.0,49.74023315084043,0.0,0.0,66.70715555215317,0.0,0.0,52.21052538306748
6.399999999999993,0.0,0.0,57.19595982540957,0.0,0.0,71.94056301451197,0.0,0.0,52.33407462358794
6.499999999999993,0.0,0.0,65.17679246837555,0.0,0.0,77.18573862461054,0.0,0.0,52.45175610098566
6.5999999999999925,0.0,0.0,73.68381888922929,0.0,0.0,82.44208901389507,0.0,0.0,52.56350389284529
6.699999999999992,0.0,0.0,82.71806663744051,0.0,0.0,87.70901465937321,0.0,0.0,52.66925645478143
6.799999999999992,0.0,0.0,92.28050245452548,0.0,0.0,92.98591033369085,0.0,0.0,52.768956743176375
6.8999999999999915,0.0,0.0,102.37203177287725,0.0,0.0,98.27216556690882,0.0,0.0,52.86255233217969
6.999999999999991,0.0,0.0,112.99349826243778,0.0,0.0,103.56716511937314,0.0,0.0,52.94999552464313
7.099999999999991,0.0,0.0,124.14568342622525,0.0,0.0,108.87028946504077,0.0,0.0,53.031243456676194
7.19999999999999,0.0,0.0,135.82930624566217,0.0,0.0,114.18091528459298,0.0,0.0,53.10625819552219
7.29999999999999,0.0,0.0,148.0450228765785,0.0,0.0,119.49841596763993,0.0,0.0,53.17500683046946
7.39999999999999,0.0,0.0,160.79342639669045,0.0,0.0,124.82216212329287,0.0,0.0,53.237461556529425
7.499999999999989,0.0,0.0,174.0750466052792,0.0,0.0,130.15152209835588,0.0,0.0,53.29359975063025
7.599999999999989,0.0,0.0,187.8903498757162,0.0,0.0,135.48586250236528,0.0,0.0,53.34340404009393
7.699999999999989,0.0,0.0,202.23973906140048,0.0,0.0,140.82454873868375,0.0,0.0,53.386862363184676
7.799999999999988,0.0,0.0,217.12355345559192,0.0,0.0,146.16694554083745,0.0,0.0,53.423968021536965
7.899999999999988,0.0,0.0,232.54206880554005,0.0,0.0,151.51241751326677,0.0,0.0,53.4547197242933
7.999999999999988,0.0,0.0,248.4954973812238,0.0,0.0,156.86032967564725,0.0,0.0,53.47912162380476
8.099999999999987,0.0,0.0,264.98398809893007,0.0,0.0,162.21004800992426,0.0,0.0,53.49718334277013
8.199999999999987,0.0,0.0,282.0076266998132,0.0,0.0,167.56094000919563,0.0,0.0,53.50891999271357
8.299999999999986,0.0,0.0,299.56643598348865,0.0,0.0,172.91237522756816,0.0,0.0,53.51435218372521
8.399999999999986,0.0,0.0,317.6603760966267,0.0,0.0,178.26372583010954,0.0,0.0,53.51350602541366
8.499999999999986,0.0,0.0,336.28934487642334,0.0,0.0,183.61436714201403,0.0,0.0,53.50641311904505
8.599999999999985,0.0,0.0,355.45317824873774,0.0,0.0,188.96367819610083,0.0,0.0,53.493110540867974
8.699999999999985,0.0,0.0,375.1516506805976,0.0,0.0,194.3110422777658,0.0,0.0,53.47364081664966
8.799999999999985,0.0,0.0,395.3844756866863,0.0,0.0,199.6558474665132,0.0,0.0,53.448051887473866
8.899999999999984,0.0,0.0,416.1513063893408,0.0,0.0,204.99748717320085,0.0,0.0,53.41639706687653
8.999999999999984,0.0,0.0,437.4517361315022,0.0,0.0,210.33536067214283,0.0,0.0,53.37873498941981
9.099999999999984,0.0,0.0,459.2852991419789,0.0,0.0,215.6688736272259,0.0,0.0,53.335129550830715
9.199999999999983,0.0,0.0,481.6514712522993,0.0,0.0,220.99743861121127,0.0,0.0,53.28564983985369
9.299999999999983,0.0,0.0,504.5496706643503,0.0,0.0,226.3204756174104,0.0,0.0,53.23037006199138
9.399999999999983,0.0,0.0,527.9792587679212,0.0,0.0,231.63741256294338,0.0,0.0,53.1693694553297
9.499999999999982,0.0,0.0,551.9395410071955,0.0,0.0,236.94768578281003,0.0,0.0,53.102732198666544
9.599999999999982,0.0,0.0,576.4297677951594,0.0,0.0,242.25074051402845,0.0,0.0,53.03054731218438
9.699999999999982,0.0,0.0,601.4491354748261,0.0,0.0,247.54603136912118,0.0,0.0,52.952908550927276
9.799999999999981,0.0,0.0,626.9967873261087,0.0,0.0,252.83302279825747,0.0,0.0,52.869914291362846
9.89999999999998,0.0,0.0,653.0718146171043,0.0,0.0,258.11118953939024,0.0,0.0,52.78166741132746
9.99999999999998,0.0,0.0,679.6732576984984,0.0,0.0,263.38001705575726,0.0,0.0,52.68827516367023
10.09999999999998,0.0,0.0,706.8001071397331,0.0,0.0,268.63900196015,0.0,0.0,52.58984904392733
10.19999999999998,0.0,0.0,734.4513049055337,0.0,0.0,273.8876524253873,0.0,0.0,52.48650465237266
10.29999999999998,0.0,0.0,762.6257455713345,0.0,0.0,279.1254885804677,0.0,0.0,52.3783615508038
10.399999999999979,0.0,0.0,791.3222775760978,0.0,0.0,284.35204289191114,0.0,0.0,52.265543114434564
10.499999999999979,0.0,0.0,820.539704510978,0.0,0.0,289.56686052983866,0.0,0.0,52.14817637927517
10.599999999999978,0.0,0.0,850.2767864422427,0.0,0.0,294.7694997183777,0.0,0.0,52.02639188539038
10.699999999999978,0.0,0.0,880.532241266827,0.0,0.0,299.959532070021,0.0,0.0,51.900323516433176
10.799999999999978,0.0,0.0,911.304746098867,0.0,0.0,305.13654290360677,0.0,0.0,51.7701083358576
10.899999999999977,0.0,0.0,942.592938685531,0.0,0.0,310.30013154562863,0.0,0.0,51.635886420218455
10.999999999999977,0.0,0.0,974.3954188504433,0.0,0.0,315.44991161462553,0.0,0.0,51.4978006899691
11.099999999999977,0.0,0.0,1006.7107499629784,0.0,0.0,320.5855112884425,0.0,0.0,51.35599673816952
11.199999999999976,0.0,0.0,1039.5374604316853,0.0,0.0,325.70657355419416,0.0,0.0,51.21062265751692
11.299999999999976,0.0,0.0,1072.8740452200964,0.0,0.0,330.8127564408052,0.0,0.0,51.06182886610999
11.399999999999975,0.0,0.0,1106.7189673831622,0.0,0.0,335.90373323404066,0.0,0.0,50.909767932354825
11.499999999999975,0.0,0.0,1141.0706596225575,0.0,0.0,340.9791926739823,0.0,0.0,50.7545943994167
11.599999999999975,0.0,0.0,1175.9275258591,0.0,0.0,346.0388391349439,0.0,0.0,50.596464609615765
11.699999999999974,0.0,0.0,1211.2879428205317,0.0,0.0,351.08239278785976,0.0,0.0,50.43553652915874
11.799999999999974,0.0,0.0,1247.1502616429216,0.0,0.0,356.10958974521884,0.0,0.0,50.271969573590695
11.899999999999974,0.0,0.0,1283.5128094839586,0.0,0.0,361.12018218865296,0.0,0.0,50.10592443434098
11.999999999999973,0.0,0.0,1320.3738911464247,0.0,0.0,366.11393847932584,0.0,0.0,49.93756290672877
12.099999999999973,0.0,0.0,1357.731790710154,0.0,0.0,371.090643251304,0.0,0.0,49.7670477197815
12.199999999999973,0.0,0.0,1395.5847731708075,0.0,0.0,376.0500974881248,0.0,0.0,49.59454236820751
12.299999999999972,0.0,0.0,1433.9310860838227,0.0,0.0,380.99211858281,0.0,0.0,49.42021094685202
12.399999999999972,0.0,0.0,1472.768961211923,0.0,0.0,385.9165403816051,0.0,0.0,49.24421798795106
12.499999999999972,0.0,0.0,1512.0966161746057,0.0,0.0,390.8232132117535,0.0,0.0,49.06672830148436
12.599999999999971,0.0,0.0,1551.9122560980647,0.0,0.0,395.71200389364475,0.0,0.0,48.88790681891261
12.69999999999997,0.0,0.0,1592.2140752640378,0.0,0.0,400.5827957377017,0.0,0.0,48.707918440569756
12.79999999999997,0.0,0.0,1633.0002587561123,0.0,0.0,405.4354885263981,0.0,0.0,48.526927886964174
12.89999999999997,0.0,0.0,1674.2689841020656,0.0,0.0,410.26999848182083,0.0,0.0,48.34509955422729
12.99999999999997,0.0,0.0,1716.0184229108565,0.0,0.0,415.0862582192139,0.0,0.0,48.16259737393071
13.09999999999997,0.0,0.0,1758.2467425029402,0.0,0.0,419.88421668696157,0.0,0.0,47.97958467747678
13.199999999999969,0.0,0.0,1800.9521075326152,0.0,0.0,424.6638390934866,0.0,0.0,47.79622406525037
13.299999999999969,0.0,0.0,1844.1326816011745,0.0,0.0,429.4251068215569,0.0,0.0,47.612677280702556
13.399999999999968,0.0,0.0,1887.7866288596729,0.0,0.0,434.1680173305089,0.0,0.0,47.42910508952009
13.499999999999968,0.0,0.0,1931.912115600184,0.0,0.0,438.8925840469107,0.0,0.0,47.24566716401772
13.599999999999968,0.0,0.0,1976.5073118344683,0.0,0.0,443.5988362441981,0.0,0.0,47.06252197287358
13.699999999999967,0.0,0.0,2021.5703928590328,0.0,0.0,448.28681891182924,0.0,0.0,46.87982667631138
13.799999999999967,0.0,0.0,2067.099540805618,0.0,0.0,452.9565926145109,0.0,0.0,46.69773702681668
13.899999999999967,0.0,0.0,2113.0929461762007,0.0,0.0,457.60823334205685,0.0,0.0,46.5164072754594
13.999999999999966,0.0,0.0,2159.5488093616646,0.0,0.0,462.2418323504446,0.0,0.0,46.33599008387789
14.099999999999966,0.0,0.0,2206.4653421433386,0.0,0.0,466.8574959946412,0.0,0.0,46.15663644196627
14.199999999999966,0.0,0.0,2253.840769176672,0.0,0.0,471.4553455537703,0.0,0.0,45.978495591290724
14.299999999999965,0.0,0.0,2301.673329456363,0.0,0.0,476.03551704919505,0.0,0.0,45.80171495424729
14.399999999999965,0.0,0.0,2349.9612777623165,0.0,0.0,480.59816105609104,0.0,0.0,45.62644006895975
14.499999999999964,0.0,0.0,2398.702886085874,0.0,0.0,485.14344250908135,0.0,0.0,45.45281452990318
14.599999999999964,0.0,0.0,2447.8964450357958,0.0,0.0,489.671540502504,0.0,0.0,45.280979934226565
14.699999999999964,0.0,0.0,2496.2487487010826,0.0,0.0,485.57253793608015,-0.0,0.0,-40.99002566423866
14.799999999999963,0.0,0.0,2544.2012556853174,0.0,0.0,481.5408925402596,-0.0,0.0,-40.3164539582051
14.899999999999963,0.0,0.0,2591.7604060341746,0.0,0.0,477.57463317246714,-0.0,0.0,-39.66259367792499
14.999999999999963,0.0,0.0,2638.932454188466,0.0,0.0,473.6718654194342,-0.0,0.0,-39.02767753032933
15.099999999999962,0.0,0.0,2685.723476096505,0.0,0.0,469.83076786006825,-0.0,0.0,-38.41097559365929
15.199999999999962,0.0,0.0,2732.1393759854277,0.0,0.0,466.0495885461768,-0.0,0.0,-37.81179313891454
15.299999999999962,0.0,0.0,2778.1858928110637,0.0,0.0,462.32664168629856,-0.0,0.0,-37.2294685987823
15.399999999999961,0.0,0.0,2823.868606404603,0.0,0.0,458.6603045190282,-0.0,0.0,-36.66337167270336
15.499999999999961,0.0,0.0,2869.19294333314,0.0,0.0,455.0490143632575,-0.0,0.0,-36.11290155770715
15.59999999999996,0.0,0.0,2914.164182490033,0.0,0.0,451.4912658337046,-0.0,0.0,-35.57748529552933
15.69999999999996,0.0,0.0,2958.7874604299936,0.0,0.0,447.9856082109719,-0.0,0.0,-35.05657622732649
15.79999999999996,0.0,0.0,3003.0677764628704,0.0,0.0,444.5306429561693,-0.0,0.0,-34.5496525480264
15.89999999999996,0.0,0.0,3047.009997519192,0.0,0.0,441.12502136086806,-0.0,0.0,-34.056215953012085
15.99999999999996,0.0,0.0,3090.618862799722,0.0,0.0,437.7674423238245,-0.0,0.0,-33.57579037043517
16.09999999999996,0.0,0.0,3133.8989882205096,0.0,0.0,434.4566502465246,-0.0,0.0,-33.107920772999265
16.19999999999996,0.0,0.0,3176.8548706642086,0.0,0.0,431.1914330401697,-0.0,0.0,-32.65217206354872
16.29999999999996,0.0,0.0,3219.490892047787,0.0,0.0,427.9706202372447,-0.0,0.0,-32.2081280292504
16.399999999999963,0.0,0.0,3261.8113232161177,0.0,0.0,424.793081201288,-0.0,0.0,-31.7753903595671
16.499999999999964,0.0,0.0,3303.8203276703925,0.0,0.0,421.6577234289282,-0.0,0.0,-31.35357772359773
16.599999999999966,0.0,0.0,3345.5219651397447,0.0,0.0,418.56349093865794,-0.0,0.0,-30.942324902702495
16.699999999999967,0.0,0.0,3386.920195003991,0.0,0.0,415.50936274119346,-0.0,0.0,-30.541281974645006
16.79999999999997,0.0,0.0,3428.0188795749236,0.0,0.0,412.49435138661636,-0.0,0.0,-30.150113545771173
16.89999999999997,0.0,0.0,3468.821787243165,0.0,0.0,409.51750158381566,-0.0,0.0,-29.768498028006984
16.99999999999997,0.0,0.0,3509.332595497181,0.0,0.0,406.5778888880457,-0.0,0.0,-29.396126957699245
17.099999999999973,0.0,0.0,3549.5548938206825,0.0,0.0,403.67461845269133,-0.0,0.0,-29.03270435354393
17.199999999999974,0.0,0.0,3589.492186474286,0.0,0.0,400.8068238415863,-0.0,0.0,-28.677946111049987
17.299999999999976,0.0,0.0,3629.147895166977,0.0,0.0,397.973665898469,-0.0,0.0,-28.331579431173115
17.399999999999977,0.0,0.0,3668.52536162261,0.0,0.0,395.1743316703765,-0.0,0.0,-27.99334228092505
17.49999999999998,0.0,0.0,3707.6278500463886,0.0,0.0,392.4080333819843,-0.0,0.0,-27.662982883922155
17.59999999999998,0.0,0.0,3746.4585494960024,0.0,0.0,389.6740074580861,-0.0,0.0,-27.340259238981766
17.69999999999998,0.0,0.0,3785.020576161836,0.0,0.0,386.9715135915852,-0.0,0.0,-27.02493866500882
17.799999999999983,0.0,0.0,3823.3169755604363,0.0,0.0,384.29983385453136,-0.0,0.0,-26.71679737053853
17.899999999999984,0.0,0.0,3861.350724645193,0.0,0.0,381.6582718498899,-0.0,0.0,-26.415620046414464
17.999999999999986,0.0,0.0,3899.1247338379794,0.0,0.0,379.0461519018712,-0.0,0.0,-26.121199480186636
18.099999999999987,0.0,0.0,3936.6418489853027,0.0,0.0,376.4628182827801,-0.0,0.0,-25.83333619091092
18.19999999999999,0.0,0.0,3973.904853242334,0.0,0.0,373.907634474468,-0.0,0.0,-25.551838083120906
18.29999999999999,0.0,0.0,4010.9164688879982,0.0,0.0,371.3799824625854,-0.0,0.0,-25.276520118826184
18.39999999999999,0.0,0.0,4047.67935907416,0.0,0.0,368.8792620619386,-0.0,0.0,-25.007204006467763
18.499999999999993,0.0,0.0,4084.1961295117662,0.0,0.0,366.4048902713554,-0.0,0.0,-24.743717905832238
18.599999999999994,0.0,0.0,4120.469330096682,0.0,0.0,363.95630065655615,-0.0,0.0,-24.485896147992477
18.699999999999996,0.0,0.0,4156.501456477797,0.0,0.0,361.5329427596158,-0.0,0.0,-24.233578969403133
18.799999999999997,0.0,0.0,4192.294951569868,0.0,0.0,359.13428153368216,-0.0,0.0,-23.98661225933639
18.9,0.0,0.0,4227.852207013438,0.0,0.0,356.7597968016926,-0.0,0.0,-23.744847319895626
19.0,0.0,0.0,4263.1755645840385,0.0,0.0,354.4089827379032,-0.0,0.0,-23.50814063789334
19.1,0.0,0.0,4298.26731755281,0.0,0.0,352.08134737111067,-0.0,0.0,-23.27635366792554
19.200000000000003,0.0,0.0,4333.129712000531,0.0,0.0,349.776412108509,-0.0,0.0,-23.049352626016233
19.300000000000004,0.0,0.0,4367.764948086983,0.0,0.0,347.4937112791845,-0.0,0.0,-22.827008293245605
19.400000000000006,0.0,0.0,4402.175181277469,0.0,0.0,345.23279169630337,-0.0,0.0,-22.609195828811316
19.500000000000007,0.0,0.0,4436.36252352822,0.0,0.0,342.9932122371027,-0.0,0.0,-22.395794592006954
19.60000000000001,0.0,0.0,4470.32904443234,0.0,0.0,340.7745434398394,-0.0,0.0,-22.186687972632633
19.70000000000001,0.0,0.0,4504.076772327883,0.0,0.0,338.5763671169011,-0.0,0.0,-21.98176322938305
19.80000000000001,0.0,0.0,4537.6076953695365,0.0,0.0,336.3982759833226,-0.0,0.0,-21.780911335785074
19.900000000000013,0.0,0.0,4570.9237625653695,0.0,0.0,334.23987329999426,-0.0,0.0,-21.584026833283232
20.000000000000014,0.0,0.0,4604.026884780003,0.0,0.0,332.10077253088474,-0.0,0.0,-21.39100769109504
20.100000000000016,0.0,0.0,4636.918935705504,0.0,0.0,329.98059701363667,-0.0,0.0,-21.201755172480677
20.200000000000017,0.0,0.0,4669.601752801261,0.0,0.0,327.8789796429274,-0.0,0.0,-21.016173707092516
20.30000000000002,0.0,0.0,4702.0771382040175,0.0,0.0,325.7955625660185,-0.0,0.0,-20.834170769089344
20.40000000000002,0.0,0.0,4734.346859609209,0.0,0.0,323.7299968899466,-0.0,0.0,-20.655656760718664
20.50000000000002,0.0,0.0,4766.412651124687,0.0,0.0,321.6819423998379,-0.0,0.0,-20.48054490108735
20.600000000000023,0.0,0.0,4798.276214097873,0.0,0.0,319.6510672878522,-0.0,0.0,-20.3087511198573
20.700000000000024,0.0,0.0,4829.939217917324,0.0,0.0,317.63704789229047,-0.0,0.0,-20.14019395561724
20.800000000000026,0.0,0.0,4861.403300789672,0.0,0.0,315.6395684464208,-0.0,0.0,-19.974794458696433
20.900000000000027,0.0,0.0,4892.670070492842,0.0,0.0,313.6583208366009,-0.0,0.0,-19.812476098198793
21.00000000000003,0.0,0.0,4923.741105106406,0.0,0.0,311.69300436929603,-0.0,0.0,-19.653164673048607
21.10000000000003,0.0,0.0,4954.617953719933,0.0,0.0,309.743325546611,-0.0,0.0,-19.49678822685043
21.20000000000003,0.0,0.0,4985.302137120098,0.0,0.0,307.8089978499733,-0.0,0.0,-19.343276966376713
21.300000000000033,0.0,0.0,5015.795148457343,0.0,0.0,305.88974153162263,-0.0,0.0,-19.1925631835069
21.400000000000034,0.0,0.0,5046.098453892799,0.0,0.0,303.98528341357746,-0.0,0.0,-19.044581180451445
21.500000000000036,0.0,0.0,5076.213493226185,0.0,0.0,302.09535669376714,-0.0,0.0,-18.89926719810303
21.600000000000037,0.0,0.0,5106.141680505351,0.0,0.0,300.21970075903056,-0.0,0.0,-18.756559347365926
21.70000000000004,0.0,0.0,5135.884404618105,0.0,0.0,298.35806100469836,-0.0,0.0,-18.616397543322307
21.80000000000004,0.0,0.0,5165.443029866943,0.0,0.0,296.51018866048815,-0.0,0.0,-18.478723442101874
21.90000000000004,0.0,0.0,5194.818896527287,0.0,0.0,294.6758406224553,-0.0,0.0,-18.3434803803282
22.000000000000043,0.0,0.0,5224.013321389777,0.0,0.0,292.85477929075313,-0.0,0.0,-18.21061331702189
22.100000000000044,0.0,0.0,5253.027598287184,0.0,0.0,291.04677241296844,-0.0,0.0,-18.080068777846797
22.200000000000045,0.0,0.0,5281.862998606457,0.0,0.0,289.2515929328093,-0.0,0.0,-17.951794801591653
22.300000000000047,0.0,0.0,5310.520771786406,0.0,0.0,287.4690188439308,-0.0,0.0,-17.825740888784743
22.40000000000005,0.0,0.0,5339.0021458015135,0.0,0.0,285.6988330486964,-0.0,0.0,-17.701857952344767
22.50000000000005,0.0,0.0,5367.3083276323305,0.0,0.0,283.9408232216788,-0.0,0.0,-17.580098270175824
22.60000000000005,0.0,0.0,5395.440503722904,0.0,0.0,282.1947816777169,-0.0,0.0,-17.460415439619183
22.700000000000053,0.0,0.0,5423.399840425671,0.0,0.0,280.460505244349,-0.0,0.0,-17.34276433367885
22.800000000000054,0.0,0.0,5451.187484434222,0.0,0.0,278.73779513845477,-0.0,0.0,-17.22710105894214
22.900000000000055,0.0,0.0,5478.80456320434,0.0,0.0,277.0264568469427,-0.0,0.0,-17.113382915120447
23.000000000000057,0.0,0.0,5506.252185363693,0.0,0.0,275.32630001132884,-0.0,0.0,-17.001568356138975
23.10000000000006,0.0,0.0,5533.531441110535,0.0,0.0,273.63713831605804,-0.0,0.0,-16.891616952707803
23.20000000000006,0.0,0.0,5560.643402601796,0.0,0.0,271.95878938042705,-0.0,0.0,-16.783489356310017
23.30000000000006,0.0,0.0,5587.589124330871,0.0,0.0,270.2910746539725,-0.0,0.0,-16.677147264545603
23.400000000000063,0.0,0.0,5614.369643495451,0.0,0.0,268.6338193151952,-0.0,0.0,-16.57255338777294
23.500000000000064,0.0,0.0,5640.985980355716,0.0,0.0,266.98685217349595,-0.0,0.0,-16.469671416992423
23.600000000000065,0.0,0.0,5667.439138583171,0.0,0.0,265.350005574204,-0.0,0.0,-16.368465992919536
23.700000000000067,0.0,0.0,5693.730105600449,0.0,0.0,263.7231153065843,-0.0,0.0,-16.268902676197
23.800000000000068,0.0,0.0,5719.8598529123265,0.0,0.0,262.1060205147145,-0.0,0.0,-16.17094791869821
23.90000000000007,0.0,0.0,5745.82933642826,0.0,0.0,260.4985636111269,-0.0,0.0,-16.074569035876298
24.00000000000007,0.0,0.0,5771.639496776671,0.0,0.0,258.90059019311536,-0.0,0.0,-15.97973418011544
24.100000000000072,0.0,0.0,5797.2912596112565,0.0,0.0,257.31194896161105,-0.0,0.0,-15.886412315042854
24.200000000000074,0.0,0.0,5822.7855359095565,0.0,0.0,255.73249164253485,-0.0,0.0,-15.79457319076203
24.300000000000075,0.0,0.0,5848.12322226401,0.0,0.0,254.16207291053792,-0.0,0.0,-15.704187319969488
24.400000000000077,0.0,0.0,5873.30520116574,0.0,0.0,252.600550315046,-0.0,0.0,-15.615225954919133
24.500000000000078,0.0,0.0,5898.332341281267,0.0,0.0,251.04778420852602,-0.0,0.0,-15.52766106519979
24.60000000000008,0.0,0.0,5923.205497722375,0.0,0.0,249.5036376768967,-0.0,0.0,-15.441465316293321
24.70000000000008,0.0,0.0,5947.925512309332,0.0,0.0,247.9679764720085,-0.0,0.0,-15.356612048881853
24.800000000000082,0.0,0.0,5972.493213827649,0.0,0.0,246.44066894612106,-0.0,0.0,-15.273075258874425
24.900000000000084,0.0,0.0,5996.909418278589,0.0,0.0,244.92158598830864,-0.0,0.0,-15.190829578124415
25.000000000000085,0.0,0.0,6021.174929123583,0.0,0.0,243.41060096272759,-0.0,0.0,-15.10985025581051
25.100000000000087,0.0,0.0,6045.290537522749,0.0,0.0,241.90758964868206,-0.0,0.0,-15.030113140455168
25.200000000000088,0.0,0.0,6069.257022567679,0.0,0.0,240.4124301824265,-0.0,0.0,-14.951594662555701
25.30000000000009,0.0,0.0,6093.075151508655,0.0,0.0,238.9250030006461,-0.0,0.0,-14.874271817804072
25.40000000000009,0.0,0.0,6116.745679976457,0.0,0.0,237.44519078555882,-0.0,0.0,-14.798122150872775
25.500000000000092,0.0,0.0,6140.269352198917,0.0,0.0,235.97287841158433,-0.0,0.0,-14.72312373974486
25.600000000000094,0.0,0.0,6163.646901212367,0.0,0.0,234.5079528935276,-0.0,0.0,-14.649255180567382
25.700000000000095,0.0,0.0,6186.879049068125,0.0,0.0,233.05030333622676,-0.0,0.0,-14.576495573008275
25.800000000000097,0.0,0.0,6209.966507034156,0.0,0.0,231.599820885617,-0.0,0.0,-14.504824506097554
25.900000000000098,0.0,0.0,6232.909975792049,0.0,0.0,230.15639868116352,-0.0,0.0,-14.434222044534586
26.0000000000001,0.0,0.0,6255.710145629434,0.0,0.0,228.71993180961914,-0.0,0.0,-14.364668715443928
26.1000000000001,0.0,0.0,6278.367696627963,0.0,0.0,227.29031726006284,-0.0,0.0,-14.296145495562941
26.200000000000102,0.0,0.0,6300.883298846987,0.0,0.0,225.86745388017832,-0.0,0.0,-14.228633798845157
26.300000000000104,0.0,0.0,6323.257612503037,0.0,0.0,224.45124233373193,-0.0,0.0,-14.162115464463973
26.400000000000105,0.0,0.0,6345.491288145233,0.0,0.0,223.04158505921174,-0.0,0.0,-14.096572745201936
26.500000000000107,0.0,0.0,6367.584966826711,0.0,0.0,221.6383862295906,-0.0,0.0,-14.031988296211495
26.600000000000108,0.0,0.0,6389.539280272208,0.0,0.0,220.24155171317724,-0.0,0.0,-13.968345164133634
26.70000000000011,0.0,0.0,6411.354851041878,0.0,0.0,218.8509890355211,-0.0,0.0,-13.905626776561414
26.80000000000011,0.0,0.0,6433.032292691452,0.0,0.0,217.4666073423375,-0.0,0.0,-13.84381693183591
26.900000000000112,0.0,0.0,6454.572209928849,0.0,0.0,216.08831736342125,-0.0,0.0,-13.78289978916266
27.000000000000114,0.0,0.0,6475.975198767305,0.0,0.0,214.71603137751754,-0.0,0.0,-13.722859859037035
27.100000000000115,0.0,0.0,6497.241846675148,0.0,0.0,213.34966317812078,-0.0,0.0,-13.66368199396762
27.200000000000117,0.0,0.0,6518.372732722268,0.0,0.0,211.9891280401721,-0.0,0.0,-13.605351379486953
27.300000000000118,0.0,0.0,6539.368427723403,0.0,0.0,210.63434268762813,-0.0,0.0,-13.547853525439523
27.40000000000012,0.0,0.0,6560.229494378303,0.0,0.0,209.28522526187442,-0.0,0.0,-13.491174257537207
27.50000000000012,0.0,0.0,6580.956487408853,0.0,0.0,207.94169529095714,-0.0,0.0,-13.435299709172863
27.600000000000122,0.0,0.0,6601.549953693247,0.0,0.0,206.60367365960883,-0.0,0.0,-13.380216313483054
27.700000000000124,0.0,0.0,6622.010432397273,0.0,0.0,205.27108258004372,-0.0,0.0,-13.325910795651172
27.800000000000125,0.0,0.0,6642.338455102796,0.0,0.0,203.94384556349945,-0.0,0.0,-13.272370165442817
27.900000000000126,0.0,0.0,6662.534545933496,0.0,0.0,202.6218873925029,-0.0,0.0,-13.219581709965318
28.000000000000128,0.0,0.0,6682.599221677947,0.0,0.0,201.30513409383855,-0.0,0.0,-13.167532986643755
28.10000000000013,0.0,0.0,6702.532991910085,0.0,0.0,199.99351291219793,-0.0,0.0,-13.116211816406118
28.20000000000013,0.0,0.0,6722.336359107148,0.0,0.0,198.68695228449087,-0.0,0.0,-13.065606277070506
28.300000000000132,0.0,0.0,6742.009818765144,0.0,0.0,197.3853818147981,-0.0,0.0,-13.015704696927518
28.400000000000134,0.0,0.0,6761.553859511896,0.0,0.0,196.088732249947,-0.0,0.0,-12.96649564851127
28.500000000000135,0.0,0.0,6780.968963217752,0.0,0.0,194.7969354556917,-0.0,0.0,-12.91796794255275
28.600000000000136,0.0,0.0,6800.25560510399,0.0,0.0,193.50992439348076,-0.0,0.0,-12.8701106221094
28.700000000000138,0.0,0.0,6819.414253848985,0.0,0.0,192.22763309779424,-0.0,0.0,-12.82291295686508
28.80000000000014,0.0,0.0,6838.445371692201,0.0,0.0,190.94999665403475,-0.0,0.0,-12.776364437594788
28.90000000000014,0.0,0.0,6857.349414536043,0.0,0.0,189.67695117695587,-0.0,0.0,-12.73045477078869
29.000000000000142,0.0,0.0,6876.126832045637,0.0,0.0,188.40843378961284,-0.0,0.0,-12.685173873430278
29.100000000000144,0.0,0.0,6894.778067746579,0.0,0.0,187.14438260282049,-0.0,0.0,-12.640511867923587
29.200000000000145,0.0,0.0,6913.3035591207035,0.0,0.0,185.884736695104,-0.0,0.0,-12.596459077164624
29.300000000000146,0.0,0.0,6931.703737699918,0.0,0.0,184.62943609312876,-0.0,0.0,-12.553006019752385
29.400000000000148,0.0,0.0,6949.97902915815,0.0,0.0,183.37842175259527,-0.0,0.0,-12.510143405334894
29.50000000000015,0.0,0.0,6968.129853401459,0.0,0.0,182.13163553958668,-0.0,0.0,-12.46786213008601
29.60000000000015,0.0,0.0,6986.1566246563325,0.0,0.0,180.8890202123558,-0.0,0.0,-12.426153272308726
29.700000000000152,0.0,0.0,7004.059751556246,0.0,0.0,179.6505194035397,-0.0,0.0,-12.385008088161033
29.800000000000153,0.0,0.0,7021.839637226487,0.0,0.0,178.41607760278967,-0.0,0.0,-12.344418007500382
29.900000000000155,0.0,0.0,7039.496679367318,0.0,0.0,177.18564013980537,-0.0,0.0,-12.304374629843055
30.000000000000156,0.0,0.0,7057.031270335492,0.0,0.0,175.95915316776188,-0.0,0.0,-12.264869720434799
30.100000000000158,0.0,0.0,7074.443797224172,0.0,0.0,174.73656364711897,-0.0,0.0,-12.225895206429254
30.20000000000016,0.0,0.0,7091.734641941286,0.0,0.0,173.51781932980188,-0.0,0.0,-12.187443173170804
30.30000000000016,0.0,0.0,7108.904181286358,0.0,0.0,172.30286874374403,-0.0,0.0,-12.149505860578643
30.400000000000162,0.0,0.0,7125.952787025838,0.0,0.0,171.09166117778113,-0.0,0.0,-12.112075659628845
30.500000000000163,0.0,0.0,7142.880825966982,0.0,0.0,169.88414666688797,-0.0,0.0,-12.075145108931524
30.600000000000165,0.0,0.0,7159.6886600303,0.0,0.0,168.68027597774795,-0.0,0.0,-12.038706891400079
30.700000000000166,0.0,0.0,7176.376646320609,0.0,0.0,167.48000059464698,-0.0,0.0,-12.002753831009759
30.800000000000168,0.0,0.0,7192.94513719673,0.0,0.0,166.2832727056827,-0.0,0.0,-11.96727888964281
30.90000000000017,0.0,0.0,7209.394480339838,0.0,0.0,165.09004518928094,-0.0,0.0,-11.932275164017579
31.00000000000017,0.0,0.0,7225.725018820525,0.0,0.0,163.90027160101104,-0.0,0.0,-11.897735882699068
31.100000000000172,0.0,0.0,7241.937091164578,0.0,0.0,162.7139061606922,-0.0,0.0,-11.863654403188434
31.200000000000173,0.0,0.0,7258.031031417511,0.0,0.0,161.5309037397833,-0.0,0.0,-11.83002420908913
31.300000000000175,0.0,0.0,7274.007169207879,0.0,0.0,160.35121984904856,-0.0,0.0,-11.796838907347354
31.400000000000176,0.0,0.0,7289.865829809401,0.0,0.0,159.1748106264921,-0.0,0.0,-11.764092225564626
31.500000000000178,0.0,0.0,7305.607334201909,0.0,0.0,158.00163282555405,-0.0,0.0,-11.73177800938036
31.60000000000018,0.0,0.0,7321.231999131165,0.0,0.0,156.83164380356183,-0.0,0.0,-11.69989021992232
31.70000000000018,0.0,0.0,7336.740137167551,0.0,0.0,155.66480151042953,-0.0,0.0,-11.668422931323065
31.800000000000182,0.0,0.0,7352.13205676367,0.0,0.0,154.5010644775995,-0.0,0.0,-11.637370328300312
31.900000000000183,0.0,0.0,7367.408062310873,0.0,0.0,153.34039180721956,-0.0,0.0,-11.606726703799506
32.000000000000185,0.0,0.0,7382.568454194745,0.0,0.0,152.1827431615499,-0.0,0.0,-11.576486456696674
32.100000000000186,0.0,0.0,7397.613528849556,0.0,0.0,151.0280787525939,-0.0,0.0,-11.546644089559887
32.20000000000019,0.0,0.0,7412.543578811718,0.0,0.0,149.87635933194713,-0.0,0.0,-11.51719420646761
32.30000000000019,0.0,0.0,7427.358892772249,0.0,0.0,148.7275461808589,-0.0,0.0,-11.488131510882319
32.40000000000019,0.0,0.0,7442.059755628282,0.0,0.0,147.5816011005011,-0.0,0.0,-11.45945080357782
32.50000000000019,0.0,0.0,7456.646448533623,0.0,0.0,146.43848640243922,-0.0,0.0,-11.431146980618703
32.60000000000019,0.0,0.0,7471.119248948396,0.0,0.0,145.29816489930016,-0.0,0.0,-11.403215031390502
32.700000000000195,0.0,0.0,7485.4784306877755,0.0,0.0,144.16059989563226,-0.0,0.0,-11.375650036679083
32.800000000000196,0.0,0.0,7499.724263969837,0.0,0.0,143.02575517895247,-0.0,0.0,-11.34844716679791
32.9000000000002,0.0,0.0,7513.857015462536,0.0,0.0,141.89359501097627,-0.0,0.0,-11.321601679761837
33.0000000000002,0.0,0.0,7527.876948329841,0.0,0.0,140.76408411902565,-0.0,0.0,-11.29510891950609
33.1000000000002,0.0,0.0,7541.784322277032,0.0,0.0,139.63718768761072,-0.0,0.0,-11.268964314149269
33.2000000000002,0.0,0.0,7555.579393595178,0.0,0.0,138.5128713501808,-0.0,0.0,-11.24316337429905
33.3000000000002,0.0,0.0,7569.262415204825,0.0,0.0,137.39110118104085,-0.0,0.0,-11.217701691399485
33.400000000000205,0.0,0.0,7582.833636698887,0.0,0.0,136.27184368742897,-0.0,0.0,-11.19257493611871
33.500000000000206,0.0,0.0,7596.293304384778,0.0,0.0,135.15506580175136,-0.0,0.0,-11.167778856775982
33.60000000000021,0.0,0.0,7609.641661325786,0.0,0.0,134.04073487397068,-0.0,0.0,-11.143309277806962
33.70000000000021,0.0,0.0,7622.87894738171,0.0,0.0,132.92881866414405,-0.0,0.0,-11.119162098266196
33.80000000000021,0.0,0.0,7636.005399248768,0.0,0.0,131.81928533510745,-0.0,0.0,-11.095333290365812
33.90000000000021,0.0,0.0,7649.0212504988085,0.0,0.0,130.71210344530252,-0.0,0.0,-11.071818898049415
34.00000000000021,0.0,0.0,7661.926731617805,0.0,0.0,129.6072419417425,-0.0,0.0,-11.0486150356003
34.100000000000215,0.0,0.0,7674.722070043685,0.0,0.0,128.5046701531142,-0.0,0.0,-11.025717886282973
34.200000000000216,0.0,0.0,7687.407490203481,0.0,0.0,127.40435778301249,-0.0,0.0,-11.003123701017198
34.30000000000022,0.0,0.0,7699.983213549825,0.0,0.0,126.30627490330413,-0.0,0.0,-10.980828797083616
34.40000000000022,0.0,0.0,7712.449458596803,0.0,0.0,125.21039194761812,-0.0,0.0,-10.958829556860149
34.50000000000022,0.0,0.0,7724.806440955166,0.0,0.0,124.11667970495928,-0.0,0.0,-10.93712242658837
34.60000000000022,0.0,0.0,7737.054373366935,0.0,0.0,123.02510931344237,-0.0,0.0,-10.915703915169054
34.70000000000022,0.0,0.0,7749.193465739384,0.0,0.0,121.93565225414376,-0.0,0.0,-10.894570592986128
34.800000000000225,0.0,0.0,7761.223925178437,0.0,0.0,120.84828034506793,-0.0,0.0,-10.873719090758314
34.900000000000226,0.0,0.0,7773.145956021467,0.0,0.0,119.76296573522616,-0.0,0.0,-10.853146098417708
35.00000000000023,0.0,0.0,7784.959759869529,0.0,0.0,118.6796808988247,-0.0,0.0,-10.832848364014655
35.10000000000023,0.0,0.0,7796.665535619022,0.0,0.0,117.59839862955988,-0.0,0.0,-10.812822692648158
35.20000000000023,0.0,0.0,7808.263479492797,0.0,0.0,116.51909203501775,-0.0,0.0,-10.79306594542127
35.30000000000023,0.0,0.0,7819.753785070722,0.0,0.0,115.44173453117567,-0.0,0.0,-10.773575038420743
35.40000000000023,0.0,0.0,7831.136643319714,0.0,0.0,114.36629983700364,-0.0,0.0,-10.754346941720362
35.500000000000234,0.0,0.0,7842.412242623238,0.0,0.0,113.2927619691629,-0.0,0.0,-10.735378678407368
35.600000000000236,0.0,0.0,7853.5807688103,0.0,0.0,112.22109523679975,-0.0,0.0,-10.716667323631365
35.70000000000024,0.0,0.0,7864.642405183924,0.0,0.0,111.15127423643224,-0.0,0.0,-10.698210003675145
35.80000000000024,0.0,0.0,7875.597332549141,0.0,0.0,110.08327384692755,-0.0,0.0,-10.680003895046926
35.90000000000024,0.0,0.0,7886.44572924048,0.0,0.0,109.01706922456822,-0.0,0.0,-10.662046223593412
36.00000000000024,0.0,0.0,7897.187771148982,0.0,0.0,107.9526357982049,-0.0,0.0,-10.644334263633189
36.10000000000024,0.0,0.0,7907.823631748746,0.0,0.0,106.8899492644939,-0.0,0.0,-10.62686533710996
36.200000000000244,0.0,0.0,7918.353482123004,0.0,0.0,105.82898558321737,-0.0,0.0,-10.609636812765121
36.300000000000246,0.0,0.0,7928.777490989746,0.0,0.0,104.76972097268445,-0.0,0.0,-10.59264610532919
36.40000000000025,0.0,0.0,7939.095824726894,0.0,0.0,103.7121319052113,-0.0,0.0,-10.575890674731664
36.50000000000025,0.0,0.0,7949.308647397035,0.0,0.0,102.65619510267841,-0.0,0.0,-10.559368025328824
36.60000000000025,0.0,0.0,7959.416120771726,0.0,0.0,101.6018875321635,-0.0,0.0,-10.543075705149072
36.70000000000025,0.0,0.0,7969.418404355365,0.0,0.0,100.54918640164796,-0.0,0.0,-10.527011305155371
36.80000000000025,0.0,0.0,7979.315655408652,0.0,0.0,99.49806915579552,-0.0,0.0,-10.511172458524376
36.900000000000254,0.0,0.0,7989.108028971632,0.0,0.0,98.44851347180133,-0.0,0.0,-10.495556839941873
37.000000000000256,0.0,0.0,7998.795677886338,0.0,0.0,97.40049725530993,-0.0,0.0,-10.480162164914113
37.10000000000026,0.0,0.0,8008.378752819032,0.0,0.0,96.35399863640046,-0.0,0.0,-10.46498618909469
37.20000000000026,0.0,0.0,8017.857402282058,0.0,0.0,95.3089959656378,-0.0,0.0,-10.450026707626577
37.30000000000026,0.0,0.0,8027.231772655304,0.0,0.0,94.26546781018791,-0.0,0.0,-10.435281554498985
37.40000000000026,0.0,0.0,8036.502008207293,0.0,0.0,93.22339294999604,-0.0,0.0,-10.42074860191868
37.50000000000026,0.0,0.0,8045.668251115898,0.0,0.0,92.1827503740265,-0.0,0.0,-10.40642575969543
37.600000000000264,0.0,0.0,8054.730641488681,0.0,0.0,91.14351927656237,-0.0,0.0,-10.39231097464127
37.700000000000266,0.0,0.0,8063.689317382888,0.0,0.0,90.10567905356405,-0.0,0.0,-10.378402229983227
37.80000000000027,0.0,0.0,8072.544414825072,0.0,0.0,89.06920929908512,-0.0,0.0,-10.364697544789257
37.90000000000027,0.0,0.0,8081.296067830379,0.0,0.0,88.03408980174441,-0.0,0.0,-10.351194973407036
38.00000000000027,0.0,0.0,8089.944408421479,0.0,0.0,87.00030054125288,-0.0,0.0,-10.337892604915346
38.10000000000027,0.0,0.0,8098.489566647166,0.0,0.0,85.9678216849941,-0.0,0.0,-10.32478856258776
38.20000000000027,0.0,0.0,8106.931670600615,0.0,0.0,84.93663358465727,-0.0,0.0,-10.311881003368363
38.300000000000274,0.0,0.0,8115.27084643732,0.0,0.0,83.90671677292136,-0.0,0.0,-10.299168117359228
38.400000000000276,0.0,0.0,8123.507218392702,0.0,0.0,82.87805196018942,-0.0,0.0,-10.286648127319387
38.50000000000028,0.0,0.0,8131.640908799399,0.0,0.0,81.85062003137192,-0.0,0.0,-10.274319288175047
38.60000000000028,0.0,0.0,8139.672038104238,0.0,0.0,80.82440204271784,-0.0,0.0,-10.26217988654081
38.70000000000028,0.0,0.0,8147.6007248849055,0.0,0.0,79.79937921869266,-0.0,0.0,-10.25022824025165
38.80000000000028,0.0,0.0,8155.427085866306,0.0,0.0,78.77553294890212,-0.0,0.0,-10.238462697905401
38.90000000000028,0.0,0.0,8163.15123593662,0.0,0.0,77.75284478506057,-0.0,0.0,-10.22688163841557
39.000000000000284,0.0,0.0,8170.773288163067,0.0,0.0,76.73129643800316,-0.0,0.0,-10.2154834705742
39.100000000000286,0.0,0.0,8178.2933538073785,0.0,0.0,75.7108697747407,-0.0,0.0,-10.204266632624613
39.20000000000029,0.0,0.0,8185.711542340975,0.0,0.0,74.69154681555632,-0.0,0.0,-10.193229591843792
39.30000000000029,0.0,0.0,8193.02796145987,0.0,0.0,73.6733097311429,-0.0,0.0,-10.182370844134233
39.40000000000029,0.0,0.0,8200.24271709928,0.0,0.0,72.65614083978039,-0.0,0.0,-10.17168891362503
39.50000000000029,0.0,0.0,8207.355913447973,0.0,0.0,71.64002260455219,-0.0,0.0,-10.161182352282035
39.60000000000029,0.0,0.0,8214.367652962335,0.0,0.0,70.6249376305995,-0.0,0.0,-10.150849739526882
39.700000000000294,0.0,0.0,8221.278036380167,0.0,0.0,69.61086866241304,-0.0,0.0,-10.140689681864705
39.800000000000296,0.0,0.0,8228.08716273422,0.0,0.0,68.597798581161,-0.0,0.0,-10.130700812520379
39.9000000000003,0.0,0.0,8234.79512936547,0.0,0.0,67.5857104020527,-0.0,0.0,-10.120881791083097
40.0000000000003,0.0,0.0,8241.402031936128,0.0,0.0,66.57458727173679,-0.0,0.0,-10.11123130315911
40.1000000000003,0.0,0.0,8247.907964442402,0.0,0.0,65.56441246573354,-0.0,0.0,-10.101748060032515
40.2000000000003,0.0,0.0,8254.313019227,0.0,0.0,64.55516938590016,-0.0,0.0,-10.092430798333853
40.3000000000003,0.0,0.0,8260.617286991393,0.0,0.0,63.54684155792851,-0.0,0.0,-10.083278279716447
40.400000000000304,0.0,0.0,8266.820856807828,0.0,0.0,62.53941262887448,-0.0,0.0,-10.07428929054026
40.500000000000306,0.0,0.0,8272.923816131091,0.0,0.0,61.53286636471816,-0.0,0.0,-10.065462641563181
40.60000000000031,0.0,0.0,8278.92625081005,0.0,0.0,60.5271866479542,-0.0,0.0,-10.05679716763956
40.70000000000031,0.0,0.0,8284.828245098934,0.0,0.0,59.522357475211614,-0.0,0.0,-10.048291727425875
40.80000000000031,0.0,0.0,8290.629881668408,0.0,0.0,58.51836295490227,-0.0,0.0,-10.039945203093383
40.90000000000031,0.0,0.0,8296.331241616397,0.0,0.0,57.51518730489751,-0.0,0.0,-10.031756500047651
41.00000000000031,0.0,0.0,8301.932404478686,0.0,0.0,56.512814850232026,-0.0,0.0,-10.0237245466548
41.100000000000314,0.0,0.0,8307.4334482393,0.0,0.0,55.51123002083459,-0.0,0.0,-10.01584829397437
41.200000000000315,0.0,0.0,8312.834449340651,0.0,0.0,54.51041734928472,-0.0,0.0,-10.008126715498685
41.30000000000032,0.0,0.0,8318.135482693477,0.0,0.0,53.510361468594866,-0.0,0.0,-10.000558806898582
41.40000000000032,0.0,0.0,8323.336621686549,0.0,0.0,52.51104711001732,-0.0,0.0,-9.993143585775405
41.50000000000032,0.0,0.0,8328.437938196179,0.0,0.0,51.512459100875404,-0.0,0.0,-9.985880091419164
41.60000000000032,0.0,0.0,8333.439502595498,0.0,0.0,50.51458236241813,-0.0,0.0,-9.97876738457272
41.70000000000032,0.0,0.0,8338.341383763533,0.0,0.0,49.51740190769794,-0.0,0.0,-9.971804547201938
41.800000000000324,0.0,0.0,8343.143649094069,0.0,0.0,48.52090283947077,-0.0,0.0,-9.964990682271653
41.900000000000325,0.0,0.0,8347.846364504312,0.0,0.0,47.52507034811803,-0.0,0.0,-9.95832491352741
42.00000000000033,0.0,0.0,8352.449594443344,0.0,0.0,46.529889709589746,-0.0,0.0,-9.951806385282834
42.10000000000033,0.0,0.0,8356.95340190037,0.0,0.0,45.53534628336849,-0.0,0.0,-9.945434262212563
42.20000000000033,0.0,0.0,8361.357848412768,0.0,0.0,44.54142551045342,-0.0,0.0,-9.939207729150647
42.30000000000033,0.0,0.0,8365.66299407395,0.0,0.0,43.54811291136399,-0.0,0.0,-9.933125990894336
42.40000000000033,0.0,0.0,8369.868897541006,0.0,0.0,42.55539408416267,-0.0,0.0,-9.927188272013156
42.500000000000334,0.0,0.0,8373.975616042173,0.0,0.0,41.56325470249635,-0.0,0.0,-9.921393816663203
42.600000000000335,0.0,0.0,8377.983205384096,0.0,0.0,40.57168051365569,-0.0,0.0,-9.915741888406572
42.70000000000034,0.0,0.0,8381.891719958912,0.0,0.0,39.58065733665211,-0.0,0.0,-9.910231770035853
42.80000000000034,0.0,0.0,8385.701212751126,0.0,0.0,38.59017106031175,-0.0,0.0,-9.9048627634036
42.90000000000034,0.0,0.0,8389.411735344318,0.0,0.0,37.60020764138608,-0.0,0.0,-9.899634189256716
43.00000000000034,0.0,0.0,8393.02333792765,0.0,0.0,36.61075310267851,-0.0,0.0,-9.894545387075695
43.10000000000034,0.0,0.0,8396.536069302194,0.0,0.0,35.62179353118665,-0.0,0.0,-9.889595714918615
43.200000000000344,0.0,0.0,8399.949976887074,0.0,0.0,34.63331507625966,-0.0,0.0,-9.884784549269865
43.300000000000345,0.0,0.0,8403.265106725426,0.0,0.0,33.645303947770316,-0.0,0.0,-9.880111284893495
43.40000000000035,0.0,0.0,8406.481503490184,0.0,0.0,32.6577464143012,-0.0,0.0,-9.87557533469118
43.50000000000035,0.0,0.0,8409.59921048967,0.0,0.0,31.670628801344733,-0.0,0.0,-9.87117612956468
43.60000000000035,0.0,0.0,8412.61826967303,0.0,0.0,30.683937489516453,-0.0,0.0,-9.866913118282792
43.70000000000035,0.0,0.0,8415.538721635472,0.0,0.0,29.69765891278118,-0.0,0.0,-9.862785767352715
43.80000000000035,0.0,0.0,8418.360605623337,0.0,0.0,28.711779556691603,-0.0,0.0,-9.858793560895755
43.900000000000354,0.0,0.0,8421.083959538997,0.0,0.0,27.726285956638865,-0.0,0.0,-9.854936000527367
44.000000000000355,0.0,0.0,8423.708819945583,0.0,0.0,26.74116469611472,-0.0,0.0,-9.851212605241441
44.10000000000036,0.0,0.0,8426.235222071526,0.0,0.0,25.756402404984836,-0.0,0.0,-9.847622911298814
44.20000000000036,0.0,0.0,8428.663199814942,0.0,0.0,24.771985757772843,-0.0,0.0,-9.844166472119927
44.30000000000036,0.0,0.0,8430.992785747847,0.0,0.0,23.78790147195468,-0.0,0.0,-9.840842858181635
44.40000000000036,0.0,0.0,8433.224011120188,0.0,0.0,22.804136306262873,-0.0,0.0,-9.83765165691808
44.50000000000036,0.0,0.0,8435.356905863726,0.0,0.0,21.82067705900031,-0.0,0.0,-9.83459247262561
44.600000000000364,0.0,0.0,8437.39149859573,0.0,0.0,20.83751056636314,-0.0,0.0,-9.831664926371696
44.700000000000365,0.0,0.0,8439.327816622528,0.0,0.0,19.854623700772358,-0.0,0.0,-9.82886865590783
44.80000000000037,0.0,0.0,8441.165885942872,0.0,0.0,18.872003369213726,-0.0,0.0,-9.826203315586328
44.90000000000037,0.0,0.0,8442.905731251149,0.0,0.0,17.889636511585618,-0.0,0.0,-9.823668576281063
45.00000000000037,0.0,0.0,8444.547375940427,0.0,0.0,16.907510099054413,-0.0,0.0,-9.82126412531203
45.10000000000037,0.0,0.0,8446.090842105337,0.0,0.0,15.925611132417036,-0.0,0.0,-9.818989666373765
45.20000000000037,0.0,0.0,8447.536150544787,0.0,0.0,14.943926640470279,-0.0,0.0,-9.816844919467567
45.300000000000374,0.0,0.0,8448.883320764522,0.0,0.0,13.96244367838653,-0.0,0.0,-9.814829620837493
45.400000000000375,0.0,0.0,8450.132370979518,0.0,0.0,12.981149326095519,-0.0,0.0,-9.812943522910109
45.50000000000038,0.0,0.0,8451.283318116213,0.0,0.0,12.000030686671721,-0.0,0.0,-9.811186394237971
45.60000000000038,0.0,0.0,8452.336177814588,0.0,0.0,11.01907488472704,-0.0,0.0,-9.80955801944681
45.70000000000038,0.0,0.0,8453.290964430073,0.0,0.0,10.0382690648084,-0.0,0.0,-9.808058199186394
45.80000000000038,0.0,0.0,8454.147691035301,0.0,0.0,9.057600389799893,-0.0,0.0,-9.806686750085072
45.90000000000038,0.0,0.0,8454.906369421711,0.0,0.0,8.077056039329097,-0.0,0.0,-9.80544350470795
46.000000000000384,0.0,0.0,8455.567010100971,0.0,0.0,7.096623208177227,-0.0,0.0,-9.804328311518704
46.100000000000385,0.0,0.0,8456.129622306265,0.0,0.0,6.116289104692727,-0.0,0.0,-9.803341034845
46.20000000000039,0.0,0.0,8456.594213993412,0.0,0.0,5.136040949207974,-0.0,0.0,-9.802481554847526
46.30000000000039,0.0,0.0,8456.96079184182,0.0,0.0,4.155865972458713,-0.0,0.0,-9.801749767492609
46.40000000000039,0.0,0.0,8457.229361255298,0.0,0.0,3.1757514140058736,-0.0,0.0,-9.801145584528395
46.50000000000039,0.0,0.0,8457.399926362697,0.0,0.0,2.195684520659411,-0.0,0.0,-9.800668933464625
46.60000000000039,0.0,0.0,8457.4724900184,0.0,0.0,1.2156525449038171,-0.0,0.0,-9.80031975755594
46.700000000000394,0.0,0.0,8457.447053802653,0.0,0.0,0.23564274332494062,-0.0,0.0,-9.800098015788764
46.800000000000395,0.0,0.0,8457.323618021743,0.0,0.0,-0.7443576249622318,-0.0,0.0,-9.800003682871724
46.9000000000004,0.0,0.0,8457.102198237497,0.0,0.0,-1.7242511032929047,0.0,0.0,-9.798934783306727
47.0000000000004,0.0,0.0,8456.78285886621,0.0,0.0,-2.703679509672998,0.0,0.0,-9.794284063800935
47.1000000000004,0.0,0.0,8456.365701731866,0.0,0.0,-3.6822740655207715,0.0,0.0,-9.785945558477733
47.2000000000004,0.0,0.0,8455.850865390028,0.0,0.0,-4.659666967429372,0.0,0.0,-9.773929019086
47.3000000000004,0.0,0.0,8455.238524951297,0.0,0.0,-5.635491914017164,0.0,0.0,-9.758249465877928
47.400000000000404,0.0,0.0,8454.528891852682,0.0,0.0,-6.609384628772946,0.0,0.0,-9.738927147557819
47.500000000000405,0.0,0.0,8453.722213577521,0.0,0.0,-7.580983377327579,0.0,0.0,-9.71598748554633
47.600000000000406,0.0,0.0,8452.818773324745,0.0,0.0,-8.549929477610052,0.0,0.0,-9.68946100282473
47.70000000000041,0.0,0.0,8451.81888962842,0.0,0.0,-9.515867801380258,0.0,0.0,-9.65938323770206
47.80000000000041,0.0,0.0,8450.722915928638,0.0,0.0,-10.478447265672642,0.0,0.0,-9.625794642923848
47.90000000000041,0.0,0.0,8449.531240095012,0.0,0.0,-11.437321312734017,0.0,0.0,-9.588740470613748
48.00000000000041,0.0,0.0,8448.244283904083,0.0,0.0,-12.392148377094864,0.0,0.0,-9.548270643608472
48.10000000000041,0.0,0.0,8446.862502472166,0.0,0.0,-13.342592338475988,0.0,0.0,-9.504439613811238
48.200000000000415,0.0,0.0,8445.386383645195,0.0,0.0,-14.288322959300912,0.0,0.0,-9.45730620824924
48.300000000000416,0.0,0.0,8443.816447347312,0.0,0.0,-15.22901630565849,0.0,0.0,-9.406933463575777
48.40000000000042,0.0,0.0,8442.153244889998,0.0,0.0,-16.164355150639242,0.0,0.0,-9.35338844980753
48.50000000000042,0.0,0.0,8440.397358243672,0.0,0.0,-17.094029359052392,0.0,0.0,-9.296742084131516
48.60000000000042,0.0,0.0,8438.549399273732,0.0,0.0,-18.017736252617834,0.0,0.0,-9.237068935654417
48.70000000000042,0.0,0.0,8436.61000894314,0.0,0.0,-18.935180954817724,0.0,0.0,-9.174447021998915
48.80000000000042,0.0,0.0,8434.579856483679,0.0,0.0,-19.846076714685463,0.0,0.0,-9.10895759867739
48.900000000000425,0.0,0.0,8432.459638538077,0.0,0.0,-20.750145208904733,0.0,0.0,-9.040684942192698
49.000000000000426,0.0,0.0,8430.250078275269,0.0,0.0,-21.6471168216876,0.0,0.0,-8.969716127828676
49.10000000000043,0.0,0.0,8427.951924481053,0.0,0.0,-22.536730901997583,0.0,0.0,-8.896140803099831
49.20000000000043,0.0,0.0,8425.565950626486,0.0,0.0,-23.418735997780587,0.0,0.0,-8.82005095783003
49.30000000000043,0.0,0.0,8423.09295391633,0.0,0.0,-24.29289006696304,0.0,0.0,-8.741540691824511
49.40000000000043,0.0,0.0,8420.533754319917,0.0,0.0,-25.15896066507186,0.0,0.0,-8.660705981088194
49.50000000000043,0.0,0.0,8417.889193586756,0.0,0.0,-26.016725109424478,0.0,0.0,-8.577644443526188
49.600000000000435,0.0,0.0,8415.160134249238,0.0,0.0,-26.865970619928504,0.0,0.0,-8.492455105040273
49.700000000000436,0.0,0.0,8412.34745861474,0.0,0.0,-27.706494436619288,0.0,0.0,-8.405238166907848
49.80000000000044,0.0,0.0,8409.45206774945,0.0,0.0,-28.5381039141491,0.0,0.0,-8.31609477529813
49.90000000000044,0.0,0.0,8406.474880456128,0.0,0.0,-29.360616593523538,0.0,0.0,-8.225126793744385
50.00000000000044,0.0,0.0,8403.416832248085,0.0,0.0,-30.17386025145867,0.0,0.0,-8.13243657935133
50.10000000000044,0.0,0.0,8400.278874321488,0.0,0.0,-30.97767292780604,0.0,0.0,-8.038126763473691
50.20000000000044,0.0,0.0,8397.061972528143,0.0,0.0,-31.771902931561648,0.0,0.0,-7.942300037556086
50.300000000000445,0.0,0.0,8393.767106350815,0.0,0.0,-32.55640882603924,0.0,0.0,-7.8450589447758885
50.400000000000446,0.0,0.0,8390.39526788304,0.0,0.0,-33.33105939384729,0.0,0.0,-7.746505678080527
50.50000000000045,0.0,0.0,8386.947460815378,0.0,0.0,-34.09573358236315,0.0,0.0,-7.646741885158631
50.60000000000045,0.0,0.0,8383.424699429928,0.0,0.0,-34.85032043044631,0.0,0.0,-7.545868480831576
50.70000000000045,0.0,0.0,8379.828007604874,0.0,0.0,-35.594718977176136,0.0,0.0,-7.443985467298237
50.80000000000045,0.0,0.0,8376.158417830717,0.0,0.0,-36.32883815343733,0.0,0.0,-7.341191762611986
50.90000000000045,0.0,0.0,8372.416970239807,0.0,0.0,-37.05259665720884,0.0,0.0,-7.237585037715075
51.000000000000455,0.0,0.0,8368.60471165065,0.0,0.0,-37.76592281343908,0.0,0.0,-7.133261562302473
51.100000000000456,0.0,0.0,8364.72269462841,0.0,0.0,-38.46875441941256,0.0,0.0,-7.028316059734816
51.20000000000046,0.0,0.0,8360.7719765629,0.0,0.0,-39.16103857652946,0.0,0.0,-6.922841571168945
51.30000000000046,0.0,0.0,8356.753618765313,0.0,0.0,-39.84273150943195,0.0,0.0,-6.8169293290249335
51.40000000000046,0.0,0.0,8352.668685584773,0.0,0.0,-40.513798373418005,0.0,0.0,-6.710668639860539
51.50000000000046,0.0,0.0,8348.518243545781,0.0,0.0,-41.174213051085815,0.0,0.0,-6.60414677667811
51.60000000000046,0.0,0.0,8344.303360507463,0.0,0.0,-41.82395793915035,0.0,0.0,-6.497448880645315
51.700000000000465,0.0,0.0,8340.025104845467,0.0,0.0,-42.46302372636732,0.0,0.0,-6.390657872169687
51.800000000000466,0.0,0.0,8335.68454465726,0.0,0.0,-43.091409163490134,0.0,0.0,-6.283854371228127
51.90000000000047,0.0,0.0,8331.28274699151,0.0,0.0,-43.70912082617178,0.0,0.0,-6.177116626816446
52.00000000000047,0.0,0.0,8326.820777102062,0.0,0.0,-44.31617287170682,0.0,0.0,-6.0705204553503895
52.10000000000047,0.0,0.0,8322.299697727074,0.0,0.0,-44.912586790488724,0.0,0.0,-5.964139187819075
52.20000000000047,0.0,0.0,8317.720568393643,0.0,0.0,-45.4983911530351,0.0,0.0,-5.858043625463763
52.30000000000047,0.0,0.0,8313.084444748283,0.0,0.0,-46.0736213534081,0.0,0.0,-5.752302003729973
52.400000000000475,0.0,0.0,8308.392377913478,0.0,0.0,-46.638319349829956,0.0,0.0,-5.646979964218555
52.500000000000476,0.0,0.0,8303.64541387048,0.0,0.0,-47.192533403264164,0.0,0.0,-5.542140534342051
52.60000000000048,0.0,0.0,8298.844592868438,0.0,0.0,-47.73631781470174,0.0,0.0,-5.4378441143757685
52.70000000000048,0.0,0.0,8293.990948859893,0.0,0.0,-48.26973266185964,0.0,0.0,-5.334148471578991
52.80000000000048,0.0,0.0,8289.085508962591,0.0,0.0,-48.792843535964664,0.0,0.0,-5.231108741050197
52.90000000000048,0.0,0.0,8284.1292929475,0.0,0.0,-49.305721279261775,0.0,0.0,-5.128777432971095
53.00000000000048,0.0,0.0,8279.123312752887,0.0,0.0,-49.80844172385053,0.0,0.0,-5.027204445887529
53.100000000000485,0.0,0.0,8274.068572024216,0.0,0.0,-50.301085432417615,0.0,0.0,-4.9264370856708695
53.200000000000486,0.0,0.0,8268.966065679628,0.0,0.0,-50.783737441397726,0.0,0.0,-4.826520089801096
53.30000000000049,0.0,0.0,8263.81677950064,0.0,0.0,-51.256487007058965,0.0,0.0,-4.727495656612423
53.40000000000049,0.0,0.0,8258.621689747746,0.0,0.0,-51.71942735497333,0.0,0.0,-4.6294034791435985
53.50000000000049,0.0,0.0,8253.3817628005,0.0,0.0,-52.17265543329716,0.0,0.0,-4.532280783238303
53.60000000000049,0.0,0.0,8248.097954821627,0.0,0.0,-52.61627167025173,0.0,0.0,-4.436162369545652
53.70000000000049,0.0,0.0,8242.771211444717,0.0,0.0,-53.05037973615941,0.0,0.0,-4.341080659076806
53.800000000000495,0.0,0.0,8237.402467484972,0.0,0.0,-53.475086310357526,0.0,0.0,-4.24706574198118
53.900000000000496,0.0,0.0,8231.992646672497,0.0,0.0,-53.89050085327894,0.0,0.0,-4.1541454292140845
54.0000000000005,0.0,0.0,8226.542661407568,0.0,0.0,-54.29673538395666,0.0,0.0,-4.062345306777202
54.1000000000005,0.0,0.0,8221.053412537289,0.0,0.0,-54.69390426317901,0.0,0.0,-3.971688792223521
54.2000000000005,0.0,0.0,8215.525789153075,0.0,0.0,-55.08212398249196,0.0,0.0,-3.882197193129474
54.3000000000005,0.0,0.0,8209.960668408317,0.0,0.0,-55.46151295921683,0.0,0.0,-3.793889767248791
54.4000000000005,0.0,0.0,8204.358915355635,0.0,0.0,-55.83219133762429,0.0,0.0,-3.7067837840745232
54.500000000000504,0.0,0.0,8198.72138280306,0.0,0.0,-56.19428079637915,0.0,0.0,-3.620894587548592
54.600000000000506,0.0,0.0,8193.048911188527,0.0,0.0,-56.54790436234623,0.0,0.0,-3.536235659670816
54.70000000000051,0.0,0.0,8187.342328472021,0.0,0.0,-56.89318623082349,0.0,0.0,-3.4528186847725824
54.80000000000051,0.0,0.0,8181.602450044726,0.0,0.0,-57.23025159224684,0.0,0.0,-3.3706536142335146
54.90000000000051,0.0,0.0,8175.83007865453,0.0,0.0,-57.5592264653901,0.0,0.0,-3.2897487314325797
55.00000000000051,0.0,0.0,8170.02600434724,0.0,0.0,-57.880237537063934,0.0,0.0,-3.210110716738404
55.10000000000051,0.0,0.0,8164.191004422848,0.0,0.0,-58.19341200829958,0.0,0.0,-3.131744712356487
55.200000000000514,0.0,0.0,8158.325843406215,0.0,0.0,-58.49887744698597,0.0,0.0,-3.0546543868638762
55.300000000000516,0.0,0.0,8152.431273031528,0.0,0.0,-58.79676164691344,0.0,0.0,-2.978841999274664
55.40000000000052,0.0,0.0,8146.508032239899,0.0,0.0,-59.08719249316262,0.0,0.0,-2.9043084624918283
55.50000000000052,0.0,0.0,8140.556847189492,0.0,0.0,-59.37029783376393,0.0,0.0,-2.831053406013109
55.60000000000052,0.0,0.0,8134.5784312775495,0.0,0.0,-59.646205357540964,0.0,0.0,-2.7590752377703414
55.70000000000052,0.0,0.0,8128.573485173721,0.0,0.0,-59.91504247804025,0.0,0.0,-2.6883712049928263
55.80000000000052,0.0,0.0,8122.542696864107,0.0,0.0,-60.17693622343989,0.0,0.0,-2.6189374539964234
55.900000000000524,0.0,0.0,8116.486741705431,0.0,0.0,-60.43201313232092,0.0,0.0,-2.5507690888102665
56.000000000000526,0.0,0.0,8110.406282488771,0.0,0.0,-60.68039915517725,0.0,0.0,-2.483860228563324
56.10000000000053,0.0,0.0,8104.301969512299,0.0,0.0,-60.92221956153348,0.0,0.0,-2.4182040635623263
56.20000000000053,0.0,0.0,8098.174440662496,0.0,0.0,-61.15759885253365,0.0,0.0,-2.3537929100017454
56.30000000000053,0.0,0.0,8092.024321503293,0.0,0.0,-61.38666067885918,0.0,0.0,-2.2906182632552525
56.40000000000053,0.0,0.0,8085.852225372661,0.0,0.0,-61.60952776382979,0.0,0.0,-2.2286708497060594
56.50000000000053,0.0,0.0,8079.658753486122,0.0,0.0,-61.82632183153792,0.0,0.0,-2.167940677081307
56.600000000000534,0.0,0.0,8073.44449504672,0.0,0.0,-62.0371635398642,0.0,0.0,-2.108417083262859
56.700000000000536,0.0,0.0,8067.210027360979,0.0,0.0,-62.24217241821956,0.0,0.0,-2.050088783553573
56.80000000000054,0.0,0.0,8060.955915960411,0.0,0.0,-62.441466809858,0.0,0.0,-1.9929439163844265
56.90000000000054,0.0,0.0,8054.682714728114,0.0,0.0,-62.635163818603374,0.0,0.0,-1.9369700874537559
57.00000000000054,0.0,0.0,8048.390966030069,0.0,0.0,-62.82337925983289,0.0,0.0,-1.8821544122951428
57.10000000000054,0.0,0.0,8042.081200850726,0.0,0.0,-63.006227615560455,0.0,0.0,-1.8284835572756544
57.20000000000054,0.0,0.0,8035.753938932485,0.0,0.0,-63.18382199346352,0.0,0.0,-1.7759437790306052
57.300000000000544,0.0,0.0,8029.409688918703,0.0,0.0,-63.35627408969804,0.0,0.0,-1.7245209623452133
57.400000000000546,0.0,0.0,8023.048948499886,0.0,0.0,-63.523694155347776,0.0,0.0,-1.6742006564973657
57.50000000000055,0.0,0.0,8016.6722045627,0.0,0.0,-63.686190966355696,0.0,0.0,-1.6249681100792213
57.60000000000055,0.0,0.0,8010.2799333415,0.0,0.0,-63.843871796787525,0.0,0.0,-1.576808304318293
57.70000000000055,0.0,0.0,8003.872600572047,0.0,0.0,-63.99684239527971,0.0,0.0,-1.5297059849218062
57.80000000000055,0.0,0.0,7997.450661647133,0.0,0.0,-64.14520696452672,0.0,0.0,-1.4836456924701444
57.90000000000055,0.0,0.0,7991.014561773809,0.0,0.0,-64.2890681436655,0.0,0.0,-1.4386117913877925
58.000000000000554,0.0,0.0,7984.56473613198,0.0,0.0,-64.42852699341769,0.0,0.0,-1.3945884975219105
58.100000000000556,0.0,0.0,7978.101610034073,0.0,0.0,-64.56368298385371,0.0,0.0,-1.351559904360208
58.20000000000056,0.0,0.0,7971.625599085569,0.0,0.0,-64.69463398464586,0.0,0.0,-1.3095100079215722
58.30000000000056,0.0,0.0,7965.137109346149,0.0,0.0,-64.82147625768123,0.0,0.0,-1.2684227303535902
58.40000000000056,0.0,0.0,7958.6365374912475,0.0,0.0,-64.94430445190848,0.0,0.0,-1.228281942272515
58.50000000000056,0.0,0.0,7952.124270973798,0.0,0.0,-65.06321160029665,0.0,0.0,-1.1890714838817065
58.60000000000056,0.0,0.0,7945.600688185995,0.0,0.0,-65.17828911878719,0.0,0.0,-1.1507751849053562
58.700000000000564,0.0,0.0,7939.066158620865,0.0,0.0,-65.28962680712463,0.0,0.0,-1.1133768833744888
58.800000000000566,0.0,0.0,7932.521043033504,0.0,0.0,-65.39731285145493,0.0,0.0,-1.0768604433028646
58.90000000000057,0.0,0.0,7925.965693601789,0.0,0.0,-65.50143382858393,0.0,0.0,-1.0412097712900348
59.00000000000057,0.0,0.0,7919.400454086449,0.0,0.0,-65.60207471179287,0.0,0.0,-1.0064088320894058
59.10000000000057,0.0,0.0,7912.825659990322,0.0,0.0,-65.6993188781107,0.0,0.0,-0.9724416631782944
59.20000000000057,0.0,0.0,7906.241638716685,0.0,0.0,-65.79324811694745,0.0,0.0,-0.9392923883675408
59.30000000000057,0.0,0.0,7899.648709726533,0.0,0.0,-65.88394263999616,0.0,0.0,-0.9069452304871533
59.400000000000574,0.0,0.0,7893.047184694685,0.0,0.0,-65.97148109231463,0.0,0.0,-0.8753845231846249
59.500000000000576,0.0,0.0,7886.4373676646255,0.0,0.0,-66.0559405645018,0.0,0.0,-0.844594721871653
59.60000000000058,0.0,0.0,7879.819555201968,0.0,0.0,-66.13739660588728,0.0,0.0,-0.8145604138547586
59.70000000000058,0.0,0.0,7873.194036546464,0.0,0.0,-66.2159232386557,0.0,0.0,-0.7852663276843685
59.80000000000058,0.0,0.0,7866.561093762472,0.0,0.0,-66.29159297283135,0.0,0.0,-0.7566973417564249
59.90000000000058,0.0,0.0,7859.921001887807,0.0,0.0,-66.36447682205134,0.0,0.0,-0.7288384921999018
60.00000000000058,0.0,0.0,7853.274029080901,0.0,0.0,-66.43464432005962,0.0,0.0,-0.7016749800826982
60.100000000000584,0.0,0.0,7846.620436766225,0.0,0.0,-66.50216353785638,0.0,0.0,-0.6751921779675651
60.200000000000585,0.0,0.0,7839.960479777901,0.0,0.0,-66.5671011014413,0.0,0.0,-0.6493756358492213
60.30000000000059,0.0,0.0,7833.29440650146,0.0,0.0,-66.62952221009154,0.0,0.0,-0.6242110865023776
60.40000000000059,0.0,0.0,7826.622459013696,0.0,0.0,-66.68949065511856,0.0,0.0,-0.5996844502701926
60.50000000000059,0.0,0.0,7819.944873220595,0.0,0.0,-66.74706883905068,0.0,0.0,-0.575781839321289
60.60000000000059,0.0,0.0,7813.2618789932685,0.0,0.0,-66.80231779519097,0.0,0.0,-0.5524895614028562
60.70000000000059,0.0,0.0,7806.573700301903,0.0,0.0,-66.8552972075026,0.0,0.0,-0.529794123116309
60.800000000000594,0.0,0.0,7799.880555347661,0.0,0.0,-66.90606543077674,0.0,0.0,-0.5076822327412724
60.900000000000595,0.0,0.0,7793.182656692544,0.0,0.0,-66.95467951103998,0.0,0.0,-0.48614080263254067
61.0000000000006,0.0,0.0,7786.480211387172,0.0,0.0,-67.00119520616138,0.0,0.0,-0.46515695121400213
61.1000000000006,0.0,0.0,7779.773421096487,0.0,0.0,-67.04566700662063,0.0,0.0,-0.4447180045925041
61.2000000000006,0.0,0.0,7773.062482223358,0.0,0.0,-67.08814815640201,0.0,0.0,-0.42481149781373695
61.3000000000006,0.0,0.0,7766.3475860300805,0.0,0.0,-67.12869067398017,0.0,0.0,-0.40542517578154147
61.4000000000006,0.0,0.0,7759.628918757775,0.0,0.0,-67.16734537336627,0.0,0.0,-0.38654699386096425
61.500000000000604,0.0,0.0,7752.906661743666,0.0,0.0,-67.20416188518476,0.0,0.0,-0.3681651181848036
61.600000000000605,0.0,0.0,7746.180991536262,0.0,0.0,-67.23918867775299,0.0,0.0,-0.3502679256823207
61.70000000000061,0.0,0.0,7739.452080008429,0.0,0.0,-67.27247307813782,0.0,0.0,-0.3328440038482263
61.80000000000061,0.0,0.0,7732.720094468362,0.0,0.0,-67.30406129316474,0.0,0.0,-0.3158821502691058
61.90000000000061,0.0,0.0,7725.985197768467,0.0,0.0,-67.33399843035711,0.0,0.0,-0.29937137192381336
62.00000000000061,0.0,0.0,7719.247548412167,0.0,0.0,-67.36232851878447,0.0,0.0,-0.2833008842735172
62.10000000000061,0.0,0.0,7712.507300658636,0.0,0.0,-67.38909452980012,0.0,0.0,-0.26766011015647173
62.200000000000614,0.0,0.0,7705.764604625479,0.0,0.0,-67.4143383976503,0.0,0.0,-0.2524386785017736
62.300000000000615,0.0,0.0,7699.01960638937,0.0,0.0,-67.43810103993788,0.0,0.0,-0.23762642287579894
62.40000000000062,0.0,0.0,7692.272448084678,0.0,0.0,-67.4604223779253,0.0,0.0,-0.22321337987424705
62.50000000000062,0.0,0.0,7685.523268000075,0.0,0.0,-67.48134135666251,0.0,0.0,-0.20918978737219618
62.60000000000062,0.0,0.0,7678.772200673169,0.0,0.0,-67.5008959649269,0.0,0.0,-0.19554608264389195
62.70000000000062,0.0,0.0,7672.019376983171,0.0,0.0,-67.51912325496323,0.0,0.0,-0.18227290036339205
62.80000000000062,0.0,0.0,7665.264924241617,0.0,0.0,-67.53605936201289,0.0,0.0,-0.1693610704966364
62.900000000000624,0.0,0.0,7658.508966281174,0.0,0.0,-67.55173952362239,0.0,0.0,-0.156801616094997
63.000000000000625,0.0,0.0,7651.751623542547,0.0,0.0,-67.56619809872237,0.0,0.0,-0.14458575099972926
63.10000000000063,0.0,0.0,7644.993013159513,0.0,0.0,-67.579468586469,0.0,0.0,-0.1327048774663968
63.20000000000063,0.0,0.0,7638.23324904211,0.0,0.0,-67.59158364484077,0.0,0.0,-0.12115058371763965
63.30000000000063,0.0,0.0,7631.472441958005,0.0,0.0,-67.602575108984,0.0,0.0,-0.10991464143234353
63.40000000000063,0.0,0.0,7624.710699612059,0.0,0.0,-67.61247400930189,0.0,0.0,-0.09898900317888071
63.50000000000063,0.0,0.0,7617.948126724132,0.0,0.0,-67.62131058928182,0.0,0.0,-0.08836579979928771
63.600000000000634,0.0,0.0,7611.184825105137,0.0,0.0,-67.62911432305695,0.0,0.0,-0.07803733775136124
63.700000000000635,0.0,0.0,7604.420893731385,0.0,0.0,-67.63591393269844,0.0,0.0,-0.06799609641483428
63.80000000000064,0.0,0.0,7597.656428817235,0.0,0.0,-67.6417374052352,0.0,0.0,-0.058234725367601214
63.90000000000064,0.0,0.0,7590.891523886086,0.0,0.0,-67.64661200939895,0.0,0.0,-0.04874604163746632
64.00000000000064,0.0,0.0,7584.126269839742,0.0,0.0,-67.65056431209244,0.0,0.0,-0.03952302693488541
64.10000000000063,0.0,0.0,7577.3607550261595,0.0,0.0,-67.65362019457956,0.0,0.0,-0.030558824871198098
64.20000000000063,0.0,0.0,7570.595065305629,0.0,0.0,-67.6558048683963,0.0,0.0,-0.021846738167385027
64.30000000000062,0.0,0.0,7563.829284115402,0.0,0.0,-67.65714289098202,0.0,0.0,-0.01338022585713361
64.40000000000062,0.0,0.0,7557.063492532796,0.0,0.0,-67.65765818103088,0.0,0.0,-0.005152900488612389
64.50000000000061,0.0,0.0,7550.297769336813,0.0,0.0,-67.65737403356371,0.0,0.0,0.002841474671637201
64.6000000000006,0.0,0.0,7543.532191068283,0.0,0.0,-67.6563131347208,0.0,0.0,0.01060898842901814
64.7000000000006,0.0,0.0,7536.766832088578,0.0,0.0,-67.65449757627655,0.0,0.0,0.018155584442448358
64.8000000000006,0.0,0.0,7530.00176463691,0.0,0.0,-67.65194886987716,0.0,0.0,0.025487063993942627
64.90000000000059,0.0,0.0,7523.237058886253,0.0,0.0,-67.64868796100279,0.0,0.0,0.03260908874370294
65.00000000000058,0.0,0.0,7516.472782997905,0.0,0.0,-67.644735242656,0.0,0.0,0.03952718346801909
65.10000000000058,0.0,0.0,7509.709003174721,0.0,0.0,-67.64011056877823,0.0,0.0,0.04624673877775187
65.20000000000057,0.0,0.0,7502.94578371305,0.0,0.0,-67.6348332673967,0.0,0.0,0.0527730138151874
65.30000000000057,0.0,0.0,7496.183187053394,0.0,0.0,-67.62892215350396,0.0,0.0,0.059111138927349316
65.40000000000056,0.0,0.0,7489.421273829818,0.0,0.0,-67.62239554167256,0.0,0.0,0.06526611831398377
65.50000000000055,0.0,0.0,7482.660102918141,0.0,0.0,-67.61527125840772,0.0,0.0,0.07124283264842113
65.60000000000055,0.0,0.0,7475.899731482926,0.0,0.0,-67.6075666542407,0.0,0.0,0.07704604167015461
65.70000000000054,0.0,0.0,7469.1402150233025,0.0,0.0,-67.59929861556596,0.0,0.0,0.08268038674743217
65.80000000000054,0.0,0.0,7462.3816074176475,0.0,0.0,-67.59048357622507,0.0,0.0,0.0881503934089487
65.90000000000053,0.0,0.0,7455.623960967133,0.0,0.0,-67.58113752884073,0.0,0.0,0.09346047384335598
66.00000000000053,0.0,0.0,7448.86732643819,0.0,0.0,-67.57127603590415,0.0,0.0,0.09861492936580696
66.10000000000052,0.0,0.0,7442.111753103892,0.0,0.0,-67.5609142406191,0.0,0.0,0.10361795285046327
66.20000000000051,0.0,0.0,7435.3572887842965,0.0,0.0,-67.55006687750625,0.0,0.0,0.10847363112851838
66.30000000000051,0.0,0.0,7428.603979885756,0.0,0.0,-67.53874828277118,0.0,0.0,0.11318594735079124
66.4000000000005,0.0,0.0,7421.851871439229,0.0,0.0,-67.52697240443972,0.0,0.0,0.11775878331458145
66.5000000000005,0.0,0.0,7415.101007137611,0.0,0.0,-67.5147528122643,0.0,0.0,0.1221959217541233
66.60000000000049,0.0,0.0,7408.351429372114,0.0,0.0,-67.50210270740486,0.0,0.0,0.12650104859450373
66.70000000000049,0.0,0.0,7401.6031792677,0.0,0.0,-67.48903493188801,0.0,0.0,0.13067775516843838
66.80000000000048,0.0,0.0,7394.856296717618,0.0,0.0,-67.47556197784843,0.0,0.0,0.134729540395913
66.90000000000047,0.0,0.0,7388.110820417027,0.0,0.0,-67.46169599655579,0.0,0.0,0.13865981292642537
67.00000000000047,0.0,0.0,7381.36678789577,0.0,0.0,-67.44744880723141,0.0,0.0,0.1424718932437461
67.10000000000046,0.0,0.0,7374.624235550284,0.0,0.0,-67.4328319056581,0.0,0.0,0.14616901573304908
67.20000000000046,0.0,0.0,7367.883198674678,0.0,0.0,-67.41785647258703,0.0,0.0,0.14975433071066568
67.30000000000045,0.0,0.0,7361.143711491016,0.0,0.0,-67.40253338194542,0.0,0.0,0.15323090641618187
67.40000000000045,0.0,0.0,7354.405807178786,0.0,0.0,-67.38687320884868,0.0,0.0,0.1566017309672869
67.50000000000044,0.0,0.0,7347.669517903615,0.0,0.0,-67.37088623742096,0.0,0.0,0.1598697142772867
67.60000000000043,0.0,0.0,7340.934874845222,0.0,0.0,-67.3545824684274,0.0,0.0,0.16303768993564383
67.70000000000043,0.0,0.0,7334.201908224635,0.0,0.0,-67.33797162672224,0.0,0.0,0.1661084170516034
67.80000000000042,0.0,0.0,7327.470647330694,0.0,0.0,-67.3210631685161,0.0,0.0,0.16908458206131094
67.90000000000042,0.0,0.0,7320.74112054585,0.0,0.0,-67.30386628846625,0.0,0.0,0.1719688004985418
68.00000000000041,0.0,0.0,7314.013355371285,0.0,0.0,-67.2863899265933,0.0,0.0,0.1747636187295143
68.1000000000004,0.0,0.0,7307.28737845136,0.0,0.0,-67.2686427750281,0.0,0.0,0.1774715156519786
68.2000000000004,0.0,0.0,7300.563215597423,0.0,0.0,-67.2506332845922,0.0,0.0,0.1800949043590805
68.3000000000004,0.0,0.0,7293.84089181097,0.0,0.0,-67.23236967121538,0.0,0.0,0.18263613376822008
68.40000000000039,0.0,0.0,7287.120431306202,0.0,0.0,-67.21385992219383,0.0,0.0,0.1850974902154583
68.50000000000038,0.0,0.0,7280.401857531968,0.0,0.0,-67.19511180229226,0.0,0.0,0.18748119901578697
68.60000000000038,0.0,0.0,7273.685193193129,0.0,0.0,-67.17613285969328,0.0,0.0,0.1897894259897317
68.70000000000037,0.0,0.0,7266.970460271344,0.0,0.0,-67.1569304317976,0.0,0.0,0.19202427895671903
68.80000000000037,0.0,0.0,7260.257680045302,0.0,0.0,-67.13751165087804,0.0,0.0,0.19418780919565393
68.90000000000036,0.0,0.0,7253.5468731104065,0.0,0.0,-67.1178834495907,0.0,0.0,0.19628201287326696
69.00000000000036,0.0,0.0,7246.838059397934,0.0,0.0,-67.09805256634665,0.0,0.0,0.19830883244049247
69.10000000000035,0.0,0.0,7240.131258193669,0.0,0.0,-67.07802555054688,0.0,0.0,0.20027015799762538
69.20000000000034,0.0,0.0,7233.426488156044,0.0,0.0,-67.05780876768402,0.0,0.0,0.20216782862853577
69.30000000000034,0.0,0.0,7226.723767333781,0.0,0.0,-67.03740840431357,0.0,0.0,0.20400363370457697
69.40000000000033,0.0,0.0,7220.023113183062,0.0,0.0,-67.01683047289771,0.0,0.0,0.20577931415860284
69.50000000000033,0.0,0.0,7213.324542584229,0.0,0.0,-66.99608081652475,0.0,0.0,0.20749656372957404
69.60000000000032,0.0,0.0,7206.628071858029,0.0,0.0,-66.97516511350692,0.0,0.0,0.20915703017838894
69.70000000000032,0.0,0.0,7199.933716781426,0.0,0.0,-66.95408888185939,0.0,0.0,0.21076231647531252
69.80000000000031,0.0,0.0,7193.241492602969,0.0,0.0,-66.93285748366343,0.0,0.0,0.2123139819595874
69.9000000000003,0.0,0.0,7186.551414057754,0.0,0.0,-66.91147612931626,0.0,0.0,0.21381354347166415
70.0000000000003,0.0,0.0,7179.863495381969,0.0,0.0,-66.88994988167039,0.0,0.0,0.2152624764586477
70.10000000000029,0.0,0.0,7173.177750327043,0.0,0.0,-66.86828366006505,0.0,0.0,0.21666221605338443
70.20000000000029,0.0,0.0,7166.494192173409,0.0,0.0,-66.84648224425227,0.0,0.0,0.21801415812771374
70.30000000000028,0.0,0.0,7159.812833743888,0.0,0.0,-66.82455027822023,0.0,0.0,0.21931966032047612
70.40000000000028,0.0,0.0,7153.133687416712,0.0,0.0,-66.80249227391617,0.0,0.0,0.2205800430405791
70.50000000000027,0.0,0.0,7146.456765138177,0.0,0.0,-66.78031261487159,0.0,0.0,0.22179659044578237
70.60000000000026,0.0,0.0,7139.782078434961,0.0,0.0,-66.75801555973182,0.0,0.0,0.22297055139770094
70.70000000000026,0.0,0.0,7133.109638426094,0.0,0.0,-66.73560524569248,0.0,0.0,0.22410314039333024
70.80000000000025,0.0,0.0,7126.439455834601,0.0,0.0,-66.71308569184511,0.0,0.0,0.22519553847381069
70.90000000000025,0.0,0.0,7119.771540998829,0.0,0.0,-66.69046080243405,0.0,0.0,0.2262488941106966
71.00000000000024,0.0,0.0,7113.105903883446,0.0,0.0,-66.667734370027,0.0,0.0,0.22726432407037933
71.10000000000024,0.0,0.0,7106.4425540901575,0.0,0.0,-66.64491007860131,0.0,0.0,0.22824291425696508
71.20000000000023,0.0,0.0,7099.7815008681055,0.0,0.0,-66.62199150654789,0.0,0.0,0.22918572053424846
71.30000000000022,0.0,0.0,7093.122753123994,0.0,0.0,-66.59898212959519,0.0,0.0,0.23009376952704486
71.40000000000022,0.0,0.0,7086.4663194319255,0.0,0.0,-66.57588532365494,0.0,0.0,0.23096805940247478
71.50000000000021,0.0,0.0,7079.812208042969,0.0,0.0,-66.55270436759179,0.0,0.0,0.23180956063158398
71.60000000000021,0.0,0.0,7073.160426894461,0.0,0.0,-66.52944244591862,0.0,0.0,0.23261921673171493
71.7000000000002,0.0,0.0,7066.510983619044,0.0,0.0,-66.50610265141961,0.0,0.0,0.23339794499009514
71.8000000000002,0.0,0.0,7059.86388555346,0.0,0.0,-66.4826879877027,0.0,0.0,0.23414663716911832
71.90000000000019,0.0,0.0,7053.219139747092,0.0,0.0,-66.45920137168335,0.0,0.0,0.2348661601935529
72.00000000000018,0.0,0.0,7046.576752970276,0.0,0.0,-66.43564563600133,0.0,0.0,0.23555735682026757
72.10000000000018,0.0,0.0,7039.9367317223705,0.0,0.0,-66.41202353137224,0.0,0.0,0.23622104629086138
72.20000000000017,0.0,0.0,7033.299082239608,0.0,0.0,-66.3883377288755,0.0,0.0,0.23685802496744124
72.30000000000017,0.0,0.0,7026.663810502724,0.0,0.0,-66.36459082218029,0.0,0.0,0.23746906695210512
72.40000000000016,0.0,0.0,7020.030922244377,0.0,0.0,-66.34078532971124,0.0,0.0,0.23805492469046818
72.50000000000016,0.0,0.0,7013.400422956349,0.0,0.0,-66.31692369675528,0.0,0.0,0.23861632955950185
72.60000000000015,0.0,0.0,7006.77231789656,0.0,0.0,-66.29300829751126,0.0,0.0,0.2391539924402224
72.70000000000014,0.0,0.0,7000.146612095873,0.0,0.0,-66.26904143708371,0.0,0.0,0.23966860427544923
72.80000000000014,0.0,0.0,6993.523310364714,0.0,0.0,-66.2450253534224,0.0,0.0,0.24016083661311072
72.90000000000013,0.0,0.0,6986.902417299504,0.0,0.0,-66.22096221920889,0.0,0.0,0.2406313421352717
73.00000000000013,0.0,0.0,6980.283937288911,0.0,0.0,-66.19685414369154,0.0,0.0,0.24108075517344574
73.10000000000012,0.0,0.0,6973.667874519925,0.0,0.0,-66.17270317447051,0.0,0.0,0.2415096922103075
73.20000000000012,0.0,0.0,6967.0542329837635,0.0,0.0,-66.14851129923368,0.0,0.0,0.2419187523683508
73.30000000000011,0.0,0.0,6960.4430164816085,0.0,0.0,-66.12428044744512,0.0,0.0,0.24230851788557572
73.4000000000001,0.0,0.0,6953.834228630183,0.0,0.0,-66.10001249198724,0.0,0.0,0.24267955457871793
73.5000000000001,0.0,0.0,6947.227872867169,0.0,0.0,-66.07570925075782,0.0,0.0,0.24303241229424444
73.6000000000001,0.0,0.0,6940.6239524564735,0.0,0.0,-66.05137248822308,0.0,0.0,0.24336762534740508
73.70000000000009,0.0,0.0,6934.022470493345,0.0,0.0,-66.02700391692812,0.0,0.0,0.24368571294963104
73.80000000000008,0.0,0.0,6927.423429909347,0.0,0.0,-66.00260519896565,0.0,0.0,0.24398717962468375
73.90000000000008,0.0,0.0,6920.826833477185,0.0,0.0,-65.97817794740429,0.0,0.0,0.24427251561360563
74.00000000000007,0.0,0.0,6914.232683815403,0.0,0.0,-65.95372372767739,0.0,0.0,0.24454219726904292
74.10000000000007,0.0,0.0,6907.6409833929465,0.0,0.0,-65.92924405893349,0.0,0.0,0.24479668743890137
74.20000000000006,0.0,0.0,6901.051734533591,0.0,0.0,-65.90474041534951,0.0,0.0,0.24503643583988222
74.30000000000005,0.0,0.0,6894.464939420248,0.0,0.0,-65.88021422740741,0.0,0.0,0.245261879420962
74.40000000000005,0.0,0.0,6887.880600099148,0.0,0.0,-65.8556668831357,0.0,0.0,0.24547344271712923
74.50000000000004,0.0,0.0,6881.298718483908,0.0,0.0,-65.83109972931634,0.0,0.0,0.24567153819367782
74.60000000000004,0.0,0.0,6874.719296359474,0.0,0.0,-65.80651407265822,0.0,0.0,0.24585656658119248
74.70000000000003,0.0,0.0,6868.142335385966,0.0,0.0,-65.78191118093805,0.0,0.0,0.24602891720159015
74.80000000000003,0.0,0.0,6861.567837102397,0.0,0.0,-65.75729228410952,0.0,0.0,0.24618896828530445
74.90000000000002,0.0,0.0,6854.995802930295,0.0,0.0,-65.73265857538152,0.0,0.0,0.24633708727998105
75.00000000000001,0.0,0.0,6848.426234177225,0.0,0.0,-65.70801121226644,0.0,0.0,0.2464736311507636
75.10000000000001,0.0,0.0,6841.859132040198,0.0,0.0,-65.68335131759919,0.0,0.0,0.24659894667253646
75.2,0.0,0.0,6835.294497608999,0.0,0.0,-65.65867998052776,0.0,0.0,0.24671337071421284
75.3,0.0,0.0,6828.732331869404,0.0,0.0,-65.63399825747624,0.0,0.0,0.24681723051527094
75.39999999999999,0.0,0.0,6822.172635706316,0.0,0.0,-65.60930717308075,0.0,0.0,0.24691084395487728
75.49999999999999,0.0,0.0,6815.615409906805,0.0,0.0,-65.58460772109939,0.0,0.0,0.24699451981364717
75.59999999999998,0.0,0.0,6809.060655163066,0.0,0.0,-65.55990086529657,0.0,0.0,0.24706855802822503
75.69999999999997,0.0,0.0,6802.5083720752855,0.0,0.0,-65.53518754030266,0.0,0.0,0.2471332499390666
75.79999999999997,0.0,0.0,6795.9585611544335,0.0,0.0,-65.51046865244953,0.0,0.0,0.24718887853130234
75.89999999999996,0.0,0.0,6789.411222824969,0.0,0.0,-65.48574508058262,0.0,0.0,0.24723571866917027
75.99999999999996,0.0,0.0,6782.866357427471,0.0,0.0,-65.46101767685022,0.0,0.0,0.24727403732394393
76.09999999999995,0.0,0.0,6776.323965221192,0.0,0.0,-65.43628726747065,0.0,0.0,0.24730409379565188
76.19999999999995,0.0,0.0,6769.784046386544,0.0,0.0,-65.41155465347778,0.0,0.0,0.24732613992874342
76.29999999999994,0.0,0.0,6763.246601027501,0.0,0.0,-65.3868206114456,0.0,0.0,0.2473404203218461
76.39999999999993,0.0,0.0,6756.711629173945,0.0,0.0,-65.36208589419243,0.0,0.0,0.24734717253166316
76.49999999999993,0.0,0.0,6750.179130783935,0.0,0.0,-65.33735123146529,0.0,0.0,0.2473466272714706
76.59999999999992,0.0,0.0,6743.649105745917,0.0,0.0,-65.3126173306049,0.0,0.0,0.24733900860394442
76.69999999999992,0.0,0.0,6737.121553880868,0.0,0.0,-65.28788487719201,0.0,0.0,0.24732453412879352
76.79999999999991,0.0,0.0,6730.5964749443765,0.0,0.0,-65.26315453567548,0.0,0.0,0.24730341516524668
76.8999999999999,0.0,0.0,6724.073868628663,0.0,0.0,-65.23842694998254,0.0,0.0,0.24727585692941645
76.9999999999999,0.0,0.0,6717.553734564545,0.0,0.0,-65.21370274411186,0.0,0.0,0.24724205870680294
77.0999999999999,0.0,0.0,6711.036072323344,0.0,0.0,-65.18898252270985,0.0,0.0,0.24720221402008846
77.19999999999989,0.0,0.0,6704.520881418735,0.0,0.0,-65.16426687163063,0.0,0.0,0.24715651079223022
77.29999999999988,0.0,0.0,6698.008161308545,0.0,0.0,-65.13955635848014,0.0,0.0,0.24710513150502145
77.39999999999988,0.0,0.0,6691.497911396497,0.0,0.0,-65.1148515331448,0.0,0.0,0.2470482533533307
77.49999999999987,0.0,0.0,6684.990131033909,0.0,0.0,-65.0901529283053,0.0,0.0,0.24698604839499794
77.59999999999987,0.0,0.0,6678.484819521334,0.0,0.0,-65.06546105993564,0.0,0.0,0.2469186836966326
77.69999999999986,0.0,0.0,6671.981976110163,0.0,0.0,-65.0407764277881,0.0,0.0,0.2468463214753438
77.79999999999986,0.0,0.0,6665.481600004172,0.0,0.0,-65.01609951586445,0.0,0.0,0.2467691192364292
77.89999999999985,0.0,0.0,6658.983690361034,0.0,0.0,-64.99143079287371,0.0,0.0,0.2466872299074403
77.99999999999984,0.0,0.0,6652.488246293776,0.0,0.0,-64.96677071267688,0.0,0.0,0.24660080196832013
78.09999999999984,0.0,0.0,6645.995266872202,0.0,0.0,-64.94211971471907,0.0,0.0,0.2465099795780219
78.19999999999983,0.0,0.0,6639.50475112427,0.0,0.0,-64.91747822444931,0.0,0.0,0.24641490269756616
78.29999999999983,0.0,0.0,6633.016698037433,0.0,0.0,-64.89284665372834,0.0,0.0,0.24631570720966423
78.39999999999982,0.0,0.0,6626.531106559936,0.0,0.0,-64.86822540122483,0.0,0.0,0.24621252503503932
78.49999999999982,0.0,0.0,6620.047975602078,0.0,0.0,-64.84361485280029,0.0,0.0,0.24610548424540823
78.59999999999981,0.0,0.0,6613.567304037435,0.0,0.0,-64.81901538188295,0.0,0.0,0.24599470917338806
78.6999999999998,0.0,0.0,6607.089090704055,0.0,0.0,-64.79442734983101,0.0,0.0,0.24588032051930853
78.7999999999998,0.0,0.0,6600.613334405603,0.0,0.0,-64.76985110628551,0.0,0.0,0.24576243545499565
78.89999999999979,0.0,0.0,6594.14003391249,0.0,0.0,-64.74528698951305,0.0,0.0,0.24564116772470257
78.99999999999979,0.0,0.0,6587.669187962955,0.0,0.0,-64.72073532673873,0.0,0.0,0.2455166277431573
79.09999999999978,0.0,0.0,6581.200795264122,0.0,0.0,-64.69619643446964,0.0,0.0,0.2453889226908963
79.19999999999978,0.0,0.0,6574.734854493024,0.0,0.0,-64.67167061880895,0.0,0.0,0.2452581566069103
79.29999999999977,0.0,0.0,6568.2713642976,0.0,0.0,-64.64715817576108,0.0,0.0,0.2451244304786684
79.39999999999976,0.0,0.0,6561.810323297658,0.0,0.0,-64.62265939152812,0.0,0.0,0.2449878423296461
79.49999999999976,0.0,0.0,6555.351730085815,0.0,0.0,-64.59817454279768,0.0,0.0,0.2448484873043526
79.59999999999975,0.0,0.0,6548.895583228401,0.0,0.0,-64.57370389702258,0.0,0.0,0.24470645775098276
79.69999999999975,0.0,0.0,6542.441881266348,0.0,0.0,-64.5492477126924,0.0,0.0,0.24456184330177066
79.79999999999974,0.0,0.0,6535.990622716043,0.0,0.0,-64.52480623959731,0.0,0.0,0.2444147309510072
79.89999999999974,0.0,0.0,6529.5418060701595,0.0,0.0,-64.50037971908422,0.0,0.0,0.24426520513089578
79.99999999999973,0.0,0.0,6523.095429798468,0.0,0.0,-64.47596838430569,0.0,0.0,0.24411334778529792
80.09999999999972,0.0,0.0,6516.651492348614,0.0,0.0,-64.45157246046155,0.0,0.0,0.2439592384413487
80.19999999999972,0.0,0.0,6510.209992146882,0.0,0.0,-64.42719216503365,0.0,0.0,0.24380295427905274
80.29999999999971,0.0,0.0,6503.770927598931,0.0,0.0,-64.40282770801375,0.0,0.0,0.2436445701989367
80.39999999999971,0.0,0.0,6497.334297090513,0.0,0.0,-64.37847929212496,0.0,0.0,0.2434841588877834
80.4999999999997,0.0,0.0,6490.900098988164,0.0,0.0,-64.35414711303672,0.0,0.0,0.2433217908824421
80.5999999999997,0.0,0.0,6484.4683316398805,0.0,0.0,-64.32983135957352,0.0,0.0,0.24315753463196188
80.69999999999969,0.0,0.0,6478.0389933757715,0.0,0.0,-64.30553221391774,0.0,0.0,0.2429914565578155
80.79999999999968,0.0,0.0,6471.612082508696,0.0,0.0,-64.28124985180649,0.0,0.0,0.2428236211125352
80.89999999999968,0.0,0.0,6465.187597334878,0.0,0.0,-64.25698444272284,0.0,0.0,0.2426540908365844
80.99999999999967,0.0,0.0,6458.765536134501,0.0,0.0,-64.23273615008146,0.0,0.0,0.24248292641369673
81.09999999999967,0.0,0.0,6452.345897172294,0.0,0.0,-64.208505131409,0.0,0.0,0.24231018672460003
81.19999999999966,0.0,0.0,6445.9286786980865,0.0,0.0,-64.18429153851908,0.0,0.0,0.24213592889922886
81.29999999999966,0.0,0.0,6439.51387894736,0.0,0.0,-64.16009551768234,0.0,0.0,0.24196020836741639
81.39999999999965,0.0,0.0,6433.101496141776,0.0,0.0,-64.13591720979151,0.0,0.0,0.24178307890819717
81.49999999999964,0.0,0.0,6426.691528489687,0.0,0.0,-64.11175675052175,0.0,0.0,0.2416045926976853
81.59999999999964,0.0,0.0,6420.28397418664,0.0,0.0,-64.0876142704862,0.0,0.0,0.24142480035553682
81.69999999999963,0.0,0.0,6413.878831415856,0.0,0.0,-64.06348989538718,0.0,0.0,0.2412437509901899
81.79999999999963,0.0,0.0,6407.476098348701,0.0,0.0,-64.03938374616291,0.0,0.0,0.24106149224271256
81.89999999999962,0.0,0.0,6401.07577314514,0.0,0.0,-64.01529593912997,0.0,0.0,0.24087807032945996
81.99999999999962,0.0,0.0,6394.677853954178,0.0,0.0,-63.99122658612162,0.0,0.0,0.2406935300835098
82.09999999999961,0.0,0.0,6388.282338914291,0.0,0.0,-63.96717579462213,0.0,0.0,0.24050791499487367
82.1999999999996,0.0,0.0,6381.889226153838,0.0,0.0,-63.94314366789717,0.0,0.0,0.24032126724959113
82.2999999999996,0.0,0.0,6375.498513791465,0.0,0.0,-63.9191303051204,0.0,0.0,0.24013362776772773
82.3999999999996,0.0,0.0,6369.110199936496,0.0,0.0,-63.89513580149637,0.0,0.0,0.23994503624021135
82.49999999999959,0.0,0.0,6362.724282689314,0.0,0.0,-63.8711602483799,0.0,0.0,0.23975553116469328
82.59999999999958,0.0,0.0,6356.340760141725,0.0,0.0,-63.84720373339187,0.0,0.0,0.23956514988032573
82.69999999999958,0.0,0.0,6349.959630377314,0.0,0.0,-63.82326634053171,0.0,0.0,0.23937392860160145
82.79999999999957,0.0,0.0,6343.580891471798,0.0,0.0,-63.7993481502866,0.0,0.0,0.23918190245112392
82.89999999999957,0.0,0.0,6337.204541493352,0.0,0.0,-63.77544923973744,0.0,0.0,0.2389891054915534
82.99999999999956,0.0,0.0,6330.83057850294,0.0,0.0,-63.75156968266179,0.0,0.0,0.23879557075655455
83.09999999999955,0.0,0.0,6324.459000554628,0.0,0.0,-63.7277095496337,0.0,0.0,0.2386013302808987
83.19999999999955,0.0,0.0,6318.089805695891,0.0,0.0,-63.70386890812074,0.0,0.0,0.23840641512964922
83.29999999999954,0.0,0.0,6311.72299196791,0.0,0.0,-63.68004782257808,0.0,0.0,0.2382108554265887
83.39999999999954,0.0,0.0,6305.358557405858,0.0,0.0,-63.65624635453991,0.0,0.0,0.23801468038173823
83.49999999999953,0.0,0.0,6298.9965000391785,0.0,0.0,-63.632464562708094,0.0,0.0,0.23781791831816435
83.59999999999953,0.0,0.0,6292.636817891858,0.0,0.0,-63.6087025030383,0.0,0.0,0.23762059669794233
83.69999999999952,0.0,0.0,6286.279508982687,0.0,0.0,-63.58496022882356,0.0,0.0,0.2374227421474231
83.79999999999951,0.0,0.0,6279.924571325511,0.0,0.0,-63.56123779077538,0.0,0.0,0.23722438048178418
83.89999999999951,0.0,0.0,6273.572002929484,0.0,0.0,-63.5375352371025,0.0,0.0,0.23702553672876547
83.9999999999995,0.0,0.0,6267.221801799302,0.0,0.0,-63.51385261358732,0.0,0.0,0.23682623515187728
84.0999999999995,0.0,0.0,6260.873965935432,0.0,0.0,-63.490189963660036,0.0,0.0,0.2366264992728233
84.19999999999949,0.0,0.0,6254.528493334345,0.0,0.0,-63.4665473284707,0.0,0.0,0.2364263518933054
84.29999999999949,0.0,0.0,6248.185381988725,0.0,0.0,-63.44292474695908,0.0,0.0,0.23622581511621377
84.39999999999948,0.0,0.0,6241.844629887684,0.0,0.0,-63.41932225592246,0.0,0.0,0.23602491036619533
84.49999999999947,0.0,0.0,6235.506235016968,0.0,0.0,-63.3957398900815,0.0,0.0,0.23582365840961295
84.59999999999947,0.0,0.0,6229.170195359151,0.0,0.0,-63.372177682144105,0.0,0.0,0.23562207937396806
84.69999999999946,0.0,0.0,6222.836508893828,0.0,0.0,-63.34863566286744,0.0,0.0,0.23542019276669635
84.79999999999946,0.0,0.0,6216.505173597804,0.0,0.0,-63.32511386111809,0.0,0.0,0.2352180174934837
84.89999999999945,0.0,0.0,6210.17618744527,0.0,0.0,-63.30161230393049,0.0,0.0,0.23501557187600142
84.99999999999945,0.0,0.0,6203.849548407982,0.0,0.0,-63.27813101656357,0.0,0.0,0.23481287366917947
85.09999999999944,0.0,0.0,6197.525254455427,0.0,0.0,-63.25467002255578,0.0,0.0,0.23460994007789715
85.19999999999943,0.0,0.0,6191.2033035549875,0.0,0.0,-63.23122934377845,0.0,0.0,0.23440678777329893
85.29999999999943,0.0,0.0,6184.883693672104,0.0,0.0,-63.2078090004876,0.0,0.0,0.23420343290853474
85.39999999999942,0.0,0.0,6178.566422770422,0.0,0.0,-63.18440901137419,0.0,0.0,0.2339998911340846
85.49999999999942,0.0,0.0,6172.251488811949,0.0,0.0,-63.16102939361293,0.0,0.0,0.23379617761267824
85.59999999999941,0.0,0.0,6165.938889757193,0.0,0.0,-63.13767016290956,0.0,0.0,0.23359230703368894
85.6999999999994,0.0,0.0,6159.628623565306,0.0,0.0,-63.114331333546836,0.0,0.0,0.23338829362718805
85.7999999999994,0.0,0.0,6153.320688194219,0.0,0.0,-63.09101291842908,0.0,0.0,0.23318415117759272
85.8999999999994,0.0,0.0,6147.015081600772,0.0,0.0,-63.0677149291254,0.0,0.0,0.23297989303680566
85.99999999999939,0.0,0.0,6140.711801740841,0.0,0.0,-63.04443737591169,0.0,0.0,0.23277553213711677
86.09999999999938,0.0,0.0,6134.410846569465,0.0,0.0,-63.021180267811324,0.0,0.0,0.23257108100366963
86.19999999999938,0.0,0.0,6128.112214040961,0.0,0.0,-62.99794361263467,0.0,0.0,0.23236655176650345
86.29999999999937,0.0,0.0,6121.81590210904,0.0,0.0,-62.974727417017434,0.0,0.0,0.23216195617236046
86.39999999999937,0.0,0.0,6115.5219087269215,0.0,0.0,-62.951531686457834,0.0,0.0,0.23195730559603156
86.49999999999936,0.0,0.0,6109.230231847441,0.0,0.0,-62.92835642535269,0.0,0.0,0.23175261105147626
86.59999999999935,0.0,0.0,6102.940869423154,0.0,0.0,-62.905201637032434,0.0,0.0,0.23154788320253594
86.69999999999935,0.0,0.0,6096.653819406437,0.0,0.0,-62.8820673237951,0.0,0.0,0.23134313237336102
86.79999999999934,0.0,0.0,6090.369079749586,0.0,0.0,-62.85895348693924,0.0,0.0,0.23113836855858416
86.89999999999934,0.0,0.0,6084.086648404913,0.0,0.0,-62.835860126795936,0.0,0.0,0.23093360143307784
86.99999999999933,0.0,0.0,6077.806523324839,0.0,0.0,-62.81278724275978,0.0,0.0,0.23072884036156083
87.09999999999933,0.0,0.0,6071.528702461979,0.0,0.0,-62.789734833319,0.0,0.0,0.23052409440782995
87.19999999999932,0.0,0.0,6065.253183769232,0.0,0.0,-62.766702896084624,0.0,0.0,0.23031937234376088
87.29999999999932,0.0,0.0,6058.979965199864,0.0,0.0,-62.743691427818824,0.0,0.0,0.23011468265800872
87.39999999999931,0.0,0.0,6052.709044707585,0.0,0.0,-62.72070042446237,0.0,0.0,0.22991003356453632
87.4999999999993,0.0,0.0,6046.440420246634,0.0,0.0,-62.697729881161294,0.0,0.0,0.22970543301078017
87.5999999999993,0.0,0.0,6040.174089771848,0.0,0.0,-62.674779792292725,0.0,0.0,0.2295008886856582
87.69999999999929,0.0,0.0,6033.9100512387395,0.0,0.0,-62.651850151489995,0.0,0.0,0.22929640802732543
87.79999999999929,0.0,0.0,6027.648302603564,0.0,0.0,-62.62894095166693,0.0,0.0,0.2290919982306665
87.89999999999928,0.0,0.0,6021.388841823391,0.0,0.0,-62.60605218504146,0.0,0.0,0.2288876662546251
87.99999999999928,0.0,0.0,6015.131666856169,0.0,0.0,-62.58318384315854,0.0,0.0,0.22868341882925947
88.09999999999927,0.0,0.0,6008.87677566079,0.0,0.0,-62.56033591691227,0.0,0.0,0.22847926246263306
88.19999999999926,0.0,0.0,6002.624166197151,0.0,0.0,-62.537508396567524,0.0,0.0,0.22827520344748287
88.29999999999926,0.0,0.0,5996.373836426212,0.0,0.0,-62.51470127178075,0.0,0.0,0.2280712478677085
88.39999999999925,0.0,0.0,5990.1257843100575,0.0,0.0,-62.49191453162029,0.0,0.0,0.2278674016046356
88.49999999999925,0.0,0.0,5983.88000781195,0.0,0.0,-62.469148164585974,0.0,0.0,0.2276636703431283
88.59999999999924,0.0,0.0,5977.636504896385,0.0,0.0,-62.446402158628224,0.0,0.0,0.22746005957750803
88.69999999999924,0.0,0.0,5971.395273529141,0.0,0.0,-62.4236765011665,0.0,0.0,0.2272565746172983
88.79999999999923,0.0,0.0,5965.156311677333,0.0,0.0,-62.400971179107216,0.0,0.0,0.22705322059280952
88.89999999999922,0.0,0.0,5958.91961730946,0.0,0.0,-62.37828617886117,0.0,0.0,0.22685000246052667
88.99999999999922,0.0,0.0,5952.685188395449,0.0,0.0,-62.35562148636033,0.0,0.0,0.22664692500839578
89.09999999999921,0.0,0.0,5946.453022906706,0.0,0.0,-62.33297708707424,0.0,0.0,0.22644399286086703
89.1999999999992,0.0,0.0,5940.223118816156,0.0,0.0,-62.31035296602585,0.0,0.0,0.22624121048390755
89.2999999999992,0.0,0.0,5933.995474098286,0.0,0.0,-62.287749107806874,0.0,0.0,0.2260385821897568
89.3999999999992,0.0,0.0,5927.770086729187,0.0,0.0,-62.265165496592715,0.0,0.0,0.22583611214157528
89.49999999999919,0.0,0.0,5921.546954686593,0.0,0.0,-62.24260211615692,0.0,0.0,0.22563380435800084
89.59999999999918,0.0,0.0,5915.326075949918,0.0,0.0,-62.22005894988517,0.0,0.0,0.22543166271748838
89.69999999999918,0.0,0.0,5909.107448500294,0.0,0.0,-62.197535980788906,0.0,0.0,0.22522969096263523
89.79999999999917,0.0,0.0,5902.891070320606,0.0,0.0,-62.17503319151849,0.0,0.0,0.22502789270420465
89.89999999999917,0.0,0.0,5896.676939395526,0.0,0.0,-62.152550564375964,0.0,0.0,0.22482627142524514
89.99999999999916,0.0,0.0,5890.465053711545,0.0,0.0,-62.13008808132748,0.0,0.0,0.22462483048488835
90.09999999999916,0.0,0.0,5884.255411257009,0.0,0.0,-62.107645724015256,0.0,0.0,0.22442357312218775
90.19999999999915,0.0,0.0,5878.048010022144,0.0,0.0,-62.08522347376928,0.0,0.0,0.2242225024597122
90.29999999999914,0.0,0.0,5871.84284799909,0.0,0.0,-62.06282131161856,0.0,0.0,0.22402162150716087
90.39999999999914,0.0,0.0,5865.639923181925,0.0,0.0,-62.04043921830208,0.0,0.0,0.22382093316477736
90.49999999999913,0.0,0.0,5859.439233566698,0.0,0.0,-62.01807717427941,0.0,0.0,0.22362044022669103
90.59999999999913,0.0,0.0,5853.240777151451,0.0,0.0,-61.995735159740995,0.0,0.0,0.22342014538416244
90.69999999999912,0.0,0.0,5847.044551936246,0.0,0.0,-61.97341315461812,0.0,0.0,0.22322005122874167
90.79999999999912,0.0,0.0,5840.850555923188,0.0,0.0,-61.951111138592594,0.0,0.0,0.22302016025529525
90.89999999999911,0.0,0.0,5834.658787116452,0.0,0.0,-61.928829091106095,0.0,0.0,0.2228204748650171
90.9999999999991,0.0,0.0,5828.469243522302,0.0,0.0,-61.906566991369274,0.0,0.0,0.22262099736822272
91.0999999999991,0.0,0.0,5822.281923149115,0.0,0.0,-61.88432481837055,0.0,0.0,0.22242172998723753
91.1999999999991,0.0,0.0,5816.096824007401,0.0,0.0,-61.86210255088465,0.0,0.0,0.22222267485902236
91.29999999999909,0.0,0.0,5809.913944109823,0.0,0.0,-61.83990016748087,0.0,0.0,0.22202383403781312
91.39999999999908,0.0,0.0,5803.733281471217,0.0,0.0,-61.8177176465311,0.0,0.0,0.22182520949770712
91.49999999999908,0.0,0.0,5797.554834108611,0.0,0.0,-61.795554966217594,0.0,0.0,0.22162680313506833
91.59999999999907,0.0,0.0,5791.378600041241,0.0,0.0,-61.7734121045405,0.0,0.0,0.2214286167709929
91.69999999999906,0.0,0.0,5785.204577290569,0.0,0.0,-61.751289039325144,0.0,0.0,0.2212306521535652
91.79999999999906,0.0,0.0,5779.032763880301,0.0,0.0,-61.72918574822913,0.0,0.0,0.2210329109601723
91.89999999999905,0.0,0.0,5772.8631578364,0.0,0.0,-61.70710220874916,0.0,0.0,0.22083539479962866
91.99999999999905,0.0,0.0,5766.6957571871035,0.0,0.0,-61.685038398227725,0.0,0.0,0.2206381052143751
92.09999999999904,0.0,0.0,5760.5305599629355,0.0,0.0,-61.66299429385948,0.0,0.0,0.22044104368245065
92.19999999999904,0.0,0.0,5754.367564196724,0.0,0.0,-61.64096987269752,0.0,0.0,0.2202442116195531
92.29999999999903,0.0,0.0,5748.20676792361,0.0,0.0,-61.61896511165942,0.0,0.0,0.22004761038094323
92.39999999999903,0.0,0.0,5742.048169181063,0.0,0.0,-61.59697998753309,0.0,0.0,0.21985124126333844
92.49999999999902,0.0,0.0,5735.891766008892,0.0,0.0,-61.57501447698242,0.0,0.0,0.21965510550673173
92.59999999999901,0.0,0.0,5729.737556449258,0.0,0.0,-61.5530685565528,0.0,0.0,0.21945920429613963
92.69999999999901,0.0,0.0,5723.585538546684,0.0,0.0,-61.53114220267647,0.0,0.0,0.21926353876333593
92.799999999999,0.0,0.0,5717.435710348066,0.0,0.0,-61.50923539167762,0.0,0.0,0.2190681099885161
92.899999999999,0.0,0.0,5711.288069902684,0.0,0.0,-61.48734809977743,0.0,0.0,0.21887291900189254
92.99999999999899,0.0,0.0,5705.142615262208,0.0,0.0,-61.4654803030989,0.0,0.0,0.2186779667852612
93.09999999999899,0.0,0.0,5698.999344480712,0.0,0.0,-61.443631977671544,0.0,0.0,0.21848325427354354
93.19999999999898,0.0,0.0,5692.85825561468,0.0,0.0,-61.42180309943592,0.0,0.0,0.2182887823562183
93.29999999999897,0.0,0.0,5686.7193467230145,0.0,0.0,-61.39999364424804,0.0,0.0,0.21809455187878513
93.39999999999897,0.0,0.0,5680.582615867044,0.0,0.0,-61.37820358788363,0.0,0.0,0.21790056364409516
93.49999999999896,0.0,0.0,5674.448061110532,0.0,0.0,-61.35643290604226,0.0,0.0,0.21770681841377204
93.59999999999896,0.0,0.0,5668.315680519681,0.0,0.0,-61.334681574351315,0.0,0.0,0.21751331690944298
93.69999999999895,0.0,0.0,5662.1854721631435,0.0,0.0,-61.312949568369916,0.0,0.0,0.2173200598140177
93.79999999999895,0.0,0.0,5656.057434112023,0.0,0.0,-61.29123686359262,0.0,0.0,0.2171270477729319
93.89999999999894,0.0,0.0,5649.931564439885,0.0,0.0,-61.26954343545309,0.0,0.0,0.21693428139532678
93.99999999999893,0.0,0.0,5643.807861222758,0.0,0.0,-61.24786925932757,0.0,0.0,0.21674176125517874
94.09999999999893,0.0,0.0,5637.6863225391435,0.0,0.0,-61.226214310538325,0.0,0.0,0.21654948789244344
94.19999999999892,0.0,0.0,5631.566946470017,0.0,0.0,-61.204578564356915,0.0,0.0,0.21635746181412507
94.29999999999892,0.0,0.0,5625.449731098834,0.0,0.0,-61.182961996007386,0.0,0.0,0.2161656834953085
94.39999999999891,0.0,0.0,5619.334674511533,0.0,0.0,-61.161364580669364,0.0,0.0,0.21597415338021442
94.4999999999989,0.0,0.0,5613.221774796544,0.0,0.0,-61.13978629348105,0.0,0.0,0.21578287188315493
94.5999999999989,0.0,0.0,5607.111030044787,0.0,0.0,-61.1182271095421,0.0,0.0,0.21559183938951243
94.6999999999989,0.0,0.0,5601.002438349677,0.0,0.0,-61.096687003916436,0.0,0.0,0.21540105625662775
94.79999999999889,0.0,0.0,5594.895997807127,0.0,0.0,-61.07516595163496,0.0,0.0,0.21521052281475228
94.89999999999888,0.0,0.0,5588.791706515554,0.0,0.0,-61.05366392769817,0.0,0.0,0.21502023936788994
94.99999999999888,0.0,0.0,5582.689562575877,0.0,0.0,-61.032180907078704,0.0,0.0,0.21483020619463922
95.09999999999887,0.0,0.0,5576.589564091522,0.0,0.0,-61.010716864723804,0.0,0.0,0.2146404235490138
95.19999999999887,0.0,0.0,5570.491709168425,0.0,0.0,-60.989271775557675,0.0,0.0,0.21445089166128106
95.29999999999886,0.0,0.0,5564.39599591503,0.0,0.0,-60.96784561448381,0.0,0.0,0.21426161073865302
95.39999999999885,0.0,0.0,5558.302422442296,0.0,0.0,-60.9464383563872,0.0,0.0,0.21407258096609638
95.49999999999885,0.0,0.0,5552.210986863695,0.0,0.0,-60.92504997613649,0.0,0.0,0.21388380250702177
95.59999999999884,0.0,0.0,5546.1216872952145,0.0,0.0,-60.90368044858609,0.0,0.0,0.21369527550402623
95.69999999999884,0.0,0.0,5540.0345218553575,0.0,0.0,-60.88232974857814,0.0,0.0,0.21350700007953094
95.79999999999883,0.0,0.0,5533.949488665145,0.0,0.0,-60.86099785094449,0.0,0.0,0.21331897633646513
95.89999999999883,0.0,0.0,5527.866585848115,0.0,0.0,-60.8396847305086,0.0,0.0,0.2131312043588931
95.99999999999882,0.0,0.0,5521.785811530328,0.0,0.0,-60.818390362087335,0.0,0.0,0.21294368421263243
96.09999999999881,0.0,0.0,5515.707163840359,0.0,0.0,-60.79711472049274,0.0,0.0,0.21275641594588457
96.19999999999881,0.0,0.0,5509.630640909303,0.0,0.0,-60.77585778053376,0.0,0.0,0.21256939958978371
96.2999999999988,0.0,0.0,5503.556240870777,0.0,0.0,-60.754619517017865,0.0,0.0,0.2123826351589706
96.3999999999988,0.0,0.0,5497.483961860916,0.0,0.0,-60.73339990475265,0.0,0.0,0.2121961226521556
96.49999999999879,0.0,0.0,5491.413802018371,0.0,0.0,-60.71219891854739,0.0,0.0,0.21200986205263028
96.59999999999879,0.0,0.0,5485.345759484316,0.0,0.0,-60.69101653321451,0.0,0.0,0.21182385332878084
96.69999999999878,0.0,0.0,5479.279832402441,0.0,0.0,-60.66985272357105,0.0,0.0,0.21163809643461207
96.79999999999878,0.0,0.0,5473.2160189189535,0.0,0.0,-60.64870746444003,0.0,0.0,0.21145259131019678
96.89999999999877,0.0,0.0,5467.154317182578,0.0,0.0,-60.627580730651815,0.0,0.0,0.21126733788217678
96.99999999999876,0.0,0.0,5461.094725344554,0.0,0.0,-60.606472497045395,0.0,0.0,0.21108233606418203
97.09999999999876,0.0,0.0,5455.037241558635,0.0,0.0,-60.58538273846966,0.0,0.0,0.2108975857573121
97.19999999999875,0.0,0.0,5448.981863981091,0.0,0.0,-60.56431142978461,0.0,0.0,0.2107130868505287
97.29999999999875,0.0,0.0,5442.928590770701,0.0,0.0,-60.5432585458625,0.0,0.0,0.21052883922107846
97.39999999999874,0.0,0.0,5436.877420088756,0.0,0.0,-60.52222406158901,0.0,0.0,0.2103448427348944
97.49999999999874,0.0,0.0,5430.828350099056,0.0,0.0,-60.50120795186431,0.0,0.0,0.21016109724700627
97.59999999999873,0.0,0.0,5424.7813789679085,0.0,0.0,-60.48021019160412,0.0,0.0,0.20997760260186205
97.69999999999872,0.0,0.0,5418.736504864128,0.0,0.0,-60.45923075574075,0.0,0.0,0.20979435863375961
97.79999999999872,0.0,0.0,5412.693725959031,0.0,0.0,-60.43826961922403,0.0,0.0,0.20961136516714873
97.89999999999871,0.0,0.0,5406.6530404264395,0.0,0.0,-60.41732675702233,0.0,0.0,0.20942862201698453
97.9999999999987,0.0,0.0,5400.6144464426725,0.0,0.0,-60.39640214412342,0.0,0.0,0.20924612898909345
98.0999999999987,0.0,0.0,5394.577942186548,0.0,0.0,-60.375495755535376,0.0,0.0,0.20906388588043967
98.1999999999987,0.0,0.0,5388.543525839382,0.0,0.0,-60.35460756628743,0.0,0.0,0.2088818924794822
98.29999999999869,0.0,0.0,5382.511195584982,0.0,0.0,-60.33373755143078,0.0,0.0,0.20870014856646257
98.39999999999868,0.0,0.0,5376.480949609647,0.0,0.0,-60.312885686039415,0.0,0.0,0.20851865391366964
98.49999999999868,0.0,0.0,5370.452786102167,0.0,0.0,-60.29205194521084,0.0,0.0,0.20833740828576985
98.59999999999867,0.0,0.0,5364.426703253817,0.0,0.0,-60.27123630406683,0.0,0.0,0.2081564114400507
98.69999999999867,0.0,0.0,5358.402699258358,0.0,0.0,-60.25043873775416,0.0,0.0,0.20797566312670845
98.79999999999866,0.0,0.0,5352.380772312029,0.0,0.0,-60.22965922144525,0.0,0.0,0.20779516308907198
98.89999999999866,0.0,0.0,5346.360920613551,0.0,0.0,-60.20889773033886,0.0,0.0,0.2076149110638852
98.99999999999865,0.0,0.0,5340.343142364119,0.0,0.0,-60.18815423966071,0.0,0.0,0.20743490678153265
99.09999999999864,0.0,0.0,5334.327435767402,0.0,0.0,-60.167428724664084,0.0,0.0,0.20725514996627759
99.19999999999864,0.0,0.0,5328.31379902954,0.0,0.0,-60.146721160630435,0.0,0.0,0.2070756403365035
99.29999999999863,0.0,0.0,5322.302230359141,0.0,0.0,-60.126031522869944,0.0,0.0,0.20689637760488644
99.39999999999863,0.0,0.0,5316.292727967276,0.0,0.0,-60.105359786722076,0.0,0.0,0.20671736147868458
99.49999999999862,0.0,0.0,5310.285290067479,0.0,0.0,-60.08470592755609,0.0,0.0,0.20653859165986788
99.59999999999862,0.0,0.0,5304.279914875741,0.0,0.0,-60.06406992077155,0.0,0.0,0.20636006784537209
99.69999999999861,0.0,0.0,5298.27660061051,0.0,0.0,-60.043451741798826,0.0,0.0,0.20618178972726042
99.7999999999986,0.0,0.0,5292.275345492685,0.0,0.0,-60.02285136609954,0.0,0.0,0.20600375699291895
99.8999999999986,0.0,0.0,5286.276147745615,0.0,0.0,-60.00226876916701,0.0,0.0,0.20582596932525554
99.9999999999986,0.0,0.0,5280.2790055950945,0.0,0.0,-59.98170392652673,0.0,0.0,0.2056484264028473
100.09999999999859,0.0,0.0,5274.28391726936,0.0,0.0,-59.961156813736714,0.0,0.0,0.20547112790014666
100.19999999999858,0.0,0.0,5268.290880999089,0.0,0.0,-59.940627406387954,0.0,0.0,0.20529407348759854
100.29999999999858,0.0,0.0,5262.299895017392,0.0,0.0,-59.92011568010477,0.0,0.0,0.20511726283183762
100.39999999999857,0.0,0.0,5256.3109575598155,0.0,0.0,-59.89962161054519,0.0,0.0,0.2049406955958517
100.49999999999856,0.0,0.0,5250.324066864333,0.0,0.0,-59.879145173401284,0.0,0.0,0.20476437143906523
100.59999999999856,0.0,0.0,5244.3392211713435,0.0,0.0,-59.85868634439952,0.0,0.0,0.2045882900175897
100.69999999999855,0.0,0.0,5238.356418723668,0.0,0.0,-59.8382450993011,0.0,0.0,0.20441245098426108
100.79999999999855,0.0,0.0,5232.375657766548,0.0,0.0,-59.817821413902216,0.0,0.0,0.20423685398883684
100.89999999999854,0.0,0.0,5226.396936547638,0.0,0.0,-59.797415264034406,0.0,0.0,0.2040614986781062
100.99999999999854,0.0,0.0,5220.420253317005,0.0,0.0,-59.7770266255648,0.0,0.0,0.20388638469603393
101.09999999999853,0.0,0.0,5214.445606327124,0.0,0.0,-59.75665547439642,0.0,0.0,0.20371151168385104
101.19999999999852,0.0,0.0,5208.472993832873,0.0,0.0,-59.736301786468395,0.0,0.0,0.2035368792802199
101.29999999999852,0.0,0.0,5202.502414091533,0.0,0.0,-59.71596553775626,0.0,0.0,0.20336248712131244
101.39999999999851,0.0,0.0,5196.53386536278,0.0,0.0,-59.69564670427217,0.0,0.0,0.20318833484093268
101.49999999999851,0.0,0.0,5190.567345908684,0.0,0.0,-59.67534526206511,0.0,0.0,0.20301442207063225
101.5999999999985,0.0,0.0,5184.602853993704,0.0,0.0,-59.65506118722113,0.0,0.0,0.20284074843981514
101.6999999999985,0.0,0.0,5178.640387884686,0.0,0.0,-59.63479445586355,0.0,0.0,0.2026673135758319
101.79999999999849,0.0,0.0,5172.679945850856,0.0,0.0,-59.61454504415314,0.0,0.0,0.20249411710408083
101.89999999999849,0.0,0.0,5166.72152616382,0.0,0.0,-59.59431292828833,0.0,0.0,0.20232115864808442
101.99999999999848,0.0,0.0,5160.765127097558,0.0,0.0,-59.574098084505366,0.0,0.0,0.2021484378296421
102.09999999999847,0.0,0.0,5154.810746928422,0.0,0.0,-59.55390048907848,0.0,0.0,0.2019759542688373
102.19999999999847,0.0,0.0,5148.858383935129,0.0,0.0,-59.53372011832006,0.0,0.0,0.2018037075841974
102.29999999999846,0.0,0.0,5142.908036398758,0.0,0.0,-59.51355694858079,0.0,0.0,0.2016316973927097
102.39999999999846,0.0,0.0,5136.9597026027495,0.0,0.0,-59.4934109562498,0.0,0.0,0.20145992330995988
102.49999999999845,0.0,0.0,5131.013380832899,0.0,0.0,-59.47328211775478,0.0,0.0,0.20128838495018364
102.59999999999845,0.0,0.0,5125.069069377352,0.0,0.0,-59.45317040956214,0.0,0.0,0.20111708192634126
102.69999999999844,0.0,0.0,5119.126766526604,0.0,0.0,-59.43307580817712,0.0,0.0,0.20094601385019217
102.79999999999843,0.0,0.0,5113.1864705734915,0.0,0.0,-59.41299829014388,0.0,0.0,0.20077518033237318
102.89999999999843,0.0,0.0,5107.248179813192,0.0,0.0,-59.39293783204564,0.0,0.0,0.20060458098245704
102.99999999999842,0.0,0.0,5101.311892543219,0.0,0.0,-59.372894410504735,0.0,0.0,0.20043421540902884
103.09999999999842,0.0,0.0,5095.377607063417,0.0,0.0,-59.35286800218276,0.0,0.0,0.20026408321974465
103.19999999999841,0.0,0.0,5089.445321675958,0.0,0.0,-59.33285858378062,0.0,0.0,0.2000941840213919
103.2999999999984,0.0,0.0,5083.515034685342,0.0,0.0,-59.31286613203863,0.0,0.0,0.19992451741994444
103.3999999999984,0.0,0.0,5077.586744398383,0.0,0.0,-59.29289062373657,0.0,0.0,0.19975508302063893
103.4999999999984,0.0,0.0,5071.660449124216,0.0,0.0,-59.27293203569376,0.0,0.0,0.19958588042801217
103.59999999999839,0.0,0.0,5065.736147174285,0.0,0.0,-59.25299034476917,0.0,0.0,0.1994169092459508
103.69999999999838,0.0,0.0,5059.813836862344,0.0,0.0,-59.233065527861385,0.0,0.0,0.19924816907779075
103.79999999999838,0.0,0.0,5053.89351650445,0.0,0.0,-59.21315756190876,0.0,0.0,0.19907965952628892
103.89999999999837,0.0,0.0,5047.975184418962,0.0,0.0,-59.19326642388938,0.0,0.0,0.19891138019374033
103.99999999999837,0.0,0.0,5042.058838926534,0.0,0.0,-59.17339209082118,0.0,0.0,0.19874333068199768
104.09999999999836,0.0,0.0,5036.144478350111,0.0,0.0,-59.15353453976193,0.0,0.0,0.19857551059250866
104.19999999999835,0.0,0.0,5030.232101014928,0.0,0.0,-59.13369374780929,0.0,0.0,0.19840791952639059
104.29999999999835,0.0,0.0,5024.321705248503,0.0,0.0,-59.11386969210085,0.0,0.0,0.1982405570844339
104.39999999999834,0.0,0.0,5018.413289380636,0.0,0.0,-59.09406234981413,0.0,0.0,0.19807342286717677
104.49999999999834,0.0,0.0,5012.506851743402,0.0,0.0,-59.07427169816664,0.0,0.0,0.19790651647493007
104.59999999999833,0.0,0.0,5006.602390671148,0.0,0.0,-59.05449771441586,0.0,0.0,0.19773983750780033
104.69999999999833,0.0,0.0,5000.6999045004895,0.0,0.0,-59.03474037585928,0.0,0.0,0.19757338556577153
104.79999999999832,0.0,0.0,4994.799391570307,0.0,0.0,-59.01499965983441,0.0,0.0,0.19740716024869798
104.89999999999831,0.0,0.0,4988.900850221741,0.0,0.0,-58.995275543718776,0.0,0.0,0.19724116115636114
104.99999999999831,0.0,0.0,4983.004278798187,0.0,0.0,-58.975568004929926,0.0,0.0,0.19707538788848566
105.0999999999983,0.0,0.0,4977.109675645295,0.0,0.0,-58.95587702092545,0.0,0.0,0.19690984004478373
105.1999999999983,0.0,0.0,4971.217039110961,0.0,0.0,-58.93620256920295,0.0,0.0,0.1967445172250155
105.29999999999829,0.0,0.0,4965.326367545326,0.0,0.0,-58.916544627300055,0.0,0.0,0.19657941902894116
105.39999999999829,0.0,0.0,4959.437659300772,0.0,0.0,-58.89690317279441,0.0,0.0,0.19641454505643985
105.49999999999828,0.0,0.0,4953.5509127319165,0.0,0.0,-58.877278183303666,0.0,0.0,0.19624989490747247
105.59999999999827,0.0,0.0,4947.666126195609,0.0,0.0,-58.857669636485454,0.0,0.0,0.19608546818214379
105.69999999999827,0.0,0.0,4941.783298050927,0.0,0.0,-58.83807751003738,0.0,0.0,0.19592126448071134
105.79999999999826,0.0,0.0,4935.902426659175,0.0,0.0,-58.818501781697016,0.0,0.0,0.19575728340362808
105.89999999999826,0.0,0.0,4930.023510383874,0.0,0.0,-58.79894242924186,0.0,0.0,0.19559352455153878
105.99999999999825,0.0,0.0,4924.146547590763,0.0,0.0,-58.77939943048933,0.0,0.0,0.19542998752533514
106.09999999999825,0.0,0.0,4918.271536647792,0.0,0.0,-58.75987276329671,0.0,0.0,0.1952666719261611
106.19999999999824,0.0,0.0,4912.398475925123,0.0,0.0,-58.74036240556117,0.0,0.0,0.19510357735543593
106.29999999999824,0.0,0.0,4906.527363795119,0.0,0.0,-58.720868335219684,0.0,0.0,0.19494070341487024
106.39999999999823,0.0,0.0,4900.658198632343,0.0,0.0,-58.701390530249036,0.0,0.0,0.19477804970651214
106.49999999999822,0.0,0.0,4894.790978813555,0.0,0.0,-58.681928968665765,0.0,0.0,0.1946156158327188
106.59999999999822,0.0,0.0,4888.925702717709,0.0,0.0,-58.66248362852614,0.0,0.0,0.19445340139623468
106.69999999999821,0.0,0.0,4883.062368725947,0.0,0.0,-58.64305448792612,0.0,0.0,0.19429140600017725
106.7999999999982,0.0,0.0,4877.200975221593,0.0,0.0,-58.62364152500132,0.0,0.0,0.19412962924802635
106.8999999999982,0.0,0.0,4871.341520590154,0.0,0.0,-58.604244717926946,0.0,0.0,0.1939680707437077
106.9999999999982,0.0,0.0,4865.484003219312,0.0,0.0,-58.58486404491779,0.0,0.0,0.19380673009154492
107.09999999999819,0.0,0.0,4859.628421498924,0.0,0.0,-58.56549948422816,0.0,0.0,0.1936456068963377
107.19999999999818,0.0,0.0,4853.774773821012,0.0,0.0,-58.54615101415183,0.0,0.0,0.1934847007633156
107.29999999999818,0.0,0.0,4847.923058579766,0.0,0.0,-58.526818613022016,0.0,0.0,0.19332401129818777
107.39999999999817,0.0,0.0,4842.073274171536,0.0,0.0,-58.5075022592113,0.0,0.0,0.19316353810714126
107.49999999999817,0.0,0.0,4836.225418994826,0.0,0.0,-58.48820193113161,0.0,0.0,0.1930032807968729
107.59999999999816,0.0,0.0,4830.379491450298,0.0,0.0,-58.468917607234154,0.0,0.0,0.1928432389746053
107.69999999999816,0.0,0.0,4824.535489940758,0.0,0.0,-58.449649266009345,0.0,0.0,0.19268341224805674
107.79999999999815,0.0,0.0,4818.693412871161,0.0,0.0,-58.430396885986795,0.0,0.0,0.1925238002254961
107.89999999999814,0.0,0.0,4812.8532586486,0.0,0.0,-58.41116044573522,0.0,0.0,0.1923644025157465
107.99999999999814,0.0,0.0,4807.015025682307,0.0,0.0,-58.3919399238624,0.0,0.0,0.1922052187281924
108.09999999999813,0.0,0.0,4801.178712383648,0.0,0.0,-58.372735299015126,0.0,0.0,0.19204624847277074
108.19999999999813,0.0,0.0,4795.344317166117,0.0,0.0,-58.35354654987913,0.0,0.0,0.1918874913600046
108.29999999999812,0.0,0.0,4789.511838445334,0.0,0.0,-58.33437365517902,0.0,0.0,0.1917289470010246
108.39999999999812,0.0,0.0,4783.6812746390415,0.0,0.0,-58.315216593678265,0.0,0.0,0.19157061500754224
108.49999999999811,0.0,0.0,4777.852624167099,0.0,0.0,-58.29607534417908,0.0,0.0,0.19141249499188007
108.5999999999981,0.0,0.0,4772.02588545148,0.0,0.0,-58.27694988552238,0.0,0.0,0.19125458656699657
108.6999999999981,0.0,0.0,4766.201056916268,0.0,0.0,-58.257840196587736,0.0,0.0,0.19109688934644709
108.7999999999981,0.0,0.0,4760.378136987653,0.0,0.0,-58.23874625629329,0.0,0.0,0.19093940294443712
108.89999999999809,0.0,0.0,4754.557124093929,0.0,0.0,-58.21966804359571,0.0,0.0,0.1907821269758223
108.99999999999808,0.0,0.0,4748.738016665485,0.0,0.0,-58.200605537490105,0.0,0.0,0.19062506105608534
109.09999999999808,0.0,0.0,4742.920813134808,0.0,0.0,-58.18155871700997,0.0,0.0,0.1904682048013786
109.19999999999807,0.0,0.0,4737.105511936475,0.0,0.0,-58.16252756122712,0.0,0.0,0.19031155782850462
109.29999999999806,0.0,0.0,4731.292111507149,0.0,0.0,-58.143512049251626,0.0,0.0,0.19015511975495336
109.39999999999806,0.0,0.0,4725.480610285576,0.0,0.0,-58.12451216023174,0.0,0.0,0.18999889019888094
109.49999999999805,0.0,0.0,4719.671006712585,0.0,0.0,-58.10552787335383,0.0,0.0,0.18984286877911316
109.59999999999805,0.0,0.0,4713.863299231077,0.0,0.0,-58.08655916784231,0.0,0.0,0.1896870551151757
109.69999999999804,0.0,0.0,4708.057486286025,0.0,0.0,-58.06760602295958,0.0,0.0,0.18953144882727635
109.79999999999804,0.0,0.0,4702.253566324472,0.0,0.0,-58.048668418005946,0.0,0.0,0.1893760495363388
109.89999999999803,0.0,0.0,4696.451537795524,0.0,0.0,-58.02974633231955,0.0,0.0,0.18922085686395462
109.99999999999802,0.0,0.0,4690.651399150349,0.0,0.0,-58.0108397452763,0.0,0.0,0.18906587043244905
110.09999999999802,0.0,0.0,4684.8531488421695,0.0,0.0,-57.99194863628981,0.0,0.0,0.18891108986484717
110.19999999999801,0.0,0.0,4679.056785326262,0.0,0.0,-57.973072984811324,0.0,0.0,0.1887565147848882
110.29999999999801,0.0,0.0,4673.262307059953,0.0,0.0,-57.95421277032962,0.0,0.0,0.18860214481703963
110.399999999998,0.0,0.0,4667.469712502614,0.0,0.0,-57.93536797237097,0.0,0.0,0.18844797958647597
110.499999999998,0.0,0.0,4661.679000115658,0.0,0.0,-57.91653857049906,0.0,0.0,0.18829401871909468
110.59999999999799,0.0,0.0,4655.890168362535,0.0,0.0,-57.897724544314904,0.0,0.0,0.1881402618415482
110.69999999999798,0.0,0.0,4650.103215708733,0.0,0.0,-57.87892587345679,0.0,0.0,0.18798670858118882
110.79999999999798,0.0,0.0,4644.318140621765,0.0,0.0,-57.860142537600176,0.0,0.0,0.18783335856613803
110.89999999999797,0.0,0.0,4638.534941571177,0.0,0.0,-57.841374516457655,0.0,0.0,0.18768021142521718
110.99999999999797,0.0,0.0,4632.753617028533,0.0,0.0,-57.82262178977886,0.0,0.0,0.187527266788015
111.09999999999796,0.0,0.0,4626.974165467419,0.0,0.0,-57.80388433735037,0.0,0.0,0.18737452428485746
111.19999999999796,0.0,0.0,4621.196585363437,0.0,0.0,-57.78516213899569,0.0,0.0,0.18722198354680408
111.29999999999795,0.0,0.0,4615.420875194201,0.0,0.0,-57.76645517457512,0.0,0.0,0.18706964420567296
111.39999999999795,0.0,0.0,4609.647033439332,0.0,0.0,-57.74776342398572,0.0,0.0,0.18691750589404243
111.49999999999794,0.0,0.0,4603.875058580456,0.0,0.0,-57.72908686716119,0.0,0.0,0.18676556824521384
111.59999999999793,0.0,0.0,4598.104949101204,0.0,0.0,-57.71042548407186,0.0,0.0,0.18661383089327188
111.69999999999793,0.0,0.0,4592.336703487198,0.0,0.0,-57.69177925472456,0.0,0.0,0.18646229347302778
111.79999999999792,0.0,0.0,4586.57032022606,0.0,0.0,-57.67314815916255,0.0,0.0,0.18631095562006728
111.89999999999792,0.0,0.0,4580.805797807398,0.0,0.0,-57.65453217746548,0.0,0.0,0.18615981697073813
111.99999999999791,0.0,0.0,4575.04313472281,0.0,0.0,-57.635931289749266,0.0,0.0,0.18600887716212178
112.0999999999979,0.0,0.0,4569.282329465872,0.0,0.0,-57.61734547616606,0.0,0.0,0.18585813583207944
112.1999999999979,0.0,0.0,4563.523380532145,0.0,0.0,-57.59877471690414,0.0,0.0,0.1857075926192291
112.2999999999979,0.0,0.0,4557.766286419162,0.0,0.0,-57.580218992187845,0.0,0.0,0.18555724716296318
112.39999999999789,0.0,0.0,4552.011045626429,0.0,0.0,-57.561678282277505,0.0,0.0,0.18540709910340603
112.49999999999788,0.0,0.0,4546.257656655423,0.0,0.0,-57.543152567469356,0.0,0.0,0.18525714808147065
112.59999999999788,0.0,0.0,4540.506118009582,0.0,0.0,-57.524641828095476,0.0,0.0,0.18510739373883034
112.69999999999787,0.0,0.0,4534.756428194308,0.0,0.0,-57.50614604452368,0.0,0.0,0.18495783571791335
112.79999999999787,0.0,0.0,4529.008585716961,0.0,0.0,-57.48766519715749,0.0,0.0,0.18480847366191355
112.89999999999786,0.0,0.0,4523.262589086853,0.0,0.0,-57.46919926643601,0.0,0.0,0.1846593072148064
112.99999999999785,0.0,0.0,4517.5184368152495,0.0,0.0,-57.450748232833874,0.0,0.0,0.1845103360213205
113.09999999999785,0.0,0.0,4511.776127415362,0.0,0.0,-57.43231207686118,0.0,0.0,0.1843615597269448
113.19999999999784,0.0,0.0,4506.035659402345,0.0,0.0,-57.41389077906339,0.0,0.0,0.18421297797795155
113.29999999999784,0.0,0.0,4500.297031293295,0.0,0.0,-57.395484320021254,0.0,0.0,0.18406459042135914
113.39999999999783,0.0,0.0,4494.560241607243,0.0,0.0,-57.377092680350756,0.0,0.0,0.18391639670496396
113.49999999999783,0.0,0.0,4488.825288865155,0.0,0.0,-57.35871584070303,0.0,0.0,0.18376839647731913
113.59999999999782,0.0,0.0,4483.092171589926,0.0,0.0,-57.34035378176425,0.0,0.0,0.18362058938775405
113.69999999999781,0.0,0.0,4477.360888306375,0.0,0.0,-57.32200648425562,0.0,0.0,0.18347297508636196
113.79999999999781,0.0,0.0,4471.6314375412485,0.0,0.0,-57.303673928933215,0.0,0.0,0.18332555322399458
113.8999999999978,0.0,0.0,4465.903817823207,0.0,0.0,-57.28535609658799,0.0,0.0,0.18317832345226748
113.9999999999978,0.0,0.0,4460.178027682829,0.0,0.0,-57.26705296804563,0.0,0.0,0.1830312854235725
114.09999999999779,0.0,0.0,4454.454065652607,0.0,0.0,-57.248764524166525,0.0,0.0,0.18288443879104754
114.19999999999779,0.0,0.0,4448.731930266938,0.0,0.0,-57.230490745845664,0.0,0.0,0.1827377832086139
114.29999999999778,0.0,0.0,4443.011620062129,0.0,0.0,-57.212231614012566,0.0,0.0,0.18259131833094244
114.39999999999777,0.0,0.0,4437.293133576384,0.0,0.0,-57.19398710963122,0.0,0.0,0.18244504381346616
114.49999999999777,0.0,0.0,4431.57646934981,0.0,0.0,-57.17575721369999,0.0,0.0,0.18229895931238005
114.59999999999776,0.0,0.0,4425.861625924407,0.0,0.0,-57.15754190725152,0.0,0.0,0.18215306448464652
114.69999999999776,0.0,0.0,4420.148601844067,0.0,0.0,-57.139341171352726,0.0,0.0,0.18200735898797227
114.79999999999775,0.0,0.0,4414.43739565457,0.0,0.0,-57.12115498710464,0.0,0.0,0.18186184248085446
114.89999999999775,0.0,0.0,4408.728005903578,0.0,0.0,-57.102983335642385,0.0,0.0,0.1817165146225097
114.99999999999774,0.0,0.0,4403.0204311406405,0.0,0.0,-57.08482619813509,0.0,0.0,0.1815713750729362
115.09999999999773,0.0,0.0,4397.314669917179,0.0,0.0,-57.0666835557858,0.0,0.0,0.1814264234928853
115.19999999999773,0.0,0.0,4391.610720786494,0.0,0.0,-57.048555389831414,0.0,0.0,0.18128165954385622
115.29999999999772,0.0,0.0,4385.908582303755,0.0,0.0,-57.030441681542605,0.0,0.0,0.18113708288810493
115.39999999999772,0.0,0.0,4380.208253025999,0.0,0.0,-57.01234241222374,0.0,0.0,0.1809926931886583
115.49999999999771,0.0,0.0,4374.5097315121275,0.0,0.0,-56.99425756321281,0.0,0.0,0.18084849010926796
115.5999999999977,0.0,0.0,4368.813016322906,0.0,0.0,-56.976187115881366,0.0,0.0,0.18070447331445116
115.6999999999977,0.0,0.0,4363.118106020955,0.0,0.0,-56.95813105163442,0.0,0.0,0.18056064246946413
115.7999999999977,0.0,0.0,4357.42499917075,0.0,0.0,-56.94008935191039,0.0,0.0,0.180416997240334
115.89999999999769,0.0,0.0,4351.733694338619,0.0,0.0,-56.92206199818101,0.0,0.0,0.18027353729381979
115.99999999999768,0.0,0.0,4346.044190092735,0.0,0.0,-56.90404897195126,0.0,0.0,0.18013026229742835
116.09999999999768,0.0,0.0,4340.356485003119,0.0,0.0,-56.88605025475932,0.0,0.0,0.1799871719194126
116.19999999999767,0.0,0.0,4334.67057764163,0.0,0.0,-56.86806582817644,0.0,0.0,0.17984426582877155
116.29999999999767,0.0,0.0,4328.986466581968,0.0,0.0,-56.85009567380692,0.0,0.0,0.17970154369525204
116.39999999999766,0.0,0.0,4323.304150399665,0.0,0.0,-56.832139773287984,0.0,0.0,0.17955900518932388
116.49999999999766,0.0,0.0,4317.623627672086,0.0,0.0,-56.814198108289766,0.0,0.0,0.17941664998221896
116.59999999999765,0.0,0.0,4311.944896978423,0.0,0.0,-56.79627066051518,0.0,0.0,0.1792744777458921
116.69999999999764,0.0,0.0,4306.267956899694,0.0,0.0,-56.77835741169987,0.0,0.0,0.1791324881530425
116.79999999999764,0.0,0.0,4300.592806018737,0.0,0.0,-56.760458343612164,0.0,0.0,0.17899068087710823
116.89999999999763,0.0,0.0,4294.91944292021,0.0,0.0,-56.742573438052936,0.0,0.0,0.17884905559225217
116.99999999999763,0.0,0.0,4289.247866190584,0.0,0.0,-56.7247026768556,0.0,0.0,0.17870761197337437
117.09999999999762,0.0,0.0,4283.578074418144,0.0,0.0,-56.70684604188599,0.0,0.0,0.1785663496961174
117.19999999999762,0.0,0.0,4277.9100661929815,0.0,0.0,-56.6890035150423,0.0,0.0,0.1784252684368397
117.29999999999761,0.0,0.0,4272.243840106996,0.0,0.0,-56.67117507825504,0.0,0.0,0.17828436787263158
117.3999999999976,0.0,0.0,4266.579394753886,0.0,0.0,-56.65336071348691,0.0,0.0,0.1781436476813152
117.4999999999976,0.0,0.0,4260.91672872915,0.0,0.0,-56.635560402732764,0.0,0.0,0.17800310754143567
117.59999999999759,0.0,0.0,4255.255840630084,0.0,0.0,-56.61777412801954,0.0,0.0,0.17786274713226646
117.69999999999759,0.0,0.0,4249.596729055774,0.0,0.0,-56.600001871406164,0.0,0.0,0.1777225661337969
117.79999999999758,0.0,0.0,4243.939392607096,0.0,0.0,-56.58224361498349,0.0,0.0,0.17758256422673213
117.89999999999758,0.0,0.0,4238.283829886715,0.0,0.0,-56.564499340874235,0.0,0.0,0.1774427410925199
117.99999999999757,0.0,0.0,4232.630039499073,0.0,0.0,-56.546769031232905,0.0,0.0,0.1773030964132971
118.09999999999756,0.0,0.0,4226.978020050398,0.0,0.0,-56.52905266824571,0.0,0.0,0.17716362987194323
118.19999999999756,0.0,0.0,4221.327770148691,0.0,0.0,-56.51135023413051,0.0,0.0,0.17702434115203758
118.29999999999755,0.0,0.0,4215.679288403728,0.0,0.0,-56.493661711136724,0.0,0.0,0.17688522993786826
118.39999999999755,0.0,0.0,4210.032573427053,0.0,0.0,-56.47598708154528,0.0,0.0,0.17674629591445346
118.49999999999754,0.0,0.0,4204.38762383198,0.0,0.0,-56.45832632766853,0.0,0.0,0.17660753876750235
118.59999999999754,0.0,0.0,4198.744438233586,0.0,0.0,-56.440679431850185,0.0,0.0,0.17646895818345065
118.69999999999753,0.0,0.0,4193.103015248709,0.0,0.0,-56.423046376465244,0.0,0.0,0.1763305538494322
118.79999999999752,0.0,0.0,4187.463353495945,0.0,0.0,-56.405427143919916,0.0,0.0,0.17619232545326824
118.89999999999752,0.0,0.0,4181.825451595643,0.0,0.0,-56.387821716651565,0.0,0.0,0.1760542726835137
118.99999999999751,0.0,0.0,4176.189308169906,0.0,0.0,-56.370230077128625,0.0,0.0,0.1759163952294145
119.09999999999751,0.0,0.0,4170.554921842585,0.0,0.0,-56.35265220785053,0.0,0.0,0.17577869278091107
119.1999999999975,0.0,0.0,4164.922291239275,0.0,0.0,-56.33508809134767,0.0,0.0,0.1756411650286367
119.2999999999975,0.0,0.0,4159.291414987315,0.0,0.0,-56.31753771018128,0.0,0.0,0.17550381166395113
119.39999999999749,0.0,0.0,4153.662291715783,0.0,0.0,-56.300001046943386,0.0,0.0,0.17536663237887673
119.49999999999748,0.0,0.0,4148.034920055492,0.0,0.0,-56.28247808425677,0.0,0.0,0.1752296268661393
119.59999999999748,0.0,0.0,4142.409298638989,0.0,0.0,-56.26496880477486,0.0,0.0,0.1750927948191663
119.69999999999747,0.0,0.0,4136.7854261005505,0.0,0.0,-56.247473191181655,0.0,0.0,0.17495613593207437
119.79999999999747,0.0,0.0,4131.163301076181,0.0,0.0,-56.22999122619169,0.0,0.0,0.17481964989964993
119.89999999999746,0.0,0.0,4125.542922203608,0.0,0.0,-56.212522892549956,0.0,0.0,0.17468333641738987
119.99999999999746,0.0,0.0,4119.924288122281,0.0,0.0,-56.19506817303181,0.0,0.0,0.17454719518145723
120.09999999999745,0.0,0.0,4114.307397473366,0.0,0.0,-56.177627050442936,0.0,0.0,0.17441122588871494
120.19999999999744,0.0,0.0,4108.692248899745,0.0,0.0,-56.16019950761927,0.0,0.0,0.17427542823670628
120.29999999999744,0.0,0.0,4103.078841046012,0.0,0.0,-56.1427855274269,0.0,0.0,0.17413980192364598
120.39999999999743,0.0,0.0,4097.4671725584685,0.0,0.0,-56.12538509276206,0.0,0.0,0.17400434664841313
120.49999999999743,0.0,0.0,4091.857242085124,0.0,0.0,-56.107998186551,0.0,0.0,0.17386906211060627
120.59999999999742,0.0,0.0,4086.2490482756893,0.0,0.0,-56.09062479174995,0.0,0.0,0.17373394801045805
120.69999999999742,0.0,0.0,4080.642589781575,0.0,0.0,-56.07326489134506,0.0,0.0,0.17359900404889927
120.79999999999741,0.0,0.0,4075.0378652558898,0.0,0.0,-56.05591846835231,0.0,0.0,0.1734642299275162
120.8999999999974,0.0,0.0,4069.434873353435,0.0,0.0,-56.03858550581745,0.0,0.0,0.17332962534857366
120.9999999999974,0.0,0.0,4063.8336127307034,0.0,0.0,-56.02126598681595,0.0,0.0,0.1731951900150115
121.0999999999974,0.0,0.0,4058.234082045876,0.0,0.0,-56.003959894452905,0.0,0.0,0.17306092363042325
121.19999999999739,0.0,0.0,4052.6362799588196,0.0,0.0,-55.986667211862994,0.0,0.0,0.1729268258990757
121.29999999999738,0.0,0.0,4047.040205131081,0.0,0.0,-55.9693879222104,0.0,0.0,0.17279289652589824
121.39999999999738,0.0,0.0,4041.4458562258883,0.0,0.0,-55.952122008688754,0.0,0.0,0.17265913521647214
121.49999999999737,0.0,0.0,4035.8532319081446,0.0,0.0,-55.93486945452105,0.0,0.0,0.17252554167705014
121.59999999999737,0.0,0.0,4030.2623308444267,0.0,0.0,-55.917630242959596,0.0,0.0,0.1723921156145476
121.69999999999736,0.0,0.0,4024.6731517029816,0.0,0.0,-55.90040435728594,0.0,0.0,0.17225885673651575
121.79999999999735,0.0,0.0,4019.085693153724,0.0,0.0,-55.883191780810826,0.0,0.0,0.1721257647511809
121.89999999999735,0.0,0.0,4013.4999538682337,0.0,0.0,-55.865992496874085,0.0,0.0,0.1719928393674195
121.99999999999734,0.0,0.0,4007.9159325197506,0.0,0.0,-55.84880648884461,0.0,0.0,0.17186008029474564
122.09999999999734,0.0,0.0,4002.333627783175,0.0,0.0,-55.831633740120274,0.0,0.0,0.17172748724333253
122.19999999999733,0.0,0.0,3996.753038335062,0.0,0.0,-55.81447423412787,0.0,0.0,0.17159505992400703
122.29999999999733,0.0,0.0,3991.1741628536197,0.0,0.0,-55.797327954323045,0.0,0.0,0.1714627980482355
122.39999999999732,0.0,0.0,3985.597000018707,0.0,0.0,-55.78019488419023,0.0,0.0,0.17133070132813089
122.49999999999731,0.0,0.0,3980.02154851183,0.0,0.0,-55.763075007242584,0.0,0.0,0.1711987694764563
122.59999999999731,0.0,0.0,3974.447807016139,0.0,0.0,-55.745968307021926,0.0,0.0,0.171067002206593
122.6999999999973,0.0,0.0,3968.8757742164253,0.0,0.0,-55.72887476709867,0.0,0.0,0.17093539923258838
122.7999999999973,0.0,0.0,3963.3054487991194,0.0,0.0,-55.711794371071754,0.0,0.0,0.17080396026912048
122.89999999999729,0.0,0.0,3957.7368294522876,0.0,0.0,-55.694727102568606,0.0,0.0,0.17067268503149435
122.99999999999729,0.0,0.0,3952.1699148656294,0.0,0.0,-55.67767294524504,0.0,0.0,0.17054157323565633
123.09999999999728,0.0,0.0,3946.604703730474,0.0,0.0,-55.660631882785225,0.0,0.0,0.17041062459818868
123.19999999999727,0.0,0.0,3941.041194739778,0.0,0.0,-55.643603898901596,0.0,0.0,0.17027983883630426
123.29999999999727,0.0,0.0,3935.479386588123,0.0,0.0,-55.62658897733481,0.0,0.0,0.17014921566784302
123.39999999999726,0.0,0.0,3929.9192779717114,0.0,0.0,-55.609587101853684,0.0,0.0,0.17001875481126127
123.49999999999726,0.0,0.0,3924.3608675883656,0.0,0.0,-55.592598256255116,0.0,0.0,0.16988845598567082
123.59999999999725,0.0,0.0,3918.8041541375237,0.0,0.0,-55.575622424364035,0.0,0.0,0.16975831891079451
123.69999999999725,0.0,0.0,3913.249136320237,0.0,0.0,-55.55865959003334,0.0,0.0,0.16962834330694676
123.79999999999724,0.0,0.0,3907.695812839167,0.0,0.0,-55.54170973714383,0.0,0.0,0.16949852889512584
123.89999999999723,0.0,0.0,3902.144182398584,0.0,0.0,-55.52477284960414,0.0,0.0,0.16936887539691092
123.99999999999723,0.0,0.0,3896.5942437043614,0.0,0.0,-55.50784891135069,0.0,0.0,0.169239382534478
124.09999999999722,0.0,0.0,3891.045995463977,0.0,0.0,-55.490937906347625,0.0,0.0,0.16911005003067459
124.19999999999722,0.0,0.0,3885.499436386506,0.0,0.0,-55.47403981858673,0.0,0.0,0.1689808776089201
124.29999999999721,0.0,0.0,3879.9545651826224,0.0,0.0,-55.4571546320874,0.0,0.0,0.1688518649932842
124.3999999999972,0.0,0.0,3874.4113805645925,0.0,0.0,-55.440282330896565,0.0,0.0,0.168723011908396
124.4999999999972,0.0,0.0,3868.869881246274,0.0,0.0,-55.423422899088614,0.0,0.0,0.1685943180795455
124.5999999999972,0.0,0.0,3863.3300659431134,0.0,0.0,-55.40657632076535,0.0,0.0,0.16846578323260353
124.69999999999719,0.0,0.0,3857.7919333721434,0.0,0.0,-55.389742580055945,0.0,0.0,0.16833740709406086
124.79999999999718,0.0,0.0,3852.2554822519787,0.0,0.0,-55.37292166111685,0.0,0.0,0.1682091893909945
124.89999999999718,0.0,0.0,3846.720711302815,0.0,0.0,-55.35611354813174,0.0,0.0,0.16808112985111912
124.99999999999717,0.0,0.0,3841.1876192464247,0.0,0.0,-55.339318225311466,0.0,0.0,0.1679532282027143
125.09999999999717,0.0,0.0,3835.656204806156,0.0,0.0,-55.322535676894,0.0,0.0,0.16782548417469023
125.19999999999716,0.0,0.0,3830.126466706929,0.0,0.0,-55.30576588714435,0.0,0.0,0.16769789749652553
125.29999999999715,0.0,0.0,3824.598403675233,0.0,0.0,-55.28900884035451,0.0,0.0,0.16757046789832408
125.39999999999715,0.0,0.0,3819.0720144391244,0.0,0.0,-55.272264520843436,0.0,0.0,0.16744319511077776
125.49999999999714,0.0,0.0,3813.547297728223,0.0,0.0,-55.255532912956916,0.0,0.0,0.16731607886516464
125.59999999999714,0.0,0.0,3808.0242522737108,0.0,0.0,-55.23881400106758,0.0,0.0,0.16718911889335253
125.69999999999713,0.0,0.0,3802.502876808328,0.0,0.0,-55.2221077695748,0.0,0.0,0.1670623149278221
125.79999999999713,0.0,0.0,3796.983170066371,0.0,0.0,-55.205414202904635,0.0,0.0,0.16693566670161353
125.89999999999712,0.0,0.0,3791.4651307836893,0.0,0.0,-55.1887332855098,0.0,0.0,0.16680917394839057
125.99999999999712,0.0,0.0,3785.9487576976844,0.0,0.0,-55.17206500186956,0.0,0.0,0.16668283640236403
126.09999999999711,0.0,0.0,3780.4340495473043,0.0,0.0,-55.155409336489726,0.0,0.0,0.16655665379835582
126.1999999999971,0.0,0.0,3774.9210050730435,0.0,0.0,-55.13876627390255,0.0,0.0,0.16643062587175983
126.2999999999971,0.0,0.0,3769.4096230169384,0.0,0.0,-55.12213579866669,0.0,0.0,0.16630475235857034
126.39999999999709,0.0,0.0,3763.899902122567,0.0,0.0,-55.10551789536716,0.0,0.0,0.166179032995327
126.49999999999709,0.0,0.0,3758.391841135043,0.0,0.0,-55.08891254861524,0.0,0.0,0.16605346751917693
126.59999999999708,0.0,0.0,3752.8854388010163,0.0,0.0,-55.07231974304846,0.0,0.0,0.1659280556678393
126.69999999999708,0.0,0.0,3747.3806938686694,0.0,0.0,-55.055739463330504,0.0,0.0,0.1658027971795928
126.79999999999707,0.0,0.0,3741.877605087713,0.0,0.0,-55.03917169415117,0.0,0.0,0.1656776917933147
126.89999999999706,0.0,0.0,3736.376171209387,0.0,0.0,-55.02261642022633,0.0,0.0,0.16555273924843839
126.99999999999706,0.0,0.0,3730.8763909864538,0.0,0.0,-55.006073626297834,0.0,0.0,0.1654279392849567
127.09999999999705,0.0,0.0,3725.378263173199,0.0,0.0,-54.98954329713349,0.0,0.0,0.1653032916434629
127.19999999999705,0.0,0.0,3719.8817865254264,0.0,0.0,-54.973025417526976,0.0,0.0,0.16517879606509922
127.29999999999704,0.0,0.0,3714.386959800458,0.0,0.0,-54.95651997229782,0.0,0.0,0.16505445229157623
127.39999999999704,0.0,0.0,3708.893781757129,0.0,0.0,-54.940026946291304,0.0,0.0,0.1649302600651641
127.49999999999703,0.0,0.0,3703.402251155787,0.0,0.0,-54.923546324378435,0.0,0.0,0.16480621912870852
127.59999999999702,0.0,0.0,3697.9123667582876,0.0,0.0,-54.90707809145587,0.0,0.0,0.164682329225613
127.69999999999702,0.0,0.0,3692.4241273279936,0.0,0.0,-54.89062223244589,0.0,0.0,0.1645585900998281
127.79999999999701,0.0,0.0,3686.9375316297715,0.0,0.0,-54.87417873229631,0.0,0.0,0.16443500149587997
127.89999999999701,0.0,0.0,3681.452578429989,0.0,0.0,-54.857747575980426,0.0,0.0,0.16431156315884898
127.999999999997,0.0,0.0,3675.9692664965137,0.0,0.0,-54.84132874849699,0.0,0.0,0.16418827483436793
128.099999999997,0.0,0.0,3670.487594598708,0.0,0.0,-54.82492223487013,0.0,0.0,0.16406513626862385
128.199999999997,0.0,0.0,3665.007561507429,0.0,0.0,-54.808528020149296,0.0,0.0,0.1639421472083562
128.299999999997,0.0,0.0,3659.529165995025,0.0,0.0,-54.79214608940921,0.0,0.0,0.16381930740086048
128.399999999997,0.0,0.0,3654.052406835333,0.0,0.0,-54.77577642774981,0.0,0.0,0.1636966165939704
128.499999999997,0.0,0.0,3648.577282803676,0.0,0.0,-54.7594190202962,0.0,0.0,0.16357407453608452
128.59999999999698,0.0,0.0,3643.1037926768613,0.0,0.0,-54.743073852198584,0.0,0.0,0.1634516809761486
128.69999999999698,0.0,0.0,3637.6319352331766,0.0,0.0,-54.72674090863222,0.0,0.0,0.16332943566362879
128.79999999999697,0.0,0.0,3632.1617092523884,0.0,0.0,-54.71042017479737,0.0,0.0,0.1632073383485615
128.89999999999696,0.0,0.0,3626.69311351574,0.0,0.0,-54.69411163591922,0.0,0.0,0.16308538878152312
128.99999999999696,0.0,0.0,3621.226146805949,0.0,0.0,-54.67781527724786,0.0,0.0,0.1629635867136212
129.09999999999695,0.0,0.0,3615.760807907203,0.0,0.0,-54.66153108405821,0.0,0.0,0.16284193189649976
129.19999999999695,0.0,0.0,3610.297095605158,0.0,0.0,-54.64525904164998,0.0,0.0,0.1627204240823552
129.29999999999694,0.0,0.0,3604.8350086869386,0.0,0.0,-54.628999135347584,0.0,0.0,0.1625990630239258
129.39999999999694,0.0,0.0,3599.374545941131,0.0,0.0,-54.61275135050014,0.0,0.0,0.162477848474456
129.49999999999693,0.0,0.0,3593.915706157784,0.0,0.0,-54.59651567248137,0.0,0.0,0.1623567801877499
129.59999999999692,0.0,0.0,3588.4584881284045,0.0,0.0,-54.58029208668955,0.0,0.0,0.16223585791813733
129.69999999999692,0.0,0.0,3583.002890645957,0.0,0.0,-54.564080578547504,0.0,0.0,0.1621150814204917
129.7999999999969,0.0,0.0,3577.548912504859,0.0,0.0,-54.547881133502486,0.0,0.0,0.16199445045018734
129.8999999999969,0.0,0.0,3572.09655250098,0.0,0.0,-54.531693737026174,0.0,0.0,0.16187396476314397
129.9999999999969,0.0,0.0,3566.6458094316395,0.0,0.0,-54.515518374614594,0.0,0.0,0.1617536241158266
130.0999999999969,0.0,0.0,3561.196682095602,0.0,0.0,-54.49935503178808,0.0,0.0,0.16163342826519234
130.1999999999969,0.0,0.0,3555.7491692930776,0.0,0.0,-54.4832036940912,0.0,0.0,0.1615133769687347
130.29999999999688,0.0,0.0,3550.3032698257184,0.0,0.0,-54.46706434709275,0.0,0.0,0.16139346998448545
130.39999999999688,0.0,0.0,3544.858982496615,0.0,0.0,-54.450936976385655,0.0,0.0,0.16127370707098443
130.49999999999687,0.0,0.0,3539.4163061102963,0.0,0.0,-54.43482156758693,0.0,0.0,0.16115408798729014
130.59999999999687,0.0,0.0,3533.975239472725,0.0,0.0,-54.41871810633763,0.0,0.0,0.16103461249298334
130.69999999999686,0.0,0.0,3528.5357813912965,0.0,0.0,-54.402626578302815,0.0,0.0,0.16091528034816527
130.79999999999686,0.0,0.0,3523.097930674836,0.0,0.0,-54.38654696917147,0.0,0.0,0.16079609131345585
130.89999999999685,0.0,0.0,3517.661686133596,0.0,0.0,-54.370479264656474,0.0,0.0,0.16067704514997416
130.99999999999685,0.0,0.0,3512.227046579255,0.0,0.0,-54.35442345049454,0.0,0.0,0.16055814161935977
131.09999999999684,0.0,0.0,3506.7940108249127,0.0,0.0,-54.33837951244616,0.0,0.0,0.16043938048378337
131.19999999999683,0.0,0.0,3501.362577685091,0.0,0.0,-54.32234743629557,0.0,0.0,0.16032076150589347
131.29999999999683,0.0,0.0,3495.932745975728,0.0,0.0,-54.306327207850686,0.0,0.0,0.1602022844488804
131.39999999999682,0.0,0.0,3490.504514514179,0.0,0.0,-54.29031881294304,0.0,0.0,0.16008394907641588
131.49999999999682,0.0,0.0,3485.077882119212,0.0,0.0,-54.274322237427775,0.0,0.0,0.1599657551526974
131.5999999999968,0.0,0.0,3479.652847611006,0.0,0.0,-54.25833746718353,0.0,0.0,0.15984770244241453
131.6999999999968,0.0,0.0,3474.2294098111483,0.0,0.0,-54.24236448811245,0.0,0.0,0.15972979071076843
131.7999999999968,0.0,0.0,3468.807567542633,0.0,0.0,-54.226403286140105,0.0,0.0,0.1596120197234594
131.8999999999968,0.0,0.0,3463.3873196298578,0.0,0.0,-54.21045384721543,0.0,0.0,0.15949438924669757
131.9999999999968,0.0,0.0,3457.968664898622,0.0,0.0,-54.194516157310716,0.0,0.0,0.15937689904717978
132.09999999999678,0.0,0.0,3452.5516021761246,0.0,0.0,-54.1785902024215,0.0,0.0,0.15925954889210914
132.19999999999678,0.0,0.0,3447.136130290961,0.0,0.0,-54.16267596856658,0.0,0.0,0.1591423385491897
132.29999999999677,0.0,0.0,3441.722248073121,0.0,0.0,-54.14677344178792,0.0,0.0,0.15902526778660864
132.39999999999677,0.0,0.0,3436.309954353988,0.0,0.0,-54.130882608150614,0.0,0.0,0.15890833637306478
132.49999999999676,0.0,0.0,3430.899247966334,0.0,0.0,-54.11500345374284,0.0,0.0,0.1587915440777472
132.59999999999675,0.0,0.0,3425.4901277443196,0.0,0.0,-54.0991359646758,0.0,0.0,0.1586748906703228
132.69999999999675,0.0,0.0,3420.082592523491,0.0,0.0,-54.083280127083704,0.0,0.0,0.1585583759209559
132.79999999999674,0.0,0.0,3414.6766411407766,0.0,0.0,-54.067435927123675,0.0,0.0,0.15844199960031347
132.89999999999674,0.0,0.0,3409.2722724344862,0.0,0.0,-54.05160335097572,0.0,0.0,0.15832576147954214
132.99999999999673,0.0,0.0,3403.8694852443086,0.0,0.0,-54.03578238484269,0.0,0.0,0.1582096613302717
133.09999999999673,0.0,0.0,3398.4682784113083,0.0,0.0,-54.01997301495023,0.0,0.0,0.15809369892461866
133.19999999999672,0.0,0.0,3393.0686507779237,0.0,0.0,-54.00417522754671,0.0,0.0,0.1579778740351916
133.29999999999671,0.0,0.0,3387.6706011879655,0.0,0.0,-53.988389008903205,0.0,0.0,0.15786218643506977
133.3999999999967,0.0,0.0,3382.274128486614,0.0,0.0,-53.972614345313424,0.0,0.0,0.1577466358978299
133.4999999999967,0.0,0.0,3376.8792315204155,0.0,0.0,-53.95685122309367,0.0,0.0,0.15763122219752645
133.5999999999967,0.0,0.0,3371.4859091372828,0.0,0.0,-53.941099628582805,0.0,0.0,0.15751594510867406
133.6999999999967,0.0,0.0,3366.0941601864906,0.0,0.0,-53.925359548142175,0.0,0.0,0.15740080440629356
133.7999999999967,0.0,0.0,3360.7039835186742,0.0,0.0,-53.90963096815559,0.0,0.0,0.15728579986586588
133.89999999999668,0.0,0.0,3355.3153779858276,0.0,0.0,-53.893913875029256,0.0,0.0,0.15717093126334447
133.99999999999667,0.0,0.0,3349.9283424413,0.0,0.0,-53.87820825519174,0.0,0.0,0.1570561983751766
134.09999999999667,0.0,0.0,3344.542875739796,0.0,0.0,-53.86251409509391,0.0,0.0,0.15694160097826781
134.19999999999666,0.0,0.0,3339.1589767373694,0.0,0.0,-53.84683138120891,0.0,0.0,0.156827138849998
134.29999999999666,0.0,0.0,3333.776644291425,0.0,0.0,-53.831160100032086,0.0,0.0,0.15671281176822127
134.39999999999665,0.0,0.0,3328.3958772607143,0.0,0.0,-53.81550023808096,0.0,0.0,0.15659861951125542
134.49999999999665,0.0,0.0,3323.016674505334,0.0,0.0,-53.79985178189517,0.0,0.0,0.15648456185789605
134.59999999999664,0.0,0.0,3317.639034886723,0.0,0.0,-53.78421471803643,0.0,0.0,0.15637063858739886
134.69999999999663,0.0,0.0,3312.2629572676615,0.0,0.0,-53.76858903308848,0.0,0.0,0.15625684947948493
134.79999999999663,0.0,0.0,3306.888440512267,0.0,0.0,-53.752974713657046,0.0,0.0,0.15614319431434787
134.89999999999662,0.0,0.0,3301.5154834859945,0.0,0.0,-53.73737174636978,0.0,0.0,0.1560296728726307
134.99999999999662,0.0,0.0,3296.1440850556314,0.0,0.0,-53.721780117876236,0.0,0.0,0.15591628493545606
135.0999999999966,0.0,0.0,3290.774244089298,0.0,0.0,-53.70619981484779,0.0,0.0,0.15580303028440134
135.1999999999966,0.0,0.0,3285.4059594564437,0.0,0.0,-53.69063082397764,0.0,0.0,0.1556899087014969
135.2999999999966,0.0,0.0,3280.0392300278454,0.0,0.0,-53.67507313198072,0.0,0.0,0.15557691996924738
135.3999999999966,0.0,0.0,3274.6740546756055,0.0,0.0,-53.65952672559366,0.0,0.0,0.15546406387058553
135.4999999999966,0.0,0.0,3269.3104322731488,0.0,0.0,-53.64399159157476,0.0,0.0,0.1553513401889468
135.59999999999658,0.0,0.0,3263.948361695222,0.0,0.0,-53.628467716703945,0.0,0.0,0.15523874870818055
135.69999999999658,0.0,0.0,3258.58784181789,0.0,0.0,-53.61295508778269,0.0,0.0,0.1551262892126033
135.79999999999657,0.0,0.0,3253.228871518534,0.0,0.0,-53.59745369163399,0.0,0.0,0.1550139614869952
135.89999999999657,0.0,0.0,3247.8714496758503,0.0,0.0,-53.58196351510233,0.0,0.0,0.15490176531656807
135.99999999999656,0.0,0.0,3242.515575169847,0.0,0.0,-53.566484545053626,0.0,0.0,0.1547897004870098
136.09999999999656,0.0,0.0,3237.1612468818435,0.0,0.0,-53.551016768375185,0.0,0.0,0.15467776678444523
136.19999999999655,0.0,0.0,3231.808463694466,0.0,0.0,-53.53556017197564,0.0,0.0,0.1545659639954291
136.29999999999654,0.0,0.0,3226.457224491647,0.0,0.0,-53.52011474278494,0.0,0.0,0.15445429190699933
136.39999999999654,0.0,0.0,3221.107528158623,0.0,0.0,-53.50468046775428,0.0,0.0,0.1543427503066095
136.49999999999653,0.0,0.0,3215.7593735819323,0.0,0.0,-53.48925733385606,0.0,0.0,0.15423133898217145
136.59999999999653,0.0,0.0,3210.4127596494127,0.0,0.0,-53.473845328083854,0.0,0.0,0.15412005772204296
136.69999999999652,0.0,0.0,3205.0676852501992,0.0,0.0,-53.45844443745235,0.0,0.0,0.15400890631501696
136.79999999999652,0.0,0.0,3199.724149274722,0.0,0.0,-53.44305464899732,0.0,0.0,0.1538978845503376
136.8999999999965,0.0,0.0,3194.3821506147056,0.0,0.0,-53.42767594977555,0.0,0.0,0.153786992217686
136.9999999999965,0.0,0.0,3189.0416881631645,0.0,0.0,-53.41230832686483,0.0,0.0,0.15367622910715717
137.0999999999965,0.0,0.0,3183.702760814403,0.0,0.0,-53.3969517673639,0.0,0.0,0.15356559500933287
137.1999999999965,0.0,0.0,3178.3653674640123,0.0,0.0,-53.38160625839238,0.0,0.0,0.15345508971520516
137.2999999999965,0.0,0.0,3173.029507008868,0.0,0.0,-53.36627178709076,0.0,0.0,0.1533447130161818
137.39999999999648,0.0,0.0,3167.6951783471295,0.0,0.0,-53.35094834062035,0.0,0.0,0.1532344647041448
137.49999999999648,0.0,0.0,3162.362380378236,0.0,0.0,-53.33563590616321,0.0,0.0,0.15312434457138124
137.59999999999647,0.0,0.0,3157.031112002906,0.0,0.0,-53.32033447092215,0.0,0.0,0.15301435241062755
137.69999999999646,0.0,0.0,3151.7013721231338,0.0,0.0,-53.30504402212065,0.0,0.0,0.15290448801503587
137.79999999999646,0.0,0.0,3146.3731596421894,0.0,0.0,-53.289764547002825,0.0,0.0,0.1527947511782095
137.89999999999645,0.0,0.0,3141.0464734646143,0.0,0.0,-53.27449603283341,0.0,0.0,0.1526851416941657
137.99999999999645,0.0,0.0,3135.7213124962213,0.0,0.0,-53.25923846689768,0.0,0.0,0.1525756593573373
138.09999999999644,0.0,0.0,3130.397675644091,0.0,0.0,-53.243991836501415,0.0,0.0,0.15246630396262262
138.19999999999644,0.0,0.0,3125.0755618165704,0.0,0.0,-53.228756128970886,0.0,0.0,0.15235707530531073
138.29999999999643,0.0,0.0,3119.754969923271,0.0,0.0,-53.213531331652774,0.0,0.0,0.1522479731811277
138.39999999999642,0.0,0.0,3114.4358988750664,0.0,0.0,-53.19831743191415,0.0,0.0,0.15213899738623482
138.49999999999642,0.0,0.0,3109.1183475840908,0.0,0.0,-53.18311441714243,0.0,0.0,0.1520301477171877
138.5999999999964,0.0,0.0,3103.802314963736,0.0,0.0,-53.16792227474533,0.0,0.0,0.15192142397098962
138.6999999999964,0.0,0.0,3098.487799928651,0.0,0.0,-53.152740992150825,0.0,0.0,0.15181282594505774
138.7999999999964,0.0,0.0,3093.174801394737,0.0,0.0,-53.137570556807106,0.0,0.0,0.1517043534372302
138.8999999999964,0.0,0.0,3087.86331827915,0.0,0.0,-53.12241095618253,0.0,0.0,0.15159600624574843
138.9999999999964,0.0,0.0,3082.553349500294,0.0,0.0,-53.1072621777656,0.0,0.0,0.1514877841692872
139.09999999999638,0.0,0.0,3077.244893977823,0.0,0.0,-53.092124209064906,0.0,0.0,0.15137968700694415
139.19999999999638,0.0,0.0,3071.9379506326345,0.0,0.0,-53.07699703760908,0.0,0.0,0.15127171455820232
139.29999999999637,0.0,0.0,3066.632518386873,0.0,0.0,-53.06188065094678,0.0,0.0,0.15116386662298886
139.39999999999637,0.0,0.0,3061.3285961639235,0.0,0.0,-53.04677503664662,0.0,0.0,0.15105614300163595
139.49999999999636,0.0,0.0,3056.0261828884113,0.0,0.0,-53.03168018229714,0.0,0.0,0.1509485434948754
139.59999999999636,0.0,0.0,3050.7252774862,0.0,0.0,-53.01659607550675,0.0,0.0,0.1508410679038672
139.69999999999635,0.0,0.0,3045.42587888439,0.0,0.0,-53.00152270390373,0.0,0.0,0.1507337160301674
139.79999999999634,0.0,0.0,3040.1279860113145,0.0,0.0,-52.986460055136156,0.0,0.0,0.1506264876757477
139.89999999999634,0.0,0.0,3034.8315977965403,0.0,0.0,-52.97140811687186,0.0,0.0,0.15051938264299736
139.99999999999633,0.0,0.0,3029.536713170864,0.0,0.0,-52.956366876798384,0.0,0.0,0.15041240073469098
140.09999999999633,0.0,0.0,3024.2433310663105,0.0,0.0,-52.94133632262298,0.0,0.0,0.1503055417540189
140.19999999999632,0.0,0.0,3018.9514504161307,0.0,0.0,-52.92631644207252,0.0,0.0,0.15019880550459241
140.29999999999632,0.0,0.0,3013.6610701548,0.0,0.0,-52.91130722289348,0.0,0.0,0.15009219179039235
140.3999999999963,0.0,0.0,3008.372189218017,0.0,0.0,-52.89630865285189,0.0,0.0,0.14998570041584536
140.4999999999963,0.0,0.0,3003.0848065426994,0.0,0.0,-52.88132071973332,0.0,0.0,0.14987933118573515
140.5999999999963,0.0,0.0,2997.798921066985,0.0,0.0,-52.86634341134279,0.0,0.0,0.1497730839052771
140.6999999999963,0.0,0.0,2992.5145317302263,0.0,0.0,-52.851376715504784,0.0,0.0,0.1496669583800756
140.7999999999963,0.0,0.0,2987.231637472992,0.0,0.0,-52.83642062006317,0.0,0.0,0.14956095441613293
140.89999999999628,0.0,0.0,2981.950237237063,0.0,0.0,-52.82147511288119,0.0,0.0,0.1494550718198635
140.99999999999628,0.0,0.0,2976.670329965431,0.0,0.0,-52.806540181841385,0.0,0.0,0.1493493103980459
141.09999999999627,0.0,0.0,2971.3919146022963,0.0,0.0,-52.79161581484559,0.0,0.0,0.14924366995789384
141.19999999999627,0.0,0.0,2966.1149900930664,0.0,0.0,-52.7767019998149,0.0,0.0,0.1491381503069782
141.29999999999626,0.0,0.0,2960.839555384354,0.0,0.0,-52.76179872468957,0.0,0.0,0.14903275125329962
141.39999999999625,0.0,0.0,2955.565609423974,0.0,0.0,-52.746905977429044,0.0,0.0,0.1489274726052212
141.49999999999625,0.0,0.0,2950.2931511609436,0.0,0.0,-52.73202374601189,0.0,0.0,0.14882231417151992
141.59999999999624,0.0,0.0,2945.0221795454786,0.0,0.0,-52.717152018435755,0.0,0.0,0.14871727576134752
141.69999999999624,0.0,0.0,2939.752693528993,0.0,0.0,-52.70229078271733,0.0,0.0,0.14861235718425547
141.79999999999623,0.0,0.0,2934.484692064095,0.0,0.0,-52.68744002689231,0.0,0.0,0.14850755825018247
141.89999999999623,0.0,0.0,2929.218174104587,0.0,0.0,-52.67259973901537,0.0,0.0,0.14840287876945624
141.99999999999622,0.0,0.0,2923.9531386054637,0.0,0.0,-52.65776990716009,0.0,0.0,0.14829831855278108
142.09999999999621,0.0,0.0,2918.6895845229087,0.0,0.0,-52.64295051941896,0.0,0.0,0.14819387741125034
142.1999999999962,0.0,0.0,2913.4275108142942,0.0,0.0,-52.62814156390333,0.0,0.0,0.14808955515636413
142.2999999999962,0.0,0.0,2908.166916438178,0.0,0.0,-52.61334302874333,0.0,0.0,0.14798535159997428
142.3999999999962,0.0,0.0,2902.907800354302,0.0,0.0,-52.5985549020879,0.0,0.0,0.14788126655433764
142.4999999999962,0.0,0.0,2897.6501615235907,0.0,0.0,-52.58377717210469,0.0,0.0,0.14777729983208765
142.5999999999962,0.0,0.0,2892.393998908149,0.0,0.0,-52.569009826980064,0.0,0.0,0.147673451246229
142.69999999999618,0.0,0.0,2887.13931147126,0.0,0.0,-52.55425285491905,0.0,0.0,0.1475697206101696
142.79999999999617,0.0,0.0,2881.886098177384,0.0,0.0,-52.53950624414528,0.0,0.0,0.14746610773767266
142.89999999999617,0.0,0.0,2876.6343579921563,0.0,0.0,-52.52476998290099,0.0,0.0,0.14736261244288507
142.99999999999616,0.0,0.0,2871.384089882384,0.0,0.0,-52.510044059446955,0.0,0.0,0.14725923454033563
143.09999999999616,0.0,0.0,2866.1352928160472,0.0,0.0,-52.49532846206246,0.0,0.0,0.14715597384493684
143.19999999999615,0.0,0.0,2860.887965762294,0.0,0.0,-52.48062317904526,0.0,0.0,0.14705283017197424
143.29999999999615,0.0,0.0,2855.6421076914394,0.0,0.0,-52.46592819871155,0.0,0.0,0.14694980333708152
143.39999999999614,0.0,0.0,2850.3977175749656,0.0,0.0,-52.45124350939592,0.0,0.0,0.1468468931562974
143.49999999999613,0.0,0.0,2845.1547943855176,0.0,0.0,-52.43656909945132,0.0,0.0,0.14674409944603006
143.59999999999613,0.0,0.0,2839.913337096903,0.0,0.0,-52.42190495724901,0.0,0.0,0.14664142202304653
143.69999999999612,0.0,0.0,2834.6733446840885,0.0,0.0,-52.407251071178564,0.0,0.0,0.14653886070448685
143.79999999999612,0.0,0.0,2829.4348161232,0.0,0.0,-52.392607429647775,0.0,0.0,0.146436415307873
143.8999999999961,0.0,0.0,2824.19775039152,0.0,0.0,-52.377974021082665,0.0,0.0,0.14633408565108041
143.9999999999961,0.0,0.0,2818.962146467485,0.0,0.0,-52.36335083392743,0.0,0.0,0.14623187155235584
144.0999999999961,0.0,0.0,2813.7280033306847,0.0,0.0,-52.3487378566444,0.0,0.0,0.14612977283032258
144.1999999999961,0.0,0.0,2808.49531996186,0.0,0.0,-52.334135077714,0.0,0.0,0.14602778930396987
144.2999999999961,0.0,0.0,2803.2640953429004,0.0,0.0,-52.319542485634734,0.0,0.0,0.145925920792644
144.39999999999608,0.0,0.0,2798.0343284568435,0.0,0.0,-52.30496006892313,0.0,0.0,0.1458241671160465
144.49999999999608,0.0,0.0,2792.8060182878726,0.0,0.0,-52.2903878161137,0.0,0.0,0.14572252809426622
144.59999999999607,0.0,0.0,2787.5791638213145,0.0,0.0,-52.27582571575893,0.0,0.0,0.14562100354774188
144.69999999999607,0.0,0.0,2782.353764043638,0.0,0.0,-52.2612737564292,0.0,0.0,0.14551959329727637
144.79999999999606,0.0,0.0,2777.1298179424525,0.0,0.0,-52.2467319267128,0.0,0.0,0.14541829716402432
144.89999999999606,0.0,0.0,2771.9073245065056,0.0,0.0,-52.23220021521585,0.0,0.0,0.1453171149695205
144.99999999999605,0.0,0.0,2766.686282725682,0.0,0.0,-52.21767861056228,0.0,0.0,0.14521604653563358
145.09999999999604,0.0,0.0,2761.466691591001,0.0,0.0,-52.20316710139382,0.0,0.0,0.14511509168461068
145.19999999999604,0.0,0.0,2756.2485500946154,0.0,0.0,-52.188665676369915,0.0,0.0,0.1450142502390417
145.29999999999603,0.0,0.0,2751.031857229809,0.0,0.0,-52.17417432416772,0.0,0.0,0.14491352202188956
145.39999999999603,0.0,0.0,2745.8166119909947,0.0,0.0,-52.15969303348208,0.0,0.0,0.1448129068564583
145.49999999999602,0.0,0.0,2740.602813373715,0.0,0.0,-52.145221793025435,0.0,0.0,0.14471240456640722
145.59999999999602,0.0,0.0,2735.390460374637,0.0,0.0,-52.13076059152786,0.0,0.0,0.1446120149757597
145.699999999996,0.0,0.0,2730.1795519915527,0.0,0.0,-52.11630941773697,0.0,0.0,0.14451173790888383
145.799999999996,0.0,0.0,2724.970087223377,0.0,0.0,-52.10186826041792,0.0,0.0,0.14441157319050113
145.899999999996,0.0,0.0,2719.762065070145,0.0,0.0,-52.087437108353356,0.0,0.0,0.1443115206456902
145.999999999996,0.0,0.0,2714.555484533011,0.0,0.0,-52.07301595034337,0.0,0.0,0.14421158009986357
146.099999999996,0.0,0.0,2709.3503446142477,0.0,0.0,-52.05860477520549,0.0,0.0,0.14411175137880683
146.19999999999598,0.0,0.0,2704.1466443172417,0.0,0.0,-52.044203571774624,0.0,0.0,0.14401203430863063
146.29999999999598,0.0,0.0,2698.944382646495,0.0,0.0,-52.02981232890304,0.0,0.0,0.14391242871580978
146.39999999999597,0.0,0.0,2693.743558607621,0.0,0.0,-52.015431035460324,0.0,0.0,0.1438129344271637
146.49999999999596,0.0,0.0,2688.544171207344,0.0,0.0,-52.00105968033334,0.0,0.0,0.1437135512698493
146.59999999999596,0.0,0.0,2683.346219453497,0.0,0.0,-51.9866982524262,0.0,0.0,0.14361427907138413
146.69999999999595,0.0,0.0,2678.149702355019,0.0,0.0,-51.97234674066024,0.0,0.0,0.143515117659609
146.79999999999595,0.0,0.0,2672.954618921956,0.0,0.0,-51.95800513397397,0.0,0.0,0.1434160668627218
146.89999999999594,0.0,0.0,2667.7609681654562,0.0,0.0,-51.94367342132304,0.0,0.0,0.14331712650925788
146.99999999999594,0.0,0.0,2662.5687490977703,0.0,0.0,-51.92935159168023,0.0,0.0,0.1432182964281079
147.09999999999593,0.0,0.0,2657.377960732249,0.0,0.0,-51.91503963403538,0.0,0.0,0.14311957644847695
147.19999999999592,0.0,0.0,2652.1886020833413,0.0,0.0,-51.900737537395386,0.0,0.0,0.14302096639994666
147.29999999999592,0.0,0.0,2647.0006721665936,0.0,0.0,-51.886445290784145,0.0,0.0,0.1429224661123989
147.3999999999959,0.0,0.0,2641.8141699986463,0.0,0.0,-51.87216288324254,0.0,0.0,0.14282407541608144
147.4999999999959,0.0,0.0,2636.629094597234,0.0,0.0,-51.857890303828384,0.0,0.0,0.14272579414156894
147.5999999999959,0.0,0.0,2631.4454449811833,0.0,0.0,-51.84362754161641,0.0,0.0,0.1426276221197771
147.6999999999959,0.0,0.0,2626.2632201704096,0.0,0.0,-51.82937458569821,0.0,0.0,0.14252955918195376
147.7999999999959,0.0,0.0,2621.082419185917,0.0,0.0,-51.815131425182244,0.0,0.0,0.14243160515968611
147.89999999999588,0.0,0.0,2615.903041049797,0.0,0.0,-51.800898049193755,0.0,0.0,0.14233375988488284
147.99999999999588,0.0,0.0,2610.7250847852256,0.0,0.0,-51.78667444687478,0.0,0.0,0.14223602318980433
148.09999999999587,0.0,0.0,2605.548549416462,0.0,0.0,-51.772460607384076,0.0,0.0,0.1421383949070325
148.19999999999587,0.0,0.0,2600.3734339688463,0.0,0.0,-51.758256519897124,0.0,0.0,0.142040874869501
148.29999999999586,0.0,0.0,2595.1997374688003,0.0,0.0,-51.74406217360608,0.0,0.0,0.14194346291043303
148.39999999999586,0.0,0.0,2590.0274589438227,0.0,0.0,-51.72987755771974,0.0,0.0,0.14184615886342122
148.49999999999585,0.0,0.0,2584.8565974224894,0.0,0.0,-51.7157026614635,0.0,0.0,0.14174896256236558
148.59999999999584,0.0,0.0,2579.6871519344504,0.0,0.0,-51.70153747407935,0.0,0.0,0.14165187384151956
148.69999999999584,0.0,0.0,2574.5191215104305,0.0,0.0,-51.687381984825805,0.0,0.0,0.14155489253543685
148.79999999999583,0.0,0.0,2569.3525051822253,0.0,0.0,-51.6732361829779,0.0,0.0,0.14145801847900685
148.89999999999583,0.0,0.0,2564.1873019827003,0.0,0.0,-51.65910005782716,0.0,0.0,0.14136125150744583
148.99999999999582,0.0,0.0,2559.0235109457894,0.0,0.0,-51.64497359868153,0.0,0.0,0.14126459145632175
149.09999999999582,0.0,0.0,2553.8611311064938,0.0,0.0,-51.63085679486539,0.0,0.0,0.14116803816147083
149.1999999999958,0.0,0.0,2548.700161500879,0.0,0.0,-51.61674963571948,0.0,0.0,0.14107159145910408
149.2999999999958,0.0,0.0,2543.540601166075,0.0,0.0,-51.60265211060091,0.0,0.0,0.1409752511857345
149.3999999999958,0.0,0.0,2538.3824491402725,0.0,0.0,-51.588564208883085,0.0,0.0,0.14087901717820017
149.4999999999958,0.0,0.0,2533.225704462723,0.0,0.0,-51.57448591995572,0.0,0.0,0.14078288927365534
149.5999999999958,0.0,0.0,2528.070366173737,0.0,0.0,-51.56041723322476,0.0,0.0,0.14068686730959
149.69999999999578,0.0,0.0,2522.9164333146814,0.0,0.0,-51.54635813811238,0.0,0.0,0.1405909511237997
149.79999999999578,0.0,0.0,2517.7639049279783,0.0,0.0,-51.53230862405694,0.0,0.0,0.1404951405544086
149.89999999999577,0.0,0.0,2512.6127800571044,0.0,0.0,-51.51826868051295,0.0,0.0,0.14039943543984634
149.99999999999577,0.0,0.0,2507.4630577465873,0.0,0.0,-51.504238296951065,0.0,0.0,0.1403038356188855
150.09999999999576,0.0,0.0,2502.314737042006,0.0,0.0,-51.490217462858006,0.0,0.0,0.14020834093058276
150.19999999999575,0.0,0.0,2497.1678169899883,0.0,0.0,-51.47620616773657,0.0,0.0,0.14011295121433598
150.29999999999575,0.0,0.0,2492.0222966382094,0.0,0.0,-51.46220440110559,0.0,0.0,0.14001766630985557
150.39999999999574,0.0,0.0,2486.8781750353896,0.0,0.0,-51.44821215249987,0.0,0.0,0.13992248605714863
150.49999999999574,0.0,0.0,2481.735451231294,0.0,0.0,-51.43422941147021,0.0,0.0,0.13982741029656154
150.59999999999573,0.0,0.0,2476.59412427673,0.0,0.0,-51.42025616758334,0.0,0.0,0.1397324388687302
150.69999999999573,0.0,0.0,2471.4541932235456,0.0,0.0,-51.40629241042188,0.0,0.0,0.13963757161462276
150.79999999999572,0.0,0.0,2466.315657124629,0.0,0.0,-51.392338129584324,0.0,0.0,0.13954280837551103
150.8999999999957,0.0,0.0,2461.1785150339056,0.0,0.0,-51.37839331468503,0.0,0.0,0.1394481489929742
150.9999999999957,0.0,0.0,2456.0427660063365,0.0,0.0,-51.36445795535414,0.0,0.0,0.13935359330889696
151.0999999999957,0.0,0.0,2450.9084090979186,0.0,0.0,-51.35053204123759,0.0,0.0,0.13925914116549265
151.1999999999957,0.0,0.0,2445.775443365681,0.0,0.0,-51.336615561997064,0.0,0.0,0.13916479240527124
151.2999999999957,0.0,0.0,2440.6438678676845,0.0,0.0,-51.32270850730996,0.0,0.0,0.13907054687104115
151.39999999999569,0.0,0.0,2435.5136816630197,0.0,0.0,-51.308810866869365,0.0,0.0,0.13897640440594117
151.49999999999568,0.0,0.0,2430.3848838118056,0.0,0.0,-51.29492263038402,0.0,0.0,0.1388823648533979
151.59999999999567,0.0,0.0,2425.257473375188,0.0,0.0,-51.281043787578305,0.0,0.0,0.1387884280571452
151.69999999999567,0.0,0.0,2420.131449415338,0.0,0.0,-51.26717432819218,0.0,0.0,0.1386945938612314
151.79999999999566,0.0,0.0,2415.0068109954505,0.0,0.0,-51.25331424198119,0.0,0.0,0.13860086211000144
151.89999999999566,0.0,0.0,2409.883557179742,0.0,0.0,-51.23946351871638,0.0,0.0,0.13850723264810938
151.99999999999565,0.0,0.0,2404.7616870334505,0.0,0.0,-51.22562214818433,0.0,0.0,0.13841370532050234
152.09999999999565,0.0,0.0,2399.6411996228317,0.0,0.0,-51.21179012018708,0.0,0.0,0.13832027997244722
152.19999999999564,0.0,0.0,2394.52209401516,0.0,0.0,-51.197967424542135,0.0,0.0,0.13822695644949157
152.29999999999563,0.0,0.0,2389.4043692787245,0.0,0.0,-51.18415405108239,0.0,0.0,0.138133734597492
152.39999999999563,0.0,0.0,2384.28802448283,0.0,0.0,-51.170349989656124,0.0,0.0,0.13804061426261427
152.49999999999562,0.0,0.0,2379.173058697794,0.0,0.0,-51.15655523012699,0.0,0.0,0.13794759529131184
152.59999999999562,0.0,0.0,2374.0594709949446,0.0,0.0,-51.14276976237396,0.0,0.0,0.13785467753034197
152.6999999999956,0.0,0.0,2368.9472604466196,0.0,0.0,-51.128993576291286,0.0,0.0,0.13776186082675856
152.7999999999956,0.0,0.0,2363.836426126166,0.0,0.0,-51.1152266617885,0.0,0.0,0.13766914502791394
152.8999999999956,0.0,0.0,2358.7269671079366,0.0,0.0,-51.10146900879035,0.0,0.0,0.13757652998145176
152.9999999999956,0.0,0.0,2353.6188824672904,0.0,0.0,-51.08772060723682,0.0,0.0,0.13748401553531409
153.0999999999956,0.0,0.0,2348.51217128059,0.0,0.0,-51.07398144708304,0.0,0.0,0.137391601537729
153.19999999999558,0.0,0.0,2343.406832625199,0.0,0.0,-51.06025151829932,0.0,0.0,0.13729928783724787
153.29999999999558,0.0,0.0,2338.3028655794833,0.0,0.0,-51.04653081087105,0.0,0.0,0.13720707428269563
153.39999999999557,0.0,0.0,2333.200269222807,0.0,0.0,-51.03281931479873,0.0,0.0,0.1371149607231672
153.49999999999557,0.0,0.0,2328.0990426355324,0.0,0.0,-51.019117020097916,0.0,0.0,0.1370229470081057
153.59999999999556,0.0,0.0,2322.9991848990176,0.0,0.0,-51.005423916799195,0.0,0.0,0.1369310329871869
153.69999999999555,0.0,0.0,2317.9006950956154,0.0,0.0,-50.991739994948155,0.0,0.0,0.13683921851041525
153.79999999999555,0.0,0.0,2312.803572308672,0.0,0.0,-50.97806524460535,0.0,0.0,0.13674750342807407
153.89999999999554,0.0,0.0,2307.7078156225252,0.0,0.0,-50.96439965584627,0.0,0.0,0.13665588759073444
153.99999999999554,0.0,0.0,2302.613424122503,0.0,0.0,-50.950743218761346,0.0,0.0,0.13656437084926232
154.09999999999553,0.0,0.0,2297.5203968949227,0.0,0.0,-50.937095923455864,0.0,0.0,0.13647295305480078
154.19999999999553,0.0,0.0,2292.428733027088,0.0,0.0,-50.923457760049985,0.0,0.0,0.13638163405878423
154.29999999999552,0.0,0.0,2287.338431607289,0.0,0.0,-50.90982871867869,0.0,0.0,0.13629041371294548
154.39999999999552,0.0,0.0,2282.249491724799,0.0,0.0,-50.89620878949176,0.0,0.0,0.13619929186928736
154.4999999999955,0.0,0.0,2277.1619124698755,0.0,0.0,-50.88259796265375,0.0,0.0,0.13610826838010404
154.5999999999955,0.0,0.0,2272.0756929337567,0.0,0.0,-50.868996228343946,0.0,0.0,0.13601734309798275
154.6999999999955,0.0,0.0,2266.9908322086603,0.0,0.0,-50.855403576756366,0.0,0.0,0.1359265158757843
154.7999999999955,0.0,0.0,2261.907329387783,0.0,0.0,-50.8418199980997,0.0,0.0,0.13583578656665019
154.8999999999955,0.0,0.0,2256.8251835652986,0.0,0.0,-50.8282454825973,0.0,0.0,0.13574515502401674
154.99999999999548,0.0,0.0,2251.7443938363554,0.0,0.0,-50.814680020487145,0.0,0.0,0.13565462110158677
155.09999999999548,0.0,0.0,2246.6649592970766,0.0,0.0,-50.80112360202181,0.0,0.0,0.13556418465336328
155.19999999999547,0.0,0.0,2241.5868790445575,0.0,0.0,-50.78757621746845,0.0,0.0,0.13547384553361574
155.29999999999546,0.0,0.0,2236.5101521768647,0.0,0.0,-50.77403785710876,0.0,0.0,0.13538360359689428
155.39999999999546,0.0,0.0,2231.4347777930343,0.0,0.0,-50.76050851123895,0.0,0.0,0.13529345869803322
155.49999999999545,0.0,0.0,2226.3607549930707,0.0,0.0,-50.746988170169736,0.0,0.0,0.13520341069214936
155.59999999999545,0.0,0.0,2221.2880828779453,0.0,0.0,-50.73347682422627,0.0,0.0,0.13511345943462771
155.69999999999544,0.0,0.0,2216.2167605495943,0.0,0.0,-50.71997446374816,0.0,0.0,0.13502360478113395
155.79999999999544,0.0,0.0,2211.1467871109185,0.0,0.0,-50.7064810790894,0.0,0.0,0.13493384658762153
155.89999999999543,0.0,0.0,2206.07816166578,0.0,0.0,-50.69299666061837,0.0,0.0,0.13484418471029258
155.99999999999542,0.0,0.0,2201.0108833190034,0.0,0.0,-50.6795211987178,0.0,0.0,0.13475461900566188
156.09999999999542,0.0,0.0,2195.9449511763714,0.0,0.0,-50.66605468378475,0.0,0.0,0.134665149330484
156.1999999999954,0.0,0.0,2190.8803643446263,0.0,0.0,-50.652597106230566,0.0,0.0,0.13457577554181732
156.2999999999954,0.0,0.0,2185.817121931466,0.0,0.0,-50.63914845648087,0.0,0.0,0.13448649749696706
156.3999999999954,0.0,0.0,2180.7552230455435,0.0,0.0,-50.62570872497552,0.0,0.0,0.13439731505352448
156.4999999999954,0.0,0.0,2175.694666796467,0.0,0.0,-50.61227790216858,0.0,0.0,0.13430822806936327
156.5999999999954,0.0,0.0,2170.6354522947963,0.0,0.0,-50.59885597852832,0.0,0.0,0.13421923640260935
156.69999999999538,0.0,0.0,2165.577578652042,0.0,0.0,-50.58544294453716,0.0,0.0,0.13413033991166934
156.79999999999538,0.0,0.0,2160.521044980665,0.0,0.0,-50.572038790691636,0.0,0.0,0.1340415384552216
156.89999999999537,0.0,0.0,2155.465850394074,0.0,0.0,-50.55864350750242,0.0,0.0,0.13395283189220386
156.99999999999537,0.0,0.0,2150.4119940066253,0.0,0.0,-50.545257085494235,0.0,0.0,0.13386422008183807
157.09999999999536,0.0,0.0,2145.359474933619,0.0,0.0,-50.53187951520587,0.0,0.0,0.13377570288360197
157.19999999999536,0.0,0.0,2140.308292291301,0.0,0.0,-50.518510787190145,0.0,0.0,0.13368728015725395
157.29999999999535,0.0,0.0,2135.2584451968582,0.0,0.0,-50.505150892013866,0.0,0.0,0.1335989517627958
157.39999999999534,0.0,0.0,2130.2099327684205,0.0,0.0,-50.49179982025781,0.0,0.0,0.13351071756052946
157.49999999999534,0.0,0.0,2125.162754125056,0.0,0.0,-50.47845756251671,0.0,0.0,0.1334225774109914
157.59999999999533,0.0,0.0,2120.1169083867717,0.0,0.0,-50.465124109399206,0.0,0.0,0.13333453117500937
157.69999999999533,0.0,0.0,2115.0723946745125,0.0,0.0,-50.45179945152784,0.0,0.0,0.13324657871365275
157.79999999999532,0.0,0.0,2110.029212110158,0.0,0.0,-50.43848357953901,0.0,0.0,0.13315871988827155
157.89999999999532,0.0,0.0,2104.9873598165223,0.0,0.0,-50.42517648408296,0.0,0.0,0.13307095456047158
157.9999999999953,0.0,0.0,2099.946836917353,0.0,0.0,-50.41187815582375,0.0,0.0,0.132983282592118
158.0999999999953,0.0,0.0,2094.9076425373282,0.0,0.0,-50.398588585439214,0.0,0.0,0.13289570384535665
158.1999999999953,0.0,0.0,2089.869775802057,0.0,0.0,-50.38530776362096,0.0,0.0,0.13280821818256605
158.2999999999953,0.0,0.0,2084.833235838077,0.0,0.0,-50.372035681074316,0.0,0.0,0.13272082546641606
158.3999999999953,0.0,0.0,2079.798021772853,0.0,0.0,-50.358772328518334,0.0,0.0,0.132633525559811
158.49999999999528,0.0,0.0,2074.7641327347765,0.0,0.0,-50.34551769668574,0.0,0.0,0.13254631832593233
158.59999999999528,0.0,0.0,2069.7315678531622,0.0,0.0,-50.33227177632292,0.0,0.0,0.13245920362820662
158.69999999999527,0.0,0.0,2064.70032625825,0.0,0.0,-50.319034558189884,0.0,0.0,0.1323721813303429
158.79999999999526,0.0,0.0,2059.6704070812,0.0,0.0,-50.30580603306026,0.0,0.0,0.132285251296274
158.89999999999526,0.0,0.0,2054.641809454095,0.0,0.0,-50.292586191721234,0.0,0.0,0.13219841339022054
158.99999999999525,0.0,0.0,2049.614532509935,0.0,0.0,-50.27937502497357,0.0,0.0,0.13211166747664826
159.09999999999525,0.0,0.0,2044.588575382639,0.0,0.0,-50.26617252363154,0.0,0.0,0.1320250134202663
159.19999999999524,0.0,0.0,2039.563937207042,0.0,0.0,-50.25297867852293,0.0,0.0,0.13193845108606617
159.29999999999524,0.0,0.0,2034.540617118895,0.0,0.0,-50.239793480489006,0.0,0.0,0.1318519803392686
159.39999999999523,0.0,0.0,2029.5186142548616,0.0,0.0,-50.226616920384465,0.0,0.0,0.1317656010453696
159.49999999999523,0.0,0.0,2024.4979277525192,0.0,0.0,-50.213448989077456,0.0,0.0,0.1316793130701015
159.59999999999522,0.0,0.0,2019.4785567503557,0.0,0.0,-50.20028967744951,0.0,0.0,0.13159311627946302
159.6999999999952,0.0,0.0,2014.460500387769,0.0,0.0,-50.187138976395545,0.0,0.0,0.13150701053969982
159.7999999999952,0.0,0.0,2009.4437578050652,0.0,0.0,-50.173996876823814,0.0,0.0,0.1314209957173098
159.8999999999952,0.0,0.0,2004.428328143458,0.0,0.0,-50.160863369655914,0.0,0.0,0.1313350716790378
159.9999999999952,0.0,0.0,1999.4142105450667,0.0,0.0,-50.147738445826725,0.0,0.0,0.13124923829189328
160.0999999999952,0.0,0.0,1994.4014041529153,0.0,0.0,-50.13462209628441,0.0,0.0,0.13116349542312022
160.19999999999519,0.0,0.0,1989.389908110931,0.0,0.0,-50.12151431199039,0.0,0.0,0.13107784294021663
160.29999999999518,0.0,0.0,1984.3797215639427,0.0,0.0,-50.1084150839193,0.0,0.0,0.13099228071094338
160.39999999999517,0.0,0.0,1979.3708436576799,0.0,0.0,-50.09532440305897,0.0,0.0,0.13090680860329051
160.49999999999517,0.0,0.0,1974.3632735387712,0.0,0.0,-50.08224226041042,0.0,0.0,0.13082142648551454
160.59999999999516,0.0,0.0,1969.3570103547436,0.0,0.0,-50.069168646987805,0.0,0.0,0.13073613422609043
160.69999999999516,0.0,0.0,1964.3520532540201,0.0,0.0,-50.056103553818424,0.0,0.0,0.13065093169377384
160.79999999999515,0.0,0.0,1959.3484013859197,0.0,0.0,-50.043046971942665,0.0,0.0,0.1305658187575549
160.89999999999515,0.0,0.0,1954.3460539006549,0.0,0.0,-50.029998892414,0.0,0.0,0.13048079528665468
160.99999999999514,0.0,0.0,1949.3450099493307,0.0,0.0,-50.01695930629894,0.0,0.0,0.13039586115056068
161.09999999999513,0.0,0.0,1944.3452686839441,0.0,0.0,-50.003928204677045,0.0,0.0,0.130311016218986
161.19999999999513,0.0,0.0,1939.3468292573818,0.0,0.0,-49.990905578640856,0.0,0.0,0.13022626036191198
161.29999999999512,0.0,0.0,1934.3496908234195,0.0,0.0,-49.9778914192959,0.0,0.0,0.13014159344954024
161.39999999999512,0.0,0.0,1929.35385253672,0.0,0.0,-49.964885717760666,0.0,0.0,0.13005701535232284
161.4999999999951,0.0,0.0,1924.359313552833,0.0,0.0,-49.95188846516657,0.0,0.0,0.1299725259409552
161.5999999999951,0.0,0.0,1919.3660730281927,0.0,0.0,-49.93889965265793,0.0,0.0,0.12988812508637615
161.6999999999951,0.0,0.0,1914.3741301201167,0.0,0.0,-49.925919271391955,0.0,0.0,0.12980381265976426
161.7999999999951,0.0,0.0,1909.3834839868055,0.0,0.0,-49.9129473125387,0.0,0.0,0.1297195885325486
161.8999999999951,0.0,0.0,1904.3941337873403,0.0,0.0,-49.89998376728106,0.0,0.0,0.129635452576375
161.99999999999508,0.0,0.0,1899.4060786816822,0.0,0.0,-49.88702862681474,0.0,0.0,0.12955140466314496
162.09999999999508,0.0,0.0,1894.4193178306707,0.0,0.0,-49.87408188234824,0.0,0.0,0.12946744466499993
162.19999999999507,0.0,0.0,1889.4338503960228,0.0,0.0,-49.86114352510281,0.0,0.0,0.12938357245431575
162.29999999999507,0.0,0.0,1884.449675540331,0.0,0.0,-49.84821354631244,0.0,0.0,0.1292997879037152
162.39999999999506,0.0,0.0,1879.4667924270632,0.0,0.0,-49.83529193722383,0.0,0.0,0.12921609088604136
162.49999999999505,0.0,0.0,1874.4852002205598,0.0,0.0,-49.82237868909639,0.0,0.0,0.1291324812743806
162.59999999999505,0.0,0.0,1869.5048980860342,0.0,0.0,-49.80947379320218,0.0,0.0,0.12904895894206625
162.69999999999504,0.0,0.0,1864.5258851895705,0.0,0.0,-49.79657724082591,0.0,0.0,0.1289655237626519
162.79999999999504,0.0,0.0,1859.548160698122,0.0,0.0,-49.78368902326492,0.0,0.0,0.12888217560995052
162.89999999999503,0.0,0.0,1854.5717237795109,0.0,0.0,-49.770809131829125,0.0,0.0,0.1287989143579793
162.99999999999503,0.0,0.0,1849.5965736024261,0.0,0.0,-49.757937557841025,0.0,0.0,0.12871573988100238
163.09999999999502,0.0,0.0,1844.6227093364228,0.0,0.0,-49.74507429263567,0.0,0.0,0.1286326520535308
163.19999999999501,0.0,0.0,1839.6501301519204,0.0,0.0,-49.73221932756064,0.0,0.0,0.12854965075028701
163.299999999995,0.0,0.0,1834.678835220202,0.0,0.0,-49.719372653976016,0.0,0.0,0.1284667358462368
163.399999999995,0.0,0.0,1829.7088237134126,0.0,0.0,-49.706534263254355,0.0,0.0,0.128383907216584
163.499999999995,0.0,0.0,1824.740094804558,0.0,0.0,-49.69370414678068,0.0,0.0,0.12830116473674558
163.599999999995,0.0,0.0,1819.7726476675043,0.0,0.0,-49.68088229595244,0.0,0.0,0.12821850828239612
163.699999999995,0.0,0.0,1814.806481476975,0.0,0.0,-49.668068702179504,0.0,0.0,0.12813593772941267
163.79999999999498,0.0,0.0,1809.8415954085515,0.0,0.0,-49.65526335688411,0.0,0.0,0.12805345295392456
163.89999999999498,0.0,0.0,1804.8779886386706,0.0,0.0,-49.642466251500885,0.0,0.0,0.12797105383227958
163.99999999999497,0.0,0.0,1799.915660344624,0.0,0.0,-49.62967737747678,0.0,0.0,0.12788874024105112
164.09999999999496,0.0,0.0,1794.9546097045572,0.0,0.0,-49.61689672627107,0.0,0.0,0.12780651205705773
164.19999999999496,0.0,0.0,1789.9948358974675,0.0,0.0,-49.60412428935534,0.0,0.0,0.12772436915731689
164.29999999999495,0.0,0.0,1785.0363381032032,0.0,0.0,-49.59136005821343,0.0,0.0,0.12764231141910187
164.39999999999495,0.0,0.0,1780.0791155024626,0.0,0.0,-49.578604024341445,0.0,0.0,0.12756033871990446
164.49999999999494,0.0,0.0,1775.1231672767926,0.0,0.0,-49.5658561792477,0.0,0.0,0.12747845093743493
164.59999999999494,0.0,0.0,1770.168492608587,0.0,0.0,-49.55311651445274,0.0,0.0,0.1273966479496309
164.69999999999493,0.0,0.0,1765.2150906810862,0.0,0.0,-49.54038502148927,0.0,0.0,0.12731492963467161
164.79999999999492,0.0,0.0,1760.2629606783753,0.0,0.0,-49.52766169190218,0.0,0.0,0.1272332958709299
164.89999999999492,0.0,0.0,1755.3121017853832,0.0,0.0,-49.514946517248475,0.0,0.0,0.1271517465370433
164.9999999999949,0.0,0.0,1750.362513187881,0.0,0.0,-49.50223948909729,0.0,0.0,0.1270702815118412
165.0999999999949,0.0,0.0,1745.4141940724812,0.0,0.0,-49.48954059902985,0.0,0.0,0.12698890067438384
165.1999999999949,0.0,0.0,1740.4671436266367,0.0,0.0,-49.47684983863946,0.0,0.0,0.12690760390395006
165.2999999999949,0.0,0.0,1735.521361038639,0.0,0.0,-49.46416719953145,0.0,0.0,0.1268263910800691
165.3999999999949,0.0,0.0,1730.5768454976171,0.0,0.0,-49.45149267332321,0.0,0.0,0.12674526208245496
165.49999999999488,0.0,0.0,1725.6335961935367,0.0,0.0,-49.4388262516441,0.0,0.0,0.126664216791065
165.59999999999488,0.0,0.0,1720.6916123171986,0.0,0.0,-49.4261679261355,0.0,0.0,0.12658325508606438
165.69999999999487,0.0,0.0,1715.7508930602378,0.0,0.0,-49.41351768845071,0.0,0.0,0.1265023768478546
165.79999999999487,0.0,0.0,1710.811437615122,0.0,0.0,-49.40087553025501,0.0,0.0,0.1264215819570378
165.89999999999486,0.0,0.0,1705.873245175151,0.0,0.0,-49.38824144322556,0.0,0.0,0.12634087029445062
165.99999999999486,0.0,0.0,1700.9363149344545,0.0,0.0,-49.37561541905144,0.0,0.0,0.12626024174114292
166.09999999999485,0.0,0.0,1696.000646087992,0.0,0.0,-49.36299744943361,0.0,0.0,0.12617969617838654
166.19999999999484,0.0,0.0,1691.066237831551,0.0,0.0,-49.35038752608484,0.0,0.0,0.12609923348766294
166.29999999999484,0.0,0.0,1686.1330893617458,0.0,0.0,-49.33778564072977,0.0,0.0,0.1260188535506721
166.39999999999483,0.0,0.0,1681.2011998760165,0.0,0.0,-49.325191785104835,0.0,0.0,0.1259385562493467
166.49999999999483,0.0,0.0,1676.270568572628,0.0,0.0,-49.31260595095826,0.0,0.0,0.12585834146580588
166.59999999999482,0.0,0.0,1671.3411946506685,0.0,0.0,-49.300028130050016,0.0,0.0,0.12577820908242465
166.69999999999482,0.0,0.0,1666.4130773100483,0.0,0.0,-49.28745831415184,0.0,0.0,0.12569815898175207
166.7999999999948,0.0,0.0,1661.4862157514988,0.0,0.0,-49.27489649504718,0.0,0.0,0.12561819104658944
166.8999999999948,0.0,0.0,1656.5606091765715,0.0,0.0,-49.26234266453119,0.0,0.0,0.12553830515990683
166.9999999999948,0.0,0.0,1651.6362567876365,0.0,0.0,-49.24979681441069,0.0,0.0,0.12545850120494606
167.0999999999948,0.0,0.0,1646.7131577878815,0.0,0.0,-49.23725893650418,0.0,0.0,0.12537877906510175
167.1999999999948,0.0,0.0,1641.7913113813104,0.0,0.0,-49.22472902264178,0.0,0.0,0.1252991386240403
167.29999999999478,0.0,0.0,1636.8707167727428,0.0,0.0,-49.21220706466522,0.0,0.0,0.12521957976559683
167.39999999999478,0.0,0.0,1631.9513731678119,0.0,0.0,-49.19969305442784,0.0,0.0,0.12514010237383744
167.49999999999477,0.0,0.0,1627.033279772964,0.0,0.0,-49.18718698379453,0.0,0.0,0.12506070633303956
167.59999999999476,0.0,0.0,1622.1164357954576,0.0,0.0,-49.174688844641764,0.0,0.0,0.12498139152767251
167.69999999999476,0.0,0.0,1617.2008404433611,0.0,0.0,-49.16219862885752,0.0,0.0,0.12490215784244896
167.79999999999475,0.0,0.0,1612.286492925553,0.0,0.0,-49.14971632834129,0.0,0.0,0.12482300516226807
167.89999999999475,0.0,0.0,1607.3733924517194,0.0,0.0,-49.13724193500407,0.0,0.0,0.12474393337224576
167.99999999999474,0.0,0.0,1602.4615382323543,0.0,0.0,-49.124775440768296,0.0,0.0,0.12466494235771464
168.09999999999474,0.0,0.0,1597.5509294787576,0.0,0.0,-49.112316837567874,0.0,0.0,0.12458603200419205
168.19999999999473,0.0,0.0,1592.6415654030338,0.0,0.0,-49.099866117348135,0.0,0.0,0.12450720219742628
168.29999999999472,0.0,0.0,1587.7334452180914,0.0,0.0,-49.0874232720658,0.0,0.0,0.124428452823377
168.39999999999472,0.0,0.0,1582.8265681376413,0.0,0.0,-49.07498829368898,0.0,0.0,0.12434978376818684
168.4999999999947,0.0,0.0,1577.9209333761962,0.0,0.0,-49.06256117419716,0.0,0.0,0.12427119491823468
168.5999999999947,0.0,0.0,1573.016540149069,0.0,0.0,-49.05014190558115,0.0,0.0,0.12419268616007884
168.6999999999947,0.0,0.0,1568.1133876723716,0.0,0.0,-49.0377304798431,0.0,0.0,0.12411425738049431
168.7999999999947,0.0,0.0,1563.2114751630143,0.0,0.0,-49.02532688899645,0.0,0.0,0.12403590846647106
168.8999999999947,0.0,0.0,1558.3108018387043,0.0,0.0,-49.01293112506593,0.0,0.0,0.12395763930519266
168.99999999999469,0.0,0.0,1553.4113669179444,0.0,0.0,-49.000543180087526,0.0,0.0,0.12387944978404519
169.09999999999468,0.0,0.0,1548.5131696200326,0.0,0.0,-48.98816304610846,0.0,0.0,0.12380133979063146
169.19999999999467,0.0,0.0,1543.61620916506,0.0,0.0,-48.97579071518719,0.0,0.0,0.12372330921275321
169.29999999999467,0.0,0.0,1538.7204847739104,0.0,0.0,-48.963426179393345,0.0,0.0,0.1236453579383987
169.39999999999466,0.0,0.0,1533.8259956682589,0.0,0.0,-48.95106943080776,0.0,0.0,0.12356748585578359
169.49999999999466,0.0,0.0,1528.932741070571,0.0,0.0,-48.93872046152243,0.0,0.0,0.12348969285332245
169.59999999999465,0.0,0.0,1524.040720204101,0.0,0.0,-48.92637926364047,0.0,0.0,0.12341197881961286
169.69999999999465,0.0,0.0,1519.1499322928917,0.0,0.0,-48.91404582927613,0.0,0.0,0.12333434364346907
169.79999999999464,0.0,0.0,1514.2603765617723,0.0,0.0,-48.90172015055474,0.0,0.0,0.12325678721390432
169.89999999999463,0.0,0.0,1509.372052236358,0.0,0.0,-48.88940221961273,0.0,0.0,0.123179309420129
169.99999999999463,0.0,0.0,1504.484958543049,0.0,0.0,-48.87709202859757,0.0,0.0,0.12310191015155958
170.09999999999462,0.0,0.0,1499.5990947090288,0.0,0.0,-48.86478956966779,0.0,0.0,0.12302458929780968
170.19999999999462,0.0,0.0,1494.7144599622632,0.0,0.0,-48.852494834992925,0.0,0.0,0.12294734674867769
170.2999999999946,0.0,0.0,1489.8310535314997,0.0,0.0,-48.840207816753505,0.0,0.0,0.12287018239418579
170.3999999999946,0.0,0.0,1484.9488746462662,0.0,0.0,-48.82792850714105,0.0,0.0,0.12279309612453915
170.4999999999946,0.0,0.0,1480.0679225368694,0.0,0.0,-48.815656898358036,0.0,0.0,0.12271608783014543
170.5999999999946,0.0,0.0,1475.1881964343947,0.0,0.0,-48.80339298261787,0.0,0.0,0.1226391574016148
170.6999999999946,0.0,0.0,1470.309695570704,0.0,0.0,-48.7911367521449,0.0,0.0,0.12256230472973506
170.79999999999458,0.0,0.0,1465.432419178435,0.0,0.0,-48.77888819917435,0.0,0.0,0.12248552970551252
170.89999999999458,0.0,0.0,1460.556366491001,0.0,0.0,-48.76664731595233,0.0,0.0,0.12240883222013288
170.99999999999457,0.0,0.0,1455.6815367425882,0.0,0.0,-48.754414094735836,0.0,0.0,0.1223322121650039
171.09999999999457,0.0,0.0,1450.807929168156,0.0,0.0,-48.74218852779266,0.0,0.0,0.12225566943169319
171.19999999999456,0.0,0.0,1445.9355430034354,0.0,0.0,-48.72997060740146,0.0,0.0,0.12217920391198334
171.29999999999455,0.0,0.0,1441.0643774849277,0.0,0.0,-48.71776032585168,0.0,0.0,0.12210281549785762
171.39999999999455,0.0,0.0,1436.1944318499038,0.0,0.0,-48.70555767544353,0.0,0.0,0.12202650408146987
171.49999999999454,0.0,0.0,1431.3257053364027,0.0,0.0,-48.69336264848801,0.0,0.0,0.12195026955519239
171.59999999999454,0.0,0.0,1426.458197183231,0.0,0.0,-48.68117523730685,0.0,0.0,0.12187411181158225
171.69999999999453,0.0,0.0,1421.5919066299616,0.0,0.0,-48.668995434232514,0.0,0.0,0.1217980307433777
171.79999999999453,0.0,0.0,1416.726832916932,0.0,0.0,-48.656823231608165,0.0,0.0,0.12172202624352302
171.89999999999452,0.0,0.0,1411.8629752852441,0.0,0.0,-48.64465862178765,0.0,0.0,0.12164609820515082
171.99999999999451,0.0,0.0,1407.0003329767633,0.0,0.0,-48.63250159713549,0.0,0.0,0.12157024652158732
172.0999999999945,0.0,0.0,1402.138905234116,0.0,0.0,-48.620352150026854,0.0,0.0,0.12149447108633638
172.1999999999945,0.0,0.0,1397.2786913006903,0.0,0.0,-48.60821027284754,0.0,0.0,0.121418771793115
172.2999999999945,0.0,0.0,1392.4196904206335,0.0,0.0,-48.59607595799396,0.0,0.0,0.12134314853581962
172.3999999999945,0.0,0.0,1387.5619018388522,0.0,0.0,-48.58394919787311,0.0,0.0,0.12126760120852254
172.4999999999945,0.0,0.0,1382.7053248010104,0.0,0.0,-48.57182998490256,0.0,0.0,0.12119212970550919
172.59999999999448,0.0,0.0,1377.849958553529,0.0,0.0,-48.55971831151043,0.0,0.0,0.12111673392123912
172.69999999999447,0.0,0.0,1372.9958023435843,0.0,0.0,-48.5476141701354,0.0,0.0,0.12104141375035837
172.79999999999447,0.0,0.0,1368.142855419107,0.0,0.0,-48.535517553226626,0.0,0.0,0.1209661690877244
172.89999999999446,0.0,0.0,1363.2911170287819,0.0,0.0,-48.52342845324379,0.0,0.0,0.12089099982834206
172.99999999999446,0.0,0.0,1358.4405864220455,0.0,0.0,-48.51134686265704,0.0,0.0,0.1208159058674454
173.09999999999445,0.0,0.0,1353.5912628490862,0.0,0.0,-48.499272773947,0.0,0.0,0.1207408871004283
173.19999999999445,0.0,0.0,1348.7431455608428,0.0,0.0,-48.48720617960471,0.0,0.0,0.12066594342288361
173.29999999999444,0.0,0.0,1343.8962338090032,0.0,0.0,-48.475147072131655,0.0,0.0,0.12059107473057828
173.39999999999444,0.0,0.0,1339.0505268460038,0.0,0.0,-48.46309544403971,0.0,0.0,0.12051628091947997
173.49999999999443,0.0,0.0,1334.2060239250281,0.0,0.0,-48.451051287851136,0.0,0.0,0.12044156188573218
173.59999999999442,0.0,0.0,1329.362724300006,0.0,0.0,-48.43901459609857,0.0,0.0,0.12036691752566497
173.69999999999442,0.0,0.0,1324.520627225612,0.0,0.0,-48.426985361324995,0.0,0.0,0.12029234773579489
173.7999999999944,0.0,0.0,1319.6797319572659,0.0,0.0,-48.414963576083714,0.0,0.0,0.12021785241282146
173.8999999999944,0.0,0.0,1314.8400377511293,0.0,0.0,-48.402949232938354,0.0,0.0,0.12014343145361828
173.9999999999944,0.0,0.0,1310.001543864107,0.0,0.0,-48.39094232446283,0.0,0.0,0.12006908475526679
174.0999999999944,0.0,0.0,1305.1642495538438,0.0,0.0,-48.378942843241326,0.0,0.0,0.11999481221500652
174.1999999999944,0.0,0.0,1300.3281540787257,0.0,0.0,-48.3669507818683,0.0,0.0,0.1199206137302653
174.29999999999438,0.0,0.0,1295.4932566978769,0.0,0.0,-48.354966132948434,0.0,0.0,0.11984648919866636
174.39999999999438,0.0,0.0,1290.6595566711599,0.0,0.0,-48.34298888909663,0.0,0.0,0.11977243851800523
174.49999999999437,0.0,0.0,1285.827053259174,0.0,0.0,-48.33101904293801,0.0,0.0,0.1196984615862462
174.59999999999437,0.0,0.0,1280.9957457232547,0.0,0.0,-48.31905658710785,0.0,0.0,0.11962455830155783
174.69999999999436,0.0,0.0,1276.1656333254723,0.0,0.0,-48.30710151425163,0.0,0.0,0.11955072856227034
174.79999999999436,0.0,0.0,1271.336715328631,0.0,0.0,-48.29515381702494,0.0,0.0,0.11947697226690757
174.89999999999435,0.0,0.0,1266.5089909962683,0.0,0.0,-48.28321348809352,0.0,0.0,0.11940328931417099
174.99999999999434,0.0,0.0,1261.682459592653,0.0,0.0,-48.27128052013323,0.0,0.0,0.11932967960292729
175.09999999999434,0.0,0.0,1256.857120382785,0.0,0.0,-48.25935490583001,0.0,0.0,0.11925614303224208
175.19999999999433,0.0,0.0,1252.0329726323946,0.0,0.0,-48.24743663787987,0.0,0.0,0.11918267950134087
175.29999999999433,0.0,0.0,1247.2100156079402,0.0,0.0,-48.23552570898891,0.0,0.0,0.11910928890964456
175.39999999999432,0.0,0.0,1242.3882485766087,0.0,0.0,-48.22362211187323,0.0,0.0,0.1190359711567357
175.49999999999432,0.0,0.0,1237.5676708063136,0.0,0.0,-48.211725839258996,0.0,0.0,0.11896272614239045
175.5999999999943,0.0,0.0,1232.7482815656942,0.0,0.0,-48.19983688388234,0.0,0.0,0.1188895537665502
175.6999999999943,0.0,0.0,1227.930080124115,0.0,0.0,-48.18795523848941,0.0,0.0,0.11881645392933393
175.7999999999943,0.0,0.0,1223.113065751664,0.0,0.0,-48.17608089583631,0.0,0.0,0.11874342653104364
175.8999999999943,0.0,0.0,1218.2972377191525,0.0,0.0,-48.164213848689094,0.0,0.0,0.11867047147215004
175.9999999999943,0.0,0.0,1213.4825952981134,0.0,0.0,-48.15235408982377,0.0,0.0,0.11859758865330328
176.09999999999428,0.0,0.0,1208.6691377608006,0.0,0.0,-48.140501612026235,0.0,0.0,0.11852477797533112
176.19999999999428,0.0,0.0,1203.856864380188,0.0,0.0,-48.12865640809231,0.0,0.0,0.11845203933923187
176.29999999999427,0.0,0.0,1199.0457744299683,0.0,0.0,-48.116818470827695,0.0,0.0,0.1183793726461726
176.39999999999426,0.0,0.0,1194.2358671845525,0.0,0.0,-48.10498779304795,0.0,0.0,0.11830677779750332
176.49999999999426,0.0,0.0,1189.4271419190682,0.0,0.0,-48.093164367578474,0.0,0.0,0.11823425469474813
176.59999999999425,0.0,0.0,1184.6195979093588,0.0,0.0,-48.08134818725451,0.0,0.0,0.11816180323960168
176.69999999999425,0.0,0.0,1179.8132344319833,0.0,0.0,-48.06953924492112,0.0,0.0,0.11808942333392736
176.79999999999424,0.0,0.0,1175.0080507642144,0.0,0.0,-48.05773753343314,0.0,0.0,0.11801711487976618
176.89999999999424,0.0,0.0,1170.204046184038,0.0,0.0,-48.04594304565521,0.0,0.0,0.11794487777932794
176.99999999999423,0.0,0.0,1165.4012199701515,0.0,0.0,-48.03415577446171,0.0,0.0,0.11787271193499826
177.09999999999422,0.0,0.0,1160.599571401964,0.0,0.0,-48.022375712736775,0.0,0.0,0.11780061724934221
177.19999999999422,0.0,0.0,1155.7990997595948,0.0,0.0,-48.010602853374266,0.0,0.0,0.11772859362506516
177.2999999999942,0.0,0.0,1150.9998043238718,0.0,0.0,-47.99883718927776,0.0,0.0,0.11765664096507678
177.3999999999942,0.0,0.0,1146.2016843763315,0.0,0.0,-47.98707871336051,0.0,0.0,0.11758475917244482
177.4999999999942,0.0,0.0,1141.4047391992178,0.0,0.0,-47.97532741854547,0.0,0.0,0.1175129481503916
177.5999999999942,0.0,0.0,1136.6089680754803,0.0,0.0,-47.96358329776523,0.0,0.0,0.11744120780234013
177.6999999999942,0.0,0.0,1131.8143702887744,0.0,0.0,-47.951846343962046,0.0,0.0,0.11736953803185912
177.79999999999418,0.0,0.0,1127.0209451234593,0.0,0.0,-47.94011655008778,0.0,0.0,0.11729793874269667
177.89999999999418,0.0,0.0,1122.2286918645982,0.0,0.0,-47.9283939091039,0.0,0.0,0.11722640983876431
177.99999999999417,0.0,0.0,1117.4376097979562,0.0,0.0,-47.91667841398149,0.0,0.0,0.117154951224137
178.09999999999417,0.0,0.0,1112.64769821,0.0,0.0,-47.90497005770118,0.0,0.0,0.11708356280306376
178.19999999999416,0.0,0.0,1107.858956387897,0.0,0.0,-47.89326883325318,0.0,0.0,0.11701224447996772
178.29999999999416,0.0,0.0,1103.071383619514,0.0,0.0,-47.88157473363724,0.0,0.0,0.116940996159423
178.39999999999415,0.0,0.0,1098.2849791934166,0.0,0.0,-47.86988775186262,0.0,0.0,0.11686981774619554
178.49999999999415,0.0,0.0,1093.4997423988675,0.0,0.0,-47.8582078809481,0.0,0.0,0.11679870914518453
178.59999999999414,0.0,0.0,1088.7156725258267,0.0,0.0,-47.84653511392195,0.0,0.0,0.1167276702614739
178.69999999999413,0.0,0.0,1083.9327688649496,0.0,0.0,-47.83486944382192,0.0,0.0,0.11665670100031456
178.79999999999413,0.0,0.0,1079.1510307075864,0.0,0.0,-47.82321086369521,0.0,0.0,0.11658580126711549
178.89999999999412,0.0,0.0,1074.3704573457815,0.0,0.0,-47.811559366598466,0.0,0.0,0.11651497096746155
178.99999999999412,0.0,0.0,1069.5910480722716,0.0,0.0,-47.799914945597756,0.0,0.0,0.11644421000709215
179.0999999999941,0.0,0.0,1064.8128021804862,0.0,0.0,-47.78827759376856,0.0,0.0,0.11637351829190656
179.1999999999941,0.0,0.0,1060.0357189645451,0.0,0.0,-47.77664730419576,0.0,0.0,0.1163028957279888
179.2999999999941,0.0,0.0,1055.2597977192588,0.0,0.0,-47.765024069973606,0.0,0.0,0.11623234222155787
179.3999999999941,0.0,0.0,1050.4850377401267,0.0,0.0,-47.75340788420571,0.0,0.0,0.11616185767901577
179.4999999999941,0.0,0.0,1045.7114383233363,0.0,0.0,-47.74179874000502,0.0,0.0,0.116091442006935
179.59999999999408,0.0,0.0,1040.9389987657626,0.0,0.0,-47.730196630493815,0.0,0.0,0.11602109511201775
179.69999999999408,0.0,0.0,1036.1677183649667,0.0,0.0,-47.7186015488037,0.0,0.0,0.11595081690115272
179.79999999999407,0.0,0.0,1031.3975964191957,0.0,0.0,-47.70701348807556,0.0,0.0,0.1158806072813956
179.89999999999407,0.0,0.0,1026.6286322273804,0.0,0.0,-47.695432441459566,0.0,0.0,0.11581046615994417
179.99999999999406,0.0,0.0,1021.8608250891361,0.0,0.0,-47.68385840211515,0.0,0.0,0.11574039344416498
180.09999999999405,0.0,0.0,1017.0941743047603,0.0,0.0,-47.67229136321099,0.0,0.0,0.11567038904160043
180.19999999999405,0.0,0.0,1012.3286791752321,0.0,0.0,-47.660731317925,0.0,0.0,0.11560045285992437
180.29999999999404,0.0,0.0,1007.5643390022117,0.0,0.0,-47.6491782594443,0.0,0.0,0.1155305848069954
180.39999999999404,0.0,0.0,1002.8011530880391,0.0,0.0,-47.63763218096521,0.0,0.0,0.11546078479082666
180.49999999999403,0.0,0.0,998.0391207357334,0.0,0.0,-47.626093075693255,0.0,0.0,0.1153910527195734
180.59999999999403,0.0,0.0,993.2782412489915,0.0,0.0,-47.6145609368431,0.0,0.0,0.11532138850157914
180.69999999999402,0.0,0.0,988.518513932188,0.0,0.0,-47.603035757638565,0.0,0.0,0.11525179204530822
180.79999999999401,0.0,0.0,983.759938090373,0.0,0.0,-47.591517531312626,0.0,0.0,0.11518226325942571
180.899999999994,0.0,0.0,979.0025130292726,0.0,0.0,-47.58000625110735,0.0,0.0,0.11511280205272811
180.999999999994,0.0,0.0,974.2462380552869,0.0,0.0,-47.56850191027393,0.0,0.0,0.11504340833417537
181.099999999994,0.0,0.0,969.4911124754897,0.0,0.0,-47.557004502072644,0.0,0.0,0.11497408201288373
181.199999999994,0.0,0.0,964.7371355976273,0.0,0.0,-47.54551401977283,0.0,0.0,0.11490482299812932
181.299999999994,0.0,0.0,959.9843067301181,0.0,0.0,-47.5340304566529,0.0,0.0,0.11483563119933926
181.39999999999398,0.0,0.0,955.2326251820507,0.0,0.0,-47.52255380600029,0.0,0.0,0.11476650652610942
181.49999999999397,0.0,0.0,950.482090263184,0.0,0.0,-47.51108406111147,0.0,0.0,0.11469744888817779
181.59999999999397,0.0,0.0,945.7327012839457,0.0,0.0,-47.499621215291924,0.0,0.0,0.11462845819543865
181.69999999999396,0.0,0.0,940.984457555432,0.0,0.0,-47.488165261856125,0.0,0.0,0.11455953435796395
181.79999999999396,0.0,0.0,936.2373583894056,0.0,0.0,-47.47671619412753,0.0,0.0,0.11449067728594464
181.89999999999395,0.0,0.0,931.4914030982961,0.0,0.0,-47.46527400543856,0.0,0.0,0.11442188688975996
181.99999999999395,0.0,0.0,926.7465909951985,0.0,0.0,-47.45383868913056,0.0,0.0,0.11435316307991883
182.09999999999394,0.0,0.0,922.0029213938719,0.0,0.0,-47.442410238553855,0.0,0.0,0.11428450576710247
182.19999999999393,0.0,0.0,917.2603936087395,0.0,0.0,-47.43098864706764,0.0,0.0,0.1142159148621289
182.29999999999393,0.0,0.0,912.5190069548869,0.0,0.0,-47.41957390804004,0.0,0.0,0.11414739027598486
182.39999999999392,0.0,0.0,907.7787607480617,0.0,0.0,-47.408166014848064,0.0,0.0,0.11407893191979213
182.49999999999392,0.0,0.0,903.0396543046725,0.0,0.0,-47.396764960877576,0.0,0.0,0.1140105397048572
182.5999999999939,0.0,0.0,898.3016869417878,0.0,0.0,-47.38537073952332,0.0,0.0,0.1139422135425967
182.6999999999939,0.0,0.0,893.5648579771356,0.0,0.0,-47.37398334418886,0.0,0.0,0.11387395334461914
182.7999999999939,0.0,0.0,888.8291667291021,0.0,0.0,-47.36260276828659,0.0,0.0,0.11380575902266088
182.8999999999939,0.0,0.0,884.0946125167308,0.0,0.0,-47.351229005237734,0.0,0.0,0.11373763048861285
182.9999999999939,0.0,0.0,879.3611946597218,0.0,0.0,-47.339862048472284,0.0,0.0,0.1136695676545223
183.09999999999388,0.0,0.0,874.6289124784311,0.0,0.0,-47.32850189142903,0.0,0.0,0.11360157043258035
183.19999999999388,0.0,0.0,869.8977652938692,0.0,0.0,-47.31714852755551,0.0,0.0,0.11353363873514333
183.29999999999387,0.0,0.0,865.1677524277007,0.0,0.0,-47.30580195030804,0.0,0.0,0.11346577247469902
183.39999999999387,0.0,0.0,860.4388732022434,0.0,0.0,-47.29446215315165,0.0,0.0,0.11339797156389864
183.49999999999386,0.0,0.0,855.7111269404669,0.0,0.0,-47.283129129560095,0.0,0.0,0.1133302359155337
183.59999999999386,0.0,0.0,850.9845129659925,0.0,0.0,-47.27180287301584,0.0,0.0,0.11326256544255031
183.69999999999385,0.0,0.0,846.2590306030918,0.0,0.0,-47.26048337701003,0.0,0.0,0.11319496005805085
183.79999999999384,0.0,0.0,841.5346791766859,0.0,0.0,-47.2491706350425,0.0,0.0,0.11312741967527451
183.89999999999384,0.0,0.0,836.8114580123448,0.0,0.0,-47.237864640621744,0.0,0.0,0.11305994420759902
183.99999999999383,0.0,0.0,832.0893664362861,0.0,0.0,-47.226565387264884,0.0,0.0,0.11299253356858685
184.09999999999383,0.0,0.0,827.3684037753748,0.0,0.0,-47.21527286849769,0.0,0.0,0.11292518767191417
184.19999999999382,0.0,0.0,822.6485693571215,0.0,0.0,-47.20398707785455,0.0,0.0,0.11285790643141169
184.29999999999382,0.0,0.0,817.9298625096824,0.0,0.0,-47.19270800887844,0.0,0.0,0.11279068976106466
184.3999999999938,0.0,0.0,813.2122825618582,0.0,0.0,-47.18143565512094,0.0,0.0,0.11272353757499332
184.4999999999938,0.0,0.0,808.4958288430929,0.0,0.0,-47.17017001014219,0.0,0.0,0.11265644978749556
184.5999999999938,0.0,0.0,803.7805006834734,0.0,0.0,-47.1589110675109,0.0,0.0,0.11258942631297231
184.6999999999938,0.0,0.0,799.0662974137283,0.0,0.0,-47.1476588208043,0.0,0.0,0.11252246706599323
184.7999999999938,0.0,0.0,794.3532183652273,0.0,0.0,-47.136413263608176,0.0,0.0,0.11245557196127542
184.89999999999378,0.0,0.0,789.6412628699802,0.0,0.0,-47.12517438951681,0.0,0.0,0.1123887409136799
184.99999999999378,0.0,0.0,784.9304302606361,0.0,0.0,-47.11394219213299,0.0,0.0,0.11232197383819731
185.09999999999377,0.0,0.0,780.2207198704825,0.0,0.0,-47.10271666506799,0.0,0.0,0.1122552706499782
185.19999999999376,0.0,0.0,775.5121310334447,0.0,0.0,-47.09149780194156,0.0,0.0,0.11218863126432588
185.29999999999376,0.0,0.0,770.8046630840845,0.0,0.0,-47.08028559638189,0.0,0.0,0.11212205559666621
185.39999999999375,0.0,0.0,766.0983153575997,0.0,0.0,-47.06908004202563,0.0,0.0,0.1120555435625814
185.49999999999375,0.0,0.0,761.3930871898234,0.0,0.0,-47.05788113251785,0.0,0.0,0.11198909507779753
185.59999999999374,0.0,0.0,756.6889779172225,0.0,0.0,-47.04668886151203,0.0,0.0,0.11192271005817034
185.69999999999374,0.0,0.0,751.9859868768975,0.0,0.0,-47.03550322267006,0.0,0.0,0.11185638841972079
185.79999999999373,0.0,0.0,747.2841134065817,0.0,0.0,-47.0243242096622,0.0,0.0,0.1117901300785995
185.89999999999372,0.0,0.0,742.5833568446398,0.0,0.0,-47.01315181616709,0.0,0.0,0.11172393495109212
185.99999999999372,0.0,0.0,737.8837165300673,0.0,0.0,-47.001986035871724,0.0,0.0,0.11165780295363525
186.0999999999937,0.0,0.0,733.1851918024902,0.0,0.0,-46.990826862471444,0.0,0.0,0.11159173400282185
186.1999999999937,0.0,0.0,728.4877820021633,0.0,0.0,-46.97967428966991,0.0,0.0,0.11152572801535676
186.2999999999937,0.0,0.0,723.7914864699699,0.0,0.0,-46.9685283111791,0.0,0.0,0.1114597849080976
186.3999999999937,0.0,0.0,719.0963045474209,0.0,0.0,-46.957388920719296,0.0,0.0,0.11139390459805654
186.4999999999937,0.0,0.0,714.402235576654,0.0,0.0,-46.94625611201906,0.0,0.0,0.11132808700237362
186.59999999999368,0.0,0.0,709.7092789004327,0.0,0.0,-46.935129878815225,0.0,0.0,0.11126233203832392
186.69999999999368,0.0,0.0,705.0174338621455,0.0,0.0,-46.92401021485289,0.0,0.0,0.1111966396233246
186.79999999999367,0.0,0.0,700.3266998058053,0.0,0.0,-46.9128971138854,0.0,0.0,0.1111310096749456
186.89999999999367,0.0,0.0,695.6370760760484,0.0,0.0,-46.90179056967431,0.0,0.0,0.11106544211089542
186.99999999999366,0.0,0.0,690.9485620181337,0.0,0.0,-46.89069057598941,0.0,0.0,0.11099993684899978
187.09999999999366,0.0,0.0,686.2611569779418,0.0,0.0,-46.87959712660869,0.0,0.0,0.11093449380723186
187.19999999999365,0.0,0.0,681.5748603019745,0.0,0.0,-46.86851021531832,0.0,0.0,0.11086911290373358
187.29999999999364,0.0,0.0,676.8896713373534,0.0,0.0,-46.85742983591264,0.0,0.0,0.1108037940567339
187.39999999999364,0.0,0.0,672.2055894318199,0.0,0.0,-46.846355982194176,0.0,0.0,0.110738537184643
187.49999999999363,0.0,0.0,667.5226139337336,0.0,0.0,-46.83528864797358,0.0,0.0,0.1106733422059829
187.59999999999363,0.0,0.0,662.8407441920718,0.0,0.0,-46.824227827069635,0.0,0.0,0.11060820903942137
187.69999999999362,0.0,0.0,658.1599795564289,0.0,0.0,-46.81317351330926,0.0,0.0,0.11054313760376999
187.79999999999362,0.0,0.0,653.4803193770152,0.0,0.0,-46.80212570052746,0.0,0.0,0.11047812781796651
187.8999999999936,0.0,0.0,648.8017630046566,0.0,0.0,-46.791084382567355,0.0,0.0,0.11041317960108898
187.9999999999936,0.0,0.0,644.124309790793,0.0,0.0,-46.78004955328012,0.0,0.0,0.11034829287235937
188.0999999999936,0.0,0.0,639.4479590874782,0.0,0.0,-46.76902120652501,0.0,0.0,0.11028346755111684
188.1999999999936,0.0,0.0,634.7727102473791,0.0,0.0,-46.75799933616933,0.0,0.0,0.1102187035568516
188.2999999999936,0.0,0.0,630.0985626237743,0.0,0.0,-46.746983936088405,0.0,0.0,0.11015400080918347
188.39999999999358,0.0,0.0,625.4255155705539,0.0,0.0,-46.73597500016562,0.0,0.0,0.11008935922787622
188.49999999999358,0.0,0.0,620.7535684422184,0.0,0.0,-46.72497252229233,0.0,0.0,0.11002477873281435
188.59999999999357,0.0,0.0,616.0827205938778,0.0,0.0,-46.71397649636793,0.0,0.0,0.10996025924403341
188.69999999999357,0.0,0.0,611.4129713812512,0.0,0.0,-46.70298691629976,0.0,0.0,0.10989580068168259
188.79999999999356,0.0,0.0,606.7443201606657,0.0,0.0,-46.692003776003155,0.0,0.0,0.10983140296605498
188.89999999999355,0.0,0.0,602.0767662890556,0.0,0.0,-46.681027069401395,0.0,0.0,0.10976706601759467
188.99999999999355,0.0,0.0,597.4103091239618,0.0,0.0,-46.67005679042571,0.0,0.0,0.10970278975685055
189.09999999999354,0.0,0.0,592.7449480235308,0.0,0.0,-46.65909293301526,0.0,0.0,0.10963857410452071
189.19999999999354,0.0,0.0,588.080682346514,0.0,0.0,-46.64813549111712,0.0,0.0,0.10957441898143117
189.29999999999353,0.0,0.0,583.4175114522669,0.0,0.0,-46.637184458686264,0.0,0.0,0.10951032430854113
189.39999999999353,0.0,0.0,578.7554347007484,0.0,0.0,-46.62623982968557,0.0,0.0,0.10944629000694839
189.49999999999352,0.0,0.0,574.0944514525198,0.0,0.0,-46.61530159808578,0.0,0.0,0.10938231599787329
189.5999999999935,0.0,0.0,569.4345610687443,0.0,0.0,-46.60436975786551,0.0,0.0,0.1093184022026712
189.6999999999935,0.0,0.0,564.7757629111859,0.0,0.0,-46.59344430301123,0.0,0.0,0.10925454854283956
189.7999999999935,0.0,0.0,560.1180563422089,0.0,0.0,-46.58252522751723,0.0,0.0,0.10919075493998243
189.8999999999935,0.0,0.0,555.4614407247769,0.0,0.0,-46.571612525385646,0.0,0.0,0.10912702131585839
189.9999999999935,0.0,0.0,550.8059154224522,0.0,0.0,-46.56070619062641,0.0,0.0,0.10906334759235747
190.09999999999349,0.0,0.0,546.151479799395,0.0,0.0,-46.54980621725726,0.0,0.0,0.10899973369148164
190.19999999999348,0.0,0.0,541.4981332203623,0.0,0.0,-46.53891259930373,0.0,0.0,0.10893617953536072
190.29999999999347,0.0,0.0,536.8458750507076,0.0,0.0,-46.528025330799096,0.0,0.0,0.108872685046288
190.39999999999347,0.0,0.0,532.1947046563799,0.0,0.0,-46.51714440578443,0.0,0.0,0.10880925014665799
190.49999999999346,0.0,0.0,527.5446214039229,0.0,0.0,-46.50626981830853,0.0,0.0,0.10874587475898778
190.59999999999346,0.0,0.0,522.8956246604741,0.0,0.0,-46.495401562427936,0.0,0.0,0.10868255880596145
190.69999999999345,0.0,0.0,518.2477137937645,0.0,0.0,-46.4845396322069,0.0,0.0,0.10861930221035543
190.79999999999345,0.0,0.0,513.6008881721173,0.0,0.0,-46.473684021717396,0.0,0.0,0.10855610489507583
190.89999999999344,0.0,0.0,508.9551471644473,0.0,0.0,-46.46283472503908,0.0,0.0,0.1084929667831922
190.99999999999343,0.0,0.0,504.31049014026036,0.0,0.0,-46.451991736259295,0.0,0.0,0.10842988779785934
191.09999999999343,0.0,0.0,499.66691646965234,0.0,0.0,-46.44115504947305,0.0,0.0,0.10836686786238481
191.19999999999342,0.0,0.0,495.02442552330854,0.0,0.0,-46.430324658783036,0.0,0.0,0.10830390690019875
191.29999999999342,0.0,0.0,490.3830166725028,0.0,0.0,-46.41950055829955,0.0,0.0,0.10824100483485743
191.3999999999934,0.0,0.0,485.7426892890967,0.0,0.0,-46.40868274214055,0.0,0.0,0.10817816159005034
191.4999999999934,0.0,0.0,481.103442745539,0.0,0.0,-46.39787120443159,0.0,0.0,0.10811537708957353
191.5999999999934,0.0,0.0,476.46527641486466,0.0,0.0,-46.38706593930585,0.0,0.0,0.10805265125737229
191.6999999999934,0.0,0.0,471.8281896706943,0.0,0.0,-46.376266940904095,0.0,0.0,0.10798998401751092
191.7999999999934,0.0,0.0,467.19218188723335,0.0,0.0,-46.365474203374674,0.0,0.0,0.10792737529418517
191.89999999999338,0.0,0.0,462.55725243927105,0.0,0.0,-46.35468772087351,0.0,0.0,0.10786482501169736
191.99999999999338,0.0,0.0,457.9234007021801,0.0,0.0,-46.34390748756406,0.0,0.0,0.10780233309449372
192.09999999999337,0.0,0.0,453.2906260519157,0.0,0.0,-46.33313349761735,0.0,0.0,0.10773989946714302
192.19999999999337,0.0,0.0,448.6589278650148,0.0,0.0,-46.32236574521191,0.0,0.0,0.10767752405433662
192.29999999999336,0.0,0.0,444.0283055185953,0.0,0.0,-46.31160422453382,0.0,0.0,0.10761520678088132
192.39999999999336,0.0,0.0,439.3987583903555,0.0,0.0,-46.30084892977665,0.0,0.0,0.10755294757172251
192.49999999999335,0.0,0.0,434.7702858585731,0.0,0.0,-46.290099855141456,0.0,0.0,0.10749074635192812
192.59999999999334,0.0,0.0,430.14288730210467,0.0,0.0,-46.27935699483679,0.0,0.0,0.10742860304668156
192.69999999999334,0.0,0.0,425.5165621003847,0.0,0.0,-46.26862034307866,0.0,0.0,0.10736651758129767
192.79999999999333,0.0,0.0,420.89130963342507,0.0,0.0,-46.25788989409054,0.0,0.0,0.10730448988121033
192.89999999999333,0.0,0.0,416.2671292818141,0.0,0.0,-46.24716564210334,0.0,0.0,0.1072425198719813
192.99999999999332,0.0,0.0,411.64402042671594,0.0,0.0,-46.236447581355414,0.0,0.0,0.10718060747928781
193.09999999999332,0.0,0.0,407.0219824498698,0.0,0.0,-46.22573570609252,0.0,0.0,0.1071187526289421
193.1999999999933,0.0,0.0,402.40101473358925,0.0,0.0,-46.21503001056784,0.0,0.0,0.10705695524685588
193.2999999999933,0.0,0.0,397.78111666076137,0.0,0.0,-46.20433048904193,0.0,0.0,0.10699521525909717
193.3999999999933,0.0,0.0,393.16228761484604,0.0,0.0,-46.193637135782744,0.0,0.0,0.10693353259182281
193.4999999999933,0.0,0.0,388.54452697987534,0.0,0.0,-46.18294994506561,0.0,0.0,0.10687190717134065
193.5999999999933,0.0,0.0,383.92783414045266,0.0,0.0,-46.172268911173205,0.0,0.0,0.10681033892405267
193.69999999999328,0.0,0.0,379.312208481752,0.0,0.0,-46.161594028395555,0.0,0.0,0.10674882777649586
193.79999999999328,0.0,0.0,374.69764938951727,0.0,0.0,-46.15092529103002,0.0,0.0,0.1066873736553351
193.89999999999327,0.0,0.0,370.0841562500616,0.0,0.0,-46.14026269338129,0.0,0.0,0.10662597648734184
193.99999999999326,0.0,0.0,365.4717284502665,0.0,0.0,-46.12960622976135,0.0,0.0,0.1065646361994137
194.09999999999326,0.0,0.0,360.8603653775811,0.0,0.0,-46.118955894489496,0.0,0.0,0.10650335271857614
194.19999999999325,0.0,0.0,356.2500664200217,0.0,0.0,-46.1083116818923,0.0,0.0,0.1064421259719559
194.29999999999325,0.0,0.0,351.64083096617077,0.0,0.0,-46.09767358630362,0.0,0.0,0.10638095588682539
194.39999999999324,0.0,0.0,347.0326584051763,0.0,0.0,-46.087041602064566,0.0,0.0,0.1063198423905547
194.49999999999324,0.0,0.0,342.425548126751,0.0,0.0,-46.0764157235235,0.0,0.0,0.10625878541064004
194.59999999999323,0.0,0.0,337.81949952117174,0.0,0.0,-46.06579594503603,0.0,0.0,0.10619778487470377
194.69999999999322,0.0,0.0,333.21451197927877,0.0,0.0,-46.05518226096498,0.0,0.0,0.1061368407104677
194.79999999999322,0.0,0.0,328.61058489247495,0.0,0.0,-46.0445746656804,0.0,0.0,0.10607595284580107
194.8999999999932,0.0,0.0,324.00771765272503,0.0,0.0,-46.033973153559536,0.0,0.0,0.1060151212086744
194.9999999999932,0.0,0.0,319.405909652555,0.0,0.0,-46.02337771898682,0.0,0.0,0.10595434572716478
195.0999999999932,0.0,0.0,314.8051602850513,0.0,0.0,-46.01278835635387,0.0,0.0,0.1058936263294985
195.1999999999932,0.0,0.0,310.20546894386007,0.0,0.0,-46.002205060059474,0.0,0.0,0.10583296294399247
195.2999999999932,0.0,0.0,305.6068350231866,0.0,0.0,-45.991627824509564,0.0,0.0,0.10577235549909147
195.39999999999318,0.0,0.0,301.00925791779446,0.0,0.0,-45.98105664411723,0.0,0.0,0.10571180392334512
195.49999999999318,0.0,0.0,304.09032616778927,0.0,0.0,5.213436118592874,0.0,0.0,511.94492762710104
195.59999999999317,0.0,0.0,304.4646039012913,0.0,0.0,4.232996929544355,-0.0,0.0,-9.804391890485183
195.69999999999317,0.0,0.0,304.740860165777,0.0,0.0,3.252707406419642,-0.0,0.0,-9.802895231247133
195.79999999999316,0.0,0.0,304.9191052641313,0.0,0.0,2.2725364578351597,-0.0,0.0,-9.801709485844825
195.89999999999316,0.0,0.0,304.99934639347396,0.0,0.0,1.2924530148962246,-0.0,0.0,-9.80083442938935
195.99999999999315,0.0,0.0,304.98158764654676,0.0,0.0,0.3124260254506823,-0.0,0.0,-9.800269894455422
196.09999999999314,0.0,0.0,304.8658300125266,0.0,0.0,-0.6675755516506686,-0.0,0.0,-9.80001577101351
196.19999999999314,0.0,0.0,304.6521037651209,0.0,0.0,-1.647366833255092,0.0,0.0,-9.797912816044233
196.29999999999313,0.0,0.0,304.49722036903125,0.0,0.0,-1.5816782516827756,0.0,0.0,0.6568858157231634
196.39999999999313,0.0,0.0,304.34813583910324,0.0,0.0,-1.5211229500809977,0.0,0.0,0.6055530160177783
196.49999999999312,0.0,0.0,304.204424760484,0.0,0.0,-1.465114840821935,0.0,0.0,0.5600810925906277
196.59999999999312,0.0,0.0,304.06570732351685,0.0,0.0,-1.4131545267219503,0.0,0.0,0.5196031409998471
196.6999999999931,0.0,0.0,303.93164298836973,0.0,0.0,-1.364813743221454,0.0,0.0,0.4834078350049628
196.7999999999931,0.0,0.0,303.80192521778207,0.0,0.0,-1.3197230516581775,0.0,0.0,0.4509069156327646
196.8999999999931,0.0,0.0,303.6762770681917,0.0,0.0,-1.2775620144882778,0.0,0.0,0.4216103716989977
196.9999999999931,0.0,0.0,303.55444747614024,0.0,0.0,-1.2380512851726841,0.0,0.0,0.3951072931559354
197.0999999999931,0.0,0.0,303.4362081119843,0.0,0.0,-1.2009461894306777,0.0,0.0,0.37105095742006394
197.19999999999308,0.0,0.0,303.3213506996683,0.0,0.0,-1.1660314785835257,0.0,0.0,0.34914710847151825
197.29999999999308,0.0,0.0,303.20968472183444,0.0,0.0,-1.1331170117534657,0.0,0.0,0.32914466830060124
197.39999999999307,0.0,0.0,303.10103544543927,0.0,0.0,-1.1020341798857862,0.0,0.0,0.31082831867679367
197.49999999999307,0.0,0.0,302.99524221545454,0.0,0.0,-1.07263292652687,0.0,0.0,0.29401253358916196
197.59999999999306,0.0,0.0,302.8921569739921,0.0,0.0,-1.0447792519254449,0.0,0.0,0.27853674601425077
197.69999999999305,0.0,0.0,302.79164296992565,0.0,0.0,-1.0183531110846504,0.0,0.0,0.26426140840794515
197.79999999999305,0.0,0.0,302.693573630253,0.0,0.0,-0.9932466348458335,0.0,0.0,0.2510647623881685
197.89999999999304,0.0,0.0,302.5978315693929,0.0,0.0,-0.9693626173495239,0.0,0.0,0.23884017496309687
197.99999999999304,0.0,0.0,302.50430771661127,0.0,0.0,-0.9466132243274402,0.0,0.0,0.227493930220837
198.09999999999303,0.0,0.0,302.41290054501906,0.0,0.0,-0.924918885390514,0.0,0.0,0.21694338936926177
198.19999999999303,0.0,0.0,302.1796221199909,0.0,0.0,-1.8634957953180424,0.0,0.0,-9.385769099275285
198.29999999999302,0.0,0.0,301.8714953400122,0.0,0.0,-2.6753437982971295,0.0,0.0,-8.118480029790872
198.399999999993,0.0,0.0,301.5089496480687,0.0,0.0,-3.308752545722145,0.0,0.0,-6.334087474250156
198.499999999993,0.0,0.0,301.11059757924875,0.0,0.0,-3.758597974040523,0.0,0.0,-4.498454283183781
198.599999999993,0.0,0.0,300.6903582550786,0.0,0.0,-4.054461485814495,0.0,0.0,-2.9586351177397265
198.699999999993,0.0,0.0,300.25732923616835,0.0,0.0,-4.238347288006318,0.0,0.0,-1.83885802191823
198.799999999993,0.0,0.0,299.8169949257355,0.0,0.0,-4.348344498887629,0.0,0.0,-1.0999721088131018
198.89999999999299,0.0,0.0,299.3725284774203,0.0,0.0,-4.412557821730689,0.0,0.0,-0.6421332284306036
198.99999999999298,0.0,0.0,298.9257339662752,0.0,0.0,-4.44948268154455,0.0,0.0,-0.3692485981386131
199.09999999999297,0.0,0.0,298.4776307485594,0.0,0.0,-4.4705156786198,0.0,0.0,-0.21032997075250037
199.19999999999297,0.0,0.0,298.0287937951828,0.0,0.0,-4.482418248717434,0.0,0.0,-0.11902570097633891
199.29999999999296,0.0,0.0,297.5795473352538,0.0,0.0,-4.489115815765921,0.0,0.0,-0.06697567048486519
199.39999999999296,0.0,0.0,297.1300742233393,0.0,0.0,-4.492859351351956,0.0,0.0,-0.03743535586035307
199.49999999999295,0.0,0.0,296.6804775984315,0.0,0.0,-4.494930616502998,0.0,0.0,-0.020712651510420343
199.59999999999295,0.0,0.0,296.2308156420715,0.0,0.0,-4.496056581234198,0.0,0.0,-0.011259647311998577
199.69999999999294,0.0,0.0,295.78112117688363,0.0,0.0,-4.496648628330549,0.0,0.0,-0.005920470963511448
199.79999999999293,0.0,0.0,295.33141271994464,0.0,0.0,-4.496939255703381,0.0,0.0,-0.0029062737283229723
199.89999999999293,0.0,0.0,294.8817007177849,0.0,0.0,-4.497059766299457,0.0,0.0,-0.0012051059607536274
199.99999999999292,0.0,0.0,294.4319910637744,0.0,0.0,-4.497084282170067,0.0,0.0,-0.0002451587061020888
200.09999999999292,0.0,0.0,293.9822870825055,0.0,0.0,-4.497054635849437,0.0,0.0,0.00029646320629694856
200.1999999999929,0.0,0.0,293.5325906493353,0.0,0.0,-4.496994433084305,0.0,0.0,0.000602027651325443
200.2999999999929,0.0,0.0,293.08290282200863,0.0,0.0,-4.496916993205891,0.0,0.0,0.000774398784141539
200.3999999999929,0.0,0.0,292.6332241970052,0.0,0.0,-4.4968298310916595,0.0,0.0,0.0008716211423198672
200.4999999999929,0.0,0.0,292.18355511058064,0.0,0.0,-4.496737186527494,0.0,0.0,0.0009264456416513411
200.5999999999929,0.0,0.0,291.73389575218687,0.0,0.0,-4.496641451467479,0.0,0.0,0.0009573506001547827
200.69999999999288,0.0,0.0,291.28424622845864,0.0,0.0,-4.496543975343887,0.0,0.0,0.0009747612359163327
200.79999999999288,0.0,0.0,290.8346065993115,0.0,0.0,-4.496445519429067,0.0,0.0,0.000984559148198727
200.89999999999287,0.0,0.0,290.3849768983058,0.0,0.0,-4.496346513180792,0.0,0.0,0.000990062482753018
200.99999999999287,0.0,0.0,289.9353571441351,0.0,0.0,-4.496247198865191,0.0,0.0,0.0009931431560037396
201.09999999999286,0.0,0.0,289.48574734710627,0.0,0.0,-4.496147713147133,0.0,0.0,0.0009948571805811213
201.19999999999285,0.0,0.0,289.03614751279576,0.0,0.0,-4.49604813311926,0.0,0.0,0.0009958002787318065
201.29999999999285,0.0,0.0,288.58655764411145,0.0,0.0,-4.495948502268679,0.0,0.0,0.0009963085057993482
201.39999999999284,0.0,0.0,288.13697774245605,0.0,0.0,-4.495848845125477,0.0,0.0,0.0009965714320294694
201.49999999999284,0.0,0.0,287.6874078083834,0.0,0.0,-4.495749175526182,0.0,0.0,0.0009966959929457175
201.59999999999283,0.0,0.0,287.2378478419684,0.0,0.0,-4.495649501275258,0.0,0.0,0.0009967425092440862
201.69999999999283,0.0,0.0,286.788297843016,0.0,0.0,-4.495549826774625,0.0,0.0,0.0009967450063257388
201.79999999999282,0.0,0.0,286.33875781117865,0.0,0.0,-4.495450154506951,0.0,0.0,0.0009967226767386705
201.89999999999281,0.0,0.0,285.88922774602315,0.0,0.0,-4.495350485872336,0.0,0.0,0.000996686346145026
201.9999999999928,0.0,0.0,285.43970764706773,0.0,0.0,-4.495250821660264,0.0,0.0,0.0009966421207217024
202.0999999999928,0.0,0.0,284.99019751380337,0.0,0.0,-4.495151162315808,0.0,0.0,0.0009965934445599345
202.1999999999928,0.0,0.0,284.54069734570567,0.0,0.0,-4.495051508089783,0.0,0.0,0.0009965422602462581
202.2999999999928,0.0,0.0,284.0912071422416,0.0,0.0,-4.494951859123442,0.0,0.0,0.0009964896634038212
202.3999999999928,0.0,0.0,283.64172690287336,0.0,0.0,-4.494852215496244,0.0,0.0,0.000996436271982759
202.49999999999278,0.0,0.0,283.19225662706026,0.0,0.0,-4.494752577252793,0.0,0.0,0.0009963824345060601
202.59999999999278,0.0,0.0,282.7427963142602,0.0,0.0,-4.494652944418038,0.0,0.0,0.0009963283475489249
202.69999999999277,0.0,0.0,282.2933459639302,0.0,0.0,-4.4945533170058445,0.0,0.0,0.0009962741219418092
202.79999999999276,0.0,0.0,281.84390557552695,0.0,0.0,-4.4944536950238225,0.0,0.0,0.0009962198202195793
202.89999999999276,0.0,0.0,281.39447514850673,0.0,0.0,-4.494354078476059,0.0,0.0,0.0009961654776322604
202.99999999999275,0.0,0.0,280.94505468232586,0.0,0.0,-4.4942544673646525,0.0,0.0,0.0009961111140661671
203.09999999999275,0.0,0.0,280.4956441764405,0.0,0.0,-4.4941548616905775,0.0,0.0,0.000996056740753204
203.19999999999274,0.0,0.0,280.04624363030695,0.0,0.0,-4.494055261454179,0.0,0.0,0.0009960023639887794
203.29999999999274,0.0,0.0,279.5968530433813,0.0,0.0,-4.493955666655443,0.0,0.0,0.0009959479873486998
203.39999999999273,0.0,0.0,279.14747241512,0.0,0.0,-4.49385607729416,0.0,0.0,0.0009958936128402485
203.49999999999272,0.0,0.0,278.69810174497917,0.0,0.0,-4.493756493369999,0.0,0.0,0.0009958392416056228
203.59999999999272,0.0,0.0,278.2487410324153,0.0,0.0,-4.493656914882572,0.0,0.0,0.000995784874273653
203.6999999999927,0.0,0.0,277.7993902768847,0.0,0.0,-4.49355734183145,0.0,0.0,0.0009957305112173742
203.7999999999927,0.0,0.0,277.35004947784387,0.0,0.0,-4.493457774216188,0.0,0.0,0.0009956761526233038
203.8999999999927,0.0,0.0,276.90071863474924,0.0,0.0,-4.493358212036327,0.0,0.0,0.0009956217986140103
203.9999999999927,0.0,0.0,276.45139774705734,0.0,0.0,-4.493258655291402,0.0,0.0,0.0009955674492552191
204.0999999999927,0.0,0.0,276.00208681422475,0.0,0.0,-4.493159103980943,0.0,0.0,0.0009955131045806809
204.19999999999268,0.0,0.0,275.5527858357081,0.0,0.0,-4.493059558104482,0.0,0.0,0.0009954587646099355
204.29999999999268,0.0,0.0,275.1034948109641,0.0,0.0,-4.492960017661547,0.0,0.0,0.0009954044293500885
204.39999999999267,0.0,0.0,274.6542137394494,0.0,0.0,-4.492860482651666,0.0,0.0,0.000995350098817127
204.49999999999267,0.0,0.0,274.20494262062084,0.0,0.0,-4.492760953074365,0.0,0.0,0.0009952957730074985
204.59999999999266,0.0,0.0,273.7556814539352,0.0,0.0,-4.492661428929173,0.0,0.0,0.0009952414519140973
204.69999999999266,0.0,0.0,273.3064302388493,0.0,0.0,-4.492561910215618,0.0,0.0,0.0009951871355511344
204.79999999999265,0.0,0.0,272.85718897482013,0.0,0.0,-4.492462396933226,0.0,0.0,0.0009951328239257151
204.89999999999264,0.0,0.0,272.4079576613046,0.0,0.0,-4.492362889081523,0.0,0.0,0.0009950785170236287
204.99999999999264,0.0,0.0,271.95873629775963,0.0,0.0,-4.492263386660039,0.0,0.0,0.0009950242148359933
205.09999999999263,0.0,0.0,271.50952488364237,0.0,0.0,-4.492163889668301,0.0,0.0,0.0009949699173787963
205.19999999999263,0.0,0.0,271.0603234184099,0.0,0.0,-4.492064398105837,0.0,0.0,0.000994915624644932
205.29999999999262,0.0,0.0,270.61113190151934,0.0,0.0,-4.491964911972173,0.0,0.0,0.0009948613366432824
205.39999999999262,0.0,0.0,270.1619503324279,0.0,0.0,-4.491865431266837,0.0,0.0,0.0009948070533560838
205.4999999999926,0.0,0.0,269.7127787105929,0.0,0.0,-4.491765955989358,0.0,0.0,0.000994752774792218
205.5999999999926,0.0,0.0,269.26361703547144,0.0,0.0,-4.491666486139263,0.0,0.0,0.0009946985009552378
205.6999999999926,0.0,0.0,268.814465306521,0.0,0.0,-4.491567021716078,0.0,0.0,0.0009946442318486959
205.7999999999926,0.0,0.0,268.3653235231989,0.0,0.0,-4.4914675627193335,0.0,0.0,0.0009945899674459469
205.8999999999926,0.0,0.0,267.9161916849626,0.0,0.0,-4.4913681091485556,0.0,0.0,0.0009945357077754124
205.99999999999258,0.0,0.0,267.4670697912695,0.0,0.0,-4.491268661003273,0.0,0.0,0.0009944814528228818
206.09999999999258,0.0,0.0,267.01795784157724,0.0,0.0,-4.491169218283015,0.0,0.0,0.0009944272025865786
206.19999999999257,0.0,0.0,266.5688558353433,0.0,0.0,-4.491069780987307,0.0,0.0,0.0009943729570736082
206.29999999999256,0.0,0.0,266.1197637720253,0.0,0.0,-4.490970349115679,0.0,0.0,0.0009943187162768652
206.39999999999256,0.0,0.0,265.67068165108094,0.0,0.0,-4.490870922667659,0.0,0.0,0.000994264480203455
206.49999999999255,0.0,0.0,265.2216094719679,0.0,0.0,-4.490771501642775,0.0,0.0,0.0009942102488356142
206.59999999999255,0.0,0.0,264.77254723414393,0.0,0.0,-4.490672086040555,0.0,0.0,0.0009941560221964352
206.69999999999254,0.0,0.0,264.32349493706687,0.0,0.0,-4.490572675860528,0.0,0.0,0.0009941018002734836
206.79999999999254,0.0,0.0,263.87445258019454,0.0,0.0,-4.490473271102221,0.0,0.0,0.0009940475830632067
206.89999999999253,0.0,0.0,263.4254201629849,0.0,0.0,-4.490373871765165,0.0,0.0,0.0009939933705638282
206.99999999999253,0.0,0.0,262.9763976848958,0.0,0.0,-4.490274477848886,0.0,0.0,0.0009939391627860061
207.09999999999252,0.0,0.0,262.5273851453853,0.0,0.0,-4.490175089352914,0.0,0.0,0.000993884959717306
207.1999999999925,0.0,0.0,262.07838254391146,0.0,0.0,-4.490075706276777,0.0,0.0,0.0009938307613719388
207.2999999999925,0.0,0.0,261.6293898799323,0.0,0.0,-4.489976328620004,0.0,0.0,0.0009937765677268118
207.3999999999925,0.0,0.0,261.180407152906,0.0,0.0,-4.489876956382124,0.0,0.0,0.0009937223787961358
207.4999999999925,0.0,0.0,260.7314343622907,0.0,0.0,-4.4897775895626655,0.0,0.0,0.00099366819458524
207.5999999999925,0.0,0.0,260.2824715075447,0.0,0.0,-4.489678228161157,0.0,0.0,0.0009936140150852424
207.69999999999249,0.0,0.0,259.8335185881262,0.0,0.0,-4.489578872177128,0.0,0.0,0.0009935598402925905
207.79999999999248,0.0,0.0,259.38457560349354,0.0,0.0,-4.489479521610107,0.0,0.0,0.0009935056702055078
207.89999999999247,0.0,0.0,258.9356425531051,0.0,0.0,-4.4893801764596235,0.0,0.0,0.0009934515048346526
207.99999999999247,0.0,0.0,258.48671943641926,0.0,0.0,-4.489280836725206,0.0,0.0,0.0009933973441675903
208.09999999999246,0.0,0.0,258.03780625289454,0.0,0.0,-4.489181502406385,0.0,0.0,0.000993343188214979
208.19999999999246,0.0,0.0,257.5889030019895,0.0,0.0,-4.4890821735026885,0.0,0.0,0.000993289036967937
208.29999999999245,0.0,0.0,257.1400096831626,0.0,0.0,-4.488982850013646,0.0,0.0,0.0009932348904264643
208.39999999999245,0.0,0.0,256.69112629587244,0.0,0.0,-4.488883531938787,0.0,0.0,0.00099318074859589
208.49999999999244,0.0,0.0,256.2422528395777,0.0,0.0,-4.4887842192776395,0.0,0.0,0.0009931266114708848
208.59999999999243,0.0,0.0,255.79338931373712,0.0,0.0,-4.4886849120297345,0.0,0.0,0.0009930724790478962
208.69999999999243,0.0,0.0,255.3445357178094,0.0,0.0,-4.488585610194602,0.0,0.0,0.0009930183513287005
208.79999999999242,0.0,0.0,254.89569205125338,0.0,0.0,-4.488486313771769,0.0,0.0,0.0009929642283275086
208.89999999999242,0.0,0.0,254.44685831352785,0.0,0.0,-4.488387022760768,0.0,0.0,0.0009929101100141224
208.9999999999924,0.0,0.0,253.99803450409172,0.0,0.0,-4.488287737161127,0.0,0.0,0.0009928559964080819
209.0999999999924,0.0,0.0,253.5492206224039,0.0,0.0,-4.4881884569723764,0.0,0.0,0.0009928018875058342
209.1999999999924,0.0,0.0,253.1004166679234,0.0,0.0,-4.488089182194045,0.0,0.0,0.0009927477833127085
209.2999999999924,0.0,0.0,252.65162264010925,0.0,0.0,-4.487989912825664,0.0,0.0,0.0009926936838109413
209.3999999999924,0.0,0.0,252.2028385384205,0.0,0.0,-4.487890648866762,0.0,0.0,0.0009926395890147433
209.49999999999238,0.0,0.0,251.7540643623163,0.0,0.0,-4.48779139031687,0.0,0.0,0.0009925854989241145
209.59999999999238,0.0,0.0,251.30530011125583,0.0,0.0,-4.487692137175517,0.0,0.0,0.0009925314135319496
209.69999999999237,0.0,0.0,250.85654578469828,0.0,0.0,-4.487592889442234,0.0,0.0,0.0009924773328364722
209.79999999999237,0.0,0.0,250.40780138210292,0.0,0.0,-4.48749364711655,0.0,0.0,0.0009924232568376823
209.89999999999236,0.0,0.0,249.95906690292904,0.0,0.0,-4.487394410197997,0.0,0.0,0.000992369185540909
209.99999999999235,0.0,0.0,249.51034234663604,0.0,0.0,-4.487295178686102,0.0,0.0,0.0009923151189443757
210.09999999999235,0.0,0.0,249.06162771268328,0.0,0.0,-4.487195952580398,0.0,0.0,0.000992261057039201
210.19999999999234,0.0,0.0,248.61292300053023,0.0,0.0,-4.487096731880415,0.0,0.0,0.0009922069998342664
210.29999999999234,0.0,0.0,248.1642282096364,0.0,0.0,-4.486997516585682,0.0,0.0,0.0009921529473277957
210.39999999999233,0.0,0.0,247.71554333946133,0.0,0.0,-4.486898306695731,0.0,0.0,0.0009920988995126834
210.49999999999233,0.0,0.0,247.2668683894646,0.0,0.0,-4.486799102210092,0.0,0.0,0.0009920448563889295
210.59999999999232,0.0,0.0,246.81820335910587,0.0,0.0,-4.4866999031282955,0.0,0.0,0.0009919908179671921
210.69999999999231,0.0,0.0,246.3695482478448,0.0,0.0,-4.486600709449871,0.0,0.0,0.0009919367842368132
210.7999999999923,0.0,0.0,245.92090305514114,0.0,0.0,-4.486501521174351,0.0,0.0,0.000991882755199569
210.8999999999923,0.0,0.0,245.47226778045467,0.0,0.0,-4.486402338301265,0.0,0.0,0.000991828730857236
210.9999999999923,0.0,0.0,245.0236424232452,0.0,0.0,-4.486303160830145,0.0,0.0,0.0009917747111973796
211.0999999999923,0.0,0.0,244.57502698297264,0.0,0.0,-4.486203988760521,0.0,0.0,0.0009917206962395397
211.1999999999923,0.0,0.0,244.1264214590969,0.0,0.0,-4.4861048220919235,0.0,0.0,0.0009916666859748346
211.29999999999228,0.0,0.0,243.6778258510779,0.0,0.0,-4.486005660823884,0.0,0.0,0.000991612680396159
211.39999999999227,0.0,0.0,243.2292401583757,0.0,0.0,-4.485906504955933,0.0,0.0,0.0009915586795070652
211.49999999999227,0.0,0.0,242.78066438045033,0.0,0.0,-4.485807354487602,0.0,0.0,0.0009915046833111063
211.59999999999226,0.0,0.0,242.33209851676196,0.0,0.0,-4.485708209418422,0.0,0.0,0.0009914506918011767
211.69999999999226,0.0,0.0,241.8835425667707,0.0,0.0,-4.485609069747924,0.0,0.0,0.0009913967049790529
211.79999999999225,0.0,0.0,241.43499652993674,0.0,0.0,-4.48550993547564,0.0,0.0,0.0009913427228447347
211.89999999999225,0.0,0.0,240.98646040572035,0.0,0.0,-4.4854108066011,0.0,0.0,0.000991288745401775
211.99999999999224,0.0,0.0,240.53793419358183,0.0,0.0,-4.485311683123835,0.0,0.0,0.0009912347726412918
212.09999999999224,0.0,0.0,240.08941789298152,0.0,0.0,-4.485212565043379,0.0,0.0,0.0009911808045650616
212.19999999999223,0.0,0.0,239.64091150337978,0.0,0.0,-4.485113452359261,0.0,0.0,0.00099112684118019
212.29999999999222,0.0,0.0,239.1924150242371,0.0,0.0,-4.485014345071013,0.0,0.0,0.0009910728824795711
212.39999999999222,0.0,0.0,238.74392845501393,0.0,0.0,-4.484915243178167,0.0,0.0,0.0009910189284578763
212.4999999999922,0.0,0.0,238.2954517951708,0.0,0.0,-4.484816146680255,0.0,0.0,0.0009909649791239872
212.5999999999922,0.0,0.0,237.8469850441683,0.0,0.0,-4.484717055576808,0.0,0.0,0.000990911034474351
212.6999999999922,0.0,0.0,237.39852820146703,0.0,0.0,-4.484617969867357,0.0,0.0,0.0009908570945089679
212.7999999999922,0.0,0.0,236.9500812665277,0.0,0.0,-4.484518889551435,0.0,0.0,0.0009908031592225086
212.8999999999922,0.0,0.0,236.50164423881097,0.0,0.0,-4.484419814628573,0.0,0.0,0.0009907492286149733
212.99999999999218,0.0,0.0,236.05321711777765,0.0,0.0,-4.484320745098304,0.0,0.0,0.000990695302691691
213.09999999999218,0.0,0.0,235.60479990288854,0.0,0.0,-4.48422168096016,0.0,0.0,0.0009906413814455561
213.19999999999217,0.0,0.0,235.1563925936045,0.0,0.0,-4.484122622213671,0.0,0.0,0.000990587464887227
213.29999999999217,0.0,0.0,234.70799518938642,0.0,0.0,-4.484023568858371,0.0,0.0,0.0009905335530024928
213.39999999999216,0.0,0.0,234.2596076896953,0.0,0.0,-4.483924520893791,0.0,0.0,0.000990479645794906
213.49999999999216,0.0,0.0,233.81123009399207,0.0,0.0,-4.4838254783194635,0.0,0.0,0.0009904257432751251
213.59999999999215,0.0,0.0,233.3628624017378,0.0,0.0,-4.483726441134921,0.0,0.0,0.0009903718454218335
213.69999999999214,0.0,0.0,232.91450461239359,0.0,0.0,-4.483627409339697,0.0,0.0,0.0009903179522456895
213.79999999999214,0.0,0.0,232.46615672542057,0.0,0.0,-4.48352838293332,0.0,0.0,0.000990264063760904
213.89999999999213,0.0,0.0,232.01781874027995,0.0,0.0,-4.483429361915326,0.0,0.0,0.0009902101799372787
213.99999999999213,0.0,0.0,231.56949065643292,0.0,0.0,-4.483330346285246,0.0,0.0,0.00099015630079613
214.09999999999212,0.0,0.0,231.12117247334078,0.0,0.0,-4.483231336042614,0.0,0.0,0.0009901024263232472
214.19999999999212,0.0,0.0,230.67286419046488,0.0,0.0,-4.483132331186961,0.0,0.0,0.0009900485565310646
214.2999999999921,0.0,0.0,230.22456580726654,0.0,0.0,-4.483033331717819,0.0,0.0,0.0009899946914142532
214.3999999999921,0.0,0.0,229.77627732320724,0.0,0.0,-4.482934337634722,0.0,0.0,0.000989940830967484
214.4999999999921,0.0,0.0,229.3279987377484,0.0,0.0,-4.482835348937203,0.0,0.0,0.0009898869751889805
214.5999999999921,0.0,0.0,228.87973005035155,0.0,0.0,-4.482736365624794,0.0,0.0,0.00098983312409473
214.6999999999921,0.0,0.0,228.43147126047825,0.0,0.0,-4.482637387697027,0.0,0.0,0.0009897792776651926
214.79999999999208,0.0,0.0,227.9832223675901,0.0,0.0,-4.482538415153437,0.0,0.0,0.0009897254358985919
214.89999999999208,0.0,0.0,227.5349833711487,0.0,0.0,-4.482439447993555,0.0,0.0,0.000989671598810915
214.99999999999207,0.0,0.0,227.08675427061584,0.0,0.0,-4.482340486216916,0.0,0.0,0.0009896177663950567
215.09999999999206,0.0,0.0,226.63853506545323,0.0,0.0,-4.482241529823051,0.0,0.0,0.0009895639386492405
215.19999999999206,0.0,0.0,226.19032575512264,0.0,0.0,-4.482142578811494,0.0,0.0,0.0009895101155681374
215.29999999999205,0.0,0.0,225.74212633908596,0.0,0.0,-4.482043633181778,0.0,0.0,0.0009894562971588527
215.39999999999205,0.0,0.0,225.29393681680503,0.0,0.0,-4.481944692933437,0.0,0.0,0.0009894024834125048
215.49999999999204,0.0,0.0,224.8457571877418,0.0,0.0,-4.481845758066004,0.0,0.0,0.000989348674336199
215.59999999999204,0.0,0.0,224.39758745135825,0.0,0.0,-4.481746828579011,0.0,0.0,0.0009892948699263826
215.69999999999203,0.0,0.0,223.9494276071164,0.0,0.0,-4.481647904471992,0.0,0.0,0.0009892410701866083
215.79999999999202,0.0,0.0,223.50127765447834,0.0,0.0,-4.481548985744482,0.0,0.0,0.0009891872751044417
215.89999999999202,0.0,0.0,223.05313759290615,0.0,0.0,-4.4814500723960125,0.0,0.0,0.0009891334846923172
215.999999999992,0.0,0.0,222.60500742186204,0.0,0.0,-4.481351164426118,0.0,0.0,0.000989079698941353
216.099999999992,0.0,0.0,222.1568871408082,0.0,0.0,-4.4812522618343325,0.0,0.0,0.0009890259178568783
216.199999999992,0.0,0.0,221.7087767492069,0.0,0.0,-4.481153364620189,0.0,0.0,0.0009889721414353403
216.299999999992,0.0,0.0,221.2606762465204,0.0,0.0,-4.481054472783222,0.0,0.0,0.0009889183696749626
216.399999999992,0.0,0.0,220.81258563221112,0.0,0.0,-4.480955586322964,0.0,0.0,0.000988864602579298
216.49999999999199,0.0,0.0,220.36450490574143,0.0,0.0,-4.480856705238949,0.0,0.0,0.0009888108401483464
216.59999999999198,0.0,0.0,219.91643406657377,0.0,0.0,-4.480757829530712,0.0,0.0,0.0009887570823696734
216.69999999999197,0.0,0.0,219.46837311417065,0.0,0.0,-4.480658959197787,0.0,0.0,0.0009887033292521608
216.79999999999197,0.0,0.0,219.02032204799457,0.0,0.0,-4.480560094239706,0.0,0.0,0.0009886495808029139
216.89999999999196,0.0,0.0,218.57228086750814,0.0,0.0,-4.480461234656006,0.0,0.0,0.0009885958370094983
216.99999999999196,0.0,0.0,218.124249572174,0.0,0.0,-4.480362380446219,0.0,0.0,0.0009885420978683612
217.09999999999195,0.0,0.0,217.67622816145482,0.0,0.0,-4.48026353160988,0.0,0.0,0.0009884883633972663
217.19999999999195,0.0,0.0,217.22821663481332,0.0,0.0,-4.480164688146522,0.0,0.0,0.0009884346335748972
217.29999999999194,0.0,0.0,216.78021499171228,0.0,0.0,-4.480065850055681,0.0,0.0,0.0009883809084172412
217.39999999999193,0.0,0.0,216.33222323161453,0.0,0.0,-4.4799670173368895,0.0,0.0,0.0009883271879100874
217.49999999999193,0.0,0.0,215.88424135398293,0.0,0.0,-4.479868189989684,0.0,0.0,0.0009882734720534359
217.59999999999192,0.0,0.0,215.43626935828038,0.0,0.0,-4.479769368013598,0.0,0.0,0.000988219760859721
217.69999999999192,0.0,0.0,214.98830724396984,0.0,0.0,-4.479670551408166,0.0,0.0,0.0009881660543236137
217.7999999999919,0.0,0.0,214.5403550105143,0.0,0.0,-4.479571740172922,0.0,0.0,0.0009881123524415614
217.8999999999919,0.0,0.0,214.09241265737683,0.0,0.0,-4.479472934307401,0.0,0.0,0.0009880586552100112
217.9999999999919,0.0,0.0,213.64448018402052,0.0,0.0,-4.479374133811137,0.0,0.0,0.000988004962632516
218.0999999999919,0.0,0.0,213.19655758990854,0.0,0.0,-4.479275338683666,0.0,0.0,0.000987951274705523
218.1999999999919,0.0,0.0,212.74864487450404,0.0,0.0,-4.4791765489245225,0.0,0.0,0.0009878975914343613
218.29999999999188,0.0,0.0,212.30074203727028,0.0,0.0,-4.479077764533241,0.0,0.0,0.0009878439128119254
218.39999999999188,0.0,0.0,211.85284907767053,0.0,0.0,-4.478978985509357,0.0,0.0,0.0009877902388435444
218.49999999999187,0.0,0.0,211.40496599516814,0.0,0.0,-4.478880211852405,0.0,0.0,0.0009877365695256657
218.59999999999187,0.0,0.0,210.95709278922646,0.0,0.0,-4.478781443561919,0.0,0.0,0.0009876829048565128
218.69999999999186,0.0,0.0,210.50922945930895,0.0,0.0,-4.478682680637435,0.0,0.0,0.0009876292448396384
218.79999999999185,0.0,0.0,210.06137600487907,0.0,0.0,-4.478583923078489,0.0,0.0,0.0009875755894643845
218.89999999999185,0.0,0.0,209.6135324254003,0.0,0.0,-4.478485170884614,0.0,0.0,0.0009875219387431855
218.99999999999184,0.0,0.0,209.16569872033622,0.0,0.0,-4.478386424055348,0.0,0.0,0.000987468292663607
219.09999999999184,0.0,0.0,208.71787488915047,0.0,0.0,-4.478287682590223,0.0,0.0,0.0009874146512398596
219.19999999999183,0.0,0.0,208.27006093130666,0.0,0.0,-4.478188946488777,0.0,0.0,0.0009873610144577327
219.29999999999183,0.0,0.0,207.82225684626852,0.0,0.0,-4.478090215750545,0.0,0.0,0.0009873073823190026
219.39999999999182,0.0,0.0,207.37446263349977,0.0,0.0,-4.477991490375062,0.0,0.0,0.000987253754832551
219.49999999999181,0.0,0.0,206.92667829246426,0.0,0.0,-4.477892770361863,0.0,0.0,0.0009872001319859436
219.5999999999918,0.0,0.0,206.47890382262577,0.0,0.0,-4.477794055710484,0.0,0.0,0.0009871465137951674
219.6999999999918,0.0,0.0,206.03113922344824,0.0,0.0,-4.47769534642046,0.0,0.0,0.0009870929002371298
219.7999999999918,0.0,0.0,205.58338449439555,0.0,0.0,-4.477596642491327,0.0,0.0,0.0009870392913295944
219.8999999999918,0.0,0.0,205.13563963493172,0.0,0.0,-4.4774979439226215,0.0,0.0,0.0009869856870530214
219.9999999999918,0.0,0.0,204.68790464452076,0.0,0.0,-4.477399250713879,0.0,0.0,0.0009869320874269505
220.09999999999178,0.0,0.0,204.24017952262676,0.0,0.0,-4.4773005628646345,0.0,0.0,0.0009868784924460527
220.19999999999177,0.0,0.0,203.79246426871384,0.0,0.0,-4.477201880374425,0.0,0.0,0.0009868249020978936
220.29999999999177,0.0,0.0,203.34475888224614,0.0,0.0,-4.477103203242785,0.0,0.0,0.0009867713163984604
220.39999999999176,0.0,0.0,202.8970633626879,0.0,0.0,-4.477004531469252,0.0,0.0,0.000986717735328213
220.49999999999176,0.0,0.0,202.44937770950335,0.0,0.0,-4.476905865053361,0.0,0.0,0.0009866641589049152
220.59999999999175,0.0,0.0,202.00170192215683,0.0,0.0,-4.476807203994649,0.0,0.0,0.000986610587119685
220.69999999999175,0.0,0.0,201.55403600011266,0.0,0.0,-4.476708548292652,0.0,0.0,0.0009865570199707463
220.79999999999174,0.0,0.0,201.10637994283525,0.0,0.0,-4.476609897946905,0.0,0.0,0.0009865034574669806
220.89999999999173,0.0,0.0,200.65873374978906,0.0,0.0,-4.4765112529569455,0.0,0.0,0.0009864498995959536
220.99999999999173,0.0,0.0,200.21109742043856,0.0,0.0,-4.476412613322309,0.0,0.0,0.0009863963463594416
221.09999999999172,0.0,0.0,199.7634709542483,0.0,0.0,-4.4763139790425335,0.0,0.0,0.000986342797759221
221.19999999999172,0.0,0.0,199.31585435068286,0.0,0.0,-4.476215350117153,0.0,0.0,0.000986289253802397
221.2999999999917,0.0,0.0,198.86824760920686,0.0,0.0,-4.4761167265457065,0.0,0.0,0.0009862357144658773
221.3999999999917,0.0,0.0,198.420650729285,0.0,0.0,-4.476018108327729,0.0,0.0,0.0009861821797727544
221.4999999999917,0.0,0.0,197.97306371038198,0.0,0.0,-4.475919495462757,0.0,0.0,0.000986128649717699
221.5999999999917,0.0,0.0,197.52548655196256,0.0,0.0,-4.475820887950329,0.0,0.0,0.0009860751242865007
221.6999999999917,0.0,0.0,197.0779192534916,0.0,0.0,-4.4757222857899785,0.0,0.0,0.0009860216035022518
221.79999999999168,0.0,0.0,196.6303618144339,0.0,0.0,-4.475623688981245,0.0,0.0,0.0009859680873347543
221.89999999999168,0.0,0.0,196.18281423425444,0.0,0.0,-4.475525097523664,0.0,0.0,0.0009859145758088772
221.99999999999167,0.0,0.0,195.7352765124181,0.0,0.0,-4.4754265114167735,0.0,0.0,0.0009858610689086333
222.09999999999167,0.0,0.0,195.2877486483899,0.0,0.0,-4.475327930660109,0.0,0.0,0.0009858075666446808
222.19999999999166,0.0,0.0,194.84023064163492,0.0,0.0,-4.475229355253209,0.0,0.0,0.0009857540690028088
222.29999999999166,0.0,0.0,194.39272249161823,0.0,0.0,-4.475130785195608,0.0,0.0,0.0009857005760025572
222.39999999999165,0.0,0.0,193.94522419780498,0.0,0.0,-4.475032220486846,0.0,0.0,0.0009856470876155043
222.49999999999164,0.0,0.0,193.49773575966034,0.0,0.0,-4.474933661126459,0.0,0.0,0.0009855936038647428
222.59999999999164,0.0,0.0,193.05025717664958,0.0,0.0,-4.474835107113985,0.0,0.0,0.0009855401247484963
222.69999999999163,0.0,0.0,192.60278844823793,0.0,0.0,-4.474736558448959,0.0,0.0,0.000985486650257883
222.79999999999163,0.0,0.0,192.15532957389075,0.0,0.0,-4.47463801513092,0.0,0.0,0.0009854331803857974
222.89999999999162,0.0,0.0,191.70788055307338,0.0,0.0,-4.474539477159406,0.0,0.0,0.0009853797151428978
222.99999999999162,0.0,0.0,191.26044138525126,0.0,0.0,-4.474440944533953,0.0,0.0,0.0009853262545327368
223.0999999999916,0.0,0.0,190.81301206988985,0.0,0.0,-4.474342417254099,0.0,0.0,0.0009852727985357745
223.1999999999916,0.0,0.0,190.36559260645464,0.0,0.0,-4.474243895319382,0.0,0.0,0.0009852193471751036
223.2999999999916,0.0,0.0,189.9181829944112,0.0,0.0,-4.474145378729339,0.0,0.0,0.0009851659004329605
223.3999999999916,0.0,0.0,189.47078323322515,0.0,0.0,-4.474046867483508,0.0,0.0,0.0009851124583111215
223.4999999999916,0.0,0.0,189.0233933223621,0.0,0.0,-4.473948361581426,0.0,0.0,0.0009850590208184684
223.59999999999158,0.0,0.0,188.57601326128778,0.0,0.0,-4.4738498610226305,0.0,0.0,0.000985005587953225
223.69999999999158,0.0,0.0,188.1286430494679,0.0,0.0,-4.473751365806661,0.0,0.0,0.0009849521596922983
223.79999999999157,0.0,0.0,187.6812826863683,0.0,0.0,-4.4736528759330545,0.0,0.0,0.0009848987360712158
223.89999999999156,0.0,0.0,187.23393217145474,0.0,0.0,-4.473554391401349,0.0,0.0,0.0009848453170544502
223.99999999999156,0.0,0.0,186.78659150419315,0.0,0.0,-4.473455912211082,0.0,0.0,0.000984791902668647
224.09999999999155,0.0,0.0,186.33926068404944,0.0,0.0,-4.473357438361792,0.0,0.0,0.0009847384929013714
224.19999999999155,0.0,0.0,185.89193971048957,0.0,0.0,-4.473258969853017,0.0,0.0,0.0009846850877526236
224.29999999999154,0.0,0.0,185.44462858297956,0.0,0.0,-4.473160506684295,0.0,0.0,0.000984631687213522
224.39999999999154,0.0,0.0,184.9973273009855,0.0,0.0,-4.473062048855165,0.0,0.0,0.0009845782913071588
224.49999999999153,0.0,0.0,184.55003586397348,0.0,0.0,-4.4729635963651635,0.0,0.0,0.0009845249000104417
224.59999999999152,0.0,0.0,184.10275427140965,0.0,0.0,-4.47286514921383,0.0,0.0,0.0009844715133286996
224.69999999999152,0.0,0.0,183.65548252276022,0.0,0.0,-4.472766707400703,0.0,0.0,0.0009844181312672617
224.7999999999915,0.0,0.0,183.20822061749146,0.0,0.0,-4.472668270925321,0.0,0.0,0.000984364753826128
224.8999999999915,0.0,0.0,182.76096855506964,0.0,0.0,-4.472569839787221,0.0,0.0,0.0009843113809946402
224.9999999999915,0.0,0.0,182.3137263349611,0.0,0.0,-4.472471413985944,0.0,0.0,0.0009842580127727985
225.0999999999915,0.0,0.0,181.86649395663224,0.0,0.0,-4.472372993521026,0.0,0.0,0.0009842046491712608
225.1999999999915,0.0,0.0,181.4192714195495,0.0,0.0,-4.472274578392008,0.0,0.0,0.0009841512901864746
225.29999999999148,0.0,0.0,180.97205872317932,0.0,0.0,-4.472176168598427,0.0,0.0,0.000984097935809558
225.39999999999148,0.0,0.0,180.52485586698828,0.0,0.0,-4.472077764139822,0.0,0.0,0.0009840445860476166
225.49999999999147,0.0,0.0,180.07766285044292,0.0,0.0,-4.4719793650157325,0.0,0.0,0.0009839912408988738
225.59999999999147,0.0,0.0,179.63047967300986,0.0,0.0,-4.471880971225696,0.0,0.0,0.0009839379003615534
225.69999999999146,0.0,0.0,179.18330633415576,0.0,0.0,-4.471782582769253,0.0,0.0,0.0009838845644303262
225.79999999999146,0.0,0.0,178.73614283334734,0.0,0.0,-4.471684199645942,0.0,0.0,0.0009838312331069687
225.89999999999145,0.0,0.0,178.28898917005134,0.0,0.0,-4.471585821855301,0.0,0.0,0.0009837779064110208
225.99999999999145,0.0,0.0,177.84184534373458,0.0,0.0,-4.471487449396871,0.0,0.0,0.0009837245843087317
226.09999999999144,0.0,0.0,177.3947113538639,0.0,0.0,-4.471389082270189,0.0,0.0,0.0009836712668160885
226.19999999999143,0.0,0.0,176.9475871999062,0.0,0.0,-4.471290720474796,0.0,0.0,0.0009836179539348677
226.29999999999143,0.0,0.0,176.5004728813284,0.0,0.0,-4.47119236401023,0.0,0.0,0.0009835646456615166
226.39999999999142,0.0,0.0,176.0533683975975,0.0,0.0,-4.471094012876031,0.0,0.0,0.0009835113419978114
226.49999999999142,0.0,0.0,175.60627374818054,0.0,0.0,-4.470995667071737,0.0,0.0,0.0009834580429384232
226.5999999999914,0.0,0.0,175.1591889325446,0.0,0.0,-4.470897326596889,0.0,0.0,0.0009834047484780228
226.6999999999914,0.0,0.0,174.71211395015678,0.0,0.0,-4.470798991451026,0.0,0.0,0.0009833514586290448
226.7999999999914,0.0,0.0,174.26504880048427,0.0,0.0,-4.470700661633687,0.0,0.0,0.0009832981733897128
226.8999999999914,0.0,0.0,173.8179934829943,0.0,0.0,-4.470602337144412,0.0,0.0,0.000983244892751145
226.9999999999914,0.0,0.0,173.3709479971541,0.0,0.0,-4.4705040179827416,0.0,0.0,0.000983191616711565
227.09999999999138,0.0,0.0,172.923912342431,0.0,0.0,-4.470405704148213,0.0,0.0,0.0009831383452834075
227.19999999999138,0.0,0.0,172.47688651829236,0.0,0.0,-4.470307395640368,0.0,0.0,0.000983085078450685
227.29999999999137,0.0,0.0,172.02987052420556,0.0,0.0,-4.470209092458745,0.0,0.0,0.0009830318162222795
227.39999999999137,0.0,0.0,171.58286435963808,0.0,0.0,-4.470110794602886,0.0,0.0,0.0009829785585928619
227.49999999999136,0.0,0.0,171.13586802405737,0.0,0.0,-4.470012502072328,0.0,0.0,0.0009829253055713139
227.59999999999135,0.0,0.0,170.688881516931,0.0,0.0,-4.4699142148666136,0.0,0.0,0.000982872057145201
227.69999999999135,0.0,0.0,170.24190483772654,0.0,0.0,-4.4698159329852825,0.0,0.0,0.0009828188133145233
227.79999999999134,0.0,0.0,169.79493798591162,0.0,0.0,-4.469717656427872,0.0,0.0,0.0009827655740988206
227.89999999999134,0.0,0.0,169.34798096095392,0.0,0.0,-4.4696193851939245,0.0,0.0,0.000982712339473224
227.99999999999133,0.0,0.0,168.90103376232116,0.0,0.0,-4.46952111928298,0.0,0.0,0.0009826591094395098
228.09999999999133,0.0,0.0,168.45409638948112,0.0,0.0,-4.469422858694579,0.0,0.0,0.00098260588400656
228.19999999999132,0.0,0.0,168.0071688419016,0.0,0.0,-4.469324603428261,0.0,0.0,0.0009825526631814796
228.29999999999131,0.0,0.0,167.5602511190505,0.0,0.0,-4.469226353483567,0.0,0.0,0.000982499446950058
228.3999999999913,0.0,0.0,167.11334322039568,0.0,0.0,-4.469128108860036,0.0,0.0,0.0009824462353069663
228.4999999999913,0.0,0.0,166.6664451454051,0.0,0.0,-4.46902986955721,0.0,0.0,0.000982393028261086
228.5999999999913,0.0,0.0,166.21955689354678,0.0,0.0,-4.468931635574629,0.0,0.0,0.0009823398258141935
228.6999999999913,0.0,0.0,165.77267846428873,0.0,0.0,-4.468833406911832,0.0,0.0,0.0009822866279627362
228.7999999999913,0.0,0.0,165.32580985709907,0.0,0.0,-4.468735183568362,0.0,0.0,0.0009822334346996087
228.89999999999128,0.0,0.0,164.87895107144593,0.0,0.0,-4.468636965543759,0.0,0.0,0.0009821802460319162
228.99999999999127,0.0,0.0,164.4321021067975,0.0,0.0,-4.4685387528375635,0.0,0.0,0.0009821270619525535
229.09999999999127,0.0,0.0,163.98526296262196,0.0,0.0,-4.468440545449316,0.0,0.0,0.0009820738824775077
229.19999999999126,0.0,0.0,163.53843363838763,0.0,0.0,-4.468342343378557,0.0,0.0,0.0009820207075907916
229.29999999999126,0.0,0.0,163.09161413356284,0.0,0.0,-4.468244146624828,0.0,0.0,0.000981967537290629
229.39999999999125,0.0,0.0,162.64480444761594,0.0,0.0,-4.468145955187669,0.0,0.0,0.0009819143715859013
229.49999999999125,0.0,0.0,162.19800458001532,0.0,0.0,-4.468047769066623,0.0,0.0,0.0009818612104588453
229.59999999999124,0.0,0.0,161.75121453022948,0.0,0.0,-4.46794958826123,0.0,0.0,0.0009818080539307772
229.69999999999123,0.0,0.0,161.30443429772689,0.0,0.0,-4.46785141277103,0.0,0.0,0.0009817549019981442
229.79999999999123,0.0,0.0,160.8576638819761,0.0,0.0,-4.467753242595566,0.0,0.0,0.0009817017546467355
229.89999999999122,0.0,0.0,160.41090328244573,0.0,0.0,-4.467655077734378,0.0,0.0,0.0009816486118854328
229.99999999999122,0.0,0.0,159.9641524986044,0.0,0.0,-4.4675569181870065,0.0,0.0,0.0009815954737106836
230.0999999999912,0.0,0.0,159.5174115299208,0.0,0.0,-4.467458763952994,0.0,0.0,0.0009815423401224876
230.1999999999912,0.0,0.0,159.07068037586367,0.0,0.0,-4.467360615031882,0.0,0.0,0.0009814892111261742
230.2999999999912,0.0,0.0,158.62395903590178,0.0,0.0,-4.4672624714232105,0.0,0.0,0.0009814360867075322
230.3999999999912,0.0,0.0,158.17724750950396,0.0,0.0,-4.467164333126523,0.0,0.0,0.0009813829668701146
230.4999999999912,0.0,0.0,157.73054579613907,0.0,0.0,-4.4670662001413595,0.0,0.0,0.0009813298516334612
230.59999999999118,0.0,0.0,157.28385389527605,0.0,0.0,-4.466968072467263,0.0,0.0,0.0009812767409691503
230.69999999999118,0.0,0.0,156.83717180638385,0.0,0.0,-4.466869950103774,0.0,0.0,0.00098122363488784
230.79999999999117,0.0,0.0,156.39049952893149,0.0,0.0,-4.4667718330504345,0.0,0.0,0.0009811705333966358
230.89999999999117,0.0,0.0,155.94383706238798,0.0,0.0,-4.466673721306786,0.0,0.0,0.0009811174364831032
230.99999999999116,0.0,0.0,155.49718440622246,0.0,0.0,-4.4665756148723705,0.0,0.0,0.000981064344156124
231.09999999999116,0.0,0.0,155.05054155990408,0.0,0.0,-4.46647751374673,0.0,0.0,0.0009810112564085927
231.19999999999115,0.0,0.0,154.603908522902,0.0,0.0,-4.466379417929406,0.0,0.0,0.0009809581732422856
231.29999999999114,0.0,0.0,154.1572852946855,0.0,0.0,-4.46628132741994,0.0,0.0,0.0009809050946536502
231.39999999999114,0.0,0.0,153.7106718747238,0.0,0.0,-4.466183242217876,0.0,0.0,0.0009808520206480154
231.49999999999113,0.0,0.0,153.2640682624863,0.0,0.0,-4.466085162322754,0.0,0.0,0.0009807989512182758
231.59999999999113,0.0,0.0,152.8174744574423,0.0,0.0,-4.465987087734117,0.0,0.0,0.000980745886367984
231.69999999999112,0.0,0.0,152.3708904590613,0.0,0.0,-4.465889018451507,0.0,0.0,0.0009806928260989167
231.79999999999112,0.0,0.0,151.9243162668127,0.0,0.0,-4.465790954474466,0.0,0.0,0.000980639770407521
231.8999999999911,0.0,0.0,151.47775188016604,0.0,0.0,-4.465692895802537,0.0,0.0,0.0009805867192884676
231.9999999999911,0.0,0.0,151.03119729859088,0.0,0.0,-4.465594842435262,0.0,0.0,0.000980533672747086
232.0999999999911,0.0,0.0,150.58465252155682,0.0,0.0,-4.465496794372184,0.0,0.0,0.0009804806307869285
232.1999999999911,0.0,0.0,150.1381175485335,0.0,0.0,-4.4653987516128435,0.0,0.0,0.00098042759340089
232.2999999999911,0.0,0.0,149.69159237899063,0.0,0.0,-4.465300714156784,0.0,0.0,0.0009803745605871939
232.39999999999108,0.0,0.0,149.24507701239793,0.0,0.0,-4.465202682003549,0.0,0.0,0.0009803215323476167
232.49999999999108,0.0,0.0,148.7985714482252,0.0,0.0,-4.465104655152682,0.0,0.0,0.000980268508680382
232.59999999999107,0.0,0.0,148.35207568594228,0.0,0.0,-4.465006633603722,0.0,0.0,0.0009802154895979243
232.69999999999106,0.0,0.0,147.90558972501904,0.0,0.0,-4.4649086173562145,0.0,0.0,0.0009801624750753746
232.79999999999106,0.0,0.0,147.4591135649254,0.0,0.0,-4.464810606409701,0.0,0.0,0.0009801094651304965
232.89999999999105,0.0,0.0,147.01264720513132,0.0,0.0,-4.4647126007637254,0.0,0.0,0.0009800564597526318
232.99999999999105,0.0,0.0,146.56619064510681,0.0,0.0,-4.46461460041783,0.0,0.0,0.000980003458948886
233.09999999999104,0.0,0.0,146.11974388432196,0.0,0.0,-4.464516605371559,0.0,0.0,0.0009799504627174827
233.19999999999104,0.0,0.0,145.67330692224687,0.0,0.0,-4.464418615624453,0.0,0.0,0.0009798974710619746
233.29999999999103,0.0,0.0,145.22687975835169,0.0,0.0,-4.464320631176056,0.0,0.0,0.0009798444839717035
233.39999999999102,0.0,0.0,144.7804623921066,0.0,0.0,-4.464222652025912,0.0,0.0,0.0009797915014431169
233.49999999999102,0.0,0.0,144.33405482298187,0.0,0.0,-4.4641246781735635,0.0,0.0,0.0009797385234868727
233.599999999991,0.0,0.0,143.88765705044776,0.0,0.0,-4.464026709618553,0.0,0.0,0.000979685550102971
233.699999999991,0.0,0.0,143.4412690739746,0.0,0.0,-4.463928746360424,0.0,0.0,0.0009796325812825302
233.799999999991,0.0,0.0,142.99489089303282,0.0,0.0,-4.463830788398721,0.0,0.0,0.0009795796170291027
233.899999999991,0.0,0.0,142.5485225070928,0.0,0.0,-4.463732835732988,0.0,0.0,0.0009795266573338068
233.999999999991,0.0,0.0,142.10216391562503,0.0,0.0,-4.4636348883627655,0.0,0.0,0.0009794737022250644
234.09999999999098,0.0,0.0,141.65581511810004,0.0,0.0,-4.463536946287599,0.0,0.0,0.0009794207516655717
234.19999999999098,0.0,0.0,141.20947611398836,0.0,0.0,-4.463439009507031,0.0,0.0,0.0009793678056766453
234.29999999999097,0.0,0.0,140.7631469027606,0.0,0.0,-4.463341078020606,0.0,0.0,0.0009793148642494032
234.39999999999097,0.0,0.0,140.31682748388747,0.0,0.0,-4.463243151827867,0.0,0.0,0.0009792619273873981
234.49999999999096,0.0,0.0,139.8705178568396,0.0,0.0,-4.463145230928358,0.0,0.0,0.0009792089950853011
234.59999999999096,0.0,0.0,139.42421802108777,0.0,0.0,-4.4630473153216235,0.0,0.0,0.0009791560673448885
234.69999999999095,0.0,0.0,138.97792797610276,0.0,0.0,-4.4629494050072065,0.0,0.0,0.0009791031441679365
234.79999999999094,0.0,0.0,138.53164772135543,0.0,0.0,-4.462851499984651,0.0,0.0,0.000979050225557998
234.89999999999094,0.0,0.0,138.08537725631663,0.0,0.0,-4.4627536002535,0.0,0.0,0.0009789973115044148
234.99999999999093,0.0,0.0,137.6391165804573,0.0,0.0,-4.462655705813299,0.0,0.0,0.0009789444020142923
235.09999999999093,0.0,0.0,137.19286569324845,0.0,0.0,-4.46255781666359,0.0,0.0,0.0009788914970876306
235.19999999999092,0.0,0.0,136.74662459416103,0.0,0.0,-4.462459932803919,0.0,0.0,0.000978838596706666
235.29999999999092,0.0,0.0,136.30039328266616,0.0,0.0,-4.46236205423383,0.0,0.0,0.0009787857008962675
235.3999999999909,0.0,0.0,135.8541717582349,0.0,0.0,-4.462264180952866,0.0,0.0,0.0009787328096333425
235.4999999999909,0.0,0.0,135.40796002033846,0.0,0.0,-4.462166312960572,0.0,0.0,0.00097867992294276
235.5999999999909,0.0,0.0,134.961758068448,0.0,0.0,-4.462068450256492,0.0,0.0,0.0009786270407978748
235.6999999999909,0.0,0.0,134.5155659020348,0.0,0.0,-4.461970592840171,0.0,0.0,0.0009785741632093448
235.7999999999909,0.0,0.0,134.06938352057014,0.0,0.0,-4.4618727407111525,0.0,0.0,0.0009785212901842755
235.89999999999088,0.0,0.0,133.62321092352536,0.0,0.0,-4.461774893868981,0.0,0.0,0.0009784684217137851
235.99999999999088,0.0,0.0,133.17704811037183,0.0,0.0,-4.461677052313202,0.0,0.0,0.0009784155577925446
236.09999999999087,0.0,0.0,132.73089508058098,0.0,0.0,-4.46157921604336,0.0,0.0,0.0009783626984223304
236.19999999999087,0.0,0.0,132.28475183362428,0.0,0.0,-4.461481385058998,0.0,0.0,0.0009783098436173532
236.29999999999086,0.0,0.0,131.83861836897327,0.0,0.0,-4.461383559359662,0.0,0.0,0.0009782569933616259
236.39999999999085,0.0,0.0,131.39249468609952,0.0,0.0,-4.461285738944896,0.0,0.0,0.0009782041476622538
236.49999999999085,0.0,0.0,130.94638078447463,0.0,0.0,-4.4611879238142444,0.0,0.0,0.000978151306508579
236.59999999999084,0.0,0.0,130.50027666357025,0.0,0.0,-4.461090113967253,0.0,0.0,0.0009780984699112594
236.69999999999084,0.0,0.0,130.05418232285808,0.0,0.0,-4.4609923094034665,0.0,0.0,0.0009780456378614133
236.79999999999083,0.0,0.0,129.6080977618099,0.0,0.0,-4.460894510122431,0.0,0.0,0.0009779928103572644
236.89999999999083,0.0,0.0,129.16202297989744,0.0,0.0,-4.460796716123689,0.0,0.0,0.0009779399874130235
236.99999999999082,0.0,0.0,128.71595797659262,0.0,0.0,-4.460698927406788,0.0,0.0,0.0009778871690198088
237.0999999999908,0.0,0.0,128.26990275136725,0.0,0.0,-4.46060114397127,0.0,0.0,0.0009778343551722912
237.1999999999908,0.0,0.0,127.82385730369332,0.0,0.0,-4.460503365816684,0.0,0.0,0.0009777815458633654
237.2999999999908,0.0,0.0,127.37782163304277,0.0,0.0,-4.460405592942572,0.0,0.0,0.0009777287411196767
237.3999999999908,0.0,0.0,126.93179573888763,0.0,0.0,-4.460307825348481,0.0,0.0,0.0009776759409092506
237.4999999999908,0.0,0.0,126.48577962069996,0.0,0.0,-4.460210063033956,0.0,0.0,0.0009776231452534034
237.59999999999079,0.0,0.0,126.03977327795188,0.0,0.0,-4.460112305998542,0.0,0.0,0.000977570354141477
237.69999999999078,0.0,0.0,125.59377671011553,0.0,0.0,-4.460014554241783,0.0,0.0,0.000977517567580577
237.79999999999077,0.0,0.0,125.14778991666314,0.0,0.0,-4.459916807763228,0.0,0.0,0.0009774647855547158
237.89999999999077,0.0,0.0,124.70181289706694,0.0,0.0,-4.45981906656242,0.0,0.0,0.0009774120080745519
237.99999999999076,0.0,0.0,124.25584565079923,0.0,0.0,-4.459721330638906,0.0,0.0,0.0009773592351454141
238.09999999999076,0.0,0.0,123.80988817733234,0.0,0.0,-4.459623599992229,0.0,0.0,0.0009773064667637499
238.19999999999075,0.0,0.0,123.36394047613867,0.0,0.0,-4.459525874621938,0.0,0.0,0.000977253702913572
238.29999999999075,0.0,0.0,122.91800254669063,0.0,0.0,-4.459428154527576,0.0,0.0,0.000977200943617973
238.39999999999074,0.0,0.0,122.47207438846071,0.0,0.0,-4.45933043970869,0.0,0.0,0.0009771481888556366
238.49999999999073,0.0,0.0,122.02615600092142,0.0,0.0,-4.459232730164827,0.0,0.0,0.0009770954386336683
238.59999999999073,0.0,0.0,121.58024738354533,0.0,0.0,-4.459135025895531,0.0,0.0,0.000977042692966279
238.69999999999072,0.0,0.0,121.13434853580505,0.0,0.0,-4.459037326900348,0.0,0.0,0.0009769899518285996
238.79999999999072,0.0,0.0,120.68845945717324,0.0,0.0,-4.458939633178826,0.0,0.0,0.0009769372152259592
238.8999999999907,0.0,0.0,120.24258014712261,0.0,0.0,-4.4588419447305085,0.0,0.0,0.0009768844831725687
238.9999999999907,0.0,0.0,119.7967106051259,0.0,0.0,-4.458744261554943,0.0,0.0,0.0009768317556542172
239.0999999999907,0.0,0.0,119.35085083065589,0.0,0.0,-4.458646583651676,0.0,0.0,0.0009767790326691284
239.1999999999907,0.0,0.0,118.90500082318543,0.0,0.0,-4.458548911020253,0.0,0.0,0.0009767263142279603
239.2999999999907,0.0,0.0,118.45916058218741,0.0,0.0,-4.458451243660221,0.0,0.0,0.0009766736003236076
239.39999999999068,0.0,0.0,118.01333010713475,0.0,0.0,-4.458353581571125,0.0,0.0,0.0009766208909560703
239.49999999999068,0.0,0.0,117.56750939750043,0.0,0.0,-4.458255924752513,0.0,0.0,0.000976568186118243
239.59999999999067,0.0,0.0,117.12169845275747,0.0,0.0,-4.458158273203931,0.0,0.0,0.0009765154858243363
239.69999999999067,0.0,0.0,116.67589727237893,0.0,0.0,-4.458060626924924,0.0,0.0,0.000976462790061916
239.79999999999066,0.0,0.0,116.23010585583792,0.0,0.0,-4.4579629859150405,0.0,0.0,0.0009764100988380875
239.89999999999065,0.0,0.0,115.78432420260759,0.0,0.0,-4.457865350173826,0.0,0.0,0.0009763574121457452
239.99999999999065,0.0,0.0,115.33855231216116,0.0,0.0,-4.457767719700827,0.0,0.0,0.000976304729988442
240.09999999999064,0.0,0.0,114.89279018397185,0.0,0.0,-4.457670094495591,0.0,0.0,0.000976252052362625
240.19999999999064,0.0,0.0,114.44703781751298,0.0,0.0,-4.457572474557665,0.0,0.0,0.0009761993792611889
240.29999999999063,0.0,0.0,114.00129521225787,0.0,0.0,-4.457474859886594,0.0,0.0,0.0009761467107090027
240.39999999999063,0.0,0.0,113.55556236767991,0.0,0.0,-4.457377250481927,0.0,0.0,0.0009760940466758683
240.49999999999062,0.0,0.0,113.10983928325253,0.0,0.0,-4.45727964634321,0.0,0.0,0.0009760413871742202
240.59999999999062,0.0,0.0,112.66412595844919,0.0,0.0,-4.457182047469989,0.0,0.0,0.0009759887322040584
240.6999999999906,0.0,0.0,112.21842239274342,0.0,0.0,-4.457084453861813,0.0,0.0,0.0009759360817653828
240.7999999999906,0.0,0.0,111.77272858560877,0.0,0.0,-4.456986865518227,0.0,0.0,0.0009758834358528645
240.8999999999906,0.0,0.0,111.32704453651887,0.0,0.0,-4.45688928243878,0.0,0.0,0.0009758307944736089
240.9999999999906,0.0,0.0,110.88137024494736,0.0,0.0,-4.4567917046230185,0.0,0.0,0.0009757781576205105
241.0999999999906,0.0,0.0,110.43570571036794,0.0,0.0,-4.456694132070489,0.0,0.0,0.0009757255252953456
241.19999999999058,0.0,0.0,109.99005093225435,0.0,0.0,-4.45659656478074,0.0,0.0,0.000975672897496338
241.29999999999058,0.0,0.0,109.54440591008039,0.0,0.0,-4.456499002753318,0.0,0.0,0.0009756202742181586
241.39999999999057,0.0,0.0,109.09877064331988,0.0,0.0,-4.456401445987771,0.0,0.0,0.0009755676554679127
241.49999999999056,0.0,0.0,108.65314513144672,0.0,0.0,-4.4563038944836455,0.0,0.0,0.0009755150412562585
241.59999999999056,0.0,0.0,108.20752937393483,0.0,0.0,-4.45620634824049,0.0,0.0,0.0009754624315583271
241.69999999999055,0.0,0.0,107.76192337025817,0.0,0.0,-4.456108807257851,0.0,0.0,0.0009754098263865529
241.79999999999055,0.0,0.0,107.31632711989077,0.0,0.0,-4.456011271535277,0.0,0.0,0.000975357225740936
241.89999999999054,0.0,0.0,106.87074062230668,0.0,0.0,-4.455913741072315,0.0,0.0,0.0009753046296179235
241.99999999999054,0.0,0.0,106.42516387698002,0.0,0.0,-4.455816215868515,0.0,0.0,0.0009752520380086338
242.09999999999053,0.0,0.0,105.97959688338493,0.0,0.0,-4.455718695923421,0.0,0.0,0.0009751994509379358
242.19999999999052,0.0,0.0,105.53403964099562,0.0,0.0,-4.455621181236584,0.0,0.0,0.0009751468683756315
242.29999999999052,0.0,0.0,105.08849214928631,0.0,0.0,-4.45552367180755,0.0,0.0,0.000975094290337708
242.3999999999905,0.0,0.0,104.64295440773131,0.0,0.0,-4.455426167635868,0.0,0.0,0.0009750417168277181
242.4999999999905,0.0,0.0,104.19742641580494,0.0,0.0,-4.455328668721085,0.0,0.0,0.0009749891478296746
242.5999999999905,0.0,0.0,103.75190817298159,0.0,0.0,-4.45523117506275,0.0,0.0,0.0009749365833577883
242.6999999999905,0.0,0.0,103.30639967873566,0.0,0.0,-4.45513368666041,0.0,0.0,0.000974884023396072
242.7999999999905,0.0,0.0,102.86090093254164,0.0,0.0,-4.455036203513615,0.0,0.0,0.0009748314679569603
242.89999999999048,0.0,0.0,102.41541193387404,0.0,0.0,-4.45493872562191,0.0,0.0,0.0009747789170386767
242.99999999999048,0.0,0.0,101.96993268220741,0.0,0.0,-4.4548412529848465,0.0,0.0,0.0009747263706358922
243.09999999999047,0.0,0.0,101.52446317701636,0.0,0.0,-4.454743785601972,0.0,0.0,0.0009746738287486068
243.19999999999047,0.0,0.0,101.07900341777552,0.0,0.0,-4.454646323472834,0.0,0.0,0.0009746212913768204
243.29999999999046,0.0,0.0,100.63355340395962,0.0,0.0,-4.454548866596982,0.0,0.0,0.0009745687585223095
243.39999999999046,0.0,0.0,100.18811313504338,0.0,0.0,-4.454451414973963,0.0,0.0,0.0009745162301868504
243.49999999999045,0.0,0.0,99.74268261050157,0.0,0.0,-4.454353968603327,0.0,0.0,0.0009744637063668904
243.59999999999044,0.0,0.0,99.29726182980905,0.0,0.0,-4.454256527484621,0.0,0.0,0.0009744111870535477
243.69999999999044,0.0,0.0,98.85185079244067,0.0,0.0,-4.454159091617395,0.0,0.0,0.0009743586722628095
243.79999999999043,0.0,0.0,98.40644949787136,0.0,0.0,-4.454061661001197,0.0,0.0,0.0009743061619769122
243.89999999999043,0.0,0.0,97.96105794557609,0.0,0.0,-4.453964235635576,0.0,0.0,0.0009742536562082904
243.99999999999042,0.0,0.0,97.51567613502985,0.0,0.0,-4.4538668155200805,0.0,0.0,0.000974201154951615
244.09999999999042,0.0,0.0,97.07030406570772,0.0,0.0,-4.453769400654261,0.0,0.0,0.0009741486581962278
244.1999999999904,0.0,0.0,96.62494173708478,0.0,0.0,-4.453671991037664,0.0,0.0,0.0009740961659687741
244.2999999999904,0.0,0.0,96.17958914863618,0.0,0.0,-4.4535745866698395,0.0,0.0,0.0009740436782479378
244.3999999999904,0.0,0.0,95.73424629983712,0.0,0.0,-4.453477187550336,0.0,0.0,0.0009739911950354951
244.4999999999904,0.0,0.0,95.28891319016283,0.0,0.0,-4.453379793678703,0.0,0.0,0.000973938716320788
244.5999999999904,0.0,0.0,94.84358981908859,0.0,0.0,-4.45328240505449,0.0,0.0,0.0009738862421304617
244.69999999999038,0.0,0.0,94.39827618608973,0.0,0.0,-4.453185021677246,0.0,0.0,0.0009738337724414237
244.79999999999038,0.0,0.0,93.95297229064161,0.0,0.0,-4.45308764354652,0.0,0.0,0.000973781307264332
244.89999999999037,0.0,0.0,93.50767813221965,0.0,0.0,-4.45299027066186,0.0,0.0,0.0009737288465991867
244.99999999999037,0.0,0.0,93.06239371029932,0.0,0.0,-4.452892903022818,0.0,0.0,0.0009736763904228951
245.09999999999036,0.0,0.0,92.61711902435611,0.0,0.0,-4.452795540628941,0.0,0.0,0.0009736239387674317
245.19999999999035,0.0,0.0,92.17185407386559,0.0,0.0,-4.452698183479779,0.0,0.0,0.0009735714916203619
245.29999999999035,0.0,0.0,91.72659885830335,0.0,0.0,-4.452600831574882,0.0,0.0,0.000973519048967475
245.39999999999034,0.0,0.0,91.28135337714502,0.0,0.0,-4.4525034849138,0.0,0.0,0.0009734666108229817
245.49999999999034,0.0,0.0,90.83611762986631,0.0,0.0,-4.4524061434960815,0.0,0.0,0.0009734141771868821
245.59999999999033,0.0,0.0,90.39089161594292,0.0,0.0,-4.452308807321276,0.0,0.0,0.000973361748053847
245.69999999999033,0.0,0.0,89.94567533485065,0.0,0.0,-4.452211476388934,0.0,0.0,0.0009733093234185475
245.79999999999032,0.0,0.0,89.5004687860653,0.0,0.0,-4.4521141506986055,0.0,0.0,0.0009732569032863125
245.8999999999903,0.0,0.0,89.05527196906276,0.0,0.0,-4.452016830249839,0.0,0.0,0.000973204487666024
245.9999999999903,0.0,0.0,88.61008488331892,0.0,0.0,-4.451919515042185,0.0,0.0,0.0009731520765416946
246.0999999999903,0.0,0.0,88.16490752830975,0.0,0.0,-4.451822205075194,0.0,0.0,0.000973099669911548
246.1999999999903,0.0,0.0,87.71973990351125,0.0,0.0,-4.451724900348416,0.0,0.0,0.0009730472677826896
246.2999999999903,0.0,0.0,87.27458200839946,0.0,0.0,-4.4516276008614,0.0,0.0,0.0009729948701622249
246.39999999999029,0.0,0.0,86.82943384245048,0.0,0.0,-4.451530306613696,0.0,0.0,0.0009729424770377193
246.49999999999028,0.0,0.0,86.38429540514043,0.0,0.0,-4.451433017604855,0.0,0.0,0.0009728900884091729
246.59999999999027,0.0,0.0,85.93916669594552,0.0,0.0,-4.451335733834427,0.0,0.0,0.0009728377042819147
246.69999999999027,0.0,0.0,85.49404771434195,0.0,0.0,-4.451238455301962,0.0,0.0,0.0009727853246506157
246.79999999999026,0.0,0.0,85.048938459806,0.0,0.0,-4.451141182007011,0.0,0.0,0.0009727329495134995
246.89999999999026,0.0,0.0,84.60383893181398,0.0,0.0,-4.451043913949123,0.0,0.0,0.0009726805788830006
246.99999999999025,0.0,0.0,84.15874912984226,0.0,0.0,-4.450946651127849,0.0,0.0,0.0009726282127449082
247.09999999999025,0.0,0.0,83.71366905336724,0.0,0.0,-4.45084939354274,0.0,0.0,0.0009725758510938931
247.19999999999024,0.0,0.0,83.26859870186537,0.0,0.0,-4.450752141193345,0.0,0.0,0.000972523493947719
247.29999999999023,0.0,0.0,82.82353807481316,0.0,0.0,-4.450654894079215,0.0,0.0,0.0009724711412957276
247.39999999999023,0.0,0.0,82.37848717168713,0.0,0.0,-4.450557652199902,0.0,0.0,0.0009724187931308137
247.49999999999022,0.0,0.0,81.93344599196388,0.0,0.0,-4.450460415554955,0.0,0.0,0.0009723664494689643
247.59999999999022,0.0,0.0,81.48841453512004,0.0,0.0,-4.450363184143926,0.0,0.0,0.000972314110292416
247.6999999999902,0.0,0.0,81.04339280063229,0.0,0.0,-4.450265957966366,0.0,0.0,0.000972261775602945
247.7999999999902,0.0,0.0,80.59838078797733,0.0,0.0,-4.450168737021824,0.0,0.0,0.0009722094454236441
247.8999999999902,0.0,0.0,80.15337849663194,0.0,0.0,-4.450071521309852,0.0,0.0,0.0009721571197243151
247.9999999999902,0.0,0.0,79.70838592607294,0.0,0.0,-4.44997431083,0.0,0.0,0.0009721047985173925
248.0999999999902,0.0,0.0,79.26340307577716,0.0,0.0,-4.4498771055818205,0.0,0.0,0.000972052481795771
248.19999999999018,0.0,0.0,78.81842994522152,0.0,0.0,-4.449779905564863,0.0,0.0,0.000972000169577214
248.29999999999018,0.0,0.0,78.37346653388296,0.0,0.0,-4.44968271077868,0.0,0.0,0.0009719478618333
248.39999999999017,0.0,0.0,77.92851284123847,0.0,0.0,-4.449585521222821,0.0,0.0,0.0009718955585835687
248.49999999999017,0.0,0.0,77.48356886676508,0.0,0.0,-4.449488336896839,0.0,0.0,0.0009718432598262439
248.59999999999016,0.0,0.0,77.03863460993988,0.0,0.0,-4.449391157800284,0.0,0.0,0.0009717909655471146
248.69999999999015,0.0,0.0,76.59371007023998,0.0,0.0,-4.449293983932708,0.0,0.0,0.0009717386757674973
248.79999999999015,0.0,0.0,76.14879524714256,0.0,0.0,-4.449196815293661,0.0,0.0,0.0009716863904678519
248.89999999999014,0.0,0.0,75.70389014012484,0.0,0.0,-4.449099651882696,0.0,0.0,0.0009716341096517311
248.99999999999014,0.0,0.0,75.25899474866407,0.0,0.0,-4.449002493699362,0.0,0.0,0.0009715818333297932
249.09999999999013,0.0,0.0,74.81410907223756,0.0,0.0,-4.448905340743213,0.0,0.0,0.0009715295614896036
249.19999999999013,0.0,0.0,74.36923311032265,0.0,0.0,-4.448808193013801,0.0,0.0,0.0009714772941222805
249.29999999999012,0.0,0.0,73.92436686239674,0.0,0.0,-4.448711050510676,0.0,0.0,0.0009714250312509165
249.39999999999011,0.0,0.0,73.47951032793726,0.0,0.0,-4.44861391323339,0.0,0.0,0.0009713727728577481
249.4999999999901,0.0,0.0,73.03466350642171,0.0,0.0,-4.448516781181494,0.0,0.0,0.0009713205189587626
249.5999999999901,0.0,0.0,72.5898263973276,0.0,0.0,-4.448419654354542,0.0,0.0,0.0009712682695308672
249.6999999999901,0.0,0.0,72.14499900013251,0.0,0.0,-4.448322532752082,0.0,0.0,0.0009712160245953783
249.7999999999901,0.0,0.0,71.70018131431407,0.0,0.0,-4.448225416373669,0.0,0.0,0.0009711637841292031
249.8999999999901,0.0,0.0,71.25537333934992,0.0,0.0,-4.448128305218854,0.0,0.0,0.000971111548148329
249.99999999999008,0.0,0.0,70.81057507471778,0.0,0.0,-4.44803119928719,0.0,0.0,0.0009710593166492032
250.09999999999008,0.0,0.0,70.3657865198954,0.0,0.0,-4.4479340985782265,0.0,0.0,0.0009710070896318257
250.19999999999007,0.0,0.0,69.92100767436058,0.0,0.0,-4.447837003091518,0.0,0.0,0.0009709548670873147
250.29999999999006,0.0,0.0,69.47623853759116,0.0,0.0,-4.4477399128266155,0.0,0.0,0.0009709026490263284
250.39999999999006,0.0,0.0,69.03147910906503,0.0,0.0,-4.4476428277830715,0.0,0.0,0.0009708504354417613
250.49999999999005,0.0,0.0,68.58672938826012,0.0,0.0,-4.4475457479604374,0.0,0.0,0.0009707982263371662
250.59999999999005,0.0,0.0,68.1419893746544,0.0,0.0,-4.447448673358267,0.0,0.0,0.0009707460217036612
250.69999999999004,0.0,0.0,67.6972590677259,0.0,0.0,-4.447351603976112,0.0,0.0,0.0009706938215519045
250.79999999999004,0.0,0.0,67.25253846695267,0.0,0.0,-4.447254539813524,0.0,0.0,0.0009706416258801198
250.89999999999003,0.0,0.0,66.80782757181284,0.0,0.0,-4.4471574808700565,0.0,0.0,0.0009705894346758726
250.99999999999002,0.0,0.0,66.36312638178455,0.0,0.0,-4.447060427145261,0.0,0.0,0.0009705372479515972
251.09999999999002,0.0,0.0,65.91843489634601,0.0,0.0,-4.44696337863869,0.0,0.0,0.0009704850657019648
251.19999999999,0.0,0.0,65.47375311497547,0.0,0.0,-4.446866335349899,0.0,0.0,0.0009704328879180935
251.29999999999,0.0,0.0,65.0290810371512,0.0,0.0,-4.446769297278437,0.0,0.0,0.0009703807146195231
251.39999999999,0.0,0.0,64.58441866235154,0.0,0.0,-4.446672264423858,0.0,0.0,0.000970328545792043
251.49999999999,0.0,0.0,64.13976599005487,0.0,0.0,-4.446575236785715,0.0,0.0,0.0009702763814321003
251.59999999999,0.0,0.0,63.69512301973962,0.0,0.0,-4.44647821436356,0.0,0.0,0.0009702242215468004
251.69999999998998,0.0,0.0,63.250489750884256,0.0,0.0,-4.4463811971569465,0.0,0.0,0.0009701720661343671
251.79999999998998,0.0,0.0,62.805866182967286,0.0,0.0,-4.446284185165428,0.0,0.0,0.0009701199151859186
251.89999999998997,0.0,0.0,62.361252315467276,0.0,0.0,-4.446187178388557,0.0,0.0,0.0009700677687121129
251.99999999998997,0.0,0.0,61.91664814786282,0.0,0.0,-4.446090176825886,0.0,0.0,0.0009700156267093973
252.09999999998996,0.0,0.0,61.47205367963257,0.0,0.0,-4.445993180476968,0.0,0.0,0.000969963489177772
252.19999999998996,0.0,0.0,61.027468910255216,0.0,0.0,-4.445896189341357,0.0,0.0,0.0009699113561101314
252.29999999998995,0.0,0.0,60.58289383920949,0.0,0.0,-4.4457992034186065,0.0,0.0,0.0009698592275100282
252.39999999998994,0.0,0.0,60.13832846597418,0.0,0.0,-4.445702222708268,0.0,0.0,0.0009698071033863442
252.49999999998994,0.0,0.0,59.69377279002811,0.0,0.0,-4.445605247209896,0.0,0.0,0.0009697549837230923
252.59999999998993,0.0,0.0,59.24922681085015,0.0,0.0,-4.445508276923043,0.0,0.0,0.0009697028685256015
252.69999999998993,0.0,0.0,58.80469052791921,0.0,0.0,-4.445411311847264,0.0,0.0,0.0009696507577903191
252.79999999998992,0.0,0.0,58.36016394071426,0.0,0.0,-4.445314351982111,0.0,0.0,0.0009695986515243504
252.89999999998992,0.0,0.0,57.91564704871429,0.0,0.0,-4.445217397327138,0.0,0.0,0.000969546549729472
252.9999999999899,0.0,0.0,57.47113985139836,0.0,0.0,-4.445120447881898,0.0,0.0,0.0009694944523968019
253.0999999999899,0.0,0.0,57.026642348245566,0.0,0.0,-4.445023503645945,0.0,0.0,0.0009694423595245638
253.1999999999899,0.0,0.0,56.58215453873504,0.0,0.0,-4.444926564618833,0.0,0.0,0.0009693902711198632
253.2999999999899,0.0,0.0,56.13767642234596,0.0,0.0,-4.444829630800116,0.0,0.0,0.0009693381871720419
253.3999999999899,0.0,0.0,55.69320799855757,0.0,0.0,-4.444732702189347,0.0,0.0,0.0009692861076882053
253.49999999998988,0.0,0.0,55.248749266849124,0.0,0.0,-4.44463577878608,0.0,0.0,0.0009692340326719062
253.59999999998988,0.0,0.0,54.80430022669995,0.0,0.0,-4.444538860589868,0.0,0.0,0.0009691819621124864
253.69999999998987,0.0,0.0,54.359860877589405,0.0,0.0,-4.444441947600267,0.0,0.0,0.0009691298960134986
253.79999999998986,0.0,0.0,53.91543121899689,0.0,0.0,-4.444345039816829,0.0,0.0,0.0009690778343820483
253.89999999998986,0.0,0.0,53.471011250401865,0.0,0.0,-4.444248137239109,0.0,0.0,0.0009690257772057009
253.99999999998985,0.0,0.0,53.02660097128382,0.0,0.0,-4.4441512398666605,0.0,0.0,0.0009689737244880092
254.09999999998985,0.0,0.0,52.5822003811223,0.0,0.0,-4.444054347699038,0.0,0.0,0.0009689216762289732
254.19999999998984,0.0,0.0,52.13780947939688,0.0,0.0,-4.443957460735795,0.0,0.0,0.0009688696324303692
254.29999999998984,0.0,0.0,51.693428265587194,0.0,0.0,-4.443860578976486,0.0,0.0,0.000968817593081539
254.39999999998983,0.0,0.0,51.24905673917292,0.0,0.0,-4.443763702420666,0.0,0.0,0.0009687655581966936
254.49999999998983,0.0,0.0,50.80469489963377,0.0,0.0,-4.4436668310678895,0.0,0.0,0.0009687135277633985
254.59999999998982,0.0,0.0,50.36034274644951,0.0,0.0,-4.443569964917711,0.0,0.0,0.0009686615017869826
254.6999999999898,0.0,0.0,49.91600027909995,0.0,0.0,-4.4434731039696835,0.0,0.0,0.0009686094802798806
254.7999999999898,0.0,0.0,49.47166749706493,0.0,0.0,-4.4433762482233625,0.0,0.0,0.0009685574632118943
254.8999999999898,0.0,0.0,49.02734439982435,0.0,0.0,-4.443279397678302,0.0,0.0,0.0009685054506061164
254.9999999999898,0.0,0.0,48.583030986858155,0.0,0.0,-4.443182552334057,0.0,0.0,0.0009684534424554414
255.0999999999898,0.0,0.0,48.13872725764633,0.0,0.0,-4.4430857121901814,0.0,0.0,0.0009684014387563167
255.19999999998979,0.0,0.0,47.69443321166891,0.0,0.0,-4.442988877246231,0.0,0.0,0.0009683494395087422
255.29999999998978,0.0,0.0,47.250148848405956,0.0,0.0,-4.44289204750176,0.0,0.0,0.0009682974447091652
255.39999999998977,0.0,0.0,46.8058741673376,0.0,0.0,-4.442795222956323,0.0,0.0,0.0009682454543700203
255.49999999998977,0.0,0.0,46.361609167943996,0.0,0.0,-4.442698403609476,0.0,0.0,0.0009681934684699911
255.59999999998976,0.0,0.0,45.91735384970536,0.0,0.0,-4.442601589460772,0.0,0.0,0.000968141487035723
255.69999999998976,0.0,0.0,45.47310821210193,0.0,0.0,-4.4425047805097675,0.0,0.0,0.0009680895100458997
255.79999999998975,0.0,0.0,45.028872254614015,0.0,0.0,-4.442407976756018,0.0,0.0,0.0009680375375022976
255.89999999998975,0.0,0.0,44.58464597672195,0.0,0.0,-4.442311178199076,0.0,0.0,0.0009679855694137984
255.99999999998974,0.0,0.0,44.14042937790613,0.0,0.0,-4.442214384838499,0.0,0.0,0.0009679336057715204
256.09999999998973,0.0,0.0,43.69622245764698,0.0,0.0,-4.442117596673841,0.0,0.0,0.0009678816465790163
256.19999999998976,0.0,0.0,43.25202521542498,0.0,0.0,-4.442020813704658,0.0,0.0,0.000967829691830957
256.2999999999898,0.0,0.0,42.807837650720636,0.0,0.0,-4.441924035930505,0.0,0.0,0.0009677777415308952
256.3999999999898,0.0,0.0,42.36365976301452,0.0,0.0,-4.441827263350937,0.0,0.0,0.0009677257956877128
256.4999999999898,0.0,0.0,41.91949155178724,0.0,0.0,-4.441730495965508,0.0,0.0,0.0009676738542818697
256.59999999998985,0.0,0.0,41.47533301651945,0.0,0.0,-4.441633733773776,0.0,0.0,0.0009676219173186951
256.69999999998987,0.0,0.0,41.03118415669184,0.0,0.0,-4.441536976775296,0.0,0.0,0.0009675699847999653
256.7999999999899,0.0,0.0,40.58704497178516,0.0,0.0,-4.441440224969623,0.0,0.0,0.000967518056729233
256.8999999999899,0.0,0.0,40.1429154612802,0.0,0.0,-4.441343478356313,0.0,0.0,0.0009674661331047218
256.99999999998994,0.0,0.0,39.69879562465778,0.0,0.0,-4.441246736934921,0.0,0.0,0.0009674142139211028
257.09999999998996,0.0,0.0,39.25468546139877,0.0,0.0,-4.441150000705003,0.0,0.0,0.0009673622991801523
257.19999999999,0.0,0.0,38.8105849709841,0.0,0.0,-4.441053269666114,0.0,0.0,0.0009673103888889756
257.29999999999,0.0,0.0,38.36649415289474,0.0,0.0,-4.44095654381781,0.0,0.0,0.0009672584830315856
257.39999999999003,0.0,0.0,37.922413006611684,0.0,0.0,-4.440859823159649,0.0,0.0,0.000967206581616864
257.49999999999005,0.0,0.0,37.47834153161599,0.0,0.0,-4.4407631076911835,0.0,0.0,0.0009671546846483636
257.5999999999901,0.0,0.0,37.03427972738875,0.0,0.0,-4.440666397411972,0.0,0.0,0.0009671027921136499
257.6999999999901,0.0,0.0,36.590227593411115,0.0,0.0,-4.44056969232157,0.0,0.0,0.0009670509040216047
257.7999999999901,0.0,0.0,36.146185129164266,0.0,0.0,-4.440472992419533,0.0,0.0,0.0009669990203704515
257.89999999999014,0.0,0.0,35.70215233412943,0.0,0.0,-4.440376297705417,0.0,0.0,0.0009669471411584141
257.99999999999017,0.0,0.0,35.25812920778788,0.0,0.0,-4.440279608178779,0.0,0.0,0.0009668952663854924
258.0999999999902,0.0,0.0,34.814115749620946,0.0,0.0,-4.440182923839174,0.0,0.0,0.0009668433960428047
258.1999999999902,0.0,0.0,34.370111959109984,0.0,0.0,-4.44008624468616,0.0,0.0,0.000966791530141009
258.29999999999023,0.0,0.0,33.9261178357364,0.0,0.0,-4.439989570719292,0.0,0.0,0.0009667396686801055
258.39999999999026,0.0,0.0,33.48213337898164,0.0,0.0,-4.439892901938126,0.0,0.0,0.0009666878116529887
258.4999999999903,0.0,0.0,33.038158588327214,0.0,0.0,-4.43979623834222,0.0,0.0,0.0009666359590614348
258.5999999999903,0.0,0.0,32.594193463254655,0.0,0.0,-4.439699579931129,0.0,0.0,0.0009665841109089968
258.6999999999903,0.0,0.0,32.15023800324555,0.0,0.0,-4.439602926704411,0.0,0.0,0.0009665322671832399
258.79999999999035,0.0,0.0,31.706292207781527,0.0,0.0,-4.439506278661621,0.0,0.0,0.0009664804279037043
258.89999999999037,0.0,0.0,31.26235607634426,0.0,0.0,-4.439409635802316,0.0,0.0,0.0009664285930455208
258.9999999999904,0.0,0.0,30.818429608415467,0.0,0.0,-4.439312998126053,0.0,0.0,0.0009663767626300057
259.0999999999904,0.0,0.0,30.37451280347691,0.0,0.0,-4.439216365632389,0.0,0.0,0.0009663249366340665
259.19999999999044,0.0,0.0,29.930605661010397,0.0,0.0,-4.439119738320881,0.0,0.0,0.0009662731150843484
259.29999999999046,0.0,0.0,29.48670818049778,0.0,0.0,-4.439023116191085,0.0,0.0,0.0009662212979595353
259.3999999999905,0.0,0.0,29.04282036142095,0.0,0.0,-4.438926499242558,0.0,0.0,0.0009661694852685088
259.4999999999905,0.0,0.0,28.59894220326185,0.0,0.0,-4.438829887474856,0.0,0.0,0.0009661176770130453
259.59999999999053,0.0,0.0,28.15507370550246,0.0,0.0,-4.438733280887539,0.0,0.0,0.0009660658731753813
259.69999999999055,0.0,0.0,27.71121486762481,0.0,0.0,-4.438636679480162,0.0,0.0,0.0009660140737732803
259.7999999999906,0.0,0.0,27.267365689110978,0.0,0.0,-4.438540083252282,0.0,0.0,0.0009659622787960842
259.8999999999906,0.0,0.0,26.823526169443074,0.0,0.0,-4.438443492203457,0.0,0.0,0.0009659104882544511
259.9999999999906,0.0,0.0,26.37969630810326,0.0,0.0,-4.438346906333243,0.0,0.0,0.0009658587021412757
260.09999999999064,0.0,0.0,25.93587610457374,0.0,0.0,-4.438250325641198,0.0,0.0,0.0009658069204530051
260.19999999999067,0.0,0.0,25.49206555833677,0.0,0.0,-4.438153750126879,0.0,0.0,0.0009657551431860867
260.2999999999907,0.0,0.0,25.048264668874637,0.0,0.0,-4.438057179789844,0.0,0.0,0.0009657033703476259
260.3999999999907,0.0,0.0,24.604473435669682,0.0,0.0,-4.43796061462965,0.0,0.0,0.000965651601939399
260.49999999999073,0.0,0.0,24.160691858204288,0.0,0.0,-4.437864054645855,0.0,0.0,0.0009655998379489716
260.59999999999076,0.0,0.0,23.716919935960878,0.0,0.0,-4.4377674998380146,0.0,0.0,0.0009655480784029891
260.6999999999908,0.0,0.0,23.273157668421923,0.0,0.0,-4.437670950205689,0.0,0.0,0.0009654963232570424
260.7999999999908,0.0,0.0,22.829405055069945,0.0,0.0,-4.437574405748434,0.0,0.0,0.0009654445725519878
260.8999999999908,0.0,0.0,22.385662095387495,0.0,0.0,-4.437477866465809,0.0,0.0,0.0009653928262522982
260.99999999999085,0.0,0.0,21.94192878885718,0.0,0.0,-4.437381332357369,0.0,0.0,0.0009653410843917243
261.09999999999087,0.0,0.0,21.498205134961648,0.0,0.0,-4.437284803422674,0.0,0.0,0.0009652893469507262
261.1999999999909,0.0,0.0,21.05449113318359,0.0,0.0,-4.437188279661282,0.0,0.0,0.0009652376139275276
261.2999999999909,0.0,0.0,20.61078678300574,0.0,0.0,-4.4370917610727485,0.0,0.0,0.0009651858853274575
261.39999999999094,0.0,0.0,20.16709208391088,0.0,0.0,-4.4369952476566334,0.0,0.0,0.000965134161150516
261.49999999999096,0.0,0.0,19.723407035381836,0.0,0.0,-4.436898739412494,0.0,0.0,0.0009650824413895975
261.599999999991,0.0,0.0,19.279731636901477,0.0,0.0,-4.43680223633989,0.0,0.0,0.0009650307260447022
261.699999999991,0.0,0.0,18.836065887952714,0.0,0.0,-4.436705738438377,0.0,0.0,0.0009649790151318172
261.79999999999103,0.0,0.0,18.392409788018504,0.0,0.0,-4.436609245707514,0.0,0.0,0.0009649273086296262
261.89999999999105,0.0,0.0,17.94876333658185,0.0,0.0,-4.4365127581468595,0.0,0.0,0.0009648756065381292
261.9999999999911,0.0,0.0,17.5051265331258,0.0,0.0,-4.436416275755972,0.0,0.0,0.0009648239088768662
262.0999999999911,0.0,0.0,17.061499377133437,0.0,0.0,-4.436319798534409,0.0,0.0,0.0009647722156262972
262.1999999999911,0.0,0.0,16.6178818680879,0.0,0.0,-4.436223326481731,0.0,0.0,0.0009647205267881986
262.29999999999114,0.0,0.0,16.174274005472363,0.0,0.0,-4.4361268595974925,0.0,0.0,0.0009646688423767813
262.39999999999117,0.0,0.0,15.73067578877005,0.0,0.0,-4.436030397881255,0.0,0.0,0.000964617162376058
262.4999999999912,0.0,0.0,15.287087217464226,0.0,0.0,-4.435933941332576,0.0,0.0,0.0009645654867913578
262.5999999999912,0.0,0.0,14.843508291038203,0.0,0.0,-4.435837489951014,0.0,0.0,0.000964513815619128
262.69999999999123,0.0,0.0,14.399939008975334,0.0,0.0,-4.435741043736129,0.0,0.0,0.0009644621488593685
262.79999999999126,0.0,0.0,13.956379370759018,0.0,0.0,-4.435644602687477,0.0,0.0,0.0009644104865156322
262.8999999999913,0.0,0.0,13.5128293758727,0.0,0.0,-4.435548166804619,0.0,0.0,0.0009643588285825899
262.9999999999913,0.0,0.0,13.069289023799865,0.0,0.0,-4.435451736087112,0.0,0.0,0.0009643071750691234
263.0999999999913,0.0,0.0,12.625758314024043,0.0,0.0,-4.435355310534516,0.0,0.0,0.0009642555259556929
263.19999999999135,0.0,0.0,12.18223724602881,0.0,0.0,-4.43525889014639,0.0,0.0,0.0009642038812582854
263.29999999999137,0.0,0.0,11.738725819297786,0.0,0.0,-4.435162474922292,0.0,0.0,0.000964152240976901
263.3999999999914,0.0,0.0,11.295224033314634,0.0,0.0,-4.435066064861782,0.0,0.0,0.0009641006051008816
263.4999999999914,0.0,0.0,10.85173188756306,0.0,0.0,-4.434969659964418,0.0,0.0,0.0009640489736355562
263.59999999999144,0.0,0.0,10.408249381526817,0.0,0.0,-4.43487326022976,0.0,0.0,0.0009639973465809248
263.69999999999146,0.0,0.0,9.9647765146897,0.0,0.0,-4.434776865657366,0.0,0.0,0.0009639457239405402
263.7999999999915,0.0,0.0,9.521313286535548,0.0,0.0,-4.434680476246796,0.0,0.0,0.0009638941056930861
263.8999999999915,0.0,0.0,9.077859696548247,0.0,0.0,-4.43458409199761,0.0,0.0,0.0009638424918634314
263.99999999999153,0.0,0.0,8.634415744211722,0.0,0.0,-4.434487712909365,0.0,0.0,0.0009637908824480235
264.09999999999155,0.0,0.0,8.190981429009947,0.0,0.0,-4.434391338981623,0.0,0.0,0.000963739277425546
264.1999999999916,0.0,0.0,7.747556750426936,0.0,0.0,-4.434294970213941,0.0,0.0,0.0009636876768190916
264.2999999999916,0.0,0.0,7.304141707946751,0.0,0.0,-4.43419860660588,0.0,0.0,0.0009636360806144495
264.3999999999916,0.0,0.0,6.860736301053496,0.0,0.0,-4.434102248156997,0.0,0.0,0.000963584488818725
264.49999999999164,0.0,0.0,6.417340529231318,0.0,0.0,-4.434005894866856,0.0,0.0,0.0009635329014141547
264.59999999999167,0.0,0.0,5.9739543919644085,0.0,0.0,-4.433909546735014,0.0,0.0,0.0009634813184273838
264.6999999999917,0.0,0.0,5.530577888737005,0.0,0.0,-4.433813203761029,0.0,0.0,0.0009634297398406488
264.7999999999917,0.0,0.0,5.087211019033387,0.0,0.0,-4.433716865944463,0.0,0.0,0.0009633781656592788
264.89999999999173,0.0,0.0,4.643853782337879,0.0,0.0,-4.433620533284876,0.0,0.0,0.0009633265958726156
264.99999999999176,0.0,0.0,4.200506178134849,0.0,0.0,-4.4335242057818265,0.0,0.0,0.0009632750304930937
265.0999999999918,0.0,0.0,3.757168205908709,0.0,0.0,-4.433427883434875,0.0,0.0,0.0009632234695171604
265.1999999999918,0.0,0.0,3.3138398651439154,0.0,0.0,-4.43333156624358,0.0,0.0,0.0009631719129430394
265.2999999999918,0.0,0.0,2.870521155324969,0.0,0.0,-4.433235254207504,0.0,0.0,0.0009631203607618488
265.39999999999185,0.0,0.0,2.4272120759364135,0.0,0.0,-4.4331389473262055,0.0,0.0,0.0009630688129860232
265.49999999999187,0.0,0.0,1.983912626462837,0.0,0.0,-4.433042645599245,0.0,0.0,0.0009630172696120098
265.5999999999919,0.0,0.0,1.540622806388872,0.0,0.0,-4.432946349026182,0.0,0.0,0.0009629657306344797
265.6999999999919,0.0,0.0,1.0973426151991947,0.0,0.0,-4.432850057606576,0.0,0.0,0.0009629141960587617
265.79999999999194,0.0,0.0,0.6540720523785253,0.0,0.0,-4.432753771339988,0.0,0.0,0.0009628626658759742
265.89999999999196,0.0,0.0,0.21081111741162778,0.0,0.0,-4.43265749022598,0.0,0.0,0.00096281114008967
265.999999999992,0.0,0.0,-0.23244019021668955,0.0,0.0,-4.432561214264108,0.0,0.0,0.0009627596187087306
